y_true,y_pred,y_prob
0,0,6.9107577e-06
0,0,9.022794e-06
0,0,5.8609303e-06
0,0,1.821661e-05
0,0,7.415847e-06
1,1,0.999995
0,0,9.5341475e-06
0,0,1.1290875e-05
0,0,9.747943e-06
0,0,0.00014182496
0,0,2.4496154e-05
0,0,1.6047554e-05
0,0,8.722291e-06
1,1,0.99998546
0,0,0.00010431892
0,0,6.5741124e-06
0,0,6.398532e-06
0,0,6.9435246e-06
0,0,7.356642e-06
0,0,6.207009e-06
0,0,6.93032e-06
0,0,7.985715e-06
0,0,8.167179e-06
0,0,1.311806e-05
0,0,1.2811289e-05
1,1,0.9999205
0,1,0.99963987
0,0,6.6000316e-06
1,1,0.99996495
0,0,8.462421e-06
0,0,4.3628148e-05
0,0,1.9186542e-05
0,0,1.5690506e-05
1,1,0.9999833
1,0,4.789337e-05
0,0,0.0015279053
0,0,1.2494008e-05
0,0,1.325861e-05
0,0,7.751013e-06
0,0,7.523167e-06
0,0,5.2709147e-05
0,0,1.4923131e-05
0,0,6.8391105e-06
0,0,5.9387717e-06
0,0,6.2607633e-06
0,0,1.12227835e-05
0,0,8.361128e-06
0,0,8.990173e-06
1,1,0.9999914
0,0,7.675485e-06
0,0,3.5572568e-05
0,0,7.3788874e-06
0,0,5.732675e-06
1,1,0.99995804
0,0,8.396599e-06
0,0,1.1328755e-05
0,0,9.746065e-06
0,1,0.99942744
0,0,1.3876276e-05
0,0,1.2451496e-05
0,0,8.079863e-06
0,0,0.190116
0,0,1.2745616e-05
0,0,2.0641328e-05
0,0,7.765293e-06
0,0,8.377514e-06
0,0,9.255323e-06
0,0,7.0002584e-06
0,0,9.343182e-06
0,0,7.4654895e-06
0,0,1.0318462e-05
1,1,0.99998844
0,0,7.942831e-06
0,0,1.0619141e-05
0,0,1.6617189e-05
1,0,0.0018310674
0,0,1.2507361e-05
0,0,1.43544e-05
0,0,8.20635e-06
0,0,6.5847353e-06
0,0,7.881119e-06
0,0,9.182956e-06
0,0,7.1371137e-06
0,0,7.170303e-05
0,0,6.5372383e-06
0,0,1.0314094e-05
0,0,1.0763514e-05
0,0,5.708637e-06
0,0,6.875712e-06
0,0,0.00021572181
1,1,0.99999344
0,0,1.0995006e-05
0,0,7.567897e-06
0,0,2.0201811e-05
0,0,8.698666e-06
0,0,2.1719923e-05
0,0,1.2467726e-05
1,1,0.99999344
0,0,1.0611791e-05
0,0,1.7603614e-05
1,1,0.99943477
0,0,8.871338e-06
0,0,1.0201771e-05
0,0,1.0353287e-05
0,0,7.2407656e-06
0,0,8.145672e-06
0,0,5.746333e-05
0,0,6.2615336e-06
0,0,6.249573e-06
0,0,1.864762e-05
0,0,7.3266556e-06
0,0,5.907624e-06
0,0,1.5358442e-05
0,0,8.83093e-06
0,0,8.915346e-06
0,0,1.2681588e-05
0,0,7.647004e-06
0,0,6.1659166e-06
0,0,5.55983e-06
0,0,7.6549795e-06
0,0,9.040477e-06
0,0,6.740089e-06
0,0,9.753643e-06
1,1,0.9999013
1,1,0.99999344
0,0,1.1867774e-05
0,0,0.00014003021
1,1,0.99998844
0,0,4.798045e-06
0,0,1.1990079e-05
0,0,1.2311211e-05
0,0,7.435066e-06
1,1,0.99999213
0,1,0.9993923
0,0,9.480725e-06
1,1,0.9999932
0,0,7.4267464e-06
0,0,9.368395e-06
0,0,1.0113021e-05
0,0,7.581607e-06
0,0,1.6970318e-05
0,0,7.764331e-06
0,0,8.5410575e-06
0,0,1.334212e-05
0,0,0.00027595361
0,0,5.8991295e-06
0,0,5.4287384e-06
0,0,9.832335e-06
0,0,7.70867e-06
0,0,1.4494793e-05
0,0,7.0683354e-06
0,0,2.9286784e-05
0,0,2.314259e-05
0,0,2.0303616e-05
0,0,9.520571e-06
0,0,7.319951e-06
0,0,0.0027964546
0,0,8.598012e-06
0,0,7.3558213e-06
1,1,0.99998176
0,0,6.389453e-06
0,0,1.2081502e-05
0,0,1.7914674e-05
0,0,6.9421803e-06
0,0,5.755321e-06
0,0,8.033118e-06
0,0,2.03276e-05
1,1,0.999969
0,0,6.3706157e-06
0,0,5.1662273e-06
0,1,0.99753237
0,0,5.784892e-06
0,0,8.863922e-06
0,0,1.18872e-05
0,1,0.99753535
0,0,6.973739e-06
0,0,9.826355e-06
0,0,8.501167e-06
0,0,1.0739982e-05
0,0,1.11231675e-05
0,0,9.745228e-06
0,0,6.1231517e-06
0,0,9.350312e-06
0,0,8.1590915e-06
0,0,0.00018374216
1,0,0.14327928
0,0,5.114304e-06
0,0,7.816961e-06
1,0,6.020958e-05
0,0,9.692085e-06
0,0,7.063778e-05
0,0,9.475943e-06
1,1,0.99998474
0,0,5.6417107e-06
0,0,1.0844509e-05
0,0,5.84776e-06
0,0,5.8279813e-05
1,1,0.99998045
0,0,6.5763757e-06
0,0,1.3172393e-05
0,0,6.3162486e-05
0,0,7.892168e-06
1,1,0.99994147
0,1,0.5288817
0,0,4.419468e-06
0,0,8.622746e-06
0,0,6.6031985e-06
0,0,9.017073e-06
0,0,2.0700485e-05
0,0,8.297193e-06
0,0,1.1363479e-05
0,0,9.209618e-06
1,1,0.99998033
0,0,7.4434947e-06
0,0,8.700988e-06
0,0,6.0843845e-06
0,0,9.326072e-06
0,0,9.076164e-06
0,0,1.1464404e-05
0,0,1.0246799e-05
0,0,1.195546e-05
1,1,0.99999475
0,0,0.0003635781
0,0,7.2055186e-06
0,0,9.137312e-06
0,0,7.09002e-06
0,0,0.13161933
0,0,2.7409882e-05
0,0,8.565554e-06
0,1,0.920643
0,0,1.6813352e-05
0,0,7.606215e-06
0,0,0.00187893
1,1,0.9995252
0,0,9.62961e-06
0,0,1.5622081e-05
0,0,5.557212e-05
0,0,1.0581364e-05
0,0,1.0400799e-05
0,0,1.3217856e-05
0,0,9.274504e-06
0,0,2.6043024e-05
0,0,8.659085e-06
1,1,0.9999943
0,0,8.92375e-06
0,0,1.069858e-05
1,1,0.9999778
0,0,6.608226e-05
0,0,7.25978e-06
0,0,8.522947e-06
1,1,0.9999645
0,0,5.6525087e-06
0,0,1.1373236e-05
0,0,1.1500266e-05
0,0,9.5131845e-06
0,0,0.00014032108
0,0,2.6279135e-05
0,0,1.41594055e-05
1,1,0.9984763
0,0,1.934772e-05
1,1,0.99993277
0,0,6.0894117e-06
1,1,0.99994946
0,0,1.8794177e-05
0,0,1.281427e-05
0,0,8.7267335e-06
0,0,9.698224e-06
1,1,0.9999913
0,0,1.4072228e-05
0,0,1.1785632e-05
0,1,0.99974376
0,0,1.9961719e-05
0,0,8.396353e-05
0,0,2.0860372e-05
0,0,6.2826125e-06
0,0,3.068493e-05
0,0,7.782612e-06
0,1,0.71903104
1,1,0.9999819
0,0,1.1461966e-05
0,0,8.454564e-06
0,0,7.0190295e-06
0,0,5.623544e-06
0,0,1.5221059e-05
0,0,5.648914e-06
0,0,1.5412115e-05
0,0,6.5208314e-06
0,0,1.17012805e-05
0,0,9.727818e-06
0,0,1.9018742e-05
1,1,0.99998736
0,0,1.609728e-05
0,0,8.436973e-06
1,1,0.9999678
0,0,1.7171418e-05
0,0,8.012071e-06
0,0,3.0099707e-05
1,0,0.0026142858
0,0,9.152217e-06
0,0,3.252809e-05
0,0,9.068066e-06
0,0,9.171237e-06
0,0,5.535467e-06
0,0,7.675543e-06
0,0,0.000102867714
0,0,6.368733e-06
0,0,9.003952e-06
0,0,3.097189e-05
0,0,2.4753435e-05
1,1,0.99999404
0,0,1.7795888e-05
0,0,2.3641485e-05
0,0,1.3581155e-05
0,0,3.0050724e-05
0,0,1.1545463e-05
0,0,6.658402e-06
0,0,1.738566e-05
0,0,1.9292995e-05
0,0,8.743661e-06
1,1,0.9999888
0,0,8.352967e-06
0,0,8.105795e-06
0,0,1.6164842e-05
0,0,6.0197654e-06
0,0,1.892134e-05
0,0,6.496828e-06
0,0,0.00017051568
1,1,0.9998487
0,0,7.767619e-06
0,0,1.0055656e-05
0,0,7.651973e-06
0,0,2.2433323e-05
1,0,1.897376e-05
0,0,5.8964406e-06
0,0,3.3226264e-05
0,0,7.451051e-06
0,0,9.665375e-05
1,1,0.9995202
0,0,9.47718e-06
0,0,9.913978e-06
0,0,9.940146e-06
0,0,1.2743805e-05
0,0,6.9879857e-06
0,0,1.0105077e-05
0,0,7.2753123e-06
1,0,6.937191e-06
0,0,6.514205e-06
0,0,7.309682e-06
0,0,5.9883077e-06
0,0,1.1945226e-05
0,0,7.006831e-06
0,0,1.4043538e-05
0,0,9.557525e-06
0,0,1.4610523e-05
0,0,9.921205e-06
0,0,9.788485e-06
0,0,7.392517e-06
1,1,0.9999645
0,1,0.9546121
0,0,2.952326e-05
1,1,0.9999794
1,1,0.9999945
0,0,1.7731361e-05
0,0,7.135264e-05
0,0,1.212918e-05
1,1,0.99994826
0,0,7.4782447e-06
0,0,7.4572636e-06
0,0,1.0125162e-05
0,0,6.2252025e-06
0,0,2.517236e-05
1,1,0.9999851
0,0,8.551597e-06
0,0,8.760789e-06
0,0,2.0112557e-05
0,0,7.6163774e-06
0,0,7.035885e-06
0,0,7.4102127e-06
0,0,5.099606e-06
0,0,1.3101395e-05
0,0,2.0780732e-05
0,0,6.4554542e-06
0,0,6.479707e-06
0,0,5.9999916e-06
0,0,8.45541e-06
0,0,9.416082e-06
0,0,1.1255302e-05
0,0,1.5699996e-05
0,0,8.911419e-06
0,0,3.211338e-05
0,0,1.2413722e-05
0,0,6.206044e-06
0,0,5.339851e-06
0,0,9.868662e-06
0,0,7.594372e-06
0,0,7.801933e-06
0,0,5.344885e-06
0,0,6.40451e-05
0,0,6.245158e-06
0,0,5.7357156e-06
0,0,6.3536518e-06
0,0,6.774747e-06
0,0,7.118869e-06
0,0,8.505433e-06
0,0,9.362375e-06
1,1,0.99999404
0,0,6.335687e-06
0,0,7.769257e-06
0,0,1.2161912e-05
0,0,1.0122979e-05
0,0,1.3948492e-05
0,0,6.6930743e-06
0,1,0.9999181
0,0,9.552932e-06
1,1,0.99985087
0,0,2.9630808e-05
0,0,9.6151925e-06
0,0,2.6209007e-05
0,0,5.3734707e-06
0,0,1.0237238e-05
0,0,2.8214967e-05
1,1,0.99999285
0,0,1.3343927e-05
0,0,6.3346843e-06
0,0,9.279335e-06
0,0,3.0254996e-05
0,0,0.0058091544
0,0,7.3332117e-06
0,0,9.045082e-06
0,0,1.9510286e-05
0,0,5.0486415e-06
0,0,6.141314e-05
0,0,1.7083332e-05
0,0,5.374812e-05
0,0,1.2024547e-05
0,0,7.2869357e-06
0,0,0.0071438677
0,0,1.3724951e-05
0,0,1.0877696e-05
0,0,6.9647335e-06
0,0,1.0185459e-05
0,0,8.762224e-05
0,0,3.4086166e-05
0,0,1.0826373e-05
0,0,6.9525827e-06
0,0,8.5363106e-05
0,0,1.4957527e-05
0,0,5.3719934e-05
0,0,5.4703564e-06
0,0,4.2503612e-05
0,0,1.0869814e-05
0,0,2.5776393e-05
0,0,1.422798e-05
1,1,0.99996674
0,0,8.6582595e-06
1,1,0.9999932
0,0,1.3033279e-05
0,0,3.4443907e-05
0,0,7.5123553e-06
0,0,3.9652234e-05
0,0,5.124568e-05
0,0,6.6330067e-06
0,0,7.325007e-06
0,0,1.5479458e-05
0,0,9.547768e-06
0,0,7.0397846e-06
0,0,5.7649995e-06
0,0,3.0312814e-05
0,0,8.03928e-06
0,0,7.03765e-06
0,0,7.161782e-06
0,1,0.98824
0,0,1.2348073e-05
0,0,9.768771e-06
0,0,1.3322895e-05
1,1,0.99749196
0,0,0.00035720313
0,0,7.0276096e-06
0,0,1.681077e-05
0,0,6.961672e-06
0,0,6.8618056e-06
0,0,1.0224621e-05
0,0,1.2129331e-05
1,1,0.99970955
0,0,8.305221e-06
0,0,1.4334935e-05
1,1,0.9442171
0,0,1.0285727e-05
0,0,2.278211e-05
0,0,0.022241687
0,0,1.5198925e-05
0,0,2.1011172e-05
0,0,2.7103273e-05
1,1,0.9999906
0,0,0.00022531279
0,0,6.210508e-06
0,0,9.217263e-06
1,1,0.99998236
0,0,6.5075983e-06
0,0,1.1022071e-05
0,0,1.1379691e-05
0,0,1.0969399e-05
0,0,1.2854758e-05
0,0,2.2075825e-05
0,0,6.046808e-06
0,0,1.10202955e-05
0,0,1.5795269e-05
1,1,0.99999106
1,1,0.9859331
0,0,2.0829895e-05
0,0,5.930757e-06
0,0,9.353461e-06
0,0,1.4492817e-05
0,0,2.1524731e-05
1,1,0.99999166
0,0,1.256719e-05
0,0,6.1029627e-05
0,0,6.2089803e-06
0,0,8.057998e-05
0,0,1.5470101e-05
0,0,6.1296723e-06
0,0,7.5419803e-06
0,0,5.4608695e-06
0,0,6.411855e-06
1,1,0.9999778
0,0,1.2648445e-05
0,0,3.0699528e-05
0,0,9.127549e-06
0,0,7.7786346e-05
0,0,1.169035e-05
0,0,6.642477e-06
0,0,1.8875024e-05
0,0,1.8793782e-05
0,0,1.117968e-05
0,0,7.5403764e-06
0,0,6.658066e-06
0,0,1.1091696e-05
0,0,3.3911667e-05
0,0,6.2025297e-06
0,0,6.199466e-06
1,1,0.99999356
0,0,8.203822e-06
0,0,8.586295e-06
0,1,0.99964595
0,0,1.027215e-05
1,1,0.99993765
0,0,9.535656e-06
0,0,1.758117e-05
0,0,1.09159155e-05
0,0,1.1364042e-05
0,0,7.103542e-06
0,0,2.2500146e-05
0,0,9.937141e-06
0,1,0.9868194
0,0,9.240885e-06
1,1,0.99999046
0,0,1.0914812e-05
0,0,1.40693965e-05
0,0,7.124383e-06
0,0,7.3597585e-05
0,0,1.5167562e-05
0,0,7.0223437e-06
0,0,7.311007e-06
0,0,6.645613e-06
0,0,5.939168e-06
0,0,1.3466128e-05
1,0,0.0006065814
0,0,5.792803e-06
0,0,9.657982e-06
0,0,0.00023529505
1,0,9.705358e-05
0,0,6.5102554e-06
1,1,0.99974316
0,0,7.853396e-06
0,0,9.873006e-05
0,1,0.9999547
1,1,0.99999213
0,0,7.50508e-06
0,0,1.24935195e-05
0,0,2.3013992e-05
0,0,8.900132e-06
0,0,8.9051655e-06
0,0,3.3731496e-05
0,0,9.866047e-06
0,0,9.48749e-06
0,0,0.0001717647
0,0,1.0683164e-05
0,0,8.664504e-06
0,0,0.001472308
0,0,1.9329793e-05
0,1,0.9998996
1,0,0.0007624004
0,0,1.0166595e-05
0,0,7.6250553e-06
0,0,7.5625144e-06
0,0,0.0029192606
0,0,1.222094e-05
0,0,1.3527008e-05
0,0,6.4813016e-06
0,0,6.4889578e-06
0,0,1.34833335e-05
0,0,6.23745e-06
0,0,9.9645085e-06
0,0,5.6469967e-06
0,0,1.4340963e-05
1,1,0.99993825
0,0,1.0041234e-05
1,0,0.00012686194
0,0,2.8893523e-05
0,0,5.8274258e-05
0,0,8.625665e-06
0,0,1.18111175e-05
1,0,0.00012934882
0,0,2.4705114e-05
0,0,8.5898e-06
0,0,7.668264e-06
1,1,0.99999475
0,0,4.7988688e-06
0,0,6.5481076e-06
0,0,3.347373e-05
0,0,7.545988e-06
0,0,8.379344e-06
0,0,1.1296357e-05
1,1,0.9999919
0,0,9.785723e-06
0,0,2.9130353e-05
0,0,7.780007e-06
0,0,8.156236e-06
0,0,7.775905e-06
1,1,0.99990475
0,0,1.2737268e-05
0,0,2.8075929e-05
0,0,2.1717067e-05
0,0,5.3133444e-06
0,0,0.00012076198
0,0,2.2348635e-05
0,0,5.984682e-06
0,0,1.4771938e-05
0,0,2.4259003e-05
0,0,1.0749635e-05
1,0,0.00020225572
0,0,6.7634755e-06
0,0,9.742682e-06
0,0,8.307739e-06
0,0,1.1166765e-05
1,1,0.9999703
0,0,5.0172225e-06
0,0,0.00021047889
1,1,0.9999937
0,0,1.3929762e-05
0,0,8.007105e-05
0,0,1.4283119e-05
0,0,0.00032039083
0,0,5.834324e-06
0,0,9.3795525e-06
0,0,7.1973523e-06
0,0,0.00010005332
0,0,9.443692e-06
0,0,6.289045e-06
0,0,2.1207912e-05
0,0,1.1449818e-05
0,0,6.9577095e-06
0,0,3.7609465e-05
0,0,9.904547e-06
0,0,1.4056535e-05
0,0,1.6018887e-05
0,0,9.843321e-06
0,0,8.735558e-06
0,0,1.0448856e-05
1,1,0.9999931
0,0,5.8555393e-06
0,0,1.9593466e-05
0,0,8.398777e-06
0,0,7.0107076e-06
0,0,1.8820434e-05
0,0,7.779451e-06
1,1,0.9999927
0,0,3.9519127e-05
0,0,1.981399e-05
0,0,9.991267e-06
0,0,8.942339e-06
0,0,7.782419e-06
0,0,7.266312e-06
0,0,9.938363e-06
0,0,1.5129378e-05
0,0,1.4734822e-05
0,0,3.054636e-05
0,0,1.0102013e-05
1,1,0.99999404
0,0,9.726937e-06
0,0,5.222162e-06
0,0,0.106085576
0,0,1.059743e-05
0,0,7.642305e-05
0,0,9.641151e-06
0,0,6.1534865e-06
0,1,0.9969471
0,0,1.8868204e-05
0,0,6.1803403e-06
0,0,9.51832e-06
1,0,4.981833e-05
1,1,0.9998952
0,0,7.265418e-06
0,0,6.396525e-06
0,0,8.2602755e-06
0,0,2.802163e-05
0,0,9.735511e-06
0,0,9.493427e-06
0,0,1.0586209e-05
0,0,3.3467953e-05
0,0,9.238199e-06
0,0,6.0608136e-06
0,0,7.815329e-06
0,1,0.93342805
1,1,0.99999154
0,0,7.1055065e-06
0,0,1.1421058e-05
0,0,6.920354e-06
0,0,8.021919e-06
0,0,1.9458927e-05
0,0,6.2372183e-06
1,1,0.99997914
1,0,0.0005464536
0,0,1.3549977e-05
0,0,1.1435958e-05
1,1,0.9987419
0,0,3.6970232e-05
0,0,8.711051e-06
0,0,2.8895094e-05
0,0,0.0010468449
0,0,9.994993e-06
0,0,7.4623936e-06
0,0,1.5310901e-05
0,0,7.3606075e-06
1,1,0.9999926
0,0,1.6302532e-05
1,1,0.9999949
0,0,1.1331738e-05
0,0,3.772481e-05
0,0,7.1255517e-06
0,0,8.306646e-06
1,1,0.99989116
0,0,8.622103e-06
0,0,9.569127e-06
1,1,0.99999404
1,1,0.99999464
0,0,9.451693e-06
0,0,1.0444025e-05
0,0,8.480703e-06
0,0,2.221002e-05
0,0,8.887994e-06
0,0,7.6286924e-06
0,0,0.00044955855
0,0,0.00031784558
0,0,5.104213e-06
0,0,5.556676e-06
0,0,6.184868e-06
0,0,3.559482e-05
0,0,1.1937186e-05
1,0,0.0009621515
0,0,7.2807125e-06
0,0,5.8878936e-06
0,0,1.0360794e-05
0,0,1.0302082e-05
0,0,1.41553555e-05
0,0,6.4731967e-06
0,0,1.108606e-05
0,0,6.294115e-06
0,0,8.600637e-06
0,0,6.657615e-06
0,0,1.1359384e-05
0,0,9.734639e-06
0,0,1.0654026e-05
0,0,5.891118e-06
0,0,9.455353e-06
0,0,6.274625e-06
0,0,9.527621e-06
0,0,5.5870973e-06
0,0,1.4797458e-05
0,0,9.120675e-06
0,0,7.6278047e-06
0,0,7.971106e-06
0,0,1.2033999e-05
1,1,0.9999937
0,0,6.683659e-06
0,0,1.0601281e-05
0,0,8.488456e-06
0,0,1.1255485e-05
0,0,1.30326325e-05
0,0,1.2761611e-05
0,0,7.076281e-06
0,0,9.699204e-06
0,0,9.057072e-06
1,1,0.99997616
0,0,1.2401983e-05
0,0,7.6081305e-06
1,0,0.023770213
0,0,8.0063655e-06
1,1,0.9999862
0,0,6.8903505e-06
0,0,1.9158859e-05
0,0,0.004874333
0,0,1.2469462e-05
0,0,7.114484e-06
0,0,8.5947495e-06
0,0,1.1784317e-05
0,0,8.944625e-06
0,0,1.9560608e-05
0,0,1.4961862e-05
1,1,0.99999404
0,0,9.353916e-06
0,0,7.974087e-06
0,0,1.318989e-05
0,0,9.329373e-06
0,0,1.3772546e-05
0,0,6.650939e-06
0,0,4.494531e-05
0,0,3.4628607e-05
0,0,8.7081435e-06
0,0,7.581614e-06
0,1,0.9998771
0,0,1.16390875e-05
1,0,2.6176234e-05
0,0,1.6238606e-05
0,0,6.065908e-06
0,0,9.1302745e-06
0,0,6.91292e-06
0,0,2.3834062e-05
0,0,7.492822e-06
0,1,0.99979144
0,0,6.9140146e-06
0,0,1.669671e-05
1,1,0.99978703
1,0,3.0992658e-05
1,0,1.9395047e-05
0,0,1.17894315e-05
1,1,0.9999951
0,0,5.6425934e-06
0,0,1.9821964e-05
0,0,1.120891e-05
0,0,5.4057073e-06
0,0,0.00039794933
0,0,1.0093656e-05
0,0,2.312816e-05
0,0,7.762879e-06
0,0,1.7838842e-05
0,0,0.0020559633
0,0,8.09735e-06
0,0,3.512185e-05
0,0,1.2488908e-05
0,0,7.678362e-06
0,0,1.616623e-05
0,0,1.36784465e-05
0,0,1.5589249e-05
1,1,0.9999051
0,0,0.39188507
0,0,7.109974e-06
0,0,3.853217e-05
0,0,2.4548772e-05
0,0,9.79235e-06
0,0,7.4807053e-06
0,0,1.0941671e-05
0,0,8.388595e-06
0,0,1.0470862e-05
0,0,7.1294808e-06
1,1,0.99999404
1,1,0.9985342
0,0,1.0800571e-05
0,0,6.801781e-06
0,0,7.745397e-06
0,0,1.8827184e-05
0,1,0.9995061
0,0,4.782318e-05
1,1,0.99999475
0,0,7.0598464e-05
0,0,7.499685e-06
0,0,6.708488e-06
0,0,1.2910585e-05
0,0,1.0614778e-05
0,0,2.1709942e-05
0,0,1.02303175e-05
0,0,7.616734e-06
0,0,5.1303373e-06
0,0,1.0859256e-05
0,0,9.348885e-06
0,0,2.1295624e-05
0,0,2.8679562e-05
0,0,2.4771947e-05
0,0,4.99628e-06
0,0,7.205065e-06
0,0,8.63089e-06
0,0,7.9599695e-06
1,1,0.99981064
0,0,1.8532617e-05
0,0,3.136558e-05
0,1,0.99968374
0,0,1.016993e-05
0,0,9.546147e-06
0,0,6.9667067e-06
0,0,1.00410325e-05
0,0,0.01129515
0,0,7.857381e-06
0,0,1.7582663e-05
0,0,2.7754959e-05
0,0,8.09021e-06
0,1,0.99969673
0,0,8.725168e-06
0,0,7.4330455e-06
0,1,0.90742975
0,0,7.5957196e-06
0,0,6.309271e-06
0,0,9.175069e-06
0,0,7.354657e-06
0,0,5.0355243e-06
0,0,6.5030135e-06
0,0,7.0818564e-06
0,0,1.269635e-05
1,1,0.9999758
0,0,1.174654e-05
0,0,1.3877785e-05
0,0,1.9850037e-05
0,0,4.040394e-05
0,0,6.156885e-06
0,0,2.0923588e-05
0,0,3.0590607e-05
0,0,7.466786e-06
0,0,6.3621646e-06
1,1,0.99994004
0,0,7.527918e-06
0,0,9.291387e-06
0,0,9.12815e-06
0,0,1.036276e-05
0,0,8.306076e-06
1,1,0.9999943
0,0,2.7093969e-05
0,0,1.111069e-05
0,0,7.3125684e-06
0,0,1.1986088e-05
0,0,7.2209677e-06
0,0,5.1140846e-06
0,0,1.8249702e-05
0,0,1.5143424e-05
0,0,9.813217e-06
0,1,0.9998896
0,0,1.542473e-05
0,0,1.0104345e-05
0,0,1.0990886e-05
0,0,1.941509e-05
0,0,1.8510573e-05
0,0,8.42113e-06
0,1,0.9998758
0,0,7.2968946e-06
0,0,1.9057323e-05
0,0,4.4465825e-05
0,0,8.66805e-06
0,0,6.9197727e-06
0,0,8.086299e-06
1,1,0.99998295
0,0,1.0910483e-05
0,0,7.956752e-06
1,0,9.315369e-06
0,0,6.2018435e-06
0,0,5.1625484e-06
0,0,9.860159e-06
0,0,1.2131239e-05
0,0,6.1839132e-06
0,0,9.412725e-06
0,0,1.7913888e-05
1,1,0.9999887
0,0,2.0449217e-05
0,0,1.1546189e-05
0,0,9.526349e-06
0,0,6.482903e-06
0,0,6.9220305e-06
0,0,0.00042756766
0,0,7.1085024e-06
0,0,1.1400481e-05
0,0,5.7769703e-06
1,1,0.9997156
0,0,6.0774714e-06
0,0,8.491969e-06
0,0,1.0818127e-05
1,0,0.06561335
0,0,7.2435487e-06
0,0,6.9236153e-06
0,0,1.0457748e-05
1,1,0.9999801
0,0,9.907277e-06
0,0,1.0542686e-05
0,0,8.28467e-06
0,0,5.939862e-05
0,0,2.4485527e-05
0,0,7.21725e-06
0,0,2.1131982e-05
0,0,1.499067e-05
0,0,2.131946e-05
1,1,0.9998908
0,0,1.0646876e-05
0,0,1.0817694e-05
0,0,8.5380525e-06
0,0,1.3366229e-05
0,0,7.1877835e-06
0,0,4.3577456e-05
0,0,7.452131e-06
1,1,0.9999256
1,1,0.9999937
0,0,7.082154e-06
0,0,6.5707086e-06
0,0,5.672667e-06
0,0,8.339531e-06
0,0,1.4142455e-05
0,0,1.9385709e-05
1,1,0.9999888
0,0,6.6204307e-06
0,0,1.52708e-05
0,0,6.341557e-06
1,1,0.91845053
0,1,0.999754
0,0,1.8465716e-05
1,1,0.9999814
0,0,9.139726e-06
0,0,1.3157376e-05
0,0,1.2336398e-05
0,0,6.893282e-06
0,0,7.694215e-06
0,0,3.7491758e-05
0,0,7.558304e-06
0,0,1.1388093e-05
0,0,5.334985e-06
0,0,1.2698844e-05
0,0,8.761122e-06
0,0,5.9236236e-06
0,0,7.748138e-06
0,0,6.793182e-05
0,0,1.8515639e-05
0,0,1.4110475e-05
1,1,0.9999858
0,0,7.3649608e-06
0,0,1.4668478e-05
0,0,1.1509724e-05
0,0,1.8168797e-05
0,0,6.527601e-06
1,0,1.528314e-05
0,0,2.2016871e-05
0,0,2.0243446e-05
0,0,8.05581e-06
0,0,8.009633e-06
0,0,9.522715e-06
0,0,1.7121936e-05
0,0,7.3823862e-06
0,0,0.00013174316
1,1,0.99999464
0,0,2.9922323e-05
0,0,9.626314e-06
1,1,0.99998367
0,0,7.108529e-06
0,0,1.5629084e-05
0,0,4.6497717e-05
0,0,1.1261841e-05
0,0,8.844651e-06
0,0,1.0703153e-05
0,0,9.913902e-06
0,0,9.311541e-06
0,0,7.5187772e-06
0,0,9.127184e-06
0,0,0.00010663599
0,0,1.3601764e-05
0,0,6.254898e-06
0,0,1.093172e-05
0,0,2.1162552e-05
1,1,0.9999846
0,0,1.2793659e-05
0,0,6.691755e-05
0,0,1.1664512e-05
0,0,6.989612e-06
0,0,1.6568829e-05
0,0,7.156061e-06
0,0,0.0001323912
0,0,5.848888e-05
0,0,1.2013107e-05
0,0,9.215135e-06
0,0,8.307526e-06
0,0,1.3177906e-05
0,0,7.492814e-05
0,0,1.1449315e-05
0,0,4.3438515e-05
0,0,7.040778e-06
0,0,6.0696752e-06
0,0,7.161953e-06
0,0,7.436466e-05
1,1,0.9012204
0,0,2.410659e-05
0,0,1.5197244e-05
0,0,1.4359686e-05
0,0,0.0001047108
0,0,1.2033289e-05
0,0,7.213335e-06
0,0,8.3973355e-06
0,0,1.16044985e-05
0,0,6.321069e-05
0,0,8.535065e-06
0,0,6.0158286e-06
0,0,7.656615e-06
0,0,1.2067258e-05
0,1,0.99976045
1,1,0.9999534
0,0,6.039615e-06
0,1,0.94903225
0,0,9.651326e-06
0,0,1.2895389e-05
0,0,1.279305e-05
0,0,1.3177039e-05
0,0,1.8474506e-05
0,0,2.7692327e-05
0,0,1.3792339e-05
0,0,8.0871705e-06
0,0,9.227685e-06
0,0,2.380512e-05
0,0,8.840073e-06
0,0,1.0919736e-05
0,0,9.511144e-06
0,0,0.00017587817
0,0,1.2108353e-05
0,0,2.0976413e-05
1,1,0.99999166
0,0,7.203127e-06
1,1,0.99996924
0,0,8.1237185e-06
0,0,6.865275e-06
0,0,1.4798178e-05
0,0,1.248991e-05
0,0,1.1315528e-05
1,1,0.9998573
0,0,3.1576503e-05
0,0,1.8441167e-05
0,0,3.2462583e-05
0,0,3.4185163e-05
0,0,1.0469754e-05
0,0,1.0292822e-05
0,0,8.530336e-06
0,0,1.4953476e-05
0,0,1.3288535e-05
0,0,1.1010525e-05
0,0,6.4018586e-06
0,0,1.2530666e-05
0,0,7.175825e-06
0,0,5.8357928e-06
0,0,5.0341605e-06
0,0,0.0012731345
1,0,0.022334844
0,0,1.5582365e-05
0,0,6.021705e-06
0,0,2.4402281e-05
0,0,1.9987909e-05
0,0,6.192104e-06
0,0,9.5469495e-06
1,1,0.9999944
0,1,0.9997671
0,0,5.9265053e-06
0,0,2.6218831e-05
0,0,1.2071356e-05
0,0,6.3628686e-06
0,0,8.563536e-06
0,0,1.2012752e-05
0,0,1.5217415e-05
0,0,1.9270157e-05
0,0,6.768153e-06
1,1,0.999974
0,0,5.982223e-06
0,0,5.3616304e-06
0,0,6.4294227e-06
0,0,7.211692e-06
1,1,0.9999931
0,0,1.38693695e-05
0,0,8.256165e-06
0,0,6.8070826e-06
1,1,0.9999944
0,0,2.0722786e-05
0,0,4.962298e-05
0,0,1.1117716e-05
0,0,7.8870735e-06
0,0,2.3923532e-05
0,0,9.428159e-06
0,0,1.2483895e-05
0,0,7.4163913e-06
0,0,8.762074e-06
0,0,1.6212023e-05
0,1,0.9741381
0,0,2.650879e-05
0,0,1.5330872e-05
0,0,1.1057761e-05
1,1,0.9999924
0,0,9.372309e-06
1,1,0.99998724
0,0,9.913865e-06
0,0,1.3041734e-05
0,0,9.1893335e-06
0,0,8.760921e-06
0,0,7.701968e-06
1,0,0.000101902624
1,1,0.9999701
0,0,2.4377116e-05
1,0,0.013209078
0,0,9.180864e-06
1,1,0.9999752
0,0,7.5431603e-06
0,0,7.974005e-05
0,0,1.0980808e-05
1,1,0.999995
0,0,4.068026e-05
0,0,7.065741e-06
0,0,1.1869461e-05
0,0,1.1547809e-05
0,0,9.875478e-06
1,1,0.99998784
0,0,3.7496407e-05
0,0,6.6537878e-06
0,0,1.1733541e-05
0,0,6.9947864e-06
0,0,5.2511473e-06
0,0,1.2556252e-05
0,0,0.00011093757
0,0,7.969533e-06
0,0,0.0001490714
0,0,1.09550765e-05
0,0,1.22999345e-05
0,0,1.18215075e-05
0,0,4.2063733e-05
0,1,0.9891939
0,0,9.012947e-06
0,0,9.236269e-06
0,0,6.1970545e-06
0,0,9.751039e-06
0,0,6.5477266e-06
1,1,0.99999464
0,0,9.549107e-06
0,0,3.3610377e-05
0,1,0.9990632
0,0,9.017822e-06
0,0,7.53518e-06
0,0,2.3054521e-05
0,0,2.3741868e-05
0,0,7.907039e-06
1,1,0.9999937
0,0,0.00034185807
0,0,0.015968755
0,0,3.1477288e-05
0,0,1.23744085e-05
1,1,0.99996805
1,1,0.9999933
0,0,1.1363121e-05
0,0,8.520663e-06
1,1,0.99999297
0,0,8.426022e-06
0,0,4.537519e-05
0,0,6.047592e-06
0,0,9.441855e-06
0,0,8.178691e-06
0,0,1.4867532e-05
0,0,6.798506e-06
0,1,0.9753911
0,0,9.578056e-06
0,0,8.387667e-06
0,0,1.9613974e-05
0,0,7.268114e-06
0,0,1.8362076e-05
0,0,1.5423318e-05
0,0,5.7400766e-06
0,0,1.2546449e-05
0,0,1.8693363e-05
1,0,0.14512493
0,0,6.9806056e-06
0,0,1.2240291e-05
0,0,1.3739357e-05
0,0,6.6032862e-06
0,0,2.9421657e-05
0,0,5.3840367e-06
0,0,1.428846e-05
1,0,6.3289776e-06
0,0,1.1130277e-05
0,0,2.9848481e-05
0,0,2.882747e-05
0,0,7.554758e-06
0,0,1.5219346e-05
0,0,1.1288593e-05
0,0,5.8369674e-06
0,0,7.2626194e-06
0,0,2.3092232e-05
0,0,1.08153e-05
0,1,0.9559871
0,0,5.07615e-06
0,0,1.720499e-05
0,0,2.4402747e-05
0,0,0.0003303615
0,0,8.341925e-06
0,0,7.758838e-06
0,0,7.090811e-06
0,0,1.0760548e-05
1,1,0.99985766
0,0,1.1278435e-05
0,0,1.0150725e-05
1,1,0.99995255
0,0,0.00033917438
0,0,5.6881272e-05
0,0,1.223644e-05
0,0,7.4147083e-06
0,0,8.973521e-06
0,0,9.900778e-06
0,0,1.5145446e-05
0,0,1.1642107e-05
0,0,1.80111e-05
0,0,1.1931359e-05
0,0,6.0678576e-06
0,0,8.261127e-06
0,0,7.282692e-06
0,0,1.3148809e-05
0,0,8.539095e-06
0,0,6.9756543e-06
0,0,5.2640685e-06
0,0,1.737752e-05
0,0,1.1135139e-05
0,0,1.2495438e-05
0,0,1.2346543e-05
0,0,6.2233025e-06
0,0,8.510933e-06
0,0,8.860845e-06
1,1,0.9999229
0,0,8.45329e-06
0,0,1.9050309e-05
0,0,1.161567e-05
0,0,6.6437883e-06
0,0,5.349199e-06
1,1,0.9999865
0,0,1.0760815e-05
0,0,1.710247e-05
0,0,8.27057e-06
0,0,1.2913307e-05
0,0,8.244511e-06
0,0,6.1989335e-06
0,0,1.21975845e-05
0,0,1.3161103e-05
0,0,8.643722e-06
0,0,1.1978708e-05
0,0,7.2172156e-06
0,0,7.839971e-06
1,0,0.0019326039
0,0,9.158923e-06
0,0,9.884203e-06
0,0,9.830207e-06
0,0,1.122849e-05
0,0,9.4268735e-06
0,0,6.7680216e-05
0,0,7.184549e-06
0,0,3.3074175e-05
0,0,1.5462741e-05
1,1,0.9999758
0,0,7.5101057e-06
0,0,7.371847e-06
0,0,5.804344e-06
0,0,9.532166e-06
0,0,7.973935e-06
0,0,0.00013415495
0,0,1.0014858e-05
0,0,9.635094e-06
0,0,1.09503035e-05
0,0,3.237598e-05
0,0,1.2897959e-05
0,0,6.2675017e-06
0,0,1.2107649e-05
0,0,4.1125477e-05
0,0,7.286686e-06
0,0,7.935609e-06
0,0,4.2058884e-05
0,0,1.37614925e-05
0,0,1.2496677e-05
0,0,8.199715e-06
0,0,1.3469864e-05
1,0,0.00045018384
0,0,1.0241446e-05
0,0,8.224982e-06
0,0,5.7472357e-06
0,0,1.9929514e-05
0,0,7.437222e-06
0,0,1.160608e-05
0,0,1.338059e-05
0,0,1.526908e-05
0,0,9.043314e-06
0,0,1.3875668e-05
0,0,5.5230275e-06
0,0,1.4053453e-05
0,0,1.3731235e-05
0,0,0.00013713438
1,1,0.99997056
0,0,1.7080074e-05
0,0,9.559358e-06
0,0,7.90125e-06
0,0,6.5054946e-06
0,0,1.4284318e-05
0,0,6.611478e-06
0,0,1.5582693e-05
0,0,3.0736355e-05
0,0,1.2697439e-05
1,1,0.99998534
0,0,1.0346841e-05
0,0,5.546606e-06
1,1,0.99997306
0,0,7.0541396e-06
0,0,1.0296189e-05
0,0,1.2476921e-05
0,0,0.012473484
0,0,1.0636038e-05
0,0,9.714127e-06
0,0,6.091514e-06
0,0,3.9773542e-05
0,0,5.79429e-06
0,0,1.056107e-05
0,0,1.1888062e-05
0,0,1.3163036e-05
0,0,6.591458e-06
1,1,0.9999924
0,0,1.0494856e-05
0,0,9.20298e-06
0,0,8.271974e-06
0,0,1.5889986e-05
0,0,0.00043182657
0,0,1.6255279e-05
0,0,5.5943588e-06
0,0,8.494967e-06
1,0,1.3698824e-05
0,0,9.392961e-06
0,0,1.5337628e-05
0,0,1.0073999e-05
0,0,2.0121613e-05
0,0,9.398813e-06
0,1,0.9998679
0,0,1.6932552e-05
0,0,8.598783e-06
0,0,6.057959e-06
0,0,1.1785092e-05
0,0,8.113823e-06
0,0,2.0572546e-05
0,0,6.3768343e-06
0,0,9.65696e-06
0,0,5.8507385e-06
0,0,6.6705798e-06
0,0,6.7273227e-06
0,0,7.3654032e-06
0,0,1.5503392e-05
0,0,1.0793106e-05
0,0,5.42937e-06
0,0,1.6408487e-05
0,0,6.8973946e-05
0,0,6.540331e-06
1,1,0.9999707
0,0,1.2165707e-05
1,1,0.9994562
0,0,6.7231795e-06
0,0,5.331551e-06
0,0,1.3859771e-05
0,0,2.0178342e-05
0,0,2.2022457e-05
0,0,5.275787e-05
1,1,0.9996081
0,0,9.198927e-06
0,0,1.0437345e-05
0,0,1.3111694e-05
0,0,7.3733377e-06
0,0,6.283817e-06
0,0,1.3876991e-05
0,0,0.00018314028
0,0,9.565413e-06
0,0,6.0752636e-06
0,0,2.2076265e-05
0,0,6.7299284e-06
1,0,1.4669764e-05
0,0,2.9291756e-05
0,0,5.767419e-06
0,0,5.817389e-06
0,0,1.59596e-05
0,0,5.6972813e-06
0,0,8.302227e-06
0,0,1.8009316e-05
0,0,2.4719113e-05
0,0,1.1841716e-05
0,0,9.699297e-06
0,0,7.427759e-06
0,0,9.063034e-06
0,0,1.5986625e-05
0,0,9.43387e-06
0,0,9.814181e-06
0,0,6.59413e-06
0,0,9.3316685e-06
0,0,7.825472e-06
0,0,1.4339391e-05
0,0,1.7531207e-05
0,0,6.6103435e-06
0,0,9.390256e-06
0,0,1.2426491e-05
0,0,1.5315385e-05
0,0,8.846322e-06
0,0,7.2332564e-06
0,0,1.34611455e-05
1,1,0.99995506
0,0,0.00023067054
0,0,1.07020915e-05
1,1,0.999992
0,0,1.984521e-05
0,0,1.1133292e-05
0,0,8.829684e-06
0,0,1.5187884e-05
0,0,6.242883e-06
0,0,9.298887e-06
1,1,0.99997663
0,0,5.846828e-06
0,0,2.563551e-05
0,0,1.3008022e-05
0,0,5.5483164e-05
0,0,8.316292e-06
0,0,1.0167253e-05
0,0,2.00267e-05
0,0,1.2416078e-05
1,1,0.9999926
0,0,1.3765129e-05
0,0,9.871829e-05
0,0,7.304177e-06
0,0,6.082516e-06
0,0,1.19622e-05
0,0,7.4156915e-06
0,0,9.930243e-05
0,0,9.3129e-06
0,0,1.2225148e-05
0,0,1.1927764e-05
0,0,0.00048632352
0,0,8.245432e-06
0,0,8.313763e-06
0,0,7.806852e-06
0,0,6.143342e-06
0,0,1.1729983e-05
0,0,1.0477375e-05
0,0,1.43127645e-05
0,0,5.7343645e-06
0,0,9.163571e-06
1,1,0.99999356
0,0,2.5238773e-05
0,0,8.193712e-06
1,1,0.99996924
0,0,1.0866518e-05
1,1,0.9996561
0,1,0.7285007
0,0,6.307647e-06
0,0,1.16070105e-05
0,0,1.2000157e-05
1,1,0.9999944
0,0,5.7654834e-06
0,0,8.692031e-06
0,0,7.6254555e-06
0,0,6.4059873e-06
0,0,7.1774334e-06
0,0,7.4064187e-06
0,0,6.362353e-06
0,0,2.121127e-05
0,0,7.0403153e-06
0,0,2.0122015e-05
0,0,5.3198524e-05
0,0,1.1271135e-05
0,0,8.421379e-06
0,0,7.242043e-06
0,0,7.115257e-06
0,0,8.23104e-06
0,0,1.9362782e-05
1,1,0.99994326
0,0,8.96844e-06
1,1,0.9999945
0,0,7.4894924e-06
0,0,2.618622e-05
0,0,8.943134e-05
0,0,6.058548e-06
0,0,1.0360566e-05
0,0,1.5975118e-05
0,1,0.6222675
0,0,3.9310857e-05
0,0,1.8553197e-05
0,0,1.0758743e-05
0,0,6.3346906e-06
0,0,9.80104e-06
0,0,2.6181726e-05
0,0,9.799058e-06
0,0,7.139115e-06
0,0,1.5229276e-05
0,0,2.6975576e-05
0,0,2.4161918e-05
0,0,7.0815795e-06
1,1,0.9999907
0,0,6.9705875e-06
0,0,5.9531314e-05
0,0,8.218975e-06
0,0,7.5014304e-06
0,0,8.640699e-05
1,1,0.99998343
0,0,1.0525608e-05
0,0,1.2113101e-05
0,0,5.2322316e-06
0,0,2.8593482e-05
0,0,7.4063623e-06
0,0,1.4238784e-05
0,0,8.37574e-06
0,0,6.624795e-06
0,0,2.2954044e-05
0,0,5.9543613e-06
0,0,9.693915e-06
0,0,1.9481842e-05
0,0,1.165106e-05
0,0,1.2372627e-05
0,0,9.005678e-06
0,0,2.948466e-05
0,0,5.668428e-06
0,0,7.902697e-06
0,0,6.3404077e-06
0,0,9.892548e-06
0,0,1.1160366e-05
0,0,1.1690639e-05
0,0,1.1313661e-05
0,0,7.17473e-06
0,1,0.65295297
0,0,1.312264e-05
0,0,4.516486e-05
0,0,8.555887e-06
0,0,0.00016727734
0,0,6.8858767e-06
0,0,7.755075e-05
1,1,0.9999871
0,1,0.99981254
0,0,8.762876e-06
0,0,1.5074565e-05
0,0,1.8941544e-05
1,1,0.9999943
0,1,0.99988043
0,0,5.337881e-06
0,0,1.561298e-05
0,0,8.431785e-06
0,0,1.5415497e-05
0,0,4.1777264e-05
0,0,7.234885e-06
0,0,6.4904434e-06
0,0,2.3467735e-05
0,0,1.9525569e-05
0,0,7.773962e-06
0,0,2.6819314e-05
0,0,8.319625e-06
0,0,3.072932e-05
0,0,9.6108115e-06
0,0,4.451035e-06
0,0,1.6176471e-05
0,1,0.99994147
0,0,1.3804749e-05
0,0,1.8112572e-05
1,1,0.99998665
1,1,0.9999931
0,0,1.9779989e-05
0,0,1.1694186e-05
0,0,1.7810693e-05
0,0,7.747318e-06
0,0,8.028079e-06
0,0,1.627937e-05
1,1,0.9999573
0,0,1.7282904e-05
1,1,0.99998426
0,0,7.420686e-06
1,1,0.9999497
0,0,2.2070415e-05
0,0,1.8963123e-05
0,0,0.00020194703
0,0,5.7699003e-06
0,0,3.678343e-05
0,0,1.0126745e-05
0,0,1.41594855e-05
0,0,3.9319555e-05
0,0,8.931055e-06
0,0,8.622548e-06
0,0,2.2344862e-05
0,0,1.20007635e-05
0,1,0.99988675
1,0,0.0025366768
0,1,0.9999776
0,0,1.3248472e-05
0,0,1.488467e-05
0,0,6.221463e-06
1,1,0.99999356
1,1,0.9999865
0,0,1.5023429e-05
0,0,9.11925e-06
0,0,8.257189e-06
0,0,9.103295e-06
0,0,7.9926485e-06
0,0,0.00021559719
0,0,1.1398307e-05
1,1,0.99999166
0,0,8.150544e-06
0,0,1.4716273e-05
0,0,7.856085e-06
0,0,7.710781e-06
0,0,3.6473528e-05
0,0,7.811767e-06
0,0,1.1363751e-05
0,0,2.2076078e-05
0,0,7.129121e-06
0,0,0.056127343
0,0,1.0758167e-05
0,0,7.456069e-06
0,0,1.44922915e-05
0,0,1.5432e-05
0,0,6.153627e-06
0,0,9.332113e-06
0,0,6.0118823e-06
0,0,8.2382085e-06
0,0,1.5301048e-05
0,0,7.982273e-06
0,0,8.0868e-06
0,0,8.945411e-06
0,0,8.988682e-06
0,0,8.210389e-06
0,0,1.2169001e-05
0,0,1.4392754e-05
0,0,0.002416451
0,0,6.6970583e-06
0,0,6.165534e-06
0,0,2.4950452e-05
0,0,8.900769e-06
0,0,7.6570905e-06
0,0,5.7830885e-06
0,0,9.165912e-05
0,0,7.942453e-06
0,0,1.2589345e-05
1,1,0.99998295
0,0,8.674128e-06
0,0,1.0084668e-05
0,0,2.1149966e-05
1,1,0.99998736
0,0,8.611471e-06
0,0,8.182904e-06
0,0,1.0935505e-05
0,0,8.948311e-06
0,0,6.0203965e-06
0,0,5.6554204e-06
0,0,9.497837e-06
0,0,1.2080638e-05
0,0,7.6003494e-06
0,0,1.1966274e-05
0,0,2.1969703e-05
0,0,1.1264312e-05
0,0,1.0559347e-05
0,0,5.9754148e-06
0,0,1.38139285e-05
0,0,0.00070938974
0,0,8.911741e-06
0,0,1.41518185e-05
0,1,0.9998466
0,0,1.3928406e-05
0,0,1.6482121e-05
0,0,5.5978066e-06
0,0,8.393605e-06
0,0,7.1261707e-06
0,0,5.9710055e-06
1,1,0.99998593
0,0,9.959825e-06
0,0,8.912778e-06
0,0,7.1571117e-06
0,0,8.356544e-06
0,0,9.325575e-06
0,0,7.141083e-06
0,0,2.7096501e-05
0,0,1.31677325e-05
0,0,1.3803301e-05
0,0,5.5693768e-06
0,0,0.002073805
0,0,1.6916703e-05
1,1,0.99998415
0,0,1.2645611e-05
1,1,0.9995819
0,0,5.69019e-06
0,0,9.887785e-06
0,0,1.1551267e-05
0,0,1.0166866e-05
0,0,7.886968e-06
0,0,8.87705e-06
0,0,6.299988e-06
0,0,5.3923513e-06
0,0,6.8452373e-06
0,0,1.3676333e-05
0,0,1.0045564e-05
0,0,5.380819e-06
0,0,7.631035e-06
0,0,1.6350645e-05
0,0,1.4643836e-05
0,0,2.7938568e-05
0,0,6.082307e-06
0,0,1.1982077e-05
0,0,8.028155e-06
0,0,1.3679973e-05
0,0,5.3777103e-06
0,0,4.2907937e-05
0,0,1.7958326e-05
1,1,0.99999166
1,1,0.99701715
0,0,5.2378742e-05
0,0,9.068204e-06
0,1,0.9998745
0,0,1.971389e-05
0,0,1.0303261e-05
0,0,7.737364e-06
1,1,0.99999404
0,0,3.3338303e-05
0,0,1.4564715e-05
1,1,0.9999918
0,0,9.579554e-06
0,0,3.8867864e-05
0,0,7.575167e-06
0,0,3.4324286e-05
0,0,7.0981373e-06
0,0,6.1763685e-06
0,0,6.4275405e-06
0,0,3.0780357e-05
0,0,0.000113322625
0,0,8.066053e-05
0,0,2.0075748e-05
0,0,9.103278e-06
0,0,5.4849206e-06
1,1,0.99999416
0,0,2.0974534e-05
1,1,0.9999863
0,0,5.181699e-05
0,0,1.279111e-05
0,0,9.820369e-06
0,0,6.6051257e-06
0,1,0.9998667
0,0,7.1190043e-06
0,0,1.1369842e-05
0,0,9.399898e-06
0,0,1.9438468e-05
0,0,8.03373e-06
0,0,1.3535188e-05
0,0,9.255111e-06
0,0,1.10253095e-05
0,0,1.4285095e-05
1,1,0.9999933
0,0,5.93465e-06
0,0,9.522079e-06
0,0,0.00021025764
1,0,0.0010659321
0,0,1.00424595e-05
0,0,7.2976254e-06
1,1,0.9999943
0,0,8.343181e-06
0,0,1.2161507e-05
0,0,6.610545e-06
0,0,7.9413085e-06
0,0,2.5777155e-05
0,0,9.44153e-06
1,1,0.9999839
0,0,9.053929e-06
0,0,9.482867e-06
1,1,0.9999732
0,0,6.0339094e-06
0,0,9.67453e-06
0,0,9.745433e-06
0,0,1.2570906e-05
0,0,7.0921974e-06
0,0,8.165365e-06
0,0,1.5373038e-05
1,1,0.9999926
0,0,9.015379e-06
0,0,2.2590122e-05
0,0,2.3398861e-05
0,0,8.779339e-06
0,0,0.0072341394
0,0,7.842753e-06
0,0,8.959019e-06
0,0,1.41369665e-05
0,0,7.5346693e-06
0,0,7.665002e-06
0,0,8.2261895e-06
0,0,9.196453e-06
0,0,1.3562801e-05
1,1,0.9999459
1,1,0.99998367
0,0,2.7036795e-05
0,0,1.8667244e-05
0,0,2.4422652e-05
0,0,7.367679e-05
0,0,9.0189915e-06
0,0,3.087811e-05
0,0,1.8841232e-05
0,0,1.0640217e-05
0,0,1.6073578e-05
0,0,9.040253e-06
0,0,1.0308294e-05
0,0,1.0935109e-05
0,1,0.9994886
0,0,6.996808e-06
1,1,0.99999297
0,0,4.811283e-05
0,0,1.2574227e-05
0,0,8.578977e-06
0,0,2.4245197e-05
0,0,9.160949e-06
0,0,9.025496e-06
0,0,0.00015550418
0,0,1.0493325e-05
0,0,1.4420836e-05
1,1,0.99984217
1,1,0.99999416
1,1,0.9999471
1,1,0.9999045
0,0,5.502944e-06
0,0,7.772554e-06
0,0,1.8490176e-05
1,1,0.9999937
0,0,1.0760548e-05
0,0,1.9684132e-05
1,1,0.9999925
0,0,1.3052435e-05
0,0,0.0012890103
0,0,1.651746e-05
0,0,1.12208145e-05
0,0,2.7186341e-05
0,0,2.0342648e-05
0,0,5.681124e-06
1,1,0.9997193
0,0,0.0018673651
0,0,2.4095325e-05
0,0,5.674967e-06
0,0,4.8458132e-06
0,0,1.05053905e-05
0,0,4.2344862e-05
1,1,0.9999937
0,0,1.0974809e-05
0,0,7.576237e-06
0,0,6.0511165e-06
0,0,7.293736e-06
0,0,4.7947433e-05
0,0,1.1015872e-05
0,0,6.796918e-06
0,0,1.2236241e-05
0,0,5.4669977e-06
0,0,5.538208e-06
0,0,1.599945e-05
0,0,7.912438e-05
0,0,8.42186e-05
0,0,5.706471e-06
0,0,7.403947e-06
0,0,1.592313e-05
0,0,1.2382507e-05
0,0,7.0459905e-06
0,0,1.25077295e-05
0,0,1.0685079e-05
0,0,1.0893848e-05
0,0,9.763582e-06
0,0,1.0518483e-05
0,0,6.189825e-06
0,0,3.014567e-05
0,0,1.2182994e-05
1,1,0.9999652
0,0,1.4558326e-05
0,0,2.1144198e-05
0,0,8.045523e-06
0,0,6.517784e-06
0,0,1.7902325e-05
0,0,1.0806206e-05
0,0,1.3921622e-05
0,1,0.99976057
0,0,1.03244665e-05
0,0,1.1387181e-05
0,0,8.115262e-06
1,1,0.9997744
0,0,9.981819e-06
0,0,1.2193257e-05
0,0,4.699574e-06
1,1,0.9999783
0,0,1.3330445e-05
0,0,7.736944e-06
0,0,6.7163355e-06
0,0,1.7570375e-05
0,0,2.6039546e-05
0,0,1.8637595e-05
0,0,1.1857198e-05
0,0,8.235326e-06
0,0,7.658485e-06
0,0,6.8022223e-06
0,0,1.1970017e-05
0,0,0.0011652302
0,0,1.0834522e-05
0,0,9.675608e-06
0,0,1.0620488e-05
0,0,9.675074e-06
1,1,0.9999083
0,0,5.064913e-06
0,0,1.6485768e-05
0,0,2.5292025e-05
0,0,4.7108955e-05
0,0,1.2278825e-05
0,0,4.307854e-05
0,0,5.6246163e-06
0,0,7.4351087e-06
0,0,1.17397985e-05
0,0,1.2646684e-05
0,0,7.826816e-06
0,0,3.8716746e-05
0,0,7.937778e-05
0,0,6.686579e-06
0,0,1.613304e-05
0,0,1.9139283e-05
1,1,0.9999932
0,0,7.939166e-06
0,0,6.421303e-06
0,0,1.2105432e-05
0,0,8.124415e-06
0,0,8.902958e-06
0,0,7.4163772e-06
0,0,6.1194273e-06
0,0,0.00022167365
0,0,1.1424665e-05
0,0,5.835548e-06
0,0,3.1357686e-05
0,0,1.3000828e-05
1,0,5.0967777e-05
0,1,0.99978584
0,0,1.73644e-05
0,0,2.9150415e-05
0,0,1.0660388e-05
0,0,1.7999013e-05
0,0,1.6171258e-05
0,0,6.017022e-06
0,0,9.219232e-06
0,0,1.8281562e-05
0,0,1.120393e-05
0,0,5.903355e-06
1,1,0.9999263
0,0,2.8064742e-05
0,0,8.219602e-06
0,0,3.388432e-05
0,0,7.2728153e-06
0,0,0.0005878315
0,0,0.00031456357
0,0,6.4026035e-06
0,0,9.760799e-06
0,0,2.0462503e-05
0,0,1.2812205e-05
0,0,9.175875e-06
0,0,8.9072555e-06
0,0,4.678523e-05
0,0,1.1872438e-05
0,0,1.7128468e-05
0,0,0.0001432182
0,0,7.5420235e-06
0,0,1.7360195e-05
1,1,0.99979633
0,0,9.704691e-06
0,0,8.2426095e-06
1,1,0.99998057
0,0,2.1919517e-05
0,0,8.950991e-06
0,0,7.740657e-06
0,0,1.0710024e-05
0,0,1.6052054e-05
0,0,7.178864e-06
0,0,1.2981897e-05
0,0,6.5631934e-06
0,0,7.880525e-06
0,0,9.802329e-06
0,0,8.376363e-06
1,1,0.9999945
0,0,1.7857956e-05
0,1,0.9998815
0,0,1.0939719e-05
0,0,4.023307e-05
0,0,6.286646e-06
0,0,1.3400243e-05
0,0,0.00023654771
0,0,6.394128e-06
0,0,1.1241283e-05
0,0,1.6177766e-05
0,0,9.192419e-06
0,0,9.99708e-06
0,0,5.665596e-06
0,0,8.7343005e-06
0,0,4.801378e-05
0,0,5.7082234e-06
0,0,6.993292e-06
0,0,1.4678273e-05
0,0,1.2910956e-05
0,0,1.8688123e-05
0,0,5.2274536e-06
0,0,1.5987067e-05
1,1,0.9999943
0,0,1.803195e-05
0,0,6.2326635e-06
0,0,2.914155e-05
0,0,9.465837e-06
0,0,3.4049386e-05
0,0,1.2718284e-05
0,0,7.2971307e-06
0,0,6.394866e-06
0,0,5.212579e-06
1,1,0.9999937
0,0,7.762857e-06
0,0,7.3737947e-06
1,1,0.99999344
0,0,7.955006e-06
0,0,5.9658146e-06
0,0,7.0153355e-06
0,1,0.8304051
0,0,1.1015493e-05
0,0,9.922075e-06
0,0,5.889955e-06
0,0,1.108754e-05
0,0,2.113166e-05
0,0,1.1464984e-05
0,0,6.906001e-06
0,0,2.8351446e-05
0,0,9.46488e-06
0,0,1.4802906e-05
0,0,1.4971796e-05
0,0,3.5278048e-05
0,0,1.31652205e-05
0,0,6.150265e-06
0,0,1.596738e-05
0,0,1.5331983e-05
0,0,5.4796924e-06
0,0,7.395987e-06
0,0,1.3431818e-05
0,0,7.2920875e-06
0,0,9.1303e-06
0,0,7.887856e-06
0,0,3.7546462e-05
0,0,7.0987944e-06
1,1,0.99991405
0,0,5.724196e-06
0,0,6.0884418e-06
0,0,7.1592553e-06
0,0,2.5334484e-05
0,0,0.00023242828
0,0,5.617187e-06
0,0,8.046421e-06
0,0,3.5724526e-05
0,0,5.299191e-06
0,0,8.175563e-06
0,0,6.2006366e-06
0,0,6.907325e-06
0,0,1.0160274e-05
0,0,7.3944916e-06
0,0,8.844736e-06
0,0,1.3391453e-05
1,1,0.9999584
0,0,9.927763e-06
1,1,0.9999838
0,0,7.3870483e-06
0,0,7.1233103e-06
0,0,7.68489e-06
0,0,9.743919e-06
0,0,9.5353835e-06
0,0,1.2228308e-05
0,0,1.561904e-05
0,0,4.0356652e-05
0,0,8.321324e-06
0,0,7.332457e-06
0,0,1.4843958e-05
0,0,7.2927755e-06
0,0,5.7273414e-06
1,1,0.9999014
0,0,2.367693e-05
0,0,7.4064187e-06
1,1,0.9999839
0,0,9.805892e-06
0,0,1.8371185e-05
0,0,8.434013e-06
0,0,7.5494213e-06
0,0,6.658694e-06
0,0,7.278109e-06
0,0,8.565864e-06
0,0,4.0529125e-05
0,0,7.316245e-06
0,0,7.3992956e-06
0,0,8.536001e-06
0,0,2.2900498e-05
0,0,9.340456e-06
0,0,1.2227527e-05
0,0,5.309153e-05
0,0,1.0066047e-05
0,0,9.105918e-06
0,0,1.1231874e-05
1,1,0.9999937
0,0,0.030837279
1,1,0.99988925
0,0,7.338641e-06
0,0,1.3492723e-05
0,0,7.596871e-06
0,0,9.769096e-06
0,0,7.566598e-06
0,0,7.3501e-06
0,0,3.5953035e-05
0,0,2.0622556e-05
0,0,1.4282193e-05
0,1,0.99898785
0,0,7.031974e-06
1,1,0.99999356
1,1,0.99998677
0,0,6.846967e-05
0,0,1.593972e-05
0,0,9.724451e-06
0,0,3.8139387e-05
0,0,1.2208827e-05
0,0,2.531222e-05
0,1,0.99988556
0,0,4.4825585e-05
0,0,8.005083e-06
1,1,0.9999937
0,0,1.2597379e-05
0,0,6.265162e-05
0,0,0.00019485493
0,0,1.2609699e-05
0,0,7.326712e-06
1,1,0.9999745
0,0,6.460194e-05
0,0,7.747687e-06
0,0,9.160775e-06
0,0,1.1668741e-05
0,0,1.161906e-05
0,0,1.6065118e-05
1,1,0.99999464
0,0,7.455702e-05
0,0,9.541569e-06
0,0,1.1062181e-05
0,0,7.064642e-06
1,1,0.9999914
0,0,6.2682675e-06
0,0,9.85292e-06
0,0,7.0159645e-06
0,0,8.546818e-06
0,0,6.3136895e-06
0,0,2.1680396e-05
1,1,0.9999901
0,0,2.9561266e-05
0,0,5.7273305e-06
0,0,6.4797127e-06
0,0,7.604235e-06
0,0,8.067296e-06
0,0,6.5711783e-06
0,0,5.0189933e-06
1,1,0.9999944
0,0,1.0689034e-05
0,0,1.3404345e-05
0,0,5.4339594e-06
0,0,1.577039e-05
1,1,0.9999906
0,0,1.0211719e-05
0,0,8.093151e-05
0,0,0.0046025543
0,0,2.0144655e-05
0,0,7.1222503e-06
0,0,2.8286902e-05
0,0,1.1762232e-05
0,0,1.4221033e-05
0,0,1.2681806e-05
0,0,1.1140727e-05
0,0,8.566558e-06
0,0,6.147415e-06
0,0,1.1415734e-05
0,0,8.243922e-06
0,0,1.2917508e-05
0,0,2.4590829e-05
0,0,1.905874e-05
0,0,8.980011e-06
1,1,0.9999621
0,0,1.5622036e-05
0,0,2.9029352e-05
1,1,0.99999344
0,0,1.5450638e-05
0,1,0.99966943
0,0,2.7692698e-05
0,0,1.0433403e-05
0,0,1.8476603e-05
0,0,1.3861106e-05
0,0,8.707496e-06
0,0,1.0531562e-05
0,0,1.4477002e-05
0,0,1.1773758e-05
0,0,6.2223294e-06
0,0,8.389811e-06
0,0,1.8874018e-05
0,0,9.1804695e-06
1,1,0.9999826
0,0,5.3967856e-06
0,0,1.18441785e-05
0,0,1.325493e-05
0,0,0.34175014
1,1,0.99999154
0,0,1.21279545e-05
0,0,9.256884e-06
1,1,0.9999906
0,0,7.7504665e-06
0,0,1.1491342e-05
0,0,8.492058e-06
0,0,2.1722099e-05
0,0,1.01508795e-05
1,1,0.9999933
0,0,0.00033485016
0,0,1.4998434e-05
0,0,8.466546e-06
0,0,2.1425038e-05
0,0,7.0412957e-06
0,0,1.0074085e-05
1,1,0.9999949
0,0,6.2506997e-06
0,0,8.393076e-06
0,0,0.00010862095
0,0,1.1283835e-05
0,0,3.5221172e-05
1,1,0.99999416
0,0,3.485602e-05
0,0,8.534698e-06
1,0,1.4367834e-05
0,0,8.831823e-06
0,0,1.791206e-05
0,0,1.3343863e-05
0,0,6.127352e-06
0,0,1.0683287e-05
0,0,1.28161755e-05
0,1,0.99942636
0,0,6.9777902e-06
0,0,9.064763e-06
0,0,3.5537236e-05
0,0,4.1934127e-05
0,0,1.066884e-05
0,0,1.0131624e-05
0,0,8.085767e-06
0,0,4.0995357e-05
0,0,5.700498e-06
0,0,6.8722643e-06
0,0,5.476918e-06
0,0,1.29207965e-05
0,0,8.638449e-06
0,0,5.110277e-06
1,0,0.00018334035
0,0,1.8665785e-05
0,0,4.9809492e-05
0,0,5.822051e-06
0,0,1.980056e-05
1,1,0.9999945
0,0,1.0569423e-05
0,0,6.144854e-06
0,0,8.75859e-06
0,1,0.99867827
0,0,5.8297046e-05
1,1,0.99995303
0,0,0.00012731492
1,1,0.9999938
0,0,1.1338613e-05
0,0,2.1745438e-05
0,0,1.8973089e-05
0,0,1.780322e-05
0,0,1.0138216e-05
0,0,6.5541744e-06
0,0,2.983331e-05
0,0,1.161556e-05
0,0,6.8519907e-06
0,0,7.4273057e-06
1,0,3.571468e-05
0,0,3.3391792e-05
0,0,1.0891273e-05
0,0,4.8055008e-05
0,0,7.651834e-06
0,0,6.606751e-06
0,0,8.303906e-06
0,0,1.874465e-05
0,0,1.0326101e-05
0,0,1.0500463e-05
0,0,3.3926382e-05
0,0,8.0525615e-06
0,0,8.663115e-06
0,0,1.0699132e-05
0,1,0.9997087
0,0,1.2585371e-05
0,0,7.1350314e-06
0,0,2.032229e-05
0,0,1.8888835e-05
0,0,1.2030374e-05
1,0,5.9840433e-05
0,0,5.960548e-06
0,1,0.99901974
0,0,6.910436e-05
1,1,0.99998665
0,0,6.2532035e-06
0,0,2.1367458e-05
0,0,2.9292762e-05
0,0,8.142348e-06
0,0,1.2746297e-05
0,0,1.1176993e-05
0,0,1.1662688e-05
0,0,1.6066406e-05
0,0,2.0102183e-05
0,0,1.0364935e-05
1,0,0.00032441667
0,0,7.811119e-06
0,0,7.704392e-06
0,0,5.8538867e-06
0,0,7.1823288e-06
0,0,6.1488518e-06
0,0,1.3222774e-05
0,0,1.7782706e-05
0,0,6.040018e-06
0,0,4.3627402e-05
0,0,1.0642713e-05
0,0,0.00013681856
0,0,4.5546607e-05
0,0,7.71905e-06
0,0,7.1382983e-06
0,0,1.0221696e-05
0,0,2.0365747e-05
0,0,6.39197e-06
0,0,6.7224228e-06
0,0,1.44318155e-05
1,1,0.9999378
0,0,4.996077e-05
0,0,5.5486116e-06
0,0,1.8463497e-05
0,0,7.1316435e-06
0,0,1.1407355e-05
0,0,1.9795632e-05
0,0,7.3062533e-06
0,0,7.710934e-06
0,0,1.155477e-05
0,0,1.23496275e-05
0,0,1.4142402e-05
0,0,1.12689095e-05
0,0,1.4371412e-05
0,0,7.731427e-06
0,0,0.004634397
0,0,8.52497e-06
1,1,0.9999939
0,0,5.1340867e-05
0,0,1.4477941e-05
0,0,9.800151e-06
0,0,7.7367595e-06
1,1,0.9999883
0,0,9.06338e-06
0,0,8.842071e-06
0,0,5.174906e-06
0,0,5.4407055e-06
0,0,3.175885e-05
0,0,1.4018167e-05
1,1,0.9999821
0,0,5.891337e-06
0,0,4.847666e-05
0,0,7.2922057e-06
1,1,0.99991167
0,0,8.181484e-06
0,0,6.470753e-06
0,0,8.981245e-06
1,1,0.99995995
0,0,1.3952562e-05
0,0,1.5532458e-05
0,0,1.5060311e-05
0,0,6.3146526e-06
0,0,1.3084001e-05
0,0,1.2602378e-05
0,0,1.3302278e-05
0,0,6.058098e-06
0,0,1.0390033e-05
0,0,7.1634354e-06
0,0,0.00010218189
0,0,2.7808665e-05
0,0,1.3057811e-05
0,0,1.4894638e-05
0,0,2.9231593e-05
0,0,3.2475404e-05
0,0,7.4725485e-06
0,0,6.622736e-05
0,0,1.47126375e-05
1,1,0.9997038
0,0,7.2034704e-06
1,0,0.00030489717
0,0,6.8295035e-06
0,0,1.1719763e-05
0,0,1.0248773e-05
0,0,0.00014359002
0,0,1.3408603e-05
0,0,1.0849929e-05
0,0,0.00049883575
0,0,7.870303e-06
0,0,6.9721436e-06
0,0,1.0836456e-05
1,1,0.9999709
0,0,1.2515713e-05
1,1,0.99999416
0,0,9.56349e-05
1,1,0.9999654
0,0,3.6252844e-05
0,0,6.721443e-06
0,0,1.2475077e-05
0,0,5.626124e-06
0,0,7.1777135e-06
0,0,8.816473e-06
0,0,9.5845335e-06
0,0,5.6001404e-06
0,0,1.162449e-05
1,1,0.99993205
0,0,1.4216748e-05
0,0,9.326366e-06
0,0,1.4482138e-05
0,0,6.6977176e-05
0,0,5.9269746e-06
1,1,0.9999919
0,0,9.865783e-06
0,0,1.9373216e-05
0,0,1.33243575e-05
0,0,2.4200153e-05
0,0,9.298974e-05
0,0,1.00072775e-05
0,0,0.0004928438
0,0,1.2099661e-05
0,0,8.131771e-06
0,0,1.1155866e-05
0,0,6.753691e-06
0,0,0.00036576047
0,0,7.734606e-06
0,0,6.571022e-06
0,0,1.0392084e-05
0,0,2.015361e-05
1,1,0.9999925
0,0,5.503385e-06
0,0,2.5578218e-05
1,1,0.999941
1,1,0.99998057
0,0,8.364318e-06
0,0,2.728106e-05
0,0,9.704368e-06
0,0,7.0273486e-06
0,0,8.150924e-06
0,0,0.002732484
0,0,5.422623e-06
0,0,7.337262e-06
0,0,3.903919e-05
0,0,9.366341e-06
0,0,8.921011e-06
0,0,5.6733597e-06
0,0,3.479823e-05
0,0,1.36713115e-05
0,0,1.653213e-05
0,0,1.1414145e-05
0,0,1.0003804e-05
0,0,9.603353e-06
0,0,8.074948e-06
0,0,1.3902793e-05
0,0,7.4484724e-06
0,0,1.0129798e-05
0,0,1.0760548e-05
0,0,6.9452262e-06
0,0,1.0525347e-05
0,0,1.1560425e-05
0,0,6.964853e-06
0,0,6.7475235e-06
0,0,6.49266e-06
0,0,8.366975e-06
0,0,6.3628563e-06
0,0,7.1834115e-06
0,0,0.00033555226
0,0,2.1654918e-05
0,0,4.121322e-05
1,1,0.9999943
0,0,9.643726e-06
0,0,1.4441908e-05
0,0,2.109256e-05
1,1,0.99998045
0,0,8.601358e-06
0,0,1.6465436e-05
0,0,1.5608812e-05
0,0,1.2166494e-05
0,0,5.435701e-06
0,0,7.224563e-06
0,0,8.878863e-06
0,0,6.79859e-06
0,0,7.7591185e-06
0,0,1.6224318e-05
0,0,9.868154e-06
0,0,5.1663348e-05
0,0,6.9668995e-06
0,1,0.99992514
0,0,1.0199777e-05
0,0,9.106109e-06
0,0,1.0239776e-05
0,0,1.158001e-05
0,1,0.99974865
0,0,1.5187927e-05
0,0,2.8138655e-05
0,0,8.090487e-06
0,0,8.9560635e-06
0,0,9.749468e-06
0,0,6.437859e-06
0,0,1.348727e-05
0,0,2.4515992e-05
0,0,9.426649e-06
0,0,9.290226e-06
0,0,2.0869009e-05
0,0,8.810541e-06
0,0,8.40485e-06
0,0,9.261971e-06
0,0,1.4827561e-05
0,0,1.5261321e-05
0,0,6.7918836e-06
0,0,2.9376379e-05
0,0,7.4265195e-06
0,0,7.068443e-06
0,0,9.001187e-06
0,0,6.148629e-06
0,0,6.966114e-05
0,0,4.7982605e-05
0,0,9.091228e-06
0,0,1.0053355e-05
1,1,0.9999473
0,0,1.6992275e-05
0,0,7.235926e-06
0,0,6.2145605e-06
0,0,1.02894555e-05
0,0,4.93884e-06
0,0,1.1970108e-05
0,0,6.228182e-05
0,0,4.2460066e-05
0,0,1.6321806e-05
0,0,1.8907396e-05
0,0,5.9178415e-06
0,0,4.7421723e-05
0,0,2.4204077e-05
1,1,0.9998622
0,0,1.023387e-05
0,0,9.6889235e-06
0,0,7.650112e-06
0,0,1.2214813e-05
0,0,1.8688514e-05
0,0,6.6666366e-06
0,0,9.36995e-06
0,0,1.0848295e-05
0,0,1.4241568e-05
0,0,8.403152e-06
0,0,1.173212e-05
0,0,1.0789318e-05
0,0,1.0540313e-05
0,0,9.428555e-06
0,0,2.9707317e-05
0,0,2.1800544e-05
0,0,7.911158e-06
0,0,7.5922794e-06
0,0,1.0399728e-05
0,0,1.1448583e-05
0,0,1.4989654e-05
0,0,1.44711485e-05
0,0,1.0316612e-05
0,0,3.1052095e-05
0,0,3.639126e-05
0,0,1.9658468e-05
0,0,9.130657e-06
0,0,5.8491987e-06
0,0,1.2895658e-05
1,1,0.99998367
0,0,2.1117618e-05
0,0,1.09701205e-05
1,1,0.9999943
0,0,1.046583e-05
0,0,4.510555e-06
0,0,7.382309e-06
0,0,7.02282e-06
0,0,2.46288e-05
0,0,1.1916416e-05
0,0,9.137643e-06
0,0,6.505631e-06
0,0,1.1556733e-05
1,1,0.99980074
0,0,8.399402e-06
1,1,0.9999875
0,0,6.0906077e-06
0,0,6.0456946e-06
0,0,0.0001470688
0,0,2.0069334e-05
0,0,7.237155e-06
0,0,6.0798943e-06
0,0,1.0376763e-05
0,0,3.1889835e-05
0,0,6.526561e-06
0,0,8.023441e-06
0,0,9.904339e-06
0,0,8.534356e-06
0,0,2.4142983e-05
0,0,1.2099754e-05
0,0,1.1543745e-05
0,0,1.087028e-05
0,0,8.52076e-06
0,0,0.00022623628
0,0,8.5741185e-06
1,1,0.9999926
0,0,8.985717e-06
0,0,1.802521e-05
0,0,9.154993e-06
0,0,8.060637e-06
0,0,6.1902147e-06
0,0,1.7933802e-05
0,0,7.764967e-06
0,0,7.679117e-06
0,0,1.0874459e-05
0,0,1.1525078e-05
0,0,1.3512091e-05
0,0,4.4884997e-05
1,1,0.99997246
0,0,8.649461e-06
0,0,5.965024e-06
0,0,8.799355e-06
0,0,2.2473361e-05
0,0,9.0398666e-05
0,0,1.7271846e-05
0,0,9.210478e-06
0,0,4.7222573e-05
0,0,2.9587552e-05
0,0,1.4449389e-05
0,0,1.0063456e-05
0,0,8.645899e-06
0,0,9.873821e-06
0,0,1.538772e-05
0,0,2.8750734e-05
0,0,9.684046e-06
0,0,6.4235696e-06
0,0,3.8854076e-05
0,1,0.74255794
1,0,0.00062684296
1,1,0.9999871
0,0,9.262262e-06
0,0,8.328373e-06
0,0,1.5877762e-05
0,0,8.684258e-06
0,0,9.761581e-06
0,0,9.407951e-06
0,0,1.8797708e-05
0,0,1.304059e-05
0,0,7.7746745e-06
0,0,7.710853e-06
0,0,8.842324e-06
1,1,0.9999908
0,0,1.4854352e-05
0,0,0.00010067904
0,0,7.1471536e-06
0,0,1.2613801e-05
0,1,0.9998791
0,0,1.0844881e-05
0,0,0.0008165785
0,0,5.7158966e-05
0,0,6.6981825e-06
0,0,5.7871985e-06
0,0,8.175198e-06
0,0,1.5619145e-05
0,0,1.0904275e-05
0,0,1.269584e-05
0,0,6.2537524e-06
0,0,1.0132203e-05
0,0,1.7664612e-05
0,0,5.0092763e-06
0,0,1.3352381e-05
0,0,9.252966e-06
1,1,0.99954885
0,0,2.0895912e-05
0,0,8.73995e-06
1,1,0.9999918
0,0,0.22890611
0,0,8.090819e-06
0,0,9.268651e-06
0,0,2.1994898e-05
0,0,1.897718e-05
0,0,1.7867753e-05
0,0,5.691443e-06
0,0,3.2144388e-05
0,0,7.289501e-06
0,0,7.805646e-06
1,1,0.99995613
0,0,7.4259956e-06
0,0,8.2363795e-06
0,0,2.022959e-05
0,0,9.190815e-06
1,1,0.9999944
0,0,7.6825445e-06
0,0,1.10776045e-05
0,0,1.735988e-05
0,0,6.3074426e-06
0,0,1.1542677e-05
1,1,0.9999931
1,1,0.9998677
0,0,7.900481e-06
0,0,7.858895e-06
0,0,1.8675151e-05
0,0,4.9633676e-05
0,0,7.703482e-06
0,0,1.0146099e-05
0,0,7.0630526e-06
0,0,7.3080514e-06
0,0,7.956455e-06
0,0,2.2540802e-05
1,1,0.99999225
1,1,0.9999945
0,0,6.9985767e-06
0,0,6.6437497e-06
0,0,5.3644126e-06
0,0,1.0751809e-05
0,0,1.0123481e-05
0,0,8.557764e-06
0,0,3.5324505e-05
0,0,9.994078e-06
0,0,5.84184e-06
0,0,7.687103e-06
0,0,7.504464e-06
0,0,2.2397558e-05
0,0,6.491119e-05
0,0,1.1244992e-05
0,0,2.8751421e-05
0,0,5.9109266e-06
0,0,4.7571462e-05
0,0,8.962403e-06
0,0,0.0002271109
0,0,1.964533e-05
0,0,1.9042605e-05
0,0,1.0678417e-05
0,0,9.725268e-06
0,0,6.3758553e-06
0,0,8.235342e-06
0,0,8.765451e-06
0,0,1.2637352e-05
0,0,3.4267938e-05
1,0,0.00022117225
0,0,1.6573285e-05
1,1,0.9999938
0,0,8.7957305e-06
0,0,1.6734903e-05
0,0,1.3434124e-05
0,0,3.344584e-05
0,0,1.1683751e-05
0,0,5.2216838e-06
0,0,9.871882e-06
0,0,8.45375e-06
0,0,6.4294777e-06
0,0,3.343991e-05
0,0,6.5057493e-06
0,0,0.00095423474
0,0,1.0328465e-05
0,0,7.1566956e-06
0,0,1.0718914e-05
0,0,5.647756e-06
0,0,3.1897132e-05
0,0,7.887788e-06
0,0,8.086091e-06
0,0,1.5764812e-05
0,0,1.4728527e-05
0,0,0.00015115736
0,0,1.626725e-05
0,0,1.7436885e-05
0,0,7.4538657e-06
0,0,6.8114923e-06
0,0,1.9202173e-05
0,0,6.2721124e-06
0,0,7.603459e-06
0,1,0.99934286
0,0,7.544635e-06
0,0,1.8002018e-05
0,0,1.979667e-05
1,1,0.99988437
0,0,0.00027489985
0,0,1.0780198e-05
0,0,8.145998e-06
0,0,9.924612e-06
0,0,6.2843683e-06
0,0,8.222212e-06
0,0,1.366185e-05
0,0,6.805856e-06
0,0,8.705438e-06
0,0,9.436507e-06
1,1,0.9999181
0,0,8.14033e-06
1,1,0.9999943
0,0,8.270618e-06
0,0,8.346429e-06
0,0,8.6606215e-06
0,0,1.007471e-05
0,0,1.8735605e-05
1,0,2.5594127e-05
0,0,7.5596736e-06
0,0,1.8684736e-05
0,0,5.222605e-06
0,0,5.3105327e-06
0,0,1.5338243e-05
1,1,0.99998605
0,0,1.20210725e-05
0,0,2.1498188e-05
0,0,6.073566e-06
1,1,0.99996424
0,0,4.093192e-05
0,0,0.00020724899
0,0,1.4495982e-05
0,0,4.0073628e-05
0,0,1.0569222e-05
0,0,1.01285705e-05
0,1,0.99975055
0,0,1.0952288e-05
0,0,1.6927966e-05
0,0,8.726932e-06
0,0,7.1485715e-06
0,0,4.951662e-06
0,0,8.11688e-06
0,0,1.7075921e-05
0,0,7.757536e-06
0,0,1.7991428e-05
0,0,1.6809903e-05
0,0,1.30062845e-05
0,0,4.8840297e-06
0,0,2.8192693e-05
0,0,7.912674e-06
0,0,5.9204103e-06
0,0,1.0179012e-05
1,0,0.0044496194
1,1,0.9999949
0,0,2.359754e-05
0,0,1.058946e-05
0,0,1.0302161e-05
1,1,0.9999927
0,0,1.4028278e-05
0,0,9.44643e-06
0,0,7.3030906e-06
1,1,0.99971706
0,0,2.5940997e-05
0,0,2.5702557e-05
0,0,6.1468113e-06
0,0,1.9876992e-05
0,0,2.1394108e-05
0,0,1.6724885e-05
0,0,8.778819e-06
0,0,6.45202e-06
0,0,1.10376905e-05
0,0,6.4815363e-06
0,0,1.5596372e-05
0,0,8.1938915e-06
0,0,7.868682e-06
0,0,5.292494e-06
0,0,1.24919825e-05
0,0,6.198024e-06
0,0,4.6627465e-05
0,0,8.412099e-06
1,1,0.999995
0,0,1.0389855e-05
0,0,1.3685426e-05
0,0,1.4566937e-05
0,0,8.711268e-06
0,0,3.3982113e-05
0,0,7.424509e-06
0,0,7.4724703e-06
0,0,7.1363447e-06
0,0,6.608112e-06
0,0,7.3972496e-06
0,0,1.10693045e-05
0,0,1.4061416e-05
0,0,1.0260978e-05
0,0,5.416627e-06
0,0,9.5250225e-06
0,0,6.1452406e-06
0,0,5.5789296e-06
0,1,0.99977213
1,1,0.99997795
0,0,2.2699442e-05
0,0,6.9962543e-06
0,0,1.9943907e-05
0,0,1.5045109e-05
1,1,0.9999584
0,0,4.6576577e-05
0,0,7.217064e-06
0,0,9.812263e-06
0,0,9.632595e-06
0,0,0.00028941216
0,0,1.5781132e-05
0,0,1.675023e-05
1,1,0.9999434
0,0,1.5020393e-05
0,0,1.8809453e-05
0,0,1.0781493e-05
0,0,6.2263657e-06
0,1,0.99995506
0,0,2.16518e-05
0,0,1.2277561e-05
0,0,9.385019e-06
0,0,0.00079202885
0,0,0.00018269329
0,0,6.496097e-06
0,0,0.16227588
0,0,5.3959366e-06
0,0,1.5443758e-05
0,0,6.6678576e-06
0,0,9.728058e-05
0,0,9.373918e-06
0,0,8.0744085e-06
0,0,6.4511096e-06
0,0,0.0035803998
0,0,1.5340129e-05
0,0,1.4119224e-05
0,0,1.0922871e-05
0,0,6.545772e-06
0,0,2.9219913e-05
0,0,4.9640734e-05
0,0,9.090716e-06
0,0,2.623106e-05
0,0,2.391053e-05
0,0,1.9761736e-05
0,0,1.3535872e-05
0,0,5.971552e-06
0,0,2.0040186e-05
0,0,7.482696e-06
0,0,7.379205e-06
0,0,0.03110219
0,0,2.185869e-05
0,0,6.8447152e-06
0,0,1.091552e-05
0,0,9.14413e-06
0,0,1.0658264e-05
0,0,5.9142026e-06
0,0,1.466087e-05
0,0,1.12441985e-05
0,0,7.330262e-06
0,0,3.126488e-05
0,0,0.00013843084
0,0,5.849037e-06
0,0,1.2714428e-05
0,0,2.9073402e-05
0,0,6.3973544e-06
0,0,1.52365255e-05
0,0,6.703968e-05
0,0,8.391876e-06
0,0,1.0678673e-05
0,0,1.2728804e-05
0,0,8.845141e-06
0,0,6.9426833e-06
0,0,9.430443e-06
0,0,1.3052734e-05
0,0,9.605863e-06
0,0,1.0999012e-05
0,0,6.4816845e-06
0,0,2.318708e-05
0,0,6.5785525e-06
0,0,0.00022932343
1,1,0.9999913
0,0,5.752522e-06
0,0,1.4447308e-05
0,0,1.4680373e-05
0,0,5.9465697e-06
0,0,6.6925572e-06
1,1,0.9999484
0,0,8.037118e-06
1,0,2.4224397e-05
0,1,0.999741
0,0,5.127715e-06
0,0,6.509312e-06
0,0,1.1822218e-05
0,0,0.00016496035
0,0,9.887229e-06
0,0,1.7274615e-05
0,0,1.3535809e-05
0,0,1.9171981e-05
0,0,8.5168525e-05
0,0,7.289522e-06
0,0,1.0589541e-05
0,0,1.7344772e-05
0,0,2.734378e-05
0,1,0.9732492
0,0,6.7269257e-06
0,0,5.2544638e-06
0,0,1.0994126e-05
0,0,1.4646895e-05
0,0,1.6791319e-05
1,0,0.00013746
0,0,2.1753258e-05
1,1,0.86348313
0,0,1.19570095e-05
0,0,8.784296e-06
0,0,1.1084517e-05
0,0,6.6596085e-06
0,0,8.545432e-06
0,0,5.5545523e-05
0,0,9.874688e-06
0,0,2.3912788e-05
0,0,5.854545e-06
0,0,0.00053960644
0,0,5.5672528e-05
0,0,1.2373464e-05
0,0,8.00732e-06
0,0,1.5852705e-05
0,0,6.6130424e-06
0,0,7.715922e-06
0,0,7.5492276e-06
0,0,6.947638e-06
0,0,9.1375305e-06
1,1,0.9999522
1,1,0.99998224
0,0,2.5029025e-05
0,0,8.16549e-06
0,0,3.7260044e-05
0,0,1.9174358e-05
0,0,7.873472e-06
0,0,8.929744e-06
0,0,7.5147773e-06
0,0,6.4929136e-06
0,0,4.15214e-05
0,0,6.8809844e-05
0,0,0.0055096583
0,0,1.5738884e-05
0,0,1.5925012e-05
0,0,1.107073e-05
0,0,2.3784583e-05
1,1,0.9998313
0,0,1.3283061e-05
0,0,2.2170238e-05
0,0,9.944925e-06
0,0,0.0028036735
0,0,5.8905784e-06
1,1,0.9999938
0,0,1.8471053e-05
0,0,7.876918e-06
0,0,8.540153e-06
0,0,4.204549e-05
0,0,1.18468e-05
0,0,3.0384881e-05
0,0,1.9573577e-05
0,0,1.880861e-05
0,0,6.116452e-06
0,0,8.833238e-06
0,0,7.956023e-06
0,0,8.385356e-06
0,0,6.643699e-06
0,0,1.1487573e-05
0,0,7.743315e-06
0,0,1.40224465e-05
0,0,6.598666e-06
0,0,1.7044762e-05
0,0,1.48858335e-05
0,0,9.57875e-06
0,0,1.4163375e-05
0,0,5.4279512e-06
0,0,2.121052e-05
0,0,1.1228961e-05
0,0,2.9515291e-05
0,0,1.2547514e-05
0,0,7.5504727e-06
0,0,8.65821e-06
0,0,2.3535824e-05
0,0,9.6992235e-06
1,1,0.99999225
0,0,8.81233e-06
0,0,1.0033625e-05
0,0,7.841795e-06
0,0,6.118027e-06
0,0,7.956523e-06
1,1,0.9999926
0,0,1.2961683e-05
0,0,7.108672e-06
0,0,6.9536636e-06
0,0,6.506401e-06
0,0,1.4655502e-05
1,1,0.99996614
0,1,0.99441445
0,0,9.051856e-06
0,0,7.5058383e-06
0,0,7.1938184e-06
0,0,7.4769896e-06
0,0,1.7837823e-05
0,0,5.6637155e-06
0,0,1.28969e-05
0,0,1.0205848e-05
0,0,1.1543987e-05
0,1,0.99532735
1,0,0.0001081414
0,0,5.7979264e-06
0,0,0.00013683984
0,0,5.7120083e-06
0,0,5.32261e-06
0,0,1.0386169e-05
0,0,8.520752e-06
0,0,9.309686e-06
0,0,1.46240745e-05
0,0,1.24152375e-05
0,0,1.8004283e-05
0,0,1.8664325e-05
0,0,1.6549311e-05
0,0,7.8656885e-06
0,0,5.38723e-05
1,1,0.99999404
0,0,5.921003e-06
0,0,1.7357745e-05
0,0,6.152072e-06
0,0,7.9454685e-06
0,0,2.8288738e-05
0,0,8.25618e-06
0,0,1.9979274e-05
0,0,7.009571e-06
0,0,2.9360499e-05
0,0,1.4639969e-05
0,0,6.254468e-06
0,0,6.86019e-06
0,0,1.2684491e-05
1,0,0.00016915331
1,1,0.99985135
0,0,5.9980125e-06
0,0,6.9404327e-06
0,0,1.7992406e-05
1,1,0.9999937
1,1,0.99979705
0,1,0.9999808
0,0,5.7568694e-05
0,0,9.537612e-06
0,0,1.3258837e-05
0,0,7.744194e-06
0,0,6.317074e-06
0,0,1.0938103e-05
1,1,0.9999945
0,0,2.3581633e-05
0,0,7.183576e-06
0,0,7.712862e-06
0,0,6.7569117e-06
0,0,6.9946063e-06
0,0,0.00016594937
0,0,1.0668383e-05
0,0,1.7298453e-05
0,0,6.6464813e-06
0,0,7.635898e-06
0,0,7.697342e-06
0,0,9.710867e-06
0,0,5.577376e-06
0,0,6.985307e-06
0,0,2.2563901e-05
0,0,2.1995002e-05
0,0,7.4888712e-06
0,0,9.397522e-06
0,0,2.2148848e-05
0,0,5.142711e-06
0,0,1.3698666e-05
0,0,0.00021268123
0,0,2.0551683e-05
0,0,1.4774629e-05
0,0,6.141819e-06
0,0,9.189737e-06
0,0,0.00011601179
0,0,1.5078404e-05
0,0,1.4683131e-05
0,0,7.0731235e-06
0,0,3.122078e-05
0,0,2.535532e-05
0,0,8.380551e-06
0,0,1.3532697e-05
0,0,1.9660003e-05
0,0,9.206455e-05
0,0,1.3996661e-05
0,0,6.6923913e-06
0,0,6.6734433e-06
1,1,0.9999932
0,0,1.4133098e-05
0,0,9.683381e-06
0,1,0.9999845
0,0,9.162907e-06
0,0,7.572661e-06
1,1,0.99994814
0,0,1.4606499e-05
0,0,1.314234e-05
0,0,1.2067902e-05
0,0,5.7495167e-06
0,1,0.9986517
0,0,8.212417e-06
0,0,1.3137504e-05
0,0,9.158067e-06
0,0,9.437317e-06
0,0,5.885592e-06
1,1,0.9999397
0,0,2.1774447e-05
0,0,5.375417e-05
1,1,0.9999788
1,1,0.99999285
0,0,1.1125501e-05
0,0,8.113978e-06
1,0,1.43068955e-05
0,0,8.476936e-06
0,0,7.0050005e-06
0,0,5.4998595e-06
0,0,6.571736e-06
0,0,6.147093e-06
0,0,7.35778e-05
0,0,5.864805e-06
1,1,0.9999937
0,0,0.00029362415
0,0,2.3379747e-05
0,0,8.645404e-06
0,0,1.2390044e-05
0,0,2.8731629e-05
0,0,6.5976906e-06
1,1,0.9999908
0,0,1.7119128e-05
0,0,1.2296251e-05
0,0,8.694917e-06
0,0,6.1436467e-06
0,0,7.401335e-06
0,0,4.335524e-05
0,0,1.649212e-05
0,0,1.4265681e-05
0,0,6.7402943e-06
0,0,9.89586e-06
0,0,1.2254868e-05
0,0,1.6844888e-05
0,0,1.8702707e-05
0,0,1.3586038e-05
0,0,3.5617675e-05
0,0,6.8623617e-06
0,0,6.2782765e-06
0,0,2.0038657e-05
0,0,1.0301631e-05
0,0,1.710061e-05
0,0,7.3460424e-06
0,0,5.733654e-06
0,0,0.031912226
0,0,1.7592956e-05
0,0,2.0380669e-05
0,0,2.3537914e-05
0,0,2.2578795e-05
0,0,0.00017809309
0,0,1.7406712e-05
0,0,6.530988e-06
0,0,5.9076133e-06
0,0,7.308999e-06
0,0,8.039004e-06
0,0,9.176723e-06
1,1,0.9999683
0,0,8.713976e-06
0,0,9.872748e-06
0,0,1.9292298e-05
0,0,9.370433e-06
1,1,0.99997973
0,0,5.6100907e-05
0,0,8.460306e-06
0,0,8.555022e-06
0,0,4.8417067e-05
0,0,0.0015347457
0,0,7.860162e-06
0,0,7.785834e-06
0,0,6.885332e-06
0,0,5.7031193e-06
0,0,7.138775e-06
0,0,5.555622e-06
0,0,9.66622e-06
0,0,8.733202e-06
0,0,5.7273443e-05
0,0,1.4952364e-05
0,0,9.181433e-06
0,0,7.0301235e-06
0,0,1.1682158e-05
0,0,6.7432584e-06
0,0,7.3990345e-06
1,1,0.9999856
0,0,7.935381e-06
0,0,1.045357e-05
0,0,1.1918985e-05
0,0,5.668049e-06
0,0,6.648504e-06
0,0,3.0015348e-05
0,0,1.39516305e-05
0,1,0.99927944
0,0,7.723114e-06
1,1,0.9999566
0,0,8.385828e-06
0,0,2.360114e-05
1,1,0.9999901
0,0,1.0539508e-05
0,0,9.079818e-06
0,0,6.7631786e-06
0,0,8.502852e-06
0,0,7.7127e-06
0,0,1.0468905e-05
0,0,8.096061e-05
0,0,6.1700457e-06
0,0,5.4636357e-06
0,0,1.2574335e-05
0,0,1.1397916e-05
0,1,0.9943566
0,1,0.99968755
0,0,6.854866e-06
0,1,0.9998627
0,0,9.145882e-06
0,0,1.3003135e-05
0,0,7.496052e-06
0,0,5.42873e-05
0,0,9.789512e-06
0,0,7.879638e-06
0,0,1.2506907e-05
0,0,5.8312644e-06
0,0,6.261184e-05
0,0,1.1016754e-05
0,0,1.238227e-05
0,0,6.281402e-06
0,0,5.0956196e-06
0,0,1.585328e-05
0,0,6.4685687e-06
0,0,7.65352e-06
0,0,6.464301e-06
0,0,1.0696662e-05
0,0,1.7711638e-05
0,0,9.285532e-06
0,0,5.922539e-06
1,1,0.9995648
0,0,3.3837045e-05
0,0,6.800769e-06
0,0,1.5224108e-05
1,1,0.9999908
0,0,1.1392949e-05
0,0,1.07874375e-05
0,0,7.2090374e-06
0,0,7.5682365e-06
0,0,1.9545596e-05
0,0,1.4898873e-05
0,0,1.6247266e-05
0,0,5.8542955e-05
1,1,0.9999938
0,0,2.1520545e-05
1,1,0.9999343
0,0,1.4700533e-05
0,0,2.2130607e-05
0,0,1.2806232e-05
0,0,8.514936e-06
1,0,1.3319313e-05
0,0,7.990118e-06
0,0,6.3239877e-06
0,0,7.3096267e-06
0,0,6.9840485e-06
0,0,1.2450227e-05
0,0,6.9657767e-06
0,0,8.0727295e-06
0,0,1.301466e-05
0,0,2.3108316e-05
0,0,1.0538383e-05
0,0,2.9072902e-05
0,0,5.8084306e-06
0,0,7.1129775e-06
0,0,8.398882e-05
0,0,7.016596e-05
0,0,8.372737e-06
0,0,6.756938e-06
0,0,1.0229976e-05
0,0,1.03625725e-05
1,0,0.00063349627
0,0,2.6139889e-05
0,0,6.886461e-06
0,0,1.3131165e-05
0,0,1.3956728e-05
0,0,1.1552831e-05
0,0,7.852011e-06
0,0,1.3322362e-05
1,0,1.2633171e-05
0,0,5.892174e-06
0,0,1.5271411e-05
0,0,6.566336e-06
0,0,6.2514687e-06
1,1,0.9999808
0,0,1.2282949e-05
0,0,3.8093003e-05
0,0,1.5393576e-05
0,0,9.101837e-06
0,0,7.5715125e-06
0,0,5.997189e-06
0,0,8.20038e-06
1,1,0.9999927
0,0,1.1948962e-05
0,0,8.167919e-06
0,0,6.5174054e-06
0,0,1.2588888e-05
0,0,1.0906011e-05
1,0,0.0019220107
1,1,0.9999927
0,0,8.396759e-06
0,0,8.806895e-06
0,0,8.808549e-06
0,0,1.171307e-05
0,0,2.4209963e-05
0,0,1.00135785e-05
0,0,2.9123159e-05
0,0,2.0995589e-05
0,0,3.3257267e-05
0,0,8.182998e-06
0,0,9.30491e-06
0,0,2.026307e-05
1,1,0.99998283
0,0,1.0211134e-05
0,0,7.069441e-06
0,0,1.5984993e-05
0,0,8.827107e-06
0,0,1.09089115e-05
0,0,1.0270818e-05
0,0,3.9982624e-05
0,0,9.799394e-06
1,1,0.76282984
0,0,1.8025072e-05
0,0,6.812558e-06
0,0,1.9131363e-05
0,0,0.00010736328
0,0,6.9549433e-06
0,0,3.8783444e-05
1,0,0.0017992348
0,0,7.147195e-06
0,0,6.686541e-06
0,0,8.850837e-06
0,0,8.900573e-06
0,0,1.1527595e-05
0,0,0.00012626202
0,0,1.9724157e-05
0,0,8.5207275e-06
0,0,1.9780176e-05
0,0,1.0681881e-05
0,0,1.0542233e-05
0,0,1.683318e-05
0,0,1.8408311e-05
0,0,3.442033e-05
1,1,0.9999449
0,0,1.3101557e-05
0,0,6.449129e-06
0,0,0.0001447562
0,0,7.866589e-06
0,0,8.462679e-06
0,0,8.203157e-06
0,0,8.391187e-06
0,0,1.1110466e-05
0,0,1.0010924e-05
0,0,0.00011821034
1,1,0.9999484
1,1,0.9999943
0,0,1.7805345e-05
0,0,0.0010077404
0,0,9.202339e-06
0,0,1.2417653e-05
0,0,8.9241585e-06
0,0,6.594746e-06
0,0,6.2679624e-06
0,0,9.1686225e-06
0,0,0.00020624208
0,0,3.9425664e-05
1,1,0.9999883
0,0,5.7419547e-06
0,0,9.521753e-06
0,0,0.0006703147
0,0,5.9600484e-06
1,1,0.84368193
0,1,0.9999896
0,0,1.8061652e-05
0,0,7.975288e-06
0,0,6.4847145e-06
1,1,0.9999559
0,0,1.027073e-05
0,0,9.033703e-06
0,0,9.558091e-06
0,0,0.00023286504
0,0,0.00037475702
0,0,1.03590055e-05
0,0,2.5707532e-05
0,0,2.8337578e-05
0,0,6.2166355e-06
0,0,9.127897e-06
0,0,1.0490083e-05
0,0,8.429687e-06
0,0,6.9600655e-06
0,0,2.0186963e-05
0,0,6.817465e-06
0,0,1.0332326e-05
0,0,1.1462404e-05
0,0,2.1382704e-05
0,0,6.908754e-06
0,0,7.186488e-06
0,0,1.2469938e-05
0,0,1.2692816e-05
0,0,9.92463e-06
0,0,2.2849712e-05
0,0,4.0252107e-05
0,0,1.5049916e-05
0,0,7.733249e-06
0,0,9.09507e-06
0,0,6.7590645e-06
0,0,6.372797e-06
0,0,1.4107353e-05
0,1,0.9950623
0,0,1.3123178e-05
0,0,9.502829e-06
0,0,8.056071e-06
0,0,0.00041661898
0,0,0.00011574328
0,0,4.9701657e-06
0,0,1.1107639e-05
0,0,5.8074556e-06
0,0,5.212785e-05
0,0,8.098779e-06
1,1,0.99993503
0,0,9.539241e-06
0,0,6.712647e-06
0,0,3.1921907e-05
0,0,1.454671e-05
0,0,5.925087e-06
0,0,7.324071e-06
0,0,5.4568923e-06
0,0,7.971509e-06
0,0,1.0577591e-05
0,0,5.2057207e-05
0,0,1.1737817e-05
0,0,1.0966836e-05
0,0,5.4217644e-06
0,0,1.05782765e-05
1,1,0.9999745
0,0,7.1382574e-06
0,0,7.3513756e-06
0,0,7.436655e-06
0,0,5.691563e-06
0,0,5.409178e-06
0,0,1.4376922e-05
0,0,1.0572327e-05
0,0,1.3036573e-05
0,0,0.001740847
0,0,0.0032391853
0,0,1.8450262e-05
0,0,5.038935e-06
0,0,9.410661e-06
0,0,1.1103984e-05
0,0,6.161496e-06
0,0,1.109578e-05
0,0,2.1156624e-05
1,1,0.87544996
0,0,1.6107168e-05
0,0,9.6707685e-05
0,0,5.4370244e-05
0,0,2.7834587e-05
0,0,7.895992e-06
0,0,1.0656364e-05
0,0,1.17828895e-05
0,0,9.05867e-06
0,0,1.0862094e-05
0,0,8.578372e-06
0,0,8.078075e-06
0,0,1.0963846e-05
0,0,9.392263e-06
0,0,2.427305e-05
0,0,8.449397e-06
0,0,2.507119e-05
0,0,9.126408e-06
1,1,0.99990165
0,0,1.8276613e-05
1,0,7.7152e-05
0,0,8.373729e-06
0,0,7.096188e-06
0,0,1.07929e-05
0,0,8.348618e-06
0,0,9.9784875e-06
0,0,1.8260236e-05
0,0,8.9939895e-06
0,0,1.5434265e-05
0,0,7.5919534e-06
0,0,6.601876e-06
0,0,9.417403e-06
0,0,1.3249938e-05
0,0,7.1043683e-06
0,0,8.335962e-06
0,0,1.2197422e-05
0,0,2.3946814e-05
1,1,0.9999939
0,0,1.5340744e-05
0,0,1.2190897e-05
0,0,9.581344e-05
0,0,8.5588745e-06
0,0,1.1183284e-05
0,0,1.2537214e-05
0,0,1.5417774e-05
0,0,5.7453617e-06
0,0,1.0120798e-05
0,0,1.0836042e-05
0,0,5.3320246e-06
0,0,1.087365e-05
0,0,7.801591e-06
0,0,6.970841e-06
0,0,1.5134602e-05
0,0,6.2418057e-06
1,0,0.030655865
0,0,2.3616316e-05
0,0,8.078622e-06
0,0,7.4389527e-06
1,1,0.9999945
0,0,8.940958e-06
0,0,3.0844378e-05
0,0,0.00015188626
0,0,7.70188e-06
0,0,6.885923e-06
0,0,1.1216161e-05
0,0,8.38474e-06
0,0,7.6056353e-06
0,0,1.2706016e-05
0,0,3.139628e-05
0,0,7.68201e-06
0,0,0.00026389194
0,0,0.00020600545
0,0,3.9922503e-05
0,0,8.473468e-06
0,0,1.5654592e-05
1,1,0.9999826
0,0,9.045316e-06
0,0,1.3930744e-05
0,0,1.1660119e-05
0,0,6.3232583e-06
0,0,6.4412857e-06
0,0,1.42167355e-05
0,0,2.2464728e-05
0,0,2.0667014e-05
0,0,8.420174e-06
1,1,0.9999945
0,0,1.2280289e-05
0,0,1.4799941e-05
0,0,9.080892e-06
0,0,0.00016427631
1,1,0.99999416
0,0,7.066285e-05
0,0,8.5479105e-06
0,0,9.225088e-06
0,0,1.29581495e-05
0,0,6.6171165e-06
0,0,3.1826705e-05
0,0,5.4141688e-06
0,0,9.054688e-06
0,0,7.2587904e-06
1,1,0.99998844
0,0,6.3996918e-06
0,0,1.553511e-05
1,1,0.9999937
0,0,1.7649001e-05
0,1,0.9996562
0,0,1.7020038e-05
0,0,9.159744e-06
1,1,0.9999925
0,0,5.713708e-06
0,0,1.5492691e-05
1,1,0.9999726
0,0,2.5466745e-05
0,0,1.0964222e-05
0,0,7.175209e-06
0,0,6.9757075e-06
0,0,8.089439e-06
0,0,1.5558488e-05
0,0,0.0001247121
0,0,1.6835429e-05
0,0,1.8489578e-05
0,0,8.242091e-06
0,0,5.69589e-06
0,0,4.074117e-05
0,0,1.223364e-05
0,0,7.523698e-06
0,0,5.709432e-06
0,0,8.010123e-06
0,0,1.6353748e-05
0,0,1.9750318e-05
0,0,6.166869e-06
0,0,8.404593e-06
0,0,7.618906e-06
0,0,1.6159016e-05
0,0,6.783181e-05
0,0,4.573239e-06
1,1,0.99999285
0,0,1.0970833e-05
0,0,6.968341e-06
0,0,5.699895e-06
0,1,0.99908006
0,0,9.779602e-06
0,0,6.1116007e-06
0,0,1.7689728e-05
0,0,1.4864611e-05
0,0,9.732829e-06
0,0,2.3523573e-05
0,0,1.25985325e-05
0,0,0.00054311473
0,0,0.000346799
0,0,7.0870387e-06
0,0,6.385329e-06
0,0,1.1030704e-05
0,0,1.3823877e-05
0,0,5.2639974e-05
0,0,7.108384e-05
0,0,1.2764166e-05
0,0,8.388443e-06
1,1,0.9999932
0,0,1.06728585e-05
0,0,1.0082361e-05
1,1,0.99995613
0,0,7.274161e-06
0,0,8.400644e-06
0,0,1.337328e-05
0,0,2.4029054e-05
0,0,3.9192644e-05
0,0,6.2242757e-06
0,0,1.4779068e-05
0,0,9.339779e-06
0,0,0.24755515
1,1,0.9999695
0,0,6.7139663e-06
0,0,3.279099e-05
0,0,3.398276e-05
0,0,6.2480176e-06
0,0,6.177372e-05
0,0,6.62031e-06
0,0,1.9272049e-05
0,0,8.265823e-06
0,0,6.777138e-06
0,0,1.9193349e-05
0,0,0.000955822
0,0,6.207725e-06
0,0,5.7069606e-06
0,0,6.141315e-06
0,0,1.925289e-05
0,0,6.7789288e-06
0,0,9.676827e-06
0,0,2.0747126e-05
0,0,3.358068e-05
0,0,1.5487461e-05
0,0,7.846823e-06
0,0,8.713577e-06
0,0,1.1094701e-05
0,0,1.4012154e-05
0,0,7.776335e-06
1,1,0.9999912
0,0,6.0635716e-06
0,0,2.5207288e-05
0,0,8.099026e-06
1,1,0.9848018
0,0,8.120767e-06
0,0,1.0619313e-05
0,0,7.0952e-06
0,0,4.657911e-05
0,0,6.8895883e-06
0,0,8.308183e-06
0,0,4.02826e-05
0,0,1.5944493e-05
0,0,9.053324e-06
0,0,7.2784774e-06
0,0,9.761432e-06
0,0,1.4028759e-05
0,0,1.0734841e-05
0,0,0.0001404563
0,0,2.321757e-05
0,0,7.908827e-06
0,0,6.2505983e-06
0,0,1.189363e-05
0,0,6.3627836e-06
0,0,4.0817245e-05
0,0,6.574375e-06
0,0,2.4795205e-05
0,0,2.5930907e-05
0,0,8.000381e-06
0,0,9.687427e-06
0,0,1.1378356e-05
0,0,9.831067e-05
0,0,9.579279e-06
0,0,9.793284e-06
0,0,5.1397983e-06
0,0,7.714494e-06
0,0,1.4382216e-05
1,1,0.99912983
0,1,0.9996358
0,0,9.402174e-06
0,0,6.0910434e-06
0,0,5.255651e-06
0,0,8.14022e-06
0,0,1.2731548e-05
0,0,7.5310486e-06
1,1,0.9999943
0,0,2.2652017e-05
0,0,7.060345e-06
1,1,0.9999914
0,0,1.3420742e-05
1,1,0.9999933
0,0,9.975548e-06
0,0,5.255285e-06
0,0,6.274033e-06
0,0,6.674283e-06
0,0,1.0597744e-05
0,0,8.137038e-06
0,0,8.026479e-06
0,0,1.1480061e-05
0,0,1.5311938e-05
1,1,0.9999938
0,0,3.55589e-05
0,0,8.244213e-06
0,0,1.9479836e-05
0,0,6.462896e-06
0,0,0.00032789924
0,0,2.868558e-05
0,0,2.716035e-05
1,1,0.99999285
0,0,2.7451451e-05
0,0,0.0008032214
1,0,0.07982354
0,0,1.2716222e-05
0,0,2.614191e-05
0,0,1.1939463e-05
0,0,6.4237533e-06
0,0,5.667001e-06
0,0,1.257925e-05
0,0,9.0073445e-06
0,1,0.9890665
0,0,6.898845e-06
0,0,0.0009094402
0,0,1.4065412e-05
0,0,2.9280414e-05
0,0,1.1961766e-05
1,1,0.9999777
0,0,0.00015583489
0,0,1.1848946e-05
0,0,9.4908555e-06
0,0,8.840089e-06
1,1,0.99999416
1,1,0.99968684
0,0,9.918376e-06
0,0,0.003132576
0,0,6.140435e-05
0,0,3.7940306e-05
0,0,1.1578884e-05
0,0,8.841127e-06
1,1,0.99992514
0,0,5.164114e-06
0,0,6.2324734e-06
0,0,1.1303847e-05
0,0,7.4457384e-06
0,0,4.360436e-05
0,0,9.356718e-06
0,0,8.016717e-06
0,0,1.6564754e-05
0,0,0.0037784043
0,0,6.538317e-06
1,1,0.99997044
0,0,6.801593e-06
0,0,1.1816334e-05
0,0,0.0039444403
0,0,5.6932335e-05
0,0,1.9057068e-05
0,0,1.15006615e-05
0,0,1.9080437e-05
0,0,0.000111607
0,0,2.0309193e-05
0,0,8.319457e-06
0,0,7.906044e-06
0,0,7.637297e-06
0,0,1.4875105e-05
0,0,1.2723586e-05
0,0,1.295359e-05
0,0,0.003592423
0,0,8.779723e-06
0,0,1.8060893e-05
0,0,9.454515e-06
0,0,3.0100682e-05
1,1,0.9991744
0,0,9.247179e-06
0,0,2.7598839e-05
0,0,1.5229509e-05
1,1,0.9999931
0,0,7.0330207e-06
0,0,8.960574e-06
0,0,9.075532e-06
0,0,1.0840787e-05
0,0,5.971757e-06
0,0,8.651045e-06
0,0,5.268242e-06
1,0,0.00030993548
0,0,7.479443e-06
0,0,7.380007e-06
0,1,0.9997774
0,0,1.46814655e-05
0,0,6.5078593e-06
0,0,1.5278272e-05
0,0,9.889049e-06
0,0,1.50596925e-05
0,0,1.1509131e-05
0,0,2.8212922e-05
0,0,3.0994197e-05
0,0,8.3577e-06
0,0,9.00759e-05
0,0,0.0016431911
0,0,2.7496593e-05
0,0,1.1212385e-05
0,0,1.4250548e-05
0,0,1.6671695e-05
0,0,8.6319105e-06
0,0,5.319814e-06
0,0,5.644563e-06
1,1,0.9998753
0,0,8.44972e-06
0,0,7.048511e-05
0,0,9.228239e-06
0,0,0.00016214148
1,1,0.9999597
0,0,8.06254e-05
1,1,0.9999813
0,0,8.588293e-06
1,1,0.9999943
0,0,1.068933e-05
0,0,9.02572e-06
0,0,9.515362e-06
0,0,8.553146e-06
0,0,6.6708662e-06
0,0,6.4326914e-06
0,0,6.810414e-06
0,0,1.48130175e-05
1,1,0.9999931
0,0,6.421842e-06
0,0,0.0009709307
0,0,1.5004329e-05
0,0,3.599626e-05
0,0,6.9601656e-06
0,0,7.432025e-06
0,0,9.0552585e-06
0,0,7.180014e-06
0,0,1.1207873e-05
0,0,1.2306903e-05
0,0,7.872938e-06
0,0,1.1749026e-05
1,1,0.9999783
0,0,3.637058e-05
0,0,6.6414955e-06
0,0,0.013925612
0,0,1.2016201e-05
1,1,0.9555773
0,0,5.6650497e-06
0,0,9.0092435e-06
1,1,0.99975854
0,0,1.13920805e-05
0,0,2.3367687e-05
0,0,1.1780958e-05
0,0,4.5049533e-06
0,0,3.687327e-05
1,1,0.9996685
0,0,9.699038e-06
0,0,6.375466e-06
1,1,0.99647164
0,0,9.067157e-06
0,0,1.6665559e-05
0,0,6.3615457e-06
0,0,1.4442582e-05
1,1,0.99996936
0,0,1.15029325e-05
0,0,0.15735899
0,0,7.6274414e-06
0,0,1.8325583e-05
0,0,2.2748784e-05
0,0,5.7353023e-05
0,0,1.5179833e-05
0,0,7.193228e-06
0,0,8.672846e-06
0,0,6.3735934e-06
0,0,5.753422e-06
0,0,7.1277677e-06
0,0,9.563853e-06
0,0,1.12973485e-05
1,1,0.9999926
0,0,8.578944e-06
0,0,7.642914e-06
0,0,1.1314407e-05
0,0,7.54563e-05
0,0,3.2868662e-05
0,0,6.6295415e-06
0,0,5.693452e-06
0,0,1.171401e-05
0,0,2.44285e-05
0,0,8.108811e-06
0,0,2.0532172e-05
0,0,0.0004925802
0,0,6.583862e-06
0,0,5.647229e-05
0,0,6.141503e-06
0,0,3.2786018e-05
0,0,5.176816e-06
0,0,1.0447083e-05
0,0,7.5341377e-06
1,1,0.9999932
0,0,1.588188e-05
0,0,2.2126618e-05
0,0,9.444412e-06
0,0,1.0201936e-05
0,0,1.07375445e-05
0,0,1.0545964e-05
0,0,2.1999427e-05
1,1,0.9999871
0,0,8.7591425e-06
0,0,0.0013143792
0,0,7.132373e-05
0,0,7.80107e-06
0,0,2.9778877e-05
0,0,7.674995e-06
1,1,0.9999572
0,0,5.7587313e-05
0,1,0.9996393
0,0,5.507906e-06
0,0,2.1334125e-05
0,0,1.7465643e-05
1,1,0.99998784
0,0,0.00027488646
0,0,1.1074943e-05
0,0,5.758912e-06
0,0,7.697401e-06
0,0,1.9260438e-05
0,0,2.2044225e-05
0,0,8.105386e-06
0,0,6.2698396e-06
0,0,8.89936e-06
0,0,3.4632998e-05
0,0,8.31102e-06
0,0,8.687419e-05
0,0,1.8384555e-05
0,0,1.1990547e-05
1,1,0.9999938
0,0,8.2945035e-06
0,0,1.3054213e-05
0,0,6.314942e-06
0,0,9.690938e-06
0,0,3.73803e-05
0,0,7.440315e-06
0,0,5.577567e-06
0,0,1.8188646e-05
0,0,7.3161127e-06
0,0,1.0327696e-05
1,0,0.0037290496
0,0,5.834385e-06
0,0,0.0007137005
0,0,1.2189793e-05
0,0,8.183817e-06
0,0,1.2016132e-05
0,0,1.0131285e-05
0,0,1.7528582e-05
0,0,1.053587e-05
1,1,0.9998265
0,0,1.2323429e-05
0,0,6.4250644e-06
0,0,7.3472265e-06
0,0,7.6142646e-06
0,0,1.294007e-05
0,0,5.801826e-06
0,0,1.1985414e-05
0,0,5.1956004e-06
0,0,2.4873738e-05
0,0,7.4433315e-06
1,0,0.003233107
0,0,1.1324997e-05
0,0,5.193267e-06
0,0,8.758048e-06
0,0,1.0509199e-05
0,0,8.212308e-06
0,0,1.7790713e-05
0,0,2.3081777e-05
0,0,1.0644784e-05
0,0,6.630111e-05
1,1,0.99999404
0,0,7.707567e-06
0,0,1.163829e-05
0,0,1.4049632e-05
0,0,1.027753e-05
0,0,1.2627691e-05
0,0,1.1198653e-05
0,0,2.9854915e-05
0,0,1.2708016e-05
0,0,9.027054e-06
0,0,7.769522e-06
0,0,2.0730298e-05
0,0,4.8525042e-05
0,0,9.2666005e-06
0,0,1.3721404e-05
0,0,9.037011e-06
0,0,1.4000747e-05
0,0,1.273479e-05
1,1,0.9980071
0,0,3.776905e-05
0,0,8.095535e-06
0,0,1.3569788e-05
1,1,0.9999553
0,0,2.3368044e-05
0,0,1.3259494e-05
0,0,7.56139e-06
0,0,7.5641155e-06
0,0,1.4583784e-05
0,0,1.3512026e-05
0,0,8.785234e-06
0,0,6.9032944e-06
0,0,9.334045e-06
0,0,4.9308633e-06
0,0,6.563944e-06
0,0,9.28516e-06
0,0,1.3065285e-05
0,0,6.784601e-06
0,0,6.392147e-06
1,1,0.99999285
0,0,6.9923585e-06
0,0,2.1534835e-05
0,0,9.633753e-06
0,0,8.876695e-06
0,0,7.2450134e-06
0,0,9.302595e-06
0,0,1.136699e-05
0,0,5.0211906e-06
0,0,9.610994e-06
0,0,7.4720356e-06
1,1,0.99982685
0,0,1.0252156e-05
0,0,9.905718e-06
0,0,7.2052158e-06
0,0,7.2362714e-06
0,0,4.0116716e-05
0,0,4.1043786e-05
0,0,1.4711627e-05
0,0,1.5326852e-05
0,0,6.5287086e-06
0,0,7.554038e-06
0,0,8.783006e-06
0,0,9.622688e-06
0,0,7.5307476e-06
0,0,7.0645615e-06
0,0,6.5785025e-06
0,0,9.952534e-06
0,0,5.322859e-06
0,0,9.4991055e-06
0,0,1.4329166e-05
0,0,9.777848e-06
0,0,1.2462151e-05
0,0,7.571289e-06
0,0,8.118622e-06
0,0,2.4178906e-05
0,0,1.7208748e-05
0,0,5.9747995e-06
0,0,5.77361e-06
0,0,1.2126346e-05
0,0,1.4443877e-05
0,0,9.819619e-06
0,0,1.0027924e-05
0,0,1.405683e-05
0,0,5.512351e-06
0,0,9.671956e-06
1,0,0.00014480633
0,0,1.2185074e-05
0,0,1.561937e-05
0,0,7.2135895e-06
0,0,1.814549e-05
0,1,0.99956805
0,0,1.4318129e-05
0,0,1.6637277e-05
0,0,1.5431528e-05
0,0,7.2304356e-06
0,0,7.2491603e-06
0,0,8.166221e-06
0,0,1.2435334e-05
0,0,6.6258117e-06
0,0,1.1250419e-05
0,0,6.664781e-06
0,0,5.356116e-06
0,0,8.088976e-06
0,0,6.478941e-06
0,1,0.7987837
0,1,0.9996835
0,0,8.822975e-06
0,0,6.544031e-06
1,1,0.99995244
0,0,5.961151e-06
1,1,0.9994672
0,0,5.595153e-05
0,0,1.3278223e-05
0,0,1.08637e-05
1,0,0.00062752445
0,0,3.8216534e-05
0,0,5.724502e-06
0,0,5.671288e-05
0,0,7.431444e-06
0,0,7.040752e-06
0,0,1.0600008e-05
0,0,4.7476933e-06
0,0,6.4655956e-06
0,0,6.622344e-06
0,0,1.0292576e-05
0,0,7.184549e-06
1,1,0.999974
0,0,8.062897e-06
0,0,7.107926e-06
0,0,7.5959583e-06
0,0,2.0189562e-05
0,0,6.6305847e-06
0,0,5.0846293e-06
0,0,1.3864451e-05
0,0,5.763235e-06
1,1,0.9999925
0,0,1.1609668e-05
0,0,3.523894e-05
0,0,1.0030841e-05
0,0,3.4211902e-05
0,0,5.3610263e-05
0,0,6.0433313e-06
0,0,6.381774e-06
0,0,2.0772111e-05
0,0,1.5052801e-05
0,0,1.582123e-05
0,0,5.9079907e-06
0,0,9.6032245e-06
0,0,1.334688e-05
0,0,7.259678e-05
0,0,6.294139e-06
0,0,1.3526467e-05
0,0,9.042581e-06
0,0,1.451906e-05
0,0,7.1844047e-06
0,0,6.602733e-06
0,0,7.027697e-06
0,0,7.834456e-06
0,0,9.767447e-06
0,0,6.1140086e-06
0,0,2.1297106e-05
0,0,1.116423e-05
0,0,7.446661e-06
0,0,1.0144782e-05
0,0,7.822017e-06
1,1,0.9998964
0,0,2.6798503e-05
0,0,1.6106676e-05
0,0,1.1024026e-05
0,0,3.2133932e-05
0,0,7.747776e-06
0,0,1.4886217e-05
0,0,7.2855323e-06
0,0,7.0149213e-06
0,0,1.1066623e-05
0,0,1.5076176e-05
0,0,5.8791857e-06
0,0,7.535101e-06
0,0,1.1839797e-05
0,0,2.9888983e-05
0,0,1.6729271e-05
1,1,0.99999297
0,0,1.3478461e-05
0,0,6.0454927e-06
0,0,2.0042593e-05
0,0,1.2109704e-05
0,0,1.34043075e-05
1,1,0.9999902
0,0,8.208839e-06
0,0,2.5189938e-05
0,0,8.580842e-06
0,0,7.6109027e-06
1,1,0.99912244
0,0,5.459646e-05
0,0,7.8160665e-06
0,0,1.8527033e-05
0,0,1.2089651e-05
1,1,0.9999945
0,0,9.183832e-06
0,0,1.1547103e-05
0,0,1.49565285e-05
0,0,1.2780489e-05
0,0,9.332033e-06
0,0,1.6074513e-05
0,0,3.4863933e-05
0,0,8.31244e-06
1,1,0.9998758
0,0,8.48377e-06
0,0,1.2556816e-05
0,0,1.6784194e-05
0,0,2.6411437e-05
0,0,1.5611044e-05
0,0,1.2286744e-05
0,0,1.0046655e-05
0,0,1.769172e-05
0,0,1.9767014e-05
0,0,8.904104e-06
0,0,7.5223775e-06
0,0,7.5161606e-06
1,1,0.999992
0,0,7.4654113e-06
0,0,1.0627763e-05
0,0,9.568597e-06
0,0,8.021857e-06
0,0,8.744744e-06
0,0,2.7327042e-05
0,0,6.6964258e-06
0,0,1.616034e-05
0,0,6.6280936e-06
0,0,1.48508525e-05
0,0,9.062705e-06
0,0,1.0066508e-05
0,0,1.2828673e-05
0,0,1.0519296e-05
0,0,6.404228e-06
0,0,9.736106e-06
0,0,9.291422e-06
0,0,5.81669e-06
1,1,0.999967
0,0,5.8470628e-06
0,0,1.3492184e-05
0,0,7.7332925e-06
0,0,6.5909235e-06
0,0,8.2063725e-06
0,0,1.2593258e-05
0,0,6.636949e-06
0,0,9.699555e-06
0,0,5.209001e-06
0,0,5.750242e-05
1,0,0.00035541324
0,0,1.8425135e-05
0,0,1.8008353e-05
0,0,0.0013442053
1,1,0.99998283
0,1,0.9995377
0,0,7.3604806e-06
0,0,1.5760017e-05
0,0,1.140731e-05
0,0,1.478076e-05
0,0,5.9009913e-06
0,1,0.9995086
0,0,1.714025e-05
0,0,1.0201148e-05
0,0,1.1885229e-05
0,0,1.082689e-05
0,0,2.0030631e-05
1,1,0.9998598
0,0,8.537385e-06
0,0,5.558685e-06
0,0,8.632454e-06
0,0,0.00010583975
0,0,0.00010321524
0,0,1.0534444e-05
0,0,1.591891e-05
0,0,0.000899596
0,0,1.9235953e-05
0,0,9.390293e-06
0,0,0.043204524
0,0,9.360117e-06
0,0,1.8082592e-05
0,0,7.53092e-06
0,0,1.9932992e-05
0,0,5.0468457e-06
0,0,1.2048537e-05
1,1,0.9999831
0,0,9.267396e-06
0,0,8.7871695e-06
0,0,1.1687005e-05
0,0,1.0683877e-05
0,0,9.836593e-06
0,0,7.0696833e-06
0,0,5.790047e-06
0,0,1.9509802e-05
0,0,8.859357e-06
0,0,1.077211e-05
0,0,1.3914599e-05
0,0,1.0319485e-05
0,0,1.5177343e-05
0,0,1.6697106e-05
0,0,4.3463908e-05
1,1,0.99992585
0,0,7.0216875e-06
0,0,6.195518e-06
0,0,2.3284623e-05
0,0,1.8256334e-05
0,0,5.543597e-06
0,0,6.6127395e-06
0,0,5.201907e-06
0,0,6.2272447e-06
0,1,0.9999082
0,0,5.933518e-06
0,0,2.4723497e-05
0,0,1.04938745e-05
0,0,1.0458317e-05
0,0,8.220543e-06
0,0,6.558169e-06
0,0,8.500121e-06
0,0,5.1041206e-06
1,1,0.9999784
0,0,9.789287e-06
1,0,0.059587564
0,1,0.99993205
0,0,0.00017156027
0,0,2.661579e-05
0,0,7.687821e-06
0,0,1.1770177e-05
1,1,0.99999344
0,0,6.6659127e-06
0,0,6.283248e-06
0,0,9.924299e-06
0,0,1.0918351e-05
0,0,5.0886892e-06
0,0,1.1409334e-05
0,0,1.3071305e-05
0,0,8.545775e-06
0,0,1.7328239e-05
0,0,9.7328575e-06
0,0,2.8194738e-05
0,0,1.3193751e-05
0,0,9.99444e-06
0,0,8.454854e-06
0,0,4.8911375e-06
0,0,6.8375257e-06
0,0,1.2120623e-05
0,0,1.1565177e-05
0,0,1.6726033e-05
1,0,1.34597585e-05
0,0,1.2834792e-05
0,0,9.870093e-06
0,0,6.524825e-05
0,0,1.545966e-05
1,1,0.99983335
0,1,0.99992776
0,0,9.42043e-06
0,0,2.1891774e-05
0,0,7.035972e-06
0,0,1.6417816e-05
0,0,7.649032e-06
1,0,0.12729427
1,1,0.99995863
0,0,8.79975e-06
0,0,8.57883e-06
0,0,6.3645193e-06
0,0,1.3400831e-05
0,0,1.15116445e-05
0,0,9.578622e-06
0,0,4.6328103e-05
0,0,1.8034323e-05
0,0,1.864899e-05
0,0,8.387027e-06
0,0,2.2034452e-05
0,0,7.6273136e-05
0,0,1.1279069e-05
0,0,6.322872e-06
0,0,7.5487806e-06
0,0,1.0966147e-05
0,0,7.885201e-06
0,0,1.4182339e-05
0,0,8.726915e-06
1,0,1.00887755e-05
0,0,0.00061660033
0,0,1.0470083e-05
0,0,5.735935e-06
0,0,6.4011138e-06
0,0,2.469251e-05
0,0,1.3346167e-05
0,0,3.313305e-05
0,0,0.0003080325
0,0,1.0268869e-05
0,0,1.171689e-05
0,0,9.0522535e-06
1,1,0.9999925
0,0,1.3339817e-05
0,0,1.09621415e-05
0,0,6.6296616e-06
0,0,5.21808e-06
0,0,6.865065e-06
0,0,3.7127887e-05
1,1,0.99998415
0,0,7.935396e-06
0,0,1.5726551e-05
0,0,7.2806292e-06
0,0,1.5600566e-05
0,0,8.08367e-06
0,0,4.2551914e-05
0,0,1.0058487e-05
0,0,3.823243e-05
0,0,9.562375e-06
0,0,2.0431968e-05
0,0,6.731809e-06
0,0,6.6585803e-06
0,0,1.11296085e-05
0,0,5.9473355e-06
0,0,2.4859415e-05
0,0,1.07097285e-05
0,0,9.295925e-06
0,0,7.1119875e-06
0,0,2.7988888e-05
0,0,7.766937e-06
0,0,7.115638e-06
0,0,1.2605395e-05
1,1,0.9999783
0,0,7.396572e-06
0,0,7.725302e-06
0,0,1.1212171e-05
0,0,1.1114834e-05
1,1,0.99998605
0,0,0.0069064605
0,0,1.2893826e-05
0,0,6.1515266e-06
0,0,1.763369e-05
0,0,0.00010934091
0,0,1.2653186e-05
0,0,0.0030825431
0,0,3.586783e-05
0,0,1.7480506e-05
0,0,1.2661672e-05
1,1,0.9999939
0,0,3.2543572e-05
0,0,1.9666324e-05
0,0,1.296789e-05
0,0,8.269545e-06
0,0,6.9061853e-06
0,0,6.2215577e-06
0,0,5.716477e-06
0,0,5.4239053e-06
0,0,1.0216141e-05
0,0,0.0001348074
0,0,1.8628194e-05
0,0,6.447481e-06
0,0,6.8955833e-06
0,0,9.697567e-06
0,0,1.2591686e-05
0,1,0.9967174
0,0,9.5266305e-06
0,0,1.1067764e-05
0,0,2.9889523e-05
0,0,8.161691e-06
0,0,9.848458e-06
0,0,5.553667e-06
0,0,1.8168417e-05
0,0,9.412213e-06
0,0,1.3432535e-05
0,0,3.830151e-05
0,0,4.901814e-05
0,0,1.99052e-05
0,0,6.742056e-06
0,0,2.0424157e-05
0,0,8.53517e-06
0,0,7.0437736e-06
1,1,0.99999356
0,0,8.266612e-06
0,0,2.224474e-05
0,0,1.0888178e-05
0,0,9.500147e-06
0,0,8.861926e-06
0,0,9.475249e-06
0,0,9.367422e-06
0,0,9.816539e-06
0,0,1.0343151e-05
0,0,1.0273845e-05
1,1,0.9999366
0,0,3.0285597e-05
0,0,1.0639557e-05
0,0,9.5227515e-06
1,1,0.99997497
1,1,0.9999846
0,0,1.41101655e-05
0,0,6.8550103e-06
0,0,7.47381e-06
0,0,1.1621299e-05
0,0,8.702831e-06
1,1,0.99998355
0,0,1.365328e-05
0,0,7.4867007e-06
0,0,0.00013498221
0,0,0.12342249
1,1,0.99998534
0,0,8.238539e-06
0,0,1.00319885e-05
0,0,4.2134077e-05
0,0,1.1403188e-05
0,0,1.5368127e-05
0,0,5.445673e-06
0,0,1.193968e-05
1,1,0.99966204
0,0,9.260292e-06
0,0,1.0312677e-05
0,0,7.96824e-06
1,1,0.9999881
0,0,1.4210432e-05
0,0,2.168019e-05
0,0,1.10250885e-05
0,0,7.963378e-06
0,0,9.821156e-06
0,1,0.9985411
0,0,2.8564566e-05
0,0,1.2249809e-05
0,0,5.78939e-06
0,0,1.1309326e-05
0,0,2.0886946e-05
0,0,7.1792133e-06
0,0,1.6023057e-05
0,0,1.0076113e-05
0,0,4.0472463e-05
0,0,7.5687417e-06
0,0,8.44893e-06
0,0,7.1043546e-06
0,0,8.797098e-06
0,0,8.477874e-06
0,0,3.4854165e-05
0,0,8.475384e-06
0,0,1.7616447e-05
0,0,6.975322e-06
0,0,1.3666085e-05
0,1,0.97707
0,0,0.18493246
0,0,9.156452e-06
0,0,1.6582473e-05
1,1,0.9999944
0,0,6.7856813e-06
0,0,1.5065267e-05
0,0,1.3764117e-05
1,1,0.99999404
0,0,2.2675988e-05
0,0,1.29784685e-05
0,0,7.4378963e-06
0,0,7.078825e-06
0,0,3.0071706e-05
0,0,1.0721552e-05
0,0,3.3226803e-05
0,0,6.0836646e-06
0,0,2.1721457e-05
0,0,1.1062708e-05
0,0,0.00013786033
0,0,1.1598889e-05
0,0,1.0191522e-05
0,0,7.952723e-06
0,0,0.00019189403
0,0,9.320853e-06
1,1,0.99999464
0,0,7.53232e-06
0,0,1.0709238e-05
0,0,6.8436975e-06
0,0,8.581882e-06
1,1,0.99999154
0,0,8.345442e-06
0,0,4.3440585e-05
0,0,9.261512e-06
0,1,0.99995935
0,0,1.6781825e-05
0,0,6.545273e-06
0,0,6.9969815e-06
0,0,6.1126148e-06
1,1,0.99998343
0,0,7.705304e-06
0,0,8.927521e-06
0,0,9.583849e-06
0,0,6.9554744e-06
0,0,8.500631e-06
1,1,0.9999943
0,0,6.5039067e-06
0,0,1.5123536e-05
0,0,1.3029265e-05
0,0,3.4262415e-05
1,1,0.9999895
0,0,1.6495142e-05
0,1,0.97161555
0,0,1.9750074e-05
0,0,2.8966191e-05
0,0,0.00018147414
0,0,1.606063e-05
0,0,7.693937e-06
0,0,5.6574486e-06
0,0,9.7720695e-06
0,0,1.0269241e-05
0,0,1.3902846e-05
0,0,9.473866e-06
0,0,7.167221e-06
0,0,5.5163553e-05
0,0,1.5656877e-05
0,0,2.2235768e-05
0,0,9.033031e-06
1,1,0.9999938
0,0,2.3319333e-05
0,0,9.033082e-06
0,0,9.715462e-06
0,0,9.265787e-06
0,0,4.136221e-05
0,0,6.0027494e-05
0,0,1.09662715e-05
1,1,0.99976355
0,0,1.3724977e-05
0,0,8.8631095e-06
0,0,7.687016e-06
0,0,8.572631e-06
1,1,0.99991
1,1,0.99996185
0,0,7.86863e-06
0,0,1.1430561e-05
0,0,7.1606687e-06
0,0,2.5043708e-05
0,0,1.221988e-05
0,0,1.0518613e-05
1,1,0.99967396
0,0,8.403288e-06
0,0,9.851305e-06
0,0,1.663626e-05
0,0,8.8230845e-06
0,0,5.6132885e-06
0,0,1.008663e-05
0,0,3.9016784e-05
0,0,1.3700444e-05
0,0,6.5892535e-05
0,0,1.206147e-05
0,0,1.7966273e-05
0,0,3.0304549e-05
0,0,1.4044985e-05
0,0,2.4935773e-05
0,0,6.638823e-06
0,0,0.00011052429
0,0,7.979267e-06
0,0,9.924091e-06
0,0,1.2323381e-05
1,1,0.9999931
0,0,1.96331e-05
0,0,1.3455742e-05
0,0,1.128601e-05
0,0,8.026839e-06
0,0,1.57115e-05
0,0,4.6757617e-05
0,0,0.00024720764
0,0,1.0522967e-05
0,0,8.119721e-06
0,0,9.915746e-06
0,0,1.2600671e-05
0,0,1.0316257e-05
0,0,6.612279e-06
0,0,1.245955e-05
0,0,6.539427e-06
0,0,1.6211497e-05
0,0,1.6819205e-05
1,1,0.9999906
0,1,0.9990031
0,0,1.4324699e-05
0,0,6.7864707e-06
0,0,5.6323565e-06
0,0,1.4245656e-05
0,0,1.0585492e-05
0,0,1.1831828e-05
0,0,8.896713e-06
0,0,1.6875114e-05
1,1,0.9999782
0,0,1.6759817e-05
0,0,5.194451e-06
0,0,5.387586e-06
0,0,5.5683518e-06
1,1,0.99999404
0,0,5.8016544e-06
1,1,0.999995
0,0,8.921367e-06
0,0,1.09618595e-05
0,0,6.692921e-06
0,0,6.403758e-06
0,0,7.603024e-06
0,0,9.917175e-06
0,0,1.2640341e-05
0,0,5.6471795e-06
0,0,0.003364762
0,0,1.14632885e-05
0,1,0.99981564
0,0,2.0725729e-05
0,0,8.90531e-06
0,0,1.33308e-05
0,0,1.0364618e-05
0,0,1.533599e-05
1,1,0.9999925
0,0,2.0533249e-05
0,0,2.521349e-05
1,1,0.99999344
0,0,3.8396778e-05
1,1,0.9999924
0,0,1.9725889e-05
0,0,9.717387e-06
0,0,2.1345359e-05
0,0,5.57046e-06
0,0,1.0817921e-05
0,0,0.005545631
0,0,6.845747e-06
0,0,5.5617706e-06
0,0,1.714455e-05
1,1,0.99999154
1,0,1.1627107e-05
0,0,1.0039932e-05
0,0,9.137496e-06
0,0,1.7888093e-05
0,0,1.8975063e-05
0,0,3.1391373e-05
0,0,2.8517072e-05
0,0,9.974634e-06
0,1,0.99996436
0,0,1.0589258e-05
0,0,1.4933468e-05
0,0,1.9361783e-05
0,0,0.000114719
0,0,9.801815e-06
1,1,0.9999541
0,0,1.6436348e-05
0,0,7.335702e-06
0,0,0.013708212
1,1,0.9997156
0,0,8.977374e-06
1,0,0.0020108626
0,0,0.00094832305
0,0,1.0289161e-05
0,0,8.148469e-06
0,0,6.452734e-06
0,0,6.227292e-06
0,0,1.492928e-05
0,0,1.7765333e-05
0,0,6.421389e-06
0,0,4.1880256e-05
1,1,0.9999907
1,1,0.9997429
0,0,9.690606e-06
0,0,1.2810018e-05
0,0,3.1393887e-05
0,0,9.877023e-06
1,1,0.9999926
0,0,3.3475837e-05
0,0,1.0529563e-05
0,0,6.999004e-06
0,0,1.4135983e-05
0,0,5.81568e-06
0,0,8.668926e-06
0,0,4.7298607e-05
0,0,1.0843743e-05
0,0,6.9999655e-06
0,0,7.083302e-06
0,0,1.1759294e-05
0,0,0.002473429
0,0,5.8678776e-05
0,0,1.5692945e-05
0,0,6.332703e-06
0,0,9.312758e-06
1,0,8.755075e-06
0,0,7.5114526e-06
0,0,5.7917146e-06
0,0,8.633154e-06
0,0,7.629143e-06
0,0,6.0353985e-05
0,0,1.47800965e-05
0,0,8.1858e-06
0,0,2.1460866e-05
0,0,1.9878034e-05
0,0,6.025726e-06
0,0,5.855874e-06
0,1,0.93841857
0,0,1.39447675e-05
0,0,7.574481e-06
0,0,8.6977525e-06
0,0,7.2400817e-06
0,0,3.9118608e-05
0,0,5.982445e-06
0,0,1.1739104e-05
0,0,1.5270929e-05
0,0,7.705509e-06
0,0,3.3648772e-05
0,0,6.598691e-06
0,0,5.892871e-06
0,0,5.9494737e-06
0,0,1.4775573e-05
0,0,8.505253e-06
0,0,0.0005625461
0,0,1.1520925e-05
0,0,8.447584e-06
0,0,1.6551316e-05
0,0,1.3793563e-05
0,0,9.575042e-06
1,1,0.99998605
0,0,1.1010516e-05
0,0,6.062467e-06
0,0,3.5689416e-05
0,0,7.3001515e-06
1,1,0.9999645
0,0,1.00207435e-05
0,0,6.18711e-06
0,0,2.412248e-05
1,1,0.9999764
0,0,1.8475212e-05
0,0,6.781431e-06
0,0,7.039395e-06
0,0,8.815633e-06
0,0,9.477425e-06
0,0,6.587191e-06
1,1,0.99983597
0,1,0.9999194
0,0,1.291343e-05
0,0,1.1988684e-05
0,0,1.0017332e-05
0,0,9.756257e-06
0,0,2.1482161e-05
1,1,0.9999945
0,0,7.685461e-06
0,0,1.0781627e-05
0,0,7.837818e-06
0,0,1.0842596e-05
0,0,5.6623503e-05
0,0,1.7731227e-05
0,0,1.1352214e-05
0,0,9.7130964e-05
0,0,6.0889815e-05
0,0,1.0921476e-05
0,0,0.00012370017
0,0,1.7391381e-05
0,0,1.3782728e-05
0,0,5.5385985e-06
0,0,1.2860228e-05
0,0,6.903999e-06
1,1,0.9999901
0,0,6.506717e-06
0,0,8.209825e-06
0,0,1.0379525e-05
0,0,0.00018914285
0,0,1.4975024e-05
0,1,0.99981624
0,0,8.342824e-06
0,0,0.00025871955
0,0,6.22424e-06
1,1,0.9955383
0,0,0.00013950153
0,0,6.796328e-06
0,0,8.380312e-06
0,0,1.617877e-05
0,0,9.775331e-06
0,0,8.767106e-06
0,0,8.381238e-06
0,0,0.0028040945
0,0,9.520872e-06
0,0,0.03948449
0,0,5.8633243e-05
0,0,0.19513983
0,0,7.1581835e-06
0,0,7.478045e-06
0,0,9.093439e-06
0,0,8.419331e-06
0,0,2.4749326e-05
0,0,1.4192203e-05
0,0,7.848274e-06
0,0,1.0910171e-05
0,0,9.158137e-06
0,0,1.33861795e-05
0,0,6.171894e-06
0,0,7.0646893e-06
0,0,3.8031263e-05
0,0,2.3534098e-05
0,0,4.581871e-05
0,0,7.89731e-06
1,1,0.9999845
1,1,0.9999926
0,0,1.4098906e-05
0,0,3.617038e-05
0,0,3.3250988e-05
1,1,0.9999926
1,1,0.99924135
0,0,1.6056036e-05
0,0,8.271959e-06
0,0,1.6372522e-05
0,0,9.719158e-06
0,0,1.08593695e-05
0,0,7.3555966e-06
0,0,8.500469e-06
0,0,9.293542e-06
0,0,0.00013761473
0,0,1.5354415e-05
0,0,8.757347e-06
0,0,5.6778794e-05
0,0,8.759945e-06
0,0,6.280492e-06
0,0,5.9632607e-06
0,0,6.0226303e-06
0,0,1.0893558e-05
0,0,1.0619759e-05
0,0,6.9078587e-06
0,0,9.881451e-06
1,1,0.9999311
0,0,8.049544e-06
0,0,1.1123464e-05
0,0,0.00020697726
0,0,1.3373905e-05
0,0,1.9021989e-05
0,0,1.2774237e-05
0,0,5.9646195e-06
0,0,8.189384e-06
0,0,1.4018355e-05
1,0,0.007554334
0,0,1.025724e-05
0,0,6.567827e-06
0,0,7.815292e-06
0,0,2.4879098e-05
0,0,5.9250756e-06
0,0,8.034712e-06
0,1,0.9992901
0,0,6.7053857e-06
0,0,7.725037e-06
0,0,6.921701e-06
0,0,1.0087381e-05
0,0,8.781683e-06
0,0,1.0536675e-05
0,0,6.362367e-05
0,1,0.9991665
0,0,5.8837963e-06
0,0,8.900021e-06
0,0,1.1377651e-05
0,0,1.2196305e-05
0,0,7.080979e-06
0,0,5.8785354e-06
0,0,1.2975462e-05
0,0,6.2180343e-06
0,0,4.6493416e-05
0,0,9.41972e-06
0,0,6.1495557e-06
0,0,6.6997286e-06
0,0,2.159258e-05
0,0,1.2483395e-05
0,0,9.1515885e-06
0,0,6.9239322e-06
1,0,0.1048374
0,0,1.1271703e-05
0,0,9.624836e-06
0,0,3.141254e-05
0,0,7.055768e-06
0,0,2.8207485e-05
0,0,6.06511e-06
0,0,9.653342e-06
0,0,8.677049e-06
0,0,6.502226e-06
0,0,5.417719e-05
0,0,7.166278e-06
0,0,1.2277784e-05
0,0,6.3464936e-06
0,0,6.986213e-06
1,0,6.888633e-05
0,0,9.8018245e-06
0,0,3.2628563e-05
0,0,8.489791e-06
0,0,1.6642944e-05
0,0,8.911181e-06
0,0,8.673289e-05
0,0,1.1162484e-05
0,0,7.540916e-06
0,0,6.265219e-06
0,0,9.6891e-06
0,0,1.848769e-05
0,0,7.901046e-06
0,0,9.305212e-06
0,1,0.999944
0,0,1.0799479e-05
1,0,0.03715255
1,0,2.5253727e-05
0,0,5.6414847e-06
0,0,9.496514e-06
0,0,1.200517e-05
0,0,1.2366988e-05
0,0,9.07535e-06
0,0,1.26483e-05
0,0,8.316745e-06
0,0,7.394012e-06
0,0,1.2534155e-05
0,0,8.989625e-06
0,0,9.83694e-06
0,0,1.1281501e-05
0,0,6.5176228e-06
0,0,6.4019446e-06
0,0,8.728481e-06
0,0,3.273434e-05
0,0,2.7607735e-05
0,0,4.028352e-05
1,1,0.9999939
0,0,8.430314e-05
0,0,2.6556812e-05
0,0,1.2552314e-05
0,0,1.2688108e-05
0,0,8.831705e-06
0,0,1.195993e-05
0,0,5.670693e-06
0,0,1.8696643e-05
1,1,0.99997604
1,1,0.9999913
0,0,6.907193e-06
0,0,5.7417246e-06
0,0,1.1626242e-05
0,0,8.423925e-06
0,0,1.2747707e-05
0,0,2.6786136e-05
0,0,8.070021e-06
0,0,1.0735742e-05
0,0,9.474092e-06
0,0,1.4972882e-05
0,0,1.4298029e-05
0,0,7.4499435e-06
0,0,3.6836012e-05
0,0,1.4850924e-05
0,0,0.0002765745
0,0,6.6210996e-06
0,0,1.4280164e-05
0,0,6.0796915e-06
0,0,1.707245e-05
0,0,6.3467114e-06
1,1,0.9998473
0,0,7.517566e-06
0,0,8.856537e-06
0,0,4.273279e-06
0,0,1.38731e-05
1,1,0.99999285
0,0,9.656526e-06
0,0,1.34070815e-05
0,0,9.585146e-06
0,0,8.012048e-06
1,1,0.99989665
0,0,1.5686033e-05
0,0,1.3069398e-05
0,0,1.5723132e-05
0,0,5.8217624e-06
0,0,6.809427e-06
0,0,6.355146e-05
0,0,1.9961755e-05
0,0,9.286284e-05
0,0,1.1741242e-05
0,0,1.0641881e-05
0,0,1.1624778e-05
1,1,0.9999908
0,0,1.9433188e-05
0,0,3.9325183e-05
0,0,1.3008555e-05
0,0,6.2072986e-06
0,0,6.415727e-06
0,1,0.9999175
0,0,3.0067204e-05
0,0,7.773444e-06
0,0,6.389404e-06
1,1,0.99998605
0,0,1.1425536e-05
0,0,5.7056927e-06
0,0,8.87573e-06
0,0,8.480219e-06
0,0,1.0838636e-05
0,0,6.807128e-06
0,0,8.032497e-06
0,0,1.1481758e-05
0,0,7.1231807e-06
0,0,8.36648e-06
0,0,8.860051e-06
0,0,1.859103e-05
0,0,2.7639717e-05
0,1,0.99987733
0,0,1.328998e-05
0,0,5.1814914e-05
1,1,0.9966047
0,0,9.189457e-06
0,0,7.5230664e-06
0,0,1.057866e-05
0,0,8.797232e-06
0,0,9.755681e-06
1,1,0.99999464
0,0,8.698101e-06
0,0,1.301466e-05
0,0,9.377978e-06
0,0,1.3386626e-05
0,0,2.011532e-05
0,0,6.4021274e-06
0,0,1.3579056e-05
0,0,1.1363187e-05
0,0,6.895478e-06
0,0,6.855742e-06
0,0,1.2726511e-05
0,0,7.273009e-06
0,0,9.920201e-06
0,0,1.0317104e-05
1,1,0.9999877
1,0,4.174369e-05
1,1,0.9999851
0,0,1.3938399e-05
1,1,0.9999696
0,0,9.941728e-06
0,0,7.4778886e-06
0,0,1.1653304e-05
0,0,1.6597407e-05
0,0,6.0900616e-06
0,0,7.8415715e-06
0,0,8.7584485e-06
0,0,1.0127257e-05
0,0,6.0335647e-06
0,0,0.00015635835
1,1,0.99992144
0,0,9.165789e-06
0,0,5.3923354e-06
0,1,0.99841785
0,0,7.995019e-06
0,0,6.0731145e-06
0,0,9.522252e-06
0,0,6.786141e-06
0,0,6.4416786e-06
1,0,0.00035180768
0,0,5.462677e-06
0,0,6.3972266e-06
0,0,9.441296e-06
0,0,7.721193e-06
0,0,6.155233e-05
0,0,7.6196548e-06
0,0,8.094408e-06
0,0,1.5980544e-05
0,0,9.829932e-05
0,0,2.2954657e-05
0,0,9.724135e-06
0,0,7.534914e-06
1,1,0.9999931
0,0,3.3833494e-05
1,1,0.9999815
0,0,1.5427231e-05
0,0,2.2389208e-05
0,0,5.5969616e-05
0,0,1.0354028e-05
0,0,1.0161835e-05
0,0,5.827637e-05
0,0,7.981969e-06
0,0,1.44928445e-05
1,1,0.9999865
0,0,8.224511e-06
0,0,8.274546e-06
0,0,1.8675579e-05
0,0,8.442994e-06
0,0,1.8797582e-05
0,0,6.8305453e-06
0,0,8.405852e-06
0,0,1.3164116e-05
0,0,6.4372202e-06
0,0,5.8777505e-06
0,0,1.2709105e-05
0,0,1.2639751e-05
0,0,1.5314741e-05
0,0,1.9680077e-05
0,0,8.125586e-06
0,0,7.4350096e-06
0,0,8.168355e-06
0,0,7.229208e-06
0,0,5.612898e-06
0,0,1.367962e-05
0,0,7.807768e-06
0,0,3.7039546e-05
0,0,1.4418113e-05
0,0,7.5975236e-06
0,0,1.1320677e-05
0,0,7.937077e-06
0,0,2.0861626e-05
0,0,6.384471e-06
0,0,8.731794e-06
1,1,0.5664823
0,0,8.051295e-06
0,0,9.9440995e-06
0,0,3.0326146e-05
0,0,2.2936234e-05
1,1,0.999979
0,0,9.452576e-06
0,0,7.330709e-06
0,0,4.347958e-05
0,0,8.345824e-06
0,0,1.4801197e-05
1,1,0.99999475
0,0,7.022257e-06
0,0,1.6923434e-05
0,0,5.8665782e-06
0,0,7.5457506e-06
0,0,8.264342e-06
0,0,6.3632324e-06
0,0,9.737202e-06
0,0,0.00015922176
1,0,5.334523e-05
0,0,9.451927e-06
0,0,0.0003651901
0,0,1.7414482e-05
0,0,1.39215545e-05
1,0,0.00027987084
1,0,6.8381516e-05
0,0,9.507979e-06
0,0,9.340287e-06
1,1,0.99973315
0,0,1.6442054e-05
0,0,6.253168e-06
1,1,0.9999684
0,0,1.4853148e-05
0,0,8.427669e-06
0,0,1.0440878e-05
0,0,9.725898e-06
0,0,7.149253e-06
0,0,5.6427652e-06
0,0,1.4735187e-05
0,0,1.2564146e-05
0,0,9.56409e-06
1,1,0.99999356
0,0,8.627689e-06
0,0,7.594952e-06
0,0,1.632011e-05
0,0,1.035541e-05
0,0,1.3123453e-05
0,0,0.008949757
0,0,6.6508055e-06
0,0,6.2398003e-06
1,1,0.9999801
0,0,1.0879023e-05
0,0,9.0964395e-06
0,0,1.2018e-05
0,0,1.27613785e-05
0,0,4.789346e-05
0,0,8.451162e-06
0,0,1.4265151e-05
0,0,9.251625e-06
0,0,0.0047629713
0,0,6.918414e-06
0,0,8.769682e-06
0,0,6.2640183e-06
1,1,0.9999852
0,0,1.6091662e-05
0,0,5.3153967e-06
0,0,8.579992e-06
0,0,5.5813985e-06
0,1,0.8783549
1,1,0.9999944
1,1,0.99989045
0,0,1.1254316e-05
0,0,6.274074e-06
0,0,8.493355e-06
0,0,9.389881e-06
0,0,9.013204e-06
1,1,0.9999651
0,0,7.1148775e-06
0,0,8.705927e-06
0,0,5.4967236e-06
0,0,1.1742922e-05
0,0,9.02226e-06
0,0,8.238224e-06
0,0,8.8326315e-06
0,0,1.5772152e-05
0,0,5.7127763e-06
0,0,2.8680271e-05
0,0,5.718849e-06
0,0,7.830839e-06
0,0,8.745929e-06
0,0,9.271799e-06
0,0,4.999278e-06
0,0,1.116225e-05
0,0,1.4282956e-05
0,0,1.0364143e-05
0,0,2.6174139e-05
1,1,0.9999695
0,0,5.822934e-06
0,0,7.3482774e-06
0,0,1.5212163e-05
0,0,1.4313447e-05
0,0,1.4024506e-05
0,0,9.892124e-06
0,0,6.8992404e-06
0,0,1.354977e-05
0,0,5.208802e-06
0,0,1.0335283e-05
0,0,7.62379e-06
0,0,2.00822e-05
0,0,1.5321006e-05
0,0,7.636809e-06
0,0,4.0003102e-05
0,0,1.7651459e-05
0,0,1.2549836e-05
0,0,6.676645e-06
0,0,1.4316941e-05
0,0,7.631399e-06
0,0,1.6508298e-05
0,0,9.857996e-06
0,0,9.741902e-06
0,0,6.0191974e-06
1,1,0.99987805
0,0,1.1046715e-05
0,1,0.99992
0,0,9.125853e-06
0,0,6.0640514e-06
0,0,4.1686526e-05
0,0,9.9069175e-06
1,1,0.99999356
0,0,2.1479007e-05
0,0,9.001222e-06
0,0,7.10676e-06
0,0,1.2244365e-05
0,0,0.0001772687
0,1,0.97333026
0,0,9.337018e-06
0,0,6.560427e-06
0,0,1.0023506e-05
0,0,6.75998e-06
0,0,2.3236133e-05
0,0,1.3665837e-05
0,0,9.967921e-06
0,0,1.6168913e-05
0,0,2.0203372e-05
0,0,1.1485382e-05
0,0,5.8099486e-06
0,1,0.50014305
0,0,8.76728e-05
0,0,1.4307086e-05
0,0,1.4339323e-05
0,0,8.561388e-06
0,0,7.815791e-06
0,0,4.8926468e-05
0,0,1.0483472e-05
0,0,1.7056243e-05
0,0,1.6298989e-05
0,0,1.1268243e-05
0,0,8.607004e-06
0,0,8.755058e-06
0,0,6.990465e-06
0,0,7.064602e-06
0,0,8.1813905e-06
0,0,1.065429e-05
1,1,0.99997354
0,0,6.578511e-05
0,1,0.99954456
1,1,0.99948716
0,0,2.8835057e-05
0,0,1.8575045e-05
1,1,0.9999845
0,0,7.979449e-06
0,0,1.2650545e-05
0,0,1.6725939e-05
0,0,1.6264488e-05
1,1,0.9999881
0,0,1.843897e-05
0,0,0.000104908286
0,0,5.948067e-06
1,1,0.99999285
0,0,1.5621783e-05
0,0,1.2506764e-05
0,0,9.35215e-06
0,0,1.2441501e-05
0,0,1.2427177e-05
0,0,9.317893e-06
0,0,6.9375346e-06
0,0,2.2808914e-05
0,0,8.683182e-06
0,0,1.3245643e-05
0,0,7.015777e-06
0,0,8.386939e-06
0,0,9.30507e-06
0,0,7.0948076e-06
0,0,6.2537224e-06
0,0,1.1895161e-05
0,0,1.4949969e-05
0,0,7.728242e-06
0,0,7.225693e-06
0,0,2.0298388e-05
0,0,7.229415e-06
0,0,8.143015e-06
0,0,6.889779e-06
0,0,2.1851978e-05
0,0,1.2232717e-05
0,0,1.4281185e-05
0,0,6.5484186e-05
0,0,5.979582e-06
0,0,7.176126e-06
0,1,0.99976295
0,0,5.707989e-06
0,0,1.260703e-05
0,0,1.0512536e-05
0,0,1.0683175e-05
0,0,1.0595389e-05
0,0,3.8779966e-05
0,0,1.047258e-05
0,0,8.663653e-06
0,0,7.1480877e-06
0,0,7.85894e-06
0,0,7.6246483e-06
1,1,0.9999908
0,0,8.173506e-06
0,0,6.3049283e-06
0,0,8.439588e-05
0,0,1.4239572e-05
0,0,3.217484e-05
0,0,1.16976435e-05
0,1,0.9979547
0,0,1.32636305e-05
0,0,1.1565729e-05
0,0,9.399332e-06
0,0,2.7673688e-05
0,0,1.1594222e-05
0,0,2.7180042e-05
0,0,8.404866e-06
0,0,6.666866e-06
0,0,2.0558642e-05
0,0,6.859195e-06
0,0,1.1537064e-05
0,0,7.71003e-06
0,0,7.361702e-06
0,0,2.1343181e-05
0,0,6.8526447e-06
0,0,7.5629478e-06
0,1,0.99989223
0,0,8.444153e-06
0,0,3.1668627e-05
0,0,1.0762641e-05
0,0,3.267521e-05
0,0,6.26911e-06
0,0,8.806037e-06
1,1,0.9999925
0,0,9.4929555e-06
0,0,8.41815e-06
0,0,7.716333e-05
0,0,1.0636422e-05
1,0,6.0040602e-05
0,0,8.33043e-06
0,0,1.4144585e-05
0,0,1.1862785e-05
0,0,8.286407e-06
0,0,9.828333e-06
0,0,5.4774146e-06
0,0,1.4939036e-05
0,0,7.745884e-06
0,0,3.3568158e-05
0,0,3.262595e-05
0,0,8.960352e-06
1,1,0.9999943
0,0,9.88408e-06
0,0,2.9967388e-05
0,0,1.775385e-05
0,0,1.467539e-05
0,0,1.0910107e-05
0,0,9.333476e-06
0,0,1.1404581e-05
0,0,1.5853218e-05
0,0,1.12285325e-05
0,0,0.0001195329
0,0,2.360571e-05
0,0,1.4084177e-05
0,0,6.565246e-06
1,1,0.9999869
0,0,9.488069e-06
0,0,1.8856637e-05
1,1,0.9999881
0,0,1.1781328e-05
1,1,0.9999877
0,0,8.548946e-06
0,0,9.55009e-06
0,0,5.2055743e-06
0,0,1.41829205e-05
0,0,1.5177256e-05
0,0,2.3339335e-05
1,0,0.01571958
1,0,0.00018001908
0,0,6.2312843e-06
1,1,0.99999475
0,0,8.007297e-06
0,0,1.7087697e-05
0,0,1.2638389e-05
0,0,8.559257e-06
0,0,1.5600612e-05
0,0,8.731511e-06
0,0,1.38260275e-05
0,0,1.0839401e-05
0,0,8.294456e-06
0,0,7.923978e-06
1,1,0.9999949
1,1,0.9999634
0,0,8.769865e-06
0,0,8.318236e-06
0,0,9.718324e-06
0,0,2.5918993e-05
0,0,6.450753e-06
0,0,1.5391992e-05
0,0,9.742664e-06
0,0,8.14488e-06
0,0,1.7592152e-05
0,0,8.211047e-06
0,0,7.796638e-06
0,0,9.627764e-06
0,0,1.2884301e-05
0,0,1.0194496e-05
0,0,1.0428311e-05
0,0,1.3191209e-05
0,0,1.2465349e-05
0,0,1.7918159e-05
0,0,9.821127e-06
1,1,0.9999924
0,0,1.0239844e-05
0,0,1.3245239e-05
0,0,0.0006221048
0,0,4.139338e-05
0,0,1.1973693e-05
0,0,1.7605244e-05
0,0,1.2194363e-05
0,0,4.629591e-05
0,1,0.9989323
0,0,6.5403005e-06
0,0,1.19657025e-05
0,0,8.893192e-06
0,0,1.52409e-05
0,0,1.0800788e-05
0,0,6.2749064e-06
0,0,1.0122564e-05
0,0,1.4748162e-05
0,0,9.019198e-06
0,0,7.742941e-05
0,0,5.677111e-06
0,0,8.518176e-06
0,0,1.1623338e-05
1,0,3.3469485e-05
0,0,9.125965e-06
1,1,0.9999112
0,0,1.9355288e-05
1,1,0.99999166
0,0,6.1437113e-06
0,0,1.4195019e-05
0,0,8.537548e-06
0,0,7.15946e-06
1,1,0.9997788
0,0,7.3671526e-06
0,0,0.048784915
0,0,5.7899865e-06
0,0,1.2127364e-05
0,0,7.1503105e-06
0,0,0.022446359
0,0,1.7815892e-05
0,0,1.2788121e-05
0,0,5.5806963e-06
0,0,5.729319e-06
0,0,1.3337439e-05
0,0,6.363475e-06
0,0,1.301466e-05
0,0,8.88352e-06
0,0,7.215722e-06
0,0,7.527186e-06
0,0,0.00030463567
0,0,3.2090695e-05
0,0,7.4557706e-06
0,0,1.2530653e-05
0,0,1.307052e-05
0,0,7.2725375e-06
0,0,5.9439167e-06
0,0,1.9949233e-05
0,0,1.0081467e-05
0,0,1.301348e-05
0,0,8.452283e-06
0,0,5.6058843e-06
0,0,6.0519305e-06
0,0,8.857229e-06
0,0,5.3960634e-05
0,0,1.0087699e-05
0,0,6.885673e-06
0,0,7.457008e-06
0,0,1.4591019e-05
0,0,6.5402937e-06
0,0,7.3388574e-06
0,0,1.8907704e-05
0,0,1.7105684e-05
0,0,1.306566e-05
0,0,1.2349699e-05
0,0,1.9958292e-05
0,0,9.714117e-06
0,0,6.0639877e-06
0,0,0.00208317
0,1,0.99998474
0,1,0.7078139
0,0,1.0799757e-05
0,0,8.521354e-06
1,1,0.9999838
0,0,7.6196375e-05
0,0,8.1749795e-06
1,1,0.9996401
0,0,7.4884783e-06
0,0,6.4306428e-06
1,1,0.9999796
0,0,5.9347403e-06
0,0,1.7440194e-05
1,1,0.99997115
0,0,6.986713e-06
1,1,0.8008086
0,0,1.2276168e-05
0,0,4.10441e-05
0,0,9.81741e-06
0,0,2.4692605e-05
0,0,5.889427e-06
1,1,0.9999542
1,1,0.9999317
0,0,9.826495e-06
0,0,1.1304753e-05
0,0,6.384087e-06
0,0,1.1218203e-05
0,0,3.6293557e-05
0,0,1.2943549e-05
0,0,8.458694e-06
0,0,6.0991056e-06
1,1,0.99997866
1,1,0.9999927
0,0,9.703155e-06
0,0,2.2034157e-05
0,0,8.782158e-05
0,0,8.651804e-06
0,0,9.530038e-06
0,0,5.5197947e-06
0,0,1.2598881e-05
0,0,8.192142e-06
0,0,1.375488e-05
0,0,6.553668e-06
0,0,7.612674e-06
0,0,6.7486176e-06
0,0,9.5156165e-06
0,0,1.0730082e-05
0,0,6.2529475e-06
1,1,0.9998338
0,0,7.566915e-06
0,0,9.581975e-06
0,0,7.85225e-06
0,0,5.4293077e-06
0,0,5.952076e-05
0,0,6.856396e-06
0,0,8.101142e-06
0,0,1.005371e-05
0,0,2.2152355e-05
0,0,1.3383807e-05
0,0,8.519184e-06
0,0,1.8400253e-05
0,0,5.7553596e-05
0,0,9.034469e-06
0,0,1.1586948e-05
0,0,2.771468e-05
0,0,6.537631e-06
0,0,2.0719348e-05
0,0,6.4916935e-06
0,0,3.0861385e-05
0,0,1.7910883e-05
0,0,6.350883e-06
0,0,1.222298e-05
0,0,1.7818833e-05
0,0,1.6359534e-05
0,0,5.420477e-06
0,1,0.99975616
0,0,0.062443748
0,0,2.0074158e-05
0,0,1.1594355e-05
1,1,0.99995995
0,0,8.942347e-06
0,0,7.256091e-06
0,0,1.25147935e-05
0,0,5.778287e-06
0,0,2.8213513e-05
1,1,0.99980587
0,0,1.314743e-05
0,0,8.648125e-06
0,0,1.1512994e-05
0,0,1.3967806e-05
0,0,8.42877e-06
0,0,1.1275295e-05
0,0,2.3179298e-05
0,0,1.923856e-05
0,1,0.99986494
0,0,7.4654467e-06
0,0,8.444185e-06
0,0,7.747495e-06
0,0,1.821015e-05
0,0,0.000101106314
0,0,2.2880457e-05
0,0,1.01682135e-05
0,0,1.6362843e-05
0,0,1.7798688e-05
0,0,1.0133237e-05
0,0,6.5028894e-06
1,1,0.9999198
0,0,9.554044e-06
0,0,0.002563774
0,0,7.5382127e-06
0,0,7.750481e-06
0,0,7.1883596e-06
0,0,2.7808981e-05
0,0,1.2520632e-05
0,0,1.2349652e-05
0,0,2.8601718e-05
0,0,2.8875784e-05
0,0,5.8013884e-06
0,0,8.810657e-06
0,0,6.1080464e-06
0,0,1.4229256e-05
0,0,3.4029687e-05
0,0,3.2271513e-05
0,0,7.616661e-06
1,0,0.43433452
0,0,5.9109266e-06
0,0,0.00026369447
0,0,8.072053e-06
0,0,1.4690723e-05
0,0,0.017537372
1,1,0.9999883
1,1,0.9999784
0,0,1.2579587e-05
0,0,1.1729804e-05
0,1,0.99335396
0,0,6.6334937e-06
0,0,2.3571763e-05
0,0,1.0322398e-05
0,0,8.819896e-06
0,0,1.0663164e-05
0,0,8.97936e-06
0,0,1.8742523e-05
0,0,8.488714e-06
0,0,8.229037e-06
0,0,0.0060366034
0,0,6.724687e-06
1,1,0.99999404
0,0,8.168737e-06
0,0,9.315245e-06
0,0,6.4989217e-06
0,0,2.6094931e-05
0,0,1.16870615e-05
1,1,0.99995923
0,0,6.054678e-06
0,0,2.3612352e-05
0,0,3.9905448e-05
0,0,8.009214e-06
0,0,7.827778e-06
0,0,5.811555e-06
0,0,1.4091499e-05
0,0,1.1872404e-05
0,0,0.0015809642
0,0,8.494327e-06
0,0,2.6073018e-05
0,0,1.5584596e-05
0,0,7.872953e-06
0,0,7.825524e-06
0,0,1.0553368e-05
0,0,3.719536e-05
0,0,5.7009934e-06
0,0,1.7145449e-05
0,0,8.763745e-06
0,0,1.0181362e-05
0,0,3.8036014e-05
0,0,8.971075e-06
0,0,1.146236e-05
0,0,1.66637e-05
0,0,9.696041e-06
0,0,2.3514915e-05
0,0,0.18126033
0,0,7.0902765e-06
1,0,0.00048425145
1,1,0.9999728
0,0,1.4136226e-05
0,0,6.9104876e-06
0,0,0.00029222606
0,0,7.970863e-06
0,0,7.4843947e-06
0,0,3.8753347e-05
0,0,1.36256795e-05
0,0,3.481901e-05
0,0,6.0220787e-06
0,0,6.3000116e-06
0,0,3.4026925e-05
0,0,1.9508594e-05
1,1,0.99997056
0,0,6.677753e-06
0,0,1.7025819e-05
0,0,5.6170047e-06
0,0,7.570509e-06
0,0,3.098486e-05
0,0,1.7154445e-05
0,0,9.513892e-06
0,0,8.653017e-06
0,0,9.643358e-06
0,0,1.0236632e-05
0,0,1.285596e-05
0,0,7.735107e-06
0,0,7.5873213e-06
0,0,8.285807e-06
0,0,7.046152e-06
0,0,1.8743845e-05
0,0,1.2163444e-05
0,0,5.8293517e-06
0,0,2.2966437e-05
0,0,9.033143e-06
0,0,6.9725293e-06
0,0,2.6961998e-05
0,0,1.0589964e-05
0,0,1.044766e-05
0,0,7.4039194e-06
1,1,0.9999671
0,0,6.472357e-06
0,0,7.599429e-06
0,0,5.3117233e-06
0,0,8.018064e-06
0,0,2.3378097e-05
0,0,1.2518602e-05
0,0,1.0400451e-05
0,0,1.4583576e-05
0,0,1.222439e-05
0,0,5.9281165e-06
0,0,1.6563585e-05
0,0,6.588039e-06
0,0,9.1112e-06
0,0,1.0631373e-05
0,0,0.17422651
0,0,8.900693e-06
0,0,1.0434697e-05
1,0,0.10147917
0,0,6.6160947e-06
1,1,0.9999949
0,0,1.976737e-05
0,0,7.0972983e-06
1,1,0.9999876
1,0,2.5212865e-05
0,0,6.7741976e-06
0,0,1.433365e-05
0,0,9.406497e-06
0,0,1.4016283e-05
0,0,6.648732e-06
0,0,5.989449e-06
0,0,2.0510173e-05
1,1,0.9999881
0,0,1.4278638e-05
0,0,2.5890287e-05
0,0,2.3406785e-05
0,0,1.049902e-05
1,1,0.9999933
0,0,6.715298e-06
0,0,1.1604587e-05
1,1,0.99996173
1,1,0.99998987
0,1,0.6500177
0,0,9.5070345e-06
0,0,8.836718e-06
0,0,9.0457725e-06
0,0,5.6790386e-06
0,0,1.8936777e-05
0,0,4.035873e-05
0,0,6.7879914e-06
0,0,5.8682685e-06
1,1,0.9998965
1,1,0.99993587
0,0,6.8639915e-06
1,1,0.99999356
0,0,1.0215439e-05
0,0,6.1228247e-06
0,0,1.0515585e-05
0,0,8.853285e-06
0,0,6.1841606e-06
0,0,6.305596e-06
0,0,6.047961e-06
0,0,1.4113866e-05
1,1,0.99999475
0,0,1.0318777e-05
0,0,9.537812e-06
1,1,0.99998975
0,0,8.854003e-06
0,0,8.456717e-06
1,1,0.99999213
0,0,1.1869868e-05
0,0,2.702089e-05
0,0,7.8921075e-06
0,0,4.461742e-05
0,0,5.6168094e-05
0,0,1.1543492e-05
0,0,1.3973482e-05
0,0,1.2991942e-05
0,0,8.488901e-06
0,0,1.114536e-05
0,0,6.9691123e-06
0,0,1.2457815e-05
0,0,5.8241058e-06
0,0,3.226914e-05
0,0,6.861563e-06
0,0,1.1842857e-05
0,0,7.036556e-06
0,1,0.9998933
0,0,5.9894837e-06
0,0,4.6799232e-05
0,0,1.089254e-05
1,1,0.9999932
0,0,9.001651e-06
0,0,8.892454e-06
0,0,1.1863e-05
0,0,3.9681512e-05
0,0,1.1859562e-05
0,0,9.920315e-06
0,0,7.4947584e-06
0,0,6.788238e-06
0,0,9.074693e-06
0,0,1.1829131e-05
0,0,1.3286887e-05
0,0,1.3092127e-05
0,0,1.2137558e-05
0,0,1.3369735e-05
0,0,1.51320055e-05
0,0,1.25096985e-05
0,0,1.0291212e-05
0,0,9.523006e-06
0,0,1.0885707e-05
0,0,6.2183904e-06
0,0,1.296585e-05
1,0,1.4731744e-05
0,0,0.00010834815
0,0,1.56561e-05
0,0,7.1880986e-06
0,0,4.8379266e-06
0,0,9.477507e-06
0,0,1.4610551e-05
0,0,8.76627e-06
0,0,1.4285135e-05
0,0,5.6114577e-06
0,0,7.281782e-06
1,1,0.99998
0,0,2.22486e-05
0,0,1.03149005e-05
0,0,3.4598965e-05
0,0,9.140189e-06
1,1,0.99968815
0,0,1.6998563e-05
0,0,0.0016613236
0,0,1.4374276e-05
0,0,1.509397e-05
0,0,1.0006581e-05
0,0,2.1292599e-05
0,0,6.483379e-06
0,0,1.2123571e-05
0,0,1.7649658e-05
0,0,7.047805e-06
0,0,6.883231e-06
0,0,1.2236089e-05
0,0,1.0154346e-05
0,0,2.2442864e-05
0,0,1.1001551e-05
1,1,0.99904376
0,0,0.013595529
0,0,5.4552947e-06
1,1,0.99998474
0,0,7.2351468e-06
0,0,6.0367647e-06
0,0,7.3020665e-06
0,1,0.99995446
0,0,6.4643377e-06
0,0,7.0808164e-06
0,0,1.3083589e-05
0,0,9.785723e-06
0,0,1.5175157e-05
0,0,6.855474e-06
0,0,9.82838e-06
0,0,1.766825e-05
0,0,7.3539763e-06
0,0,2.7071059e-05
0,0,2.3489365e-05
0,0,7.957017e-06
0,0,1.3205257e-05
0,0,9.925603e-05
0,0,1.7465409e-05
0,0,8.412798e-06
0,0,1.1619714e-05
0,1,0.9997838
0,0,1.2071114e-05
0,1,0.99792165
0,0,9.422703e-06
0,0,1.9171506e-05
0,0,8.892684e-06
0,0,7.0430688e-06
0,0,1.4754507e-05
0,0,1.0518504e-05
0,0,5.3493723e-06
0,0,8.239293e-06
0,0,5.593857e-06
0,0,1.6260921e-05
0,0,6.4437495e-06
0,0,1.741915e-05
1,1,0.9999945
1,1,0.9999497
1,1,0.99999106
0,0,0.00010836365
0,0,1.1859822e-05
0,0,1.17436375e-05
0,0,4.236793e-05
0,0,1.020363e-05
0,0,1.4698838e-05
0,0,1.6237522e-05
0,0,9.208107e-06
0,0,8.126291e-06
1,1,0.9999845
0,0,9.645225e-06
0,0,6.2021923e-06
0,0,1.0190289e-05
0,0,1.2350229e-05
0,0,1.0077506e-05
0,0,4.2196683e-05
0,0,2.3876193e-05
0,0,0.43287757
0,0,1.718482e-05
0,0,1.683469e-05
0,0,8.297383e-06
1,0,1.1001971e-05
0,0,6.385859e-06
0,0,8.294583e-06
1,1,0.99999344
0,0,7.3419587e-06
0,0,6.150181e-05
0,0,1.0663337e-05
0,0,6.728818e-06
0,0,5.809128e-06
0,0,6.0381117e-06
0,0,7.5672183e-06
1,0,0.00068641896
0,0,5.7546786e-06
0,0,9.712164e-06
0,0,1.8761353e-05
0,0,8.3680125e-06
0,0,6.5218137e-06
0,0,5.762724e-06
0,0,9.715942e-06
0,0,7.412199e-06
1,1,0.999961
0,0,7.425889e-06
0,0,1.0236544e-05
0,0,7.89789e-06
0,0,1.1567902e-05
0,0,1.4766331e-05
0,0,7.98378e-06
0,0,1.9244888e-05
0,0,6.639785e-06
0,0,1.1441892e-05
0,0,8.206819e-06
0,0,7.671299e-06
0,0,9.617577e-06
0,0,1.0067334e-05
0,0,1.0584351e-05
0,0,1.304987e-05
1,1,0.99976915
0,0,7.492679e-06
0,0,8.321458e-06
0,0,9.309331e-06
0,0,6.6851385e-06
0,0,5.7720413e-06
0,0,1.3276172e-05
0,0,8.37642e-06
0,0,1.1900109e-05
1,1,0.9999765
0,0,0.00053595984
0,0,5.1397888e-06
0,0,9.006321e-06
0,0,0.00013363545
0,1,0.9999728
0,1,0.98135227
0,0,7.3877954e-06
0,0,8.434134e-06
0,0,7.2858243e-06
0,0,1.074984e-05
0,0,9.731121e-06
1,1,0.9999863
0,0,3.0437259e-05
1,1,0.999987
0,0,6.843932e-06
0,0,9.929023e-06
0,0,1.1596346e-05
0,0,0.0005925267
1,1,0.99998987
0,0,8.828219e-06
0,0,6.132191e-05
0,0,1.0662208e-05
1,1,0.9999931
0,0,6.619313e-06
0,0,2.4749728e-05
0,0,1.06209845e-05
1,1,0.99999154
0,0,8.737876e-06
0,0,7.8435305e-06
0,0,6.700853e-06
0,0,1.633537e-05
0,0,1.2894688e-05
1,0,0.00052307325
0,0,1.0241779e-05
0,0,5.6645854e-06
0,0,8.254685e-06
0,0,7.0052874e-06
0,0,1.6525339e-05
0,0,9.934042e-06
0,0,8.542011e-06
0,0,3.997637e-05
1,1,0.9999838
0,0,0.00010748497
0,0,1.4854806e-05
0,0,1.9897778e-05
0,0,1.3377834e-05
0,0,4.370856e-05
0,0,1.1353914e-05
0,0,1.7766079e-05
0,0,6.260614e-06
0,0,7.2892644e-06
0,0,1.2886722e-05
0,0,2.0404686e-05
0,0,0.00011195897
0,0,1.3335543e-05
0,0,7.5027538e-06
0,0,6.2547606e-06
0,0,8.904775e-06
0,0,6.2950276e-06
0,0,1.09915045e-05
0,0,7.738139e-06
0,0,0.040768042
1,1,0.9999647
1,0,0.19056277
0,0,1.9196093e-05
0,1,0.99969673
0,0,2.7641772e-05
0,0,1.699226e-05
1,1,0.9999869
0,0,1.1109122e-05
0,0,6.3786642e-06
0,0,2.5518308e-05
0,0,1.7241468e-05
0,0,1.2216793e-05
0,0,0.0009853548
0,0,1.3567988e-05
0,0,2.5745021e-05
0,0,4.5176923e-05
0,0,1.6007447e-05
0,0,9.852995e-06
0,0,2.2359527e-05
0,0,7.5267194e-06
0,0,7.655089e-06
0,0,5.464136e-06
0,0,8.493712e-06
0,0,1.21035155e-05
0,0,1.6076292e-05
0,0,9.52991e-06
0,0,6.9161047e-06
1,1,0.99999094
0,0,1.5998858e-05
0,0,7.5656308e-06
0,0,2.657222e-05
0,0,7.639322e-06
0,0,1.377667e-05
0,0,1.0114661e-05
0,0,1.3625991e-05
0,0,3.910715e-05
0,0,8.715971e-06
0,0,1.0568042e-05
0,0,8.387723e-06
1,1,0.99998903
0,0,6.6527787e-06
0,1,0.9995881
0,0,8.7783e-06
0,0,6.36679e-06
0,0,6.3895764e-05
0,0,8.576556e-06
0,0,1.4728808e-05
0,0,8.434882e-06
0,0,2.0146786e-05
0,0,2.2155611e-05
0,0,6.0000602e-06
0,0,0.00017048595
0,0,6.767256e-06
0,0,1.9884481e-05
0,0,1.1740134e-05
0,0,8.211266e-06
0,0,1.2787523e-05
0,0,6.435256e-06
0,0,8.717093e-06
0,0,3.4304325e-05
0,0,5.446546e-06
0,0,5.386259e-05
0,0,2.4429619e-05
0,0,7.327229e-06
0,0,0.012987448
0,0,6.694555e-06
0,0,7.256852e-06
0,0,5.514239e-06
0,0,1.4205175e-05
0,0,1.616478e-05
0,0,1.912421e-05
0,0,2.2258893e-05
0,0,9.894332e-06
0,0,8.407624e-06
0,0,7.58756e-06
0,0,7.228705e-06
0,0,9.658664e-06
1,1,0.99963355
0,0,9.919728e-06
1,1,0.9999566
0,0,1.2159535e-05
0,0,1.5030581e-05
0,0,1.9252982e-05
0,0,7.41152e-06
0,0,9.187459e-06
0,0,4.0492618e-05
0,0,9.972218e-06
0,0,1.0494536e-05
0,0,0.00022528377
0,0,5.7105594e-06
1,1,0.99932027
0,0,6.266695e-06
0,0,7.921477e-06
0,0,6.857337e-06
0,0,6.8810386e-06
1,1,0.99997973
1,1,0.99998534
1,1,0.99997604
0,0,6.807284e-06
0,0,9.5198275e-06
0,0,1.3013952e-05
0,0,1.4448782e-05
0,0,8.128414e-06
0,0,8.339205e-06
0,0,1.1156015e-05
0,0,1.0671098e-05
0,0,7.671343e-06
0,0,7.4547893e-06
0,0,4.3591215e-05
0,0,9.916399e-06
0,0,1.1467434e-05
0,0,7.976733e-06
0,0,8.487981e-05
0,0,6.5057116e-06
1,1,0.9999927
1,1,0.99999285
0,0,8.3286195e-06
0,0,2.2228542e-05
0,0,9.3114795e-06
0,0,2.358856e-05
0,0,8.402422e-06
0,0,7.276534e-06
1,0,1.69571e-05
0,0,6.2524523e-06
0,0,1.1949236e-05
0,0,1.8960609e-05
0,0,1.3616444e-05
0,0,1.0032888e-05
0,1,0.99855334
0,1,0.61947167
0,0,1.111884e-05
0,0,7.798988e-06
1,1,0.99997485
0,0,1.3563629e-05
0,0,1.3348789e-05
0,0,7.4932723e-06
1,1,0.9999093
0,0,6.8747418e-06
0,0,9.4673715e-06
0,0,2.956617e-05
0,0,1.2660006e-05
0,0,1.8669098e-05
0,0,8.929147e-06
0,0,1.1516443e-05
0,0,8.3136365e-06
0,0,9.261229e-06
0,0,6.734217e-06
0,0,2.0991543e-05
0,0,9.779266e-06
0,0,2.0065123e-05
0,0,1.0205215e-05
0,0,1.4787231e-05
0,0,8.226393e-06
1,1,0.9999912
0,0,5.7412976e-06
0,0,5.2578016e-06
0,0,0.00078895624
0,0,1.4372454e-05
0,0,1.4905495e-05
0,0,7.925897e-06
0,0,8.983891e-06
0,0,9.992582e-06
0,0,7.5498606e-06
0,0,2.495871e-05
0,0,1.9085732e-05
0,0,0.00020677566
0,0,1.3916165e-05
0,1,0.9993037
0,0,8.572614e-06
0,0,1.07325895e-05
0,0,9.615394e-06
1,1,0.9999827
0,0,8.84229e-06
0,0,7.491457e-06
0,0,0.082562126
0,0,1.1926034e-05
0,0,1.8312725e-05
0,0,4.9082023e-06
0,0,9.794592e-06
0,0,1.2707955e-05
0,0,2.1237418e-05
0,0,2.7924638e-05
0,0,4.269626e-05
0,0,9.589068e-06
0,1,0.9995491
0,0,2.471857e-05
0,0,1.4545281e-05
1,1,0.9999505
0,0,9.622697e-06
0,0,3.4797766e-05
1,1,0.99999356
0,0,6.430526e-06
0,0,1.571637e-05
0,0,5.8036744e-06
0,0,1.0608038e-05
0,0,9.380796e-06
0,0,2.1199741e-05
0,0,8.579075e-06
0,0,1.988672e-05
0,0,2.1186017e-05
0,0,6.305157e-06
0,0,7.306086e-06
0,0,1.0023974e-05
0,0,8.107078e-06
0,0,3.6003163e-05
0,0,8.663248e-06
0,0,6.537475e-06
0,0,1.1331674e-05
0,0,1.370141e-05
0,0,2.1527505e-05
0,1,0.99992216
0,0,1.2600022e-05
0,0,4.6577155e-05
0,0,1.0760548e-05
0,0,1.5961641e-05
0,0,6.922585e-06
0,0,1.2462911e-05
0,0,1.8443787e-05
0,0,2.0646487e-05
0,0,2.9219496e-05
0,0,1.0511724e-05
0,0,1.678714e-05
0,0,6.3550274e-06
0,0,1.3822692e-05
0,0,1.6245096e-05
1,1,0.99999225
0,0,1.1649137e-05
0,0,0.00012438656
0,0,5.6752647e-06
0,0,1.0634698e-05
0,0,6.96882e-06
1,1,0.9997726
1,1,0.9999939
0,0,6.9443786e-06
0,0,1.2586332e-05
0,0,1.2248032e-05
0,0,1.3353183e-05
0,0,6.9121684e-06
0,0,9.183307e-06
0,0,1.725038e-05
0,0,0.005942111
0,0,7.862269e-06
0,0,0.0007741633
0,0,2.4178835e-05
1,1,0.9999908
0,0,1.3666411e-05
1,1,0.999987
0,0,1.1697219e-05
0,0,6.0803004e-06
0,0,2.6146621e-05
0,0,1.926821e-05
0,0,5.7706875e-06
0,0,2.7259133e-05
0,0,1.0256781e-05
0,0,6.5707086e-06
0,0,1.1902798e-05
0,0,3.8626797e-05
0,0,8.261127e-06
0,0,1.2097021e-05
0,0,0.00016287937
0,0,7.0209912e-06
0,0,2.4841807e-05
0,0,1.0121561e-05
0,0,1.5501824e-05
0,0,1.0935786e-05
0,0,1.0817662e-05
0,0,1.7272012e-05
0,0,7.939333e-06
0,0,6.934426e-06
0,0,7.3084907e-06
0,0,1.2172367e-05
1,1,0.99998736
1,1,0.99989843
0,0,8.910297e-06
0,0,3.4729113e-05
0,0,8.7414255e-06
0,0,9.2462615e-06
1,0,2.8112394e-05
0,0,7.007382e-05
0,0,6.564307e-06
0,0,9.639974e-06
0,0,3.8512586e-05
0,0,1.0016959e-05
1,1,0.9999883
0,0,1.822238e-05
0,1,0.9998901
0,0,6.5786026e-06
0,0,8.996581e-06
0,0,8.414522e-06
0,0,1.9585674e-05
0,0,5.5531487e-05
0,0,8.087086e-06
0,0,1.1170642e-05
0,0,9.465196e-06
0,0,8.661422e-06
0,0,1.7039301e-05
0,0,2.0536794e-05
0,0,1.0495877e-05
0,0,1.4313337e-05
1,1,0.99999094
0,0,4.3142096e-05
0,0,8.0803175e-06
0,0,1.3733579e-05
1,0,0.30935255
0,0,7.4285813e-06
0,0,4.949444e-06
0,0,0.0001102583
0,0,1.837886e-05
0,0,7.4448153e-06
0,0,8.463591e-06
0,0,1.1852224e-05
0,0,1.0194944e-05
0,0,8.144305e-06
0,0,1.972442e-05
0,0,1.033071e-05
0,0,8.564247e-06
0,0,1.4869886e-05
0,0,8.3911955e-06
0,0,6.7491715e-06
1,1,0.9999387
0,0,7.3483e-05
0,0,6.0043653e-06
0,0,1.3746015e-05
0,0,5.024635e-06
0,0,1.1764397e-05
0,0,8.530451e-06
0,0,1.605821e-05
0,0,2.5071215e-05
0,0,9.667529e-06
0,0,1.2724398e-05
0,1,0.9999175
0,0,1.1424828e-05
0,0,5.234522e-06
0,0,6.3366056e-06
0,0,1.4377636e-05
0,0,2.3926064e-05
0,0,2.3442748e-05
0,0,2.330864e-05
0,0,6.005625e-06
0,0,1.1823447e-05
0,0,1.2674068e-05
1,1,0.99999416
0,0,7.6228157e-06
0,0,0.00087213283
0,0,3.2135253e-05
0,0,1.4599648e-05
0,0,1.383984e-05
0,0,5.746578e-06
0,0,7.1748805e-06
0,0,1.7244756e-05
0,0,1.8364615e-05
0,0,1.4950681e-05
0,0,5.351056e-06
0,0,3.6056696e-05
0,0,2.7091488e-05
0,0,8.356369e-06
0,0,1.0463834e-05
0,0,6.9201164e-06
0,0,0.0013329992
0,0,8.174246e-06
0,0,6.9973885e-06
0,0,1.3949396e-05
0,0,8.113274e-06
0,0,7.131169e-05
0,0,1.8680174e-05
0,0,1.5096475e-05
0,0,9.81902e-06
0,0,5.9269123e-06
0,0,5.358124e-06
0,0,7.5815924e-06
0,0,4.612515e-05
0,0,6.8652025e-06
0,0,8.920304e-06
0,0,1.2289357e-05
0,0,1.19704055e-05
0,0,7.2008747e-06
0,0,8.582018e-05
0,0,1.3405265e-05
1,1,0.99999356
1,1,0.99999034
1,1,0.9999641
0,0,3.992212e-05
0,0,1.38235355e-05
0,0,5.0650222e-05
1,1,0.99998677
0,0,9.482081e-06
0,0,2.28035e-05
0,0,1.2185248e-05
0,0,5.377356e-06
0,0,6.2266927e-06
0,0,9.040762e-06
0,0,1.0677675e-05
0,0,6.637405e-06
0,1,0.9997111
1,1,0.99982554
1,1,0.9999902
1,1,0.9999833
0,0,5.2200207e-06
0,0,1.02845015e-05
0,0,0.0002292362
0,0,1.2779831e-05
0,0,1.6063004e-05
0,0,3.5266137e-05
0,0,8.572189e-06
0,0,1.0335884e-05
0,0,7.6524975e-06
0,0,6.8317772e-06
0,0,2.3962622e-05
0,0,8.048162e-06
1,1,0.9996555
1,0,1.1740874e-05
1,1,0.9999951
0,0,2.0442063e-05
0,0,8.869045e-06
0,0,2.4671233e-05
1,1,0.99999356
1,1,0.9999058
0,0,1.0496097e-05
0,0,1.7300483e-05
0,0,7.317159e-06
0,1,0.99979323
0,0,1.7717704e-05
0,0,6.929111e-06
0,0,1.6694623e-05
0,0,1.8817867e-05
0,0,8.53692e-06
0,0,8.057993e-06
0,0,6.7809005e-06
0,0,9.712441e-06
0,0,2.1168124e-05
0,0,9.736413e-06
0,0,2.267495e-05
0,0,3.082641e-05
0,0,6.445808e-06
0,0,1.8516523e-05
0,0,1.0958703e-05
1,1,0.9999856
0,0,1.2963217e-05
0,0,7.746875e-06
0,0,9.57906e-06
0,0,1.5631394e-05
0,0,2.2504395e-05
0,0,1.0253515e-05
0,0,4.613443e-05
0,0,8.939363e-06
0,0,5.7536963e-06
1,1,0.9999672
0,0,8.403232e-06
0,0,5.4867623e-06
0,0,0.00017079523
0,0,1.1688833e-05
0,0,1.0251667e-05
0,0,9.529038e-06
0,0,6.196966e-06
0,0,1.2263413e-05
0,0,1.1373497e-05
0,1,0.99965835
1,1,0.9999465
0,0,1.8627714e-05
0,0,6.688569e-06
0,0,9.2195305e-06
0,0,1.0798593e-05
0,0,1.6740441e-05
1,1,0.99993205
0,0,1.4615248e-05
0,0,9.769441e-06
0,0,1.3579989e-05
0,0,1.2349321e-05
0,0,3.799603e-05
0,0,7.83069e-06
0,0,1.6475457e-05
0,0,1.0465152e-05
0,0,7.0868427e-06
0,0,1.1628704e-05
0,0,8.462292e-06
0,0,5.564763e-06
0,0,3.4071476e-05
0,0,9.676994e-06
0,0,1.1689145e-05
0,0,2.1509099e-05
0,0,1.8979079e-05
0,0,1.9772631e-05
0,0,6.8937547e-06
0,0,7.800416e-06
0,0,4.2517928e-05
0,0,9.931164e-06
0,0,8.8783545e-06
0,0,6.1920805e-06
0,0,6.95694e-06
0,0,1.3163852e-05
0,0,1.3196595e-05
0,0,5.3177115e-05
0,0,8.883977e-06
0,0,0.001082392
1,1,0.99999416
0,0,5.9903346e-06
0,0,4.780561e-06
0,0,1.6617885e-05
0,0,6.2260086e-05
0,0,0.00046695356
0,0,7.215626e-06
0,0,7.509519e-06
0,0,5.342026e-06
0,0,0.00012923009
0,0,1.057645e-05
0,0,1.4403299e-05
0,0,7.2772e-06
0,0,3.3091525e-05
0,0,6.6271837e-06
0,0,2.0046187e-05
0,0,1.1017258e-05
0,0,8.597564e-05
0,0,7.813771e-06
0,0,1.4193989e-05
0,0,7.688173e-06
0,0,5.8429373e-06
0,0,7.80392e-06
0,0,1.861026e-05
0,0,8.866271e-06
0,0,1.7743101e-05
0,0,1.168997e-05
0,0,1.884716e-05
0,0,2.6521231e-05
0,0,9.266556e-06
0,0,6.476309e-06
0,0,7.469471e-06
0,0,9.57581e-06
0,0,8.252386e-06
0,0,8.284212e-06
1,1,0.99999464
0,0,8.048224e-06
0,0,5.5445133e-05
0,0,8.482556e-06
0,0,6.0687316e-06
0,1,0.95207727
0,0,8.301372e-06
0,0,7.343948e-06
0,1,0.92636555
0,0,1.0313622e-05
0,0,8.411931e-06
0,0,7.4820678e-06
0,0,9.365252e-06
0,0,2.0489217e-05
0,0,9.090534e-06
0,0,3.2746862e-05
0,0,8.013989e-06
0,0,5.864626e-06
0,0,8.244347e-06
0,0,8.142689e-06
0,0,1.5729625e-05
0,0,3.760861e-05
0,0,0.02187712
0,0,7.0509855e-06
0,0,6.8933477e-06
0,0,6.8187524e-06
1,0,7.713456e-05
0,0,4.1806314e-05
1,0,0.0049354276
0,0,6.2436216e-06
0,0,9.921148e-06
0,0,2.6386993e-05
1,1,0.9999933
0,0,1.16632e-05
0,0,1.0445211e-05
0,0,0.00012426337
0,0,1.5986381e-05
1,1,0.9999827
0,0,0.00067223975
0,0,0.00023116631
0,0,6.792667e-06
0,0,1.696394e-05
0,0,7.4425366e-06
0,0,7.277353e-06
0,0,3.509912e-05
0,0,5.6436907e-06
0,0,7.3720585e-06
0,0,5.9045547e-06
0,0,1.0001305e-05
0,0,7.695654e-06
0,1,0.8854897
0,0,0.00034453723
0,0,1.6759817e-05
0,0,1.2094425e-05
0,0,8.863017e-06
0,0,5.9344006e-06
0,0,0.0048226886
0,0,1.1597052e-05
0,0,0.05779431
0,0,9.808483e-06
0,0,7.2676353e-06
0,0,6.3953717e-06
0,0,6.783863e-06
1,0,7.7580235e-06
0,0,9.197541e-06
0,0,5.468728e-05
0,0,7.323819e-06
0,0,4.6411773e-05
0,0,5.86254e-06
0,0,8.664727e-06
0,0,1.0544405e-05
0,0,7.1879613e-06
1,1,0.9999776
0,0,4.874105e-06
0,0,2.2784501e-05
0,0,1.0916478e-05
0,1,0.9997569
0,0,9.431766e-06
0,0,9.425265e-06
0,0,6.9636044e-06
0,0,1.0488611e-05
1,1,0.9999486
0,0,2.180123e-05
0,0,1.4017446e-05
0,0,6.2088266e-06
0,1,0.78191113
0,0,8.397079e-06
0,0,6.5815207e-06
0,0,6.851808e-06
1,1,0.9999945
0,0,2.2378745e-05
1,0,4.9571474e-05
0,0,7.706355e-06
0,0,6.841935e-05
0,0,1.3272121e-05
0,0,1.08624145e-05
0,0,7.173642e-06
0,0,1.2004746e-05
0,0,1.9396157e-05
0,0,7.500486e-06
0,0,1.687748e-05
0,0,6.7822198e-06
0,0,1.2397442e-05
0,0,1.6720833e-05
0,0,6.6300663e-06
0,0,9.122415e-06
0,0,1.2104728e-05
0,0,1.1540046e-05
0,0,1.5587539e-05
0,0,1.0352191e-05
0,0,9.619981e-06
0,0,5.920269e-06
0,0,6.895517e-06
0,1,0.9681645
0,0,1.7305152e-05
0,0,7.892182e-06
0,0,9.02875e-06
0,0,2.4742812e-05
1,1,0.9999939
0,0,1.6316408e-05
0,0,6.468414e-06
0,0,6.767312e-05
0,0,7.759955e-06
0,0,5.2749683e-06
0,0,1.1425188e-05
0,0,1.4655838e-05
0,1,0.99957603
0,0,1.0052981e-05
0,0,9.26312e-06
0,0,8.912353e-06
0,0,1.6347558e-05
0,0,1.1816052e-05
0,0,4.1413048e-05
0,0,9.763537e-06
0,0,0.0006527699
0,0,8.291468e-05
1,1,0.99999475
0,0,7.839821e-06
0,0,1.4226026e-05
0,0,8.180322e-06
0,0,1.1371599e-05
0,0,1.0155634e-05
0,0,4.880198e-06
0,0,9.61534e-06
0,0,6.7282085e-06
0,0,2.434733e-05
0,0,1.411944e-05
0,0,5.140318e-06
0,0,6.316291e-06
0,0,5.775703e-06
0,0,1.15025805e-05
0,0,1.3309233e-05
0,0,1.8042889e-05
0,0,6.2973872e-06
0,0,5.9817776e-06
0,0,8.220974e-06
0,0,1.1040638e-05
0,0,1.2264185e-05
0,0,6.392964e-06
0,0,7.785269e-06
0,0,7.601719e-06
0,0,1.7887189e-05
0,0,8.684607e-06
0,0,1.4357604e-05
0,0,1.04223955e-05
0,0,6.6304074e-06
0,0,9.543153e-06
0,0,1.6159263e-05
0,0,1.1026823e-05
0,0,2.2720838e-05
0,0,1.1813889e-05
0,0,7.924688e-06
0,0,5.5591998e-05
0,0,7.4890786e-06
0,0,7.356817e-06
0,0,7.954953e-06
0,0,1.1703044e-05
0,0,1.0257417e-05
0,0,5.7179436e-06
0,0,3.5482677e-05
0,0,6.6122916e-06
0,0,1.2415403e-05
0,0,7.072712e-06
0,0,5.5370137e-06
0,0,2.3890452e-05
1,0,5.200575e-05
0,0,9.624212e-06
0,0,0.00015756783
0,0,6.6323805e-06
0,0,1.5337337e-05
0,0,0.000430484
0,0,8.699926e-06
0,0,2.617239e-05
0,0,2.2665134e-05
0,0,7.3683045e-06
0,0,0.0043771756
0,0,9.847425e-06
0,0,6.0833292e-05
0,0,7.605055e-06
0,0,2.618003e-05
0,0,0.08780127
0,0,2.3425542e-05
0,0,1.2929191e-05
0,0,7.6184483e-06
0,0,6.9118587e-06
0,0,1.4917967e-05
0,0,2.1831647e-05
0,0,1.0775182e-05
1,0,6.075647e-05
0,0,8.688667e-06
0,0,6.8253817e-06
0,0,1.7426777e-05
0,0,9.490711e-06
1,1,0.99987817
0,0,5.4857683e-06
0,0,7.5025964e-06
1,1,0.9999945
0,0,1.28843385e-05
0,0,1.233147e-05
0,0,9.070634e-06
0,0,1.016291e-05
0,0,6.553603e-05
0,0,6.4878445e-06
1,1,0.99996746
0,0,7.2442676e-06
0,0,9.921148e-06
0,0,8.48984e-06
1,1,0.9999629
0,0,9.357145e-06
1,1,0.9999589
0,0,8.910093e-06
1,1,0.99998796
0,0,5.0851236e-06
0,0,7.0124797e-06
0,0,9.4401075e-06
0,0,9.9379085e-06
0,0,5.020951e-06
0,0,2.4699153e-05
0,0,1.0441685e-05
0,0,1.0744571e-05
0,0,6.2200747e-06
0,0,7.705803e-06
0,0,6.494462e-06
0,0,2.2456481e-05
0,0,6.606852e-06
0,0,1.58802e-05
1,1,0.9940566
0,0,8.065805e-06
0,0,8.919037e-06
0,0,7.713236e-06
0,0,5.4997336e-06
0,0,6.0314187e-06
0,0,0.0001972687
0,0,5.582581e-06
0,0,1.1812954e-05
0,0,9.343948e-06
0,0,6.771104e-06
0,0,1.2558552e-05
0,1,0.7817846
0,0,1.0694e-05
1,1,0.99996567
0,0,9.721068e-06
0,0,1.8569908e-05
0,0,9.553646e-05
0,0,6.3075445e-06
0,0,1.3417223e-05
0,0,1.1100702e-05
0,0,6.9907715e-06
0,0,8.691517e-06
1,1,0.9999939
0,0,1.1940544e-05
0,1,0.93752563
0,0,1.2248874e-05
0,0,0.00194234
0,0,1.2554672e-05
0,1,0.99971753
0,0,1.0637133e-05
1,1,0.9999113
0,0,1.0087862e-05
0,0,7.197236e-06
0,0,1.1668897e-05
0,0,8.9789155e-06
0,0,1.2658533e-05
0,0,1.5020078e-05
0,0,7.0915485e-06
0,0,7.1557265e-06
0,0,3.0306806e-05
0,0,1.4840251e-05
0,0,6.764069e-06
0,1,0.999913
1,1,0.9999914
0,0,5.9296184e-05
0,0,7.2787825e-06
0,0,1.2641354e-05
0,0,0.000114071896
0,0,8.17049e-06
0,0,1.0158859e-05
1,1,0.9998084
1,1,0.9744177
0,0,8.5193715e-06
0,0,1.0767189e-05
0,0,7.810865e-06
0,0,1.2212087e-05
1,1,0.9999945
0,0,5.574478e-06
0,0,0.0039188834
1,1,0.9999895
0,0,4.9601833e-05
1,1,0.9999627
0,0,8.017215e-06
1,1,0.9998221
0,0,1.2871245e-05
0,0,8.376156e-06
0,0,7.2647117e-06
0,0,1.2958915e-05
0,0,1.2148119e-05
0,0,3.611261e-05
0,0,0.14822026
0,0,1.7829165e-05
0,0,7.885802e-06
0,0,3.7903705e-05
0,0,9.7240416e-05
0,0,1.0957741e-05
0,0,1.12712305e-05
0,0,9.590943e-06
0,0,9.407251e-06
0,0,0.00043080506
0,0,2.5656296e-05
0,0,1.1368767e-05
1,0,1.733409e-05
0,0,2.900196e-05
0,0,1.1998005e-05
0,0,7.865344e-06
0,0,1.8435207e-05
0,0,5.5193736e-06
0,0,1.6726384e-05
0,0,7.639977e-06
0,0,2.2715138e-05
0,0,6.3495813e-06
0,0,1.1353308e-05
0,0,0.00086043566
0,0,6.1130813e-06
0,0,6.2554886e-06
0,0,1.1581093e-05
0,0,1.0929729e-05
0,0,1.02944905e-05
0,0,5.5257674e-06
0,0,6.900892e-06
1,1,0.9999926
0,0,6.6775815e-06
0,0,7.63268e-06
0,0,6.2736194e-06
1,1,0.999992
0,0,9.294773e-06
1,1,0.99998033
0,0,7.942074e-06
0,0,6.2434074e-06
0,0,4.1950287e-05
0,0,7.4572567e-06
0,0,8.255196e-06
1,1,0.99998355
0,0,0.0010239916
0,0,2.0657477e-05
0,0,0.06990099
0,0,1.0101493e-05
0,0,1.128995e-05
0,0,1.080734e-05
0,0,1.2159894e-05
1,1,0.9999801
0,0,8.4985895e-06
0,0,9.938193e-06
0,0,2.0118276e-05
0,0,1.2198771e-05
0,0,1.3922948e-05
0,0,1.1456961e-05
0,0,1.362247e-05
0,0,8.327515e-06
0,0,5.597604e-06
0,0,7.992275e-06
0,0,9.182842e-06
0,0,2.9706125e-05
0,0,6.206103e-06
0,0,4.716141e-05
0,0,1.6427399e-05
0,0,1.457629e-05
0,0,1.6265793e-05
1,0,0.00016387546
0,0,9.672528e-06
0,0,6.017418e-06
0,0,7.1500376e-06
1,1,0.9999926
0,0,3.3213117e-05
0,0,7.736598e-06
0,0,4.2051783e-05
0,0,2.4909963e-05
0,0,1.33690855e-05
1,1,0.9997733
0,0,1.0832684e-05
0,0,0.00011900679
0,0,6.7333435e-06
0,0,5.9208332e-06
0,0,2.2054719e-05
0,0,1.5628906e-05
0,0,8.586835e-06
0,0,7.2153575e-06
1,1,0.9999888
0,1,0.79017824
0,0,1.06329535e-05
1,1,0.99997425
0,0,0.0007637565
0,0,7.900836e-06
0,0,1.6220682e-05
0,0,7.669858e-06
0,0,1.2428825e-05
0,0,4.5276734e-06
0,0,4.576197e-06
0,0,5.495167e-06
0,0,5.963215e-06
0,0,2.347221e-05
1,1,0.99999285
0,0,6.806129e-06
0,0,6.9293487e-06
0,0,2.6582356e-05
0,0,1.0543067e-05
0,0,2.2542607e-05
0,0,4.825776e-05
1,1,0.99998677
1,1,0.9999795
0,0,7.1268028e-06
0,0,7.583328e-06
0,0,3.159783e-05
0,0,7.88994e-06
0,0,9.18392e-06
0,0,2.8672477e-05
0,0,2.4424842e-05
0,0,1.1217368e-05
0,0,9.476974e-06
0,0,7.952511e-06
0,0,1.5171872e-05
0,0,2.9242912e-05
0,0,8.530662e-06
0,1,0.9997459
1,1,0.9998597
0,0,2.5214164e-05
0,0,7.76493e-06
0,0,7.892258e-06
0,0,7.0613214e-06
0,0,9.489517e-05
0,0,5.7404545e-06
0,0,1.1988992e-05
0,0,7.62974e-06
0,0,1.1689346e-05
0,0,9.0769345e-06
0,0,5.696428e-06
0,0,1.33372605e-05
0,0,7.2930893e-06
0,0,1.0769295e-05
1,1,0.99999213
1,1,0.9998235
0,0,7.516641e-06
0,0,8.599046e-06
0,0,2.0698155e-05
0,0,7.0929814e-06
0,0,9.0530475e-06
0,0,9.602547e-06
0,0,1.0956696e-05
1,1,0.9969283
0,0,3.1956504e-05
1,1,0.9999919
0,0,1.1246472e-05
0,0,6.0025148e-05
0,0,7.2837124e-06
0,1,0.9986771
0,0,9.834707e-06
0,0,1.3371316e-05
0,0,1.775693e-05
0,0,6.9323096e-06
0,0,8.626841e-06
0,0,1.0699999e-05
0,0,1.0993978e-05
0,0,7.4840805e-06
0,0,8.513295e-06
0,0,6.1578244e-06
0,0,6.6263615e-06
0,0,1.8030367e-05
0,0,1.3128986e-05
0,0,5.0719937e-06
0,0,1.7310962e-05
0,0,0.00015712374
0,0,1.8546687e-05
0,0,5.4332236e-06
0,0,2.3104392e-05
0,0,7.289285e-06
0,0,3.8878094e-05
0,0,1.0199203e-05
1,0,4.040972e-05
0,0,6.435925e-06
1,1,0.99991727
0,0,1.3958751e-05
0,0,7.1225086e-06
0,0,6.9760003e-06
1,0,1.1618263e-05
0,1,0.9994803
0,0,5.8191536e-06
0,0,6.36208e-06
0,0,3.2861957e-05
0,0,1.3327877e-05
1,1,0.99998844
0,0,1.0561866e-05
0,0,9.089658e-06
0,0,4.258496e-05
0,0,9.592416e-06
0,0,6.830513e-06
0,0,2.9826257e-05
0,0,1.1513939e-05
0,0,6.637696e-06
0,0,8.991563e-06
0,0,1.8015653e-05
0,0,1.7906834e-05
0,0,7.750429e-06
0,0,1.222298e-05
0,0,5.250496e-06
0,0,1.1680341e-05
0,0,9.0128615e-06
0,0,8.181227e-06
0,0,5.8625974e-05
1,1,0.9999851
1,1,0.99995255
0,0,5.277394e-06
0,0,1.0759215e-05
1,0,3.1987118e-05
0,0,1.4158299e-05
0,0,7.5210437e-06
0,0,6.8801e-06
0,0,9.15447e-06
0,0,2.3777126e-05
0,0,8.139263e-05
1,1,0.99999297
1,1,0.9999939
0,0,1.7083641e-05
0,0,1.4884855e-05
0,0,8.922822e-06
0,0,6.6217376e-06
0,0,7.4890786e-06
0,0,6.5504746e-06
1,1,0.99995446
0,0,9.068239e-06
0,0,8.121364e-06
0,0,1.2357521e-05
1,1,0.9999546
0,0,9.665353e-06
0,0,1.7657403e-05
0,0,6.103376e-06
1,1,0.99992716
0,0,1.222298e-05
0,0,8.442301e-06
0,0,5.2137025e-06
0,0,8.471448e-06
0,0,5.9062268e-06
1,1,0.9998392
0,0,1.1402634e-05
0,0,3.0428e-05
0,0,8.15857e-06
0,0,2.0583419e-05
1,1,0.9999763
0,0,1.7603681e-05
0,0,7.782427e-06
0,0,2.8637176e-05
0,0,9.579042e-06
0,0,7.5446496e-06
0,0,9.003703e-06
0,0,1.058952e-05
0,0,9.686356e-06
0,0,1.0081755e-05
0,0,1.2650231e-05
0,0,7.736317e-06
0,0,1.0565715e-05
0,0,1.10542505e-05
0,1,0.9994795
0,0,9.0103595e-06
1,0,0.0001189538
0,0,9.524692e-05
0,0,5.443555e-06
0,0,1.1140589e-05
0,0,0.00020381507
0,0,1.0255578e-05
0,0,5.3731615e-05
0,0,8.549932e-06
0,0,6.5105346e-06
0,0,6.6786642e-06
0,1,0.9997192
0,0,1.0597653e-05
0,0,1.0406196e-05
0,0,0.00014324742
0,0,2.2097372e-05
1,1,0.99994767
0,0,4.2747142e-05
0,0,7.621464e-06
0,0,8.923393e-06
0,0,1.2195491e-05
0,0,8.388051e-06
0,0,1.714043e-05
0,0,7.5023604e-06
0,0,1.7043072e-05
0,0,8.9417e-06
0,0,9.600066e-06
0,0,3.2683438e-05
0,0,8.252158e-06
0,0,6.089121e-06
0,0,1.464702e-05
0,0,3.0165602e-05
0,0,8.264357e-06
0,0,1.6074682e-05
0,0,1.3686497e-05
0,0,5.9837803e-06
0,0,1.5522552e-05
0,0,6.23428e-06
0,0,1.251952e-05
0,0,5.3446973e-05
0,0,1.7963568e-05
0,0,2.6663702e-05
0,0,5.93203e-06
0,0,2.729839e-05
0,0,7.32653e-06
0,1,0.9945404
0,0,5.580313e-06
0,0,8.119815e-06
0,0,6.070404e-06
0,0,1.0353613e-05
0,0,9.042486e-06
1,1,0.99750215
0,0,1.7308535e-05
0,0,1.3978668e-05
0,0,1.1863034e-05
0,0,1.5852766e-05
0,0,1.20502145e-05
0,0,8.414956e-06
0,0,2.2857797e-05
0,0,1.431275e-05
0,0,7.880442e-06
0,0,6.332455e-06
0,0,6.78952e-06
0,0,0.00016237666
0,0,1.806913e-05
1,0,2.7607735e-05
0,0,7.4987624e-06
0,0,1.7563758e-05
0,0,1.8639443e-05
0,0,7.989798e-06
0,0,1.22258125e-05
0,0,0.0001512662
0,0,7.88669e-06
0,0,1.8108653e-05
0,0,1.2295407e-05
1,1,0.99998224
0,0,8.722024e-06
0,0,0.00070256
0,0,1.0898567e-05
0,0,2.3187344e-05
0,0,1.3246755e-05
0,0,6.600881e-06
0,0,3.114347e-05
0,0,2.4789671e-05
0,0,1.6139518e-05
0,0,2.5003736e-05
0,0,8.859053e-06
0,0,6.0718694e-06
1,1,0.99999297
0,0,1.3010391e-05
0,0,1.0997585e-05
0,0,3.1166106e-05
1,1,0.96932566
0,0,7.681812e-06
0,0,1.17655745e-05
0,0,0.03079268
0,0,1.3763501e-05
0,0,1.3221878e-05
0,0,6.863337e-06
0,0,7.811536e-06
0,0,7.390445e-06
0,0,7.5382995e-06
1,1,0.99998057
0,0,8.940318e-06
1,0,1.8344503e-05
0,0,2.5214093e-05
0,0,1.2553451e-05
0,0,7.3610986e-06
0,0,1.7977964e-05
0,0,1.0075277e-05
0,0,0.20208685
0,0,1.0852724e-05
0,0,1.0640552e-05
0,0,1.2902646e-05
1,0,3.846285e-05
1,1,0.9999924
1,1,0.9999553
0,0,6.9258604e-06
0,0,8.480906e-06
0,0,8.980782e-06
1,1,0.9999919
0,0,5.937764e-06
0,0,8.488634e-06
0,0,1.9895426e-05
0,0,8.411603e-05
0,0,8.3477025e-06
0,0,2.2859322e-05
0,0,2.5100111e-05
0,0,1.3838573e-05
0,0,2.0721363e-05
0,0,2.5542462e-05
0,0,0.023646146
0,0,1.7373477e-05
0,0,0.3624479
0,0,9.924091e-06
0,0,9.997529e-06
0,0,9.311088e-06
0,0,2.110608e-05
0,0,1.1032798e-05
0,0,1.2154145e-05
0,0,6.8317117e-06
0,0,1.1874147e-05
0,0,2.3518145e-05
1,1,0.99999094
0,0,8.937804e-06
0,0,1.335322e-05
0,0,1.2612189e-05
0,0,5.914445e-06
0,0,1.2776467e-05
0,0,8.88175e-06
0,0,3.1344527e-05
1,1,0.9999933
0,0,1.3230733e-05
0,0,7.212688e-06
0,0,2.0531741e-05
0,0,7.0191396e-05
0,0,8.817668e-06
0,0,1.4132829e-05
1,1,0.99998915
0,0,6.610734e-06
0,0,1.5445983e-05
0,0,1.3881822e-05
0,0,1.6676688e-05
1,1,0.99999356
0,0,1.3114258e-05
0,0,5.895164e-06
0,0,9.6068696e-05
1,1,0.99997103
0,0,1.2734596e-05
0,0,7.718321e-06
0,0,1.603836e-05
0,0,2.0357942e-05
0,0,6.5286467e-06
0,0,8.2671795e-06
0,0,4.8001134e-06
0,0,8.411851e-06
1,1,0.9999713
0,0,6.369377e-06
0,0,6.47479e-06
0,0,2.4435258e-05
0,0,1.40836e-05
0,0,2.056415e-05
0,0,1.6788677e-05
1,0,3.896788e-05
0,0,7.639191e-06
0,0,1.499067e-05
1,1,0.9989442
0,0,5.570593e-06
0,0,7.587618e-06
0,0,1.6632152e-05
0,0,7.464956e-06
0,0,6.319087e-06
0,0,1.45781105e-05
0,0,7.02377e-06
0,0,0.00013127003
0,0,2.0332445e-05
0,0,4.6907986e-05
0,0,3.6244444e-05
0,0,1.5724841e-05
1,1,0.9999908
0,0,1.1332236e-05
0,0,3.4021185e-05
1,1,0.99997413
0,0,1.5917907e-05
0,0,9.3441795e-06
0,0,7.666487e-05
0,0,7.905169e-06
0,0,9.819535e-06
0,0,6.698042e-06
0,0,0.00021062986
0,0,1.3830352e-05
1,1,0.9999877
1,1,0.9718989
0,0,6.1814544e-06
0,0,9.4738925e-06
0,0,0.00021985188
0,1,0.60182065
0,0,6.599534e-06
0,0,0.00026764633
0,0,1.4580557e-05
0,0,1.1460337e-05
0,0,7.6172346e-06
0,0,1.4748148e-05
0,0,2.8235907e-05
0,0,1.0262976e-05
0,0,6.601895e-06
0,0,4.9030295e-05
0,0,6.8361433e-06
0,0,9.671162e-06
0,0,9.15735e-06
0,0,8.4313915e-06
0,0,8.437455e-06
0,0,0.00010013961
0,0,5.929494e-05
0,0,6.5343647e-06
0,0,2.083228e-05
0,0,1.3903576e-05
1,1,0.99999213
0,0,1.0977478e-05
0,0,8.02275e-05
0,0,9.154102e-06
0,0,8.729046e-06
0,0,7.83861e-06
0,0,1.08825925e-05
0,0,6.372706e-06
0,0,1.4918493e-05
0,0,8.655964e-06
0,0,0.0044472967
1,1,0.9999925
0,0,3.0064739e-05
0,0,1.08343675e-05
0,0,9.899211e-06
0,0,1.4626417e-05
0,0,9.659337e-06
0,0,1.1152036e-05
1,1,0.992442
0,0,1.2118948e-05
0,1,0.98456395
0,0,7.052686e-05
0,0,1.7476972e-05
0,0,8.329048e-06
0,0,0.033109583
0,0,2.3527027e-05
0,0,1.4284699e-05
0,0,7.2846015e-06
0,0,1.4670688e-05
0,0,8.271115e-06
0,0,8.939696e-06
0,0,1.28503825e-05
0,0,8.895864e-06
0,0,7.1573577e-06
1,1,0.9999497
0,0,1.2911213e-05
0,0,3.5663088e-05
0,0,1.519504e-05
0,0,8.673052e-06
0,0,2.1277134e-05
0,0,9.781654e-06
0,0,5.4917614e-06
0,0,7.2649746e-06
0,0,1.4954703e-05
0,0,5.2475625e-06
0,0,6.3989532e-06
0,0,8.57492e-06
0,0,7.933996e-06
0,0,6.136188e-06
0,0,1.1769335e-05
1,1,0.99949884
0,0,1.241358e-05
0,0,1.3704443e-05
0,0,4.0201354e-05
0,0,3.2360524e-05
1,1,0.9999505
0,0,7.590317e-06
0,0,0.17236905
0,0,1.5282396e-05
0,0,1.2054226e-05
0,0,1.2265659e-05
0,0,9.441278e-06
0,0,8.659796e-06
0,0,1.7988425e-05
0,0,2.0437988e-05
0,0,4.791311e-05
0,0,0.43000394
0,0,8.135067e-06
0,0,9.783016e-06
0,1,0.9997558
0,0,7.250861e-06
0,0,1.4458679e-05
0,1,0.9998235
0,0,7.629078e-06
0,1,0.9115822
0,0,7.2220005e-06
0,0,0.0001577756
0,0,8.148585e-06
0,0,2.1466209e-05
0,0,5.107283e-05
0,0,8.017933e-06
0,0,3.5960027e-05
0,0,6.8293148e-06
0,0,7.3749975e-06
0,0,6.6948487e-06
0,0,3.6428824e-05
0,0,1.6291964e-05
0,0,1.292124e-05
0,0,7.042659e-06
0,0,0.00011735205
0,0,1.1722468e-05
0,0,1.3795866e-05
0,0,1.7436785e-05
0,0,1.2577259e-05
0,0,8.214148e-06
0,0,2.1797947e-05
0,0,5.6460285e-05
0,0,1.7590322e-05
0,0,1.3283264e-05
0,0,6.8331847e-06
0,0,0.0027362602
0,0,8.48776e-06
0,0,5.8374706e-05
0,1,0.99984396
1,1,0.99999475
0,0,5.7815223e-06
0,0,1.8565162e-05
0,0,5.396732e-05
0,0,9.091202e-06
0,0,8.368379e-06
0,0,1.4054042e-05
0,0,6.0127422e-06
0,0,6.345011e-06
1,1,0.9999913
0,0,1.6157213e-05
0,0,9.3398685e-06
0,0,0.00010428909
0,0,1.3585895e-05
0,0,6.6324815e-06
0,0,8.941776e-06
0,0,2.8122557e-05
0,0,1.4455204e-05
0,0,9.195945e-06
0,0,1.257352e-05
0,0,0.0004358121
0,0,1.2977961e-05
0,0,8.827815e-06
0,0,7.4780373e-06
0,0,1.3279641e-05
0,0,5.424567e-06
1,1,0.9998117
1,1,0.9999223
0,0,1.44012665e-05
0,0,8.554745e-06
0,0,1.07541155e-05
0,0,8.810784e-06
0,0,5.5519035e-06
0,0,5.9228214e-06
0,0,6.3781113e-06
0,0,6.858567e-06
0,0,6.4261917e-06
0,0,5.2755927e-06
0,0,5.6955145e-05
0,0,8.250127e-06
0,0,9.525331e-06
0,0,0.000358019
0,0,4.7803424e-06
0,0,8.265271e-06
0,0,2.7228141e-05
0,0,6.0387106e-06
1,1,0.9999933
0,0,1.807292e-05
0,0,2.0346857e-05
0,0,1.1942673e-05
0,0,1.1336797e-05
0,0,7.027804e-06
1,0,0.2237733
0,0,8.734184e-06
0,0,2.9375062e-05
0,0,6.6828184e-06
0,0,7.755746e-06
0,0,6.490202e-06
0,0,4.1248135e-05
0,0,5.062878e-05
0,0,8.549215e-06
0,0,2.6208481e-05
0,0,7.290064e-06
0,0,9.82168e-06
0,0,6.4760807e-06
0,0,5.9991967e-06
0,0,3.0808136e-05
0,0,1.691159e-05
0,0,1.00085945e-05
0,0,0.00023332065
0,0,2.7098618e-05
0,0,2.25451e-05
1,1,0.99998736
1,1,0.99996233
0,0,1.6152839e-05
0,0,9.205947e-06
0,1,0.9994698
0,0,1.43721245e-05
0,0,6.8918157e-06
0,0,1.4848064e-05
0,0,1.032295e-05
0,0,1.7463746e-05
0,0,1.0096004e-05
0,0,6.2928784e-06
0,0,6.24411e-06
1,1,0.9999416
0,0,1.5090083e-05
0,0,8.926814e-06
0,0,2.0222338e-05
0,0,7.4503337e-06
0,0,8.816608e-06
1,1,0.9999318
0,0,0.00012081403
0,0,8.479596e-06
0,0,1.0518182e-05
0,0,7.0710057e-06
0,0,1.27877065e-05
0,0,8.671299e-06
0,0,4.0077142e-05
0,0,8.035325e-06
0,0,1.3596888e-05
0,0,1.9083258e-05
0,0,1.0086708e-05
0,0,8.380614e-06
0,0,1.5878746e-05
0,0,8.244787e-06
0,0,1.5363747e-05
0,0,6.5350127e-06
0,0,7.349588e-06
0,0,7.717658e-06
0,0,3.1783573e-05
0,0,1.6185853e-05
0,0,6.078712e-06
0,0,9.44072e-06
0,0,9.14925e-06
0,0,1.0532597e-05
0,0,1.1083195e-05
0,0,3.8565584e-05
1,1,0.99999404
0,0,9.072893e-06
0,0,6.068616e-06
0,0,7.3623482e-06
0,0,1.22425445e-05
0,0,9.177494e-06
0,0,1.0378209e-05
0,0,7.2384805e-06
0,0,3.9270955e-05
0,0,5.7606253e-06
0,0,5.7111693e-06
0,0,8.168518e-06
0,0,0.02225099
0,0,1.5952191e-05
0,0,7.4739883e-06
0,0,0.000113911345
0,0,9.223804e-06
0,0,1.04456085e-05
1,1,0.999985
0,0,1.9492247e-05
0,0,1.6102116e-05
0,0,9.279308e-06
0,0,5.288387e-06
0,0,2.7641563e-05
0,0,1.06913185e-05
1,1,0.99999034
0,1,0.9997826
0,0,8.823185e-06
0,0,0.00022389786
0,0,3.7198875e-05
1,1,0.9999509
0,0,8.467136e-06
0,0,6.7620044e-06
0,0,5.4555494e-06
0,0,5.3480153e-06
0,0,6.908247e-06
0,0,9.940866e-06
0,0,8.6487435e-06
0,0,1.2176501e-05
0,0,2.2085216e-05
0,0,9.113085e-06
0,0,6.050649e-06
0,0,4.0544124e-05
0,0,1.2670442e-05
0,0,1.583021e-05
0,0,5.9457984e-06
0,0,9.384814e-06
0,0,3.759179e-05
0,0,5.2680007e-06
0,0,6.741387e-06
0,0,7.3200067e-06
0,0,2.0735992e-05
0,0,7.0582046e-06
0,0,7.701645e-05
0,0,7.842169e-06
0,0,1.3851234e-05
0,0,6.3953353e-06
0,0,6.4444685e-06
0,0,5.7651205e-06
0,0,6.0084776e-06
0,0,3.4571258e-05
0,0,9.779024e-06
0,0,5.706997e-05
0,0,7.726437e-06
0,0,2.3480363e-05
0,0,8.135859e-06
1,1,0.99998546
1,1,0.99994695
0,0,6.5418844e-06
0,0,6.697122e-06
0,0,5.2543182e-06
0,0,6.1798e-05
1,1,0.9999788
0,0,1.1566623e-05
0,1,0.9998938
1,1,0.99993
0,0,8.342132e-06
0,0,1.7668353e-05
1,1,0.9999814
0,0,8.4000585e-06
0,0,7.3685437e-06
0,0,1.823933e-05
0,0,2.1229784e-05
0,0,1.919485e-05
1,1,0.99998844
0,0,1.144949e-05
0,0,5.595809e-05
0,0,1.2728598e-05
0,0,3.300227e-05
0,0,1.3696198e-05
0,0,2.2960437e-05
0,0,7.458573e-06
0,0,1.1792783e-05
0,0,8.980696e-06
1,1,0.99998415
0,0,7.2534135e-06
0,0,1.1208846e-05
0,0,1.246164e-05
0,0,1.28279635e-05
0,0,0.000105974665
0,0,1.548619e-05
0,0,1.6235415e-05
0,0,8.236238e-06
0,0,8.871998e-06
0,1,0.9988325
0,0,0.00022309153
0,0,5.2387477e-06
0,0,5.8354333e-05
0,0,6.316502e-06
0,0,9.426432e-06
0,0,7.810434e-06
1,0,0.23351452
0,0,1.1638545e-05
0,0,2.9466359e-05
1,1,0.9999722
0,0,8.421426e-06
0,0,9.096613e-06
0,0,4.8574734e-06
0,0,1.7237095e-05
0,0,8.218325e-06
0,0,4.482409e-05
0,0,5.5496388e-05
1,0,0.002048464
0,0,1.0055253e-05
0,0,1.8898294e-05
0,0,1.2666129e-05
0,0,1.07968735e-05
0,0,1.1699886e-05
0,0,1.1498303e-05
0,0,1.6805128e-05
0,0,0.00017022993
0,0,1.14988625e-05
0,1,0.9998375
0,0,5.878928e-06
0,0,1.1351423e-05
0,0,3.5884117e-05
0,0,5.5032174e-06
0,0,1.5826481e-05
0,0,1.5834574e-05
0,0,8.531785e-06
0,1,0.9978828
0,0,6.213719e-05
0,0,6.9089324e-06
0,0,1.0759902e-05
0,0,3.1628337e-05
0,0,2.3083516e-05
0,0,2.439209e-05
0,0,4.4917533e-06
0,0,8.592791e-06
0,0,2.0295949e-05
0,0,8.56673e-06
0,0,1.8885179e-05
1,1,0.94725275
0,0,1.3127909e-05
0,0,4.8923785e-06
0,0,1.5038826e-05
0,0,9.881771e-06
0,0,8.92581e-06
0,0,4.264466e-05
0,0,1.3527951e-05
0,1,0.99962306
0,0,1.7789745e-05
0,0,1.2421774e-05
0,0,5.9419212e-06
0,0,1.44299165e-05
0,0,6.401016e-06
1,1,0.9999825
0,0,1.3950074e-05
0,0,6.7321625e-06
0,0,2.0203506e-05
0,0,8.479564e-06
0,0,6.7182125e-05
0,0,1.6438307e-05
0,0,6.500664e-06
1,1,0.9999914
0,0,5.726031e-06
0,0,6.6365437e-06
1,1,0.99863166
1,1,0.9999949
0,0,9.631842e-06
0,0,5.7957927e-06
0,0,1.0881276e-05
1,1,0.9999944
0,0,1.581963e-05
0,0,8.800555e-06
1,1,0.99999285
0,0,3.1189564e-05
0,0,7.708295e-06
0,0,1.6008607e-05
0,0,3.746553e-05
0,0,6.8490835e-06
0,0,8.769397e-06
0,0,2.093784e-05
0,0,2.0106345e-05
0,0,1.3946935e-05
0,0,1.8495326e-05
0,0,1.11063355e-05
0,0,7.133528e-06
0,0,8.604624e-06
0,0,7.2146213e-06
0,0,7.106123e-06
0,0,8.410447e-06
0,0,1.5898217e-05
0,0,5.9560875e-06
0,0,6.1001524e-06
0,0,5.883538e-06
0,0,1.7691653e-05
0,0,1.651869e-05
0,0,7.30245e-06
0,0,6.166222e-06
0,1,0.99948335
0,0,1.3129412e-05
0,0,8.367598e-06
1,1,0.9999727
0,0,6.311011e-05
0,0,6.4331084e-06
0,0,1.8613437e-05
0,0,5.1365937e-06
0,0,9.749338e-06
0,0,1.12276975e-05
0,0,5.642878e-06
0,0,4.8494276e-05
0,0,8.012949e-06
0,0,4.7047495e-05
0,0,8.443089e-06
0,0,8.185137e-06
0,0,5.7780776e-06
0,0,2.5289059e-05
0,0,3.1853968e-05
0,0,2.5376388e-05
0,0,0.00011491617
0,0,8.852803e-06
0,0,7.4187333e-06
0,0,5.4358666e-06
0,0,5.1420047e-05
0,0,6.9671983e-06
0,0,1.0706113e-05
0,0,6.343474e-06
0,0,6.26492e-06
1,1,0.9999869
0,0,1.1405331e-05
0,0,1.714007e-05
0,0,1.9553429e-05
0,0,1.0263445e-05
0,0,1.0866144e-05
0,0,1.0993077e-05
0,0,7.736848e-06
0,0,1.5402446e-05
0,0,8.4434605e-06
0,0,2.5689493e-05
0,0,7.426619e-06
0,0,5.091063e-06
1,1,0.99996424
0,0,6.587185e-06
0,0,5.454093e-05
0,0,6.1876885e-06
0,0,1.627178e-05
0,0,1.6694097e-05
0,0,6.2665754e-06
0,0,8.344774e-06
0,0,1.1793142e-05
0,0,1.8351591e-05
0,0,6.678406e-05
0,1,0.99997663
0,0,6.900056e-06
0,0,8.96572e-06
0,0,4.593745e-05
0,0,1.7784216e-05
0,0,1.2301623e-05
0,0,8.046658e-06
1,1,0.9999908
0,0,1.26683635e-05
1,1,0.9999689
1,1,0.99998283
0,0,1.1642096e-05
1,1,0.99992526
1,1,0.9999666
0,0,3.845933e-05
0,0,1.257376e-05
1,1,0.99997294
0,0,1.4208914e-05
0,0,8.817684e-06
0,0,1.1054841e-05
0,0,7.77951e-06
0,0,5.948663e-06
1,1,0.9999814
0,0,1.1031325e-05
0,0,5.666309e-06
1,1,0.9867307
0,0,8.5644015e-06
0,0,1.30110975e-05
0,0,9.107064e-06
0,0,1.356046e-05
0,0,0.00086423464
0,0,5.840241e-06
0,1,0.99959105
0,0,1.1442591e-05
0,0,8.1408725e-06
0,0,6.6277903e-06
0,0,1.2794477e-05
0,0,7.014841e-06
0,0,7.404851e-06
0,0,6.3481884e-06
0,0,7.5670737e-06
0,0,1.1996174e-05
0,0,1.0134378e-05
0,0,5.780127e-05
1,1,0.9999255
0,0,1.5540607e-05
0,0,8.116973e-06
0,1,0.9998406
0,0,1.0178022e-05
0,1,0.9977647
0,0,1.0008509e-05
0,0,9.994354e-06
0,0,2.253861e-05
0,0,1.4070671e-05
0,0,2.4325747e-05
0,0,7.934912e-06
0,0,2.0875576e-05
0,0,5.3924227e-06
0,0,1.0099394e-05
0,0,5.6315725e-06
0,0,7.712111e-06
0,0,1.0219932e-05
0,0,9.568835e-06
0,0,7.48418e-06
0,0,6.939281e-06
0,0,8.871938e-06
0,0,7.010547e-06
0,0,2.8751912e-05
1,1,0.99999297
0,0,5.897942e-06
0,0,2.1088857e-05
0,0,8.107983e-06
0,0,5.608424e-06
0,0,8.421675e-06
0,0,1.365031e-05
0,0,9.779966e-06
0,0,1.1765508e-05
0,0,1.3319402e-05
0,0,7.0501246e-06
0,0,0.003604161
1,0,0.00386683
1,1,0.99998224
0,0,8.847756e-06
0,0,2.1791751e-05
0,0,6.6840636e-05
0,0,8.419949e-06
0,0,5.3666795e-06
0,0,1.5448253e-05
1,1,0.9999702
0,0,5.1251543e-05
0,0,6.585426e-06
0,0,8.150987e-06
0,0,0.00055128435
0,0,8.752069e-06
0,0,4.7341296e-06
0,0,1.293791e-05
0,0,7.542923e-06
0,0,1.3874583e-05
0,0,7.485808e-06
0,0,6.85807e-06
0,0,1.7535605e-05
0,0,7.599175e-06
0,0,7.318052e-06
0,0,1.5987463e-05
0,0,1.1405189e-05
0,0,5.552295e-06
0,0,1.1263882e-05
0,0,1.9763243e-05
0,0,8.058484e-06
1,1,0.99998236
0,0,4.7311554e-05
0,0,5.8769156e-06
0,0,8.007037e-06
0,0,1.2890852e-05
0,0,1.5984353e-05
0,0,7.342295e-06
0,0,5.7739458e-06
0,0,1.1157611e-05
0,0,7.5094613e-06
0,0,1.6979124e-05
0,0,6.7681854e-06
0,0,9.7460514e-05
0,0,9.067953e-06
0,0,5.1577654e-06
0,0,3.4149285e-05
0,0,9.1709835e-06
0,0,1.1954275e-05
1,1,0.9999944
0,0,5.569266e-05
0,0,1.0748231e-05
0,0,5.2738513e-05
0,0,1.9391606e-05
0,0,1.4310866e-05
1,1,0.9999945
0,0,6.792441e-06
0,0,7.789384e-06
0,0,3.347884e-05
0,0,1.5700474e-05
0,0,1.5623436e-05
0,0,7.631997e-06
0,0,0.075647965
1,1,0.9999602
0,0,1.2517646e-05
0,0,0.014275069
0,0,1.9791894e-05
0,0,1.6472173e-05
0,0,6.945001e-06
0,0,7.0095975e-06
0,0,7.78003e-06
0,0,5.2110977e-06
1,1,0.99998534
0,0,6.1525357e-06
1,1,0.9999864
0,0,1.0384782e-05
0,0,3.3579432e-05
0,0,1.6056587e-05
0,0,8.898256e-06
0,0,5.394211e-05
0,0,8.969569e-06
0,0,1.2653632e-05
0,0,2.8575409e-05
0,0,9.529265e-06
0,0,8.228143e-06
0,0,9.209503e-06
0,0,9.0368485e-06
0,0,7.2341327e-06
0,0,1.0186897e-05
0,0,1.05130075e-05
0,0,8.785402e-06
0,0,1.2314511e-05
1,0,0.0054048286
0,0,8.277443e-06
0,0,5.8440355e-06
0,0,1.0202413e-05
0,0,8.637649e-06
0,0,1.3004313e-05
0,0,9.611654e-06
0,0,0.111170396
0,0,7.5833714e-06
0,0,0.00031090734
0,0,9.808126e-06
0,0,6.1917735e-06
0,0,6.9002667e-06
0,0,8.151633e-06
0,0,1.3627472e-05
0,0,1.0376763e-05
0,0,1.1467456e-05
0,0,7.82736e-06
0,0,7.2812823e-06
1,1,0.99998915
0,0,9.036245e-06
0,0,9.070072e-06
0,0,1.9419349e-05
0,0,6.0947623e-06
1,1,0.99995387
0,0,1.1122637e-05
0,0,1.3456203e-05
0,0,8.314548e-06
0,0,5.758999e-06
0,0,2.828005e-05
0,0,1.0493515e-05
0,0,1.2437765e-05
1,1,0.999969
0,0,5.9298804e-06
0,0,1.8012166e-05
0,0,8.70689e-06
0,0,1.7468923e-05
1,1,0.999853
0,0,1.44898595e-05
1,1,0.99999464
1,1,0.9984591
0,0,7.3813094e-06
0,0,7.646728e-06
0,0,2.6270565e-05
0,0,8.560825e-06
0,0,2.4154637e-05
0,0,1.4648543e-05
0,0,4.839731e-06
0,0,1.2074833e-05
0,0,9.914838e-06
0,0,8.824784e-06
0,0,2.069948e-05
0,0,7.3986603e-06
0,0,8.257236e-06
0,0,7.4023656e-06
0,0,8.372291e-06
0,0,6.0089765e-06
0,0,2.47574e-05
1,1,0.99998605
0,0,1.18287035e-05
0,0,0.00012313294
0,0,7.2909747e-06
1,1,0.99976355
0,0,1.4295207e-05
1,1,0.99998295
0,0,1.0189792e-05
0,0,8.176383e-06
0,0,7.366787e-06
0,0,7.731545e-06
0,0,8.888741e-06
0,0,8.901931e-06
0,0,9.420807e-06
0,0,6.6978123e-06
0,0,6.1686105e-06
0,1,0.64261204
0,0,7.2475564e-06
0,0,1.1360391e-05
0,0,2.7383572e-05
0,0,6.2982517e-06
0,0,1.1040691e-05
0,0,1.354517e-05
0,0,6.229145e-06
0,0,7.852879e-06
0,0,1.1019129e-05
0,0,0.000117056785
0,0,1.550153e-05
0,0,5.6480534e-05
0,0,7.2701105e-06
0,0,1.1648638e-05
0,0,4.215883e-05
0,0,5.4899843e-05
0,0,6.2665817e-06
0,0,8.719479e-06
0,0,9.963378e-06
0,0,5.8594273e-06
0,0,6.800458e-06
0,0,1.0871887e-05
0,0,1.0840238e-05
0,0,8.733877e-06
0,0,1.0648125e-05
0,0,3.2445434e-05
0,0,1.1438641e-05
0,0,6.732714e-06
0,0,2.713156e-05
0,0,6.6043194e-06
0,0,1.1134821e-05
0,0,1.0243869e-05
0,0,1.4144073e-05
0,0,1.5057367e-05
0,0,1.15431285e-05
0,0,1.2784585e-05
0,0,8.254603e-05
0,0,1.5142413e-05
1,1,0.9999844
0,1,0.9999211
0,0,1.158685e-05
0,1,0.93457586
0,0,1.4161944e-05
0,0,7.1785216e-06
0,0,1.08387085e-05
0,0,9.9536355e-06
0,1,0.99990034
0,0,1.2215908e-05
0,0,2.000137e-05
0,0,5.8585106e-06
0,0,0.00014046377
0,0,6.691609e-05
0,0,1.7386474e-05
0,0,9.704737e-06
0,0,8.281936e-06
0,0,6.0083057e-06
1,1,0.9996731
0,0,2.0884994e-05
0,0,2.6860524e-05
1,1,0.9999883
0,0,1.9404188e-05
0,0,8.57582e-06
0,0,6.8956156e-06
0,0,8.437777e-06
0,0,9.180723e-06
0,0,1.1036217e-05
0,0,1.301466e-05
0,0,1.6406202e-05
0,0,1.0030323e-05
0,0,1.2050708e-05
0,0,1.2519091e-05
0,1,0.99737453
0,0,3.258342e-05
1,1,0.9995421
0,0,9.120883e-06
0,0,9.11725e-06
0,0,3.0752948e-05
0,0,8.056379e-06
0,0,9.098722e-06
0,0,1.9942823e-05
0,0,5.392658e-05
0,0,9.572248e-06
0,0,2.0734826e-05
0,0,1.0631929e-05
0,0,5.6060717e-06
0,0,1.2694451e-05
0,0,3.7472135e-05
0,0,8.970056e-06
0,0,1.3446749e-05
0,0,9.267891e-06
0,0,7.746233e-06
0,0,1.5379623e-05
0,0,5.611255e-06
0,0,9.362233e-06
0,0,7.3144383e-06
1,1,0.99997437
0,0,7.68508e-06
0,0,7.285831e-06
0,1,0.99985504
0,0,1.4760094e-05
0,0,7.455223e-06
0,0,6.6048547e-06
0,0,9.890049e-06
0,0,8.61143e-06
0,0,6.3677007e-06
0,0,5.910656e-06
0,0,1.6324047e-05
0,0,8.141463e-06
0,0,9.370317e-06
0,0,1.0683164e-05
1,1,0.9999893
0,0,5.374393e-06
0,0,1.970158e-05
0,0,1.1346445e-05
0,0,7.5313073e-06
0,0,9.6421445e-06
1,1,0.99999297
0,0,5.4504117e-06
0,0,1.6205748e-05
0,0,1.3362838e-05
0,0,6.6038156e-06
1,1,0.9999927
1,1,0.9999949
0,0,1.5598423e-05
0,0,7.351852e-06
0,0,7.7635605e-06
0,0,5.5968353e-06
1,1,0.99967885
0,0,1.0025514e-05
0,0,8.411939e-06
0,0,7.2017465e-06
0,0,2.7799886e-05
0,0,1.4308711e-05
0,0,1.2755794e-05
0,0,1.29218815e-05
0,0,0.0007914358
0,0,7.7414015e-06
0,0,4.289456e-05
0,0,0.00087225786
0,0,1.0426978e-05
0,1,0.61528236
0,0,6.1459323e-06
0,0,1.4404701e-05
0,0,1.3337719e-05
0,0,9.89654e-06
0,0,8.224793e-06
1,1,0.9994143
0,0,1.08242775e-05
0,0,8.762475e-06
1,0,1.5585636e-05
0,0,5.9536287e-06
0,0,1.8121365e-05
1,1,0.9999907
0,0,4.0794865e-05
0,0,1.543565e-05
0,0,8.438276e-06
0,0,6.125827e-06
0,0,1.5502683e-05
1,1,0.9999764
0,0,2.0110161e-05
0,0,1.1377044e-05
0,0,1.0362089e-05
1,0,0.00018438662
0,0,7.1549416e-06
0,0,9.839173e-06
0,0,3.1718744e-05
0,0,3.486782e-05
1,0,0.13541587
0,0,2.8839046e-05
0,0,1.1456765e-05
0,0,8.990988e-06
1,1,0.99986565
0,0,2.3556593e-05
0,0,1.704239e-05
0,0,4.4580927e-05
0,0,7.895383e-06
0,0,7.96644e-06
0,0,1.0044212e-05
0,0,5.3972904e-06
1,1,0.9997359
0,0,6.036776e-06
0,0,1.939675e-05
0,0,7.22198e-06
0,0,8.730503e-06
0,0,1.0997901e-05
0,0,6.5410844e-05
0,0,3.2334916e-05
0,0,8.393236e-06
0,0,1.9086552e-05
0,0,8.9331415e-06
0,0,1.7295435e-05
0,0,6.124394e-05
0,0,8.981217e-05
0,0,6.047237e-05
0,0,7.896301e-06
0,0,7.72416e-06
0,0,5.555267e-06
0,0,1.1510359e-05
0,0,6.762888e-06
0,0,5.962231e-06
0,0,2.456624e-05
0,0,8.291418e-06
1,1,0.99998486
0,0,1.8040342e-05
0,0,1.8230861e-05
0,0,4.543763e-05
0,0,7.518103e-06
0,0,7.8817575e-06
0,0,8.35943e-06
0,0,2.3841882e-05
0,0,1.087222e-05
0,0,8.270042e-06
0,0,0.00019169599
0,0,7.0214132e-06
0,0,2.2989709e-05
0,0,2.3103908e-05
0,0,9.692934e-06
0,0,5.285866e-06
0,0,1.2837582e-05
0,0,9.012491e-06
0,0,8.579206e-06
1,1,0.99998534
0,0,1.0526391e-05
0,0,1.0760548e-05
0,0,6.465263e-06
0,0,7.286686e-06
0,0,1.0069696e-05
0,0,1.7729653e-05
1,1,0.99995065
0,0,8.222894e-06
1,1,0.9999871
0,0,2.4120845e-05
0,0,3.8466962e-05
0,0,1.5013834e-05
0,0,2.846922e-05
0,0,9.643827e-06
0,0,8.146744e-06
0,0,6.61255e-06
0,0,8.090897e-06
0,0,1.7399743e-05
0,0,2.2595037e-05
0,0,8.425251e-06
1,1,0.9999124
0,0,3.272167e-05
0,0,0.00019252357
0,0,1.3318843e-05
0,0,9.343511e-06
0,0,9.026357e-06
0,0,7.770545e-06
0,0,6.9682083e-06
0,0,3.8280697e-05
0,0,2.4810533e-05
0,0,3.6615023e-05
0,0,6.12373e-06
0,0,7.571852e-06
0,0,1.675603e-05
0,0,8.914674e-06
1,1,0.99998784
1,1,0.99991584
0,0,1.4762446e-05
0,0,9.114155e-06
0,0,1.170675e-05
0,0,1.4608908e-05
0,0,6.8000045e-06
0,0,6.623544e-06
0,0,1.2175386e-05
0,0,0.00037351192
0,1,0.9993198
1,1,0.9999862
0,0,8.935076e-06
0,0,0.24265999
0,0,9.658157e-06
0,0,1.7745013e-05
0,0,1.0153126e-05
0,0,8.925248e-06
0,0,9.65829e-05
0,0,1.0930562e-05
1,1,0.9999777
1,1,0.9995203
0,0,8.731844e-06
0,0,1.683196e-05
0,0,1.2284437e-05
0,0,2.1130914e-05
0,0,6.2017484e-06
1,1,0.9999933
0,0,4.736225e-05
0,0,8.3861e-06
0,0,1.00660955e-05
0,0,1.1966844e-05
0,0,9.915898e-06
0,0,1.2452185e-05
0,0,1.2866975e-05
0,0,8.012415e-06
0,0,2.8556095e-05
1,1,0.9999944
1,1,0.9999747
0,0,8.308104e-06
0,0,1.1400905e-05
1,0,0.0053113643
1,1,0.9998591
0,0,9.956054e-06
0,0,1.0165634e-05
1,1,0.99905676
1,1,0.9999887
0,0,2.3602492e-05
0,0,6.4932046e-06
1,1,0.99992335
1,0,0.007385197
0,0,8.6815435e-06
0,0,1.6692155e-05
0,0,3.56399e-05
1,1,0.94801784
0,0,1.0304579e-05
0,0,1.586116e-05
0,0,3.4229884e-05
0,0,1.1472104e-05
0,0,8.700788e-06
0,0,9.882337e-06
1,1,0.9998982
0,0,6.9655507e-06
0,0,1.4241691e-05
0,0,7.513014e-06
0,0,7.748127e-05
0,0,1.674814e-05
1,1,0.99998724
0,0,1.26368095e-05
0,0,8.699959e-06
0,0,6.730243e-06
0,0,1.7046908e-05
0,0,5.5362116e-06
0,0,1.2696325e-05
0,0,1.9971807e-05
0,0,0.0001257112
1,1,0.9999851
0,0,1.2191212e-05
0,0,2.2209448e-05
0,0,7.899487e-06
0,0,8.2426095e-06
0,0,5.337835e-06
0,0,1.0444832e-05
0,1,0.9997553
0,0,1.145494e-05
0,0,1.0045496e-05
0,0,7.857456e-06
0,0,6.4529863e-06
1,1,0.9999856
0,0,8.698947e-06
0,0,7.648653e-06
0,0,1.11976915e-05
0,0,2.186728e-05
0,0,1.0539569e-05
0,0,0.010442183
0,0,7.3318624e-06
0,0,5.614338e-06
0,0,0.00011820695
0,0,1.7712331e-05
0,0,2.6161362e-05
0,0,8.506122e-06
0,0,1.1835823e-05
1,0,1.2644466e-05
0,0,6.7134024e-06
0,0,2.4870085e-05
1,1,0.9999713
1,1,0.99999285
0,0,1.3459387e-05
0,0,8.7086755e-06
0,0,0.00013968002
0,0,6.050684e-06
0,0,7.099435e-05
0,0,2.5289517e-05
0,0,0.00022602196
0,0,1.0640339e-05
0,0,5.638785e-06
0,0,8.580336e-06
1,1,0.99999404
0,0,6.28694e-06
0,0,1.2894908e-05
0,0,9.241714e-06
1,1,0.99999404
0,0,8.16675e-06
0,0,3.469323e-05
0,0,7.177276e-06
0,0,8.919955e-06
0,0,1.5227056e-05
0,0,1.4441784e-05
0,0,1.4060504e-05
0,0,8.647457e-06
0,0,1.6329917e-05
0,0,4.7207714e-06
0,0,1.0034247e-05
0,0,1.7056991e-05
0,0,6.1794144e-06
0,0,1.4993929e-05
0,0,1.3183186e-05
0,0,1.7959695e-05
0,0,8.97674e-06
0,0,2.5638614e-05
0,0,1.7048404e-05
0,0,8.2615525e-06
0,0,2.0342997e-05
0,0,1.273609e-05
0,0,3.622675e-05
0,0,1.24422495e-05
0,0,7.90018e-06
0,0,8.612958e-05
0,0,8.180579e-06
1,1,0.99998844
0,0,7.5454195e-06
0,0,1.6353952e-05
0,0,6.6014854e-06
0,0,1.6702776e-05
0,1,0.9999459
0,0,8.134401e-06
0,0,1.340198e-05
1,1,0.9999865
0,0,8.2788565e-06
0,0,8.527702e-06
0,0,1.1102226e-05
0,0,7.70512e-06
0,0,3.9669216e-05
0,0,7.4661875e-06
0,0,8.014119e-06
0,0,6.8497434e-06
0,0,7.5976686e-06
0,0,1.3891236e-05
0,0,8.510674e-06
0,0,9.424132e-06
0,0,2.5615518e-05
0,0,6.3393923e-06
0,0,7.932718e-06
1,1,0.99999094
0,0,1.6818083e-05
0,0,9.352854e-06
0,0,7.6232814e-06
0,0,9.698122e-06
1,0,0.0005152038
0,0,6.7234428e-06
0,0,9.016265e-06
0,0,9.964575e-06
0,0,6.3836424e-06
0,0,8.063658e-06
0,0,6.9154405e-05
0,0,1.2850665e-05
0,0,1.4946205e-05
0,0,1.066294e-05
0,0,7.653257e-06
0,0,0.00075473747
0,0,0.00024436045
0,0,9.805929e-06
0,0,0.003351815
0,0,7.6948245e-06
0,0,6.1242204e-06
0,0,1.2439793e-05
0,0,2.595389e-05
0,0,7.04505e-06
0,0,1.3647242e-05
0,0,1.0078948e-05
0,1,0.9999583
0,0,9.420807e-06
1,1,0.9999933
0,0,8.934395e-06
0,0,1.7203596e-05
0,0,0.00012232311
0,0,1.3970951e-05
0,0,6.8214645e-06
1,1,0.9999944
0,0,1.017155e-05
0,0,7.9570245e-06
0,0,1.1565233e-05
0,0,1.2403403e-05
0,0,1.7504728e-05
0,0,1.7856168e-05
0,0,2.2905959e-05
0,0,7.1679383e-06
0,0,6.2097615e-06
0,0,7.955735e-06
0,0,5.2494747e-06
0,0,1.0031721e-05
0,0,7.866229e-06
1,1,0.99991035
0,0,2.1165783e-05
1,0,0.00077830104
0,0,0.009471383
1,1,0.9999862
0,0,5.059395e-06
0,0,1.0004949e-05
0,0,1.2768782e-05
0,0,8.979232e-06
0,0,1.0883486e-05
0,0,7.6145043e-06
0,0,5.5027026e-06
0,0,7.0347514e-06
0,0,7.1190516e-06
0,0,8.150428e-06
0,0,6.940969e-06
0,0,6.2406093e-06
0,0,1.5873342e-05
0,0,6.7454707e-06
1,1,0.9999049
0,0,3.6275535e-05
0,0,1.1014485e-05
0,0,6.804065e-06
1,1,0.99999094
1,0,0.013134565
0,0,8.701652e-06
0,0,9.472086e-06
0,0,1.2814709e-05
0,0,6.8780078e-06
0,0,9.366992e-06
0,0,9.270693e-06
0,0,1.9220439e-05
0,0,9.273788e-06
0,0,5.203787e-06
0,0,6.6554944e-06
0,0,1.06826965e-05
0,0,8.5763595e-06
0,0,1.05242225e-05
0,0,1.2760309e-05
0,0,1.0692879e-05
0,0,6.7650817e-06
0,0,1.7709544e-05
0,0,1.30623575e-05
0,0,9.510508e-06
0,0,7.5481757e-06
0,0,7.637238e-06
0,0,1.2805657e-05
0,0,5.612287e-06
0,0,8.312193e-06
0,0,7.4418194e-06
0,0,6.0000093e-06
1,1,0.99947494
0,0,6.9510843e-06
0,0,5.579685e-06
0,0,1.4431677e-05
0,0,5.4560387e-06
0,0,1.1478506e-05
0,0,6.6832577e-06
0,0,8.060475e-06
0,0,9.2508135e-06
1,1,0.9999591
0,0,4.5558383e-05
0,0,6.5640384e-06
0,0,0.00012442263
0,0,9.803115e-06
0,0,8.3738e-06
0,0,8.170895e-06
0,0,6.919364e-06
0,0,4.6502286e-05
1,1,0.9999927
0,0,6.040525e-06
0,0,8.974925e-06
0,0,6.0043417e-06
1,1,0.9997956
0,0,1.0298978e-05
0,0,5.99744e-06
0,1,0.9999404
0,0,5.236596e-05
0,0,5.1782223e-05
0,0,9.227491e-06
0,0,3.231281e-05
0,0,2.3270462e-05
0,0,7.430182e-06
1,1,0.9999944
0,0,9.967417e-06
0,0,7.939197e-06
0,0,2.6933523e-05
0,0,5.5691216e-06
0,0,6.724167e-06
0,0,8.122393e-06
0,0,7.8040975e-05
0,0,5.8832293e-06
0,0,7.4847867e-06
0,0,5.2849687e-06
0,0,7.893771e-06
0,0,1.4720539e-05
0,0,2.1233145e-05
0,0,7.287451e-06
0,0,7.4069985e-06
0,0,5.564487e-06
0,0,1.18033595e-05
0,0,6.3729613e-06
0,0,1.1133462e-05
0,0,9.997958e-06
0,0,2.1721064e-05
0,0,8.807482e-06
0,0,3.638841e-05
0,0,9.230088e-06
0,0,5.648795e-06
1,1,0.9999851
0,0,1.499067e-05
0,0,7.4993914e-06
0,0,7.7818995e-06
0,0,1.6786451e-05
0,0,8.556589e-06
1,1,0.99999154
1,1,0.99999475
1,1,0.99997175
0,0,7.1431336e-06
0,0,2.7845548e-05
0,0,7.571361e-06
0,0,6.47773e-06
0,0,5.944376e-06
0,0,8.767223e-06
0,0,5.2306215e-05
0,0,8.206114e-06
0,0,7.618034e-06
0,0,7.1937084e-06
1,1,0.9999732
0,0,1.1069177e-05
0,0,6.2594977e-06
0,0,6.523381e-06
0,1,0.9997224
0,0,1.5516987e-05
0,0,7.3710107e-06
0,0,2.3810933e-05
0,0,5.464329e-06
0,0,8.045899e-06
0,0,4.07697e-05
0,0,7.1151494e-06
0,0,1.1222858e-05
0,0,6.6132693e-06
0,0,9.698067e-06
0,0,9.637382e-06
0,0,1.417232e-05
1,1,0.9998078
0,0,9.893238e-06
0,0,7.1270474e-06
0,0,1.1339434e-05
0,0,1.1205117e-05
0,0,7.817312e-06
0,0,2.140331e-05
0,0,6.233912e-06
0,0,9.9689e-06
0,0,6.052479e-06
0,0,8.7222914e-05
0,0,1.2896655e-05
0,0,1.1506123e-05
0,0,1.4117259e-05
0,0,1.1049781e-05
0,0,6.283243e-05
0,0,7.4890067e-06
0,0,6.225891e-06
0,0,7.3627484e-06
0,0,9.892785e-06
0,0,9.265629e-06
0,0,8.630693e-06
0,0,5.275698e-06
1,1,0.99999034
0,0,8.234596e-06
0,0,8.250922e-06
1,0,0.11692169
0,0,2.3136894e-05
0,0,1.2881168e-05
1,1,0.9999707
0,0,1.151304e-05
0,0,8.40477e-06
0,0,8.718115e-06
0,0,1.0007792e-05
0,0,2.372571e-05
0,0,1.2396308e-05
0,0,4.5724428e-05
0,0,1.0606479e-05
0,0,7.3801266e-06
0,0,7.0139513e-06
0,0,6.340714e-05
0,0,7.7120085e-06
0,0,6.816145e-06
0,0,7.0749647e-06
1,0,0.00046742783
0,0,1.43238385e-05
0,0,5.3198037e-06
0,0,7.7121185e-06
0,0,9.257565e-06
0,0,8.305411e-06
0,0,1.01878e-05
0,0,8.52858e-06
0,0,2.098698e-05
1,1,0.99999154
0,0,8.53294e-06
0,0,1.1923101e-05
0,0,5.8415617e-06
0,0,2.9164514e-05
0,0,1.6374333e-05
0,0,9.834314e-06
0,0,8.902236e-06
0,0,2.8776547e-05
0,0,5.4735865e-06
0,0,4.395472e-05
0,0,4.6021287e-05
0,0,8.823354e-06
0,0,1.0756896e-05
0,0,6.7862698e-06
0,0,6.190256e-06
0,0,9.5517506e-05
1,1,0.99997616
0,0,7.779673e-06
0,0,2.5640056e-05
0,0,1.2842591e-05
0,0,1.1540168e-05
0,0,3.4403558e-05
0,0,8.238279e-06
1,1,0.9999671
0,0,7.0420074e-06
0,0,6.8302397e-06
0,0,9.862218e-06
0,0,2.4224768e-05
0,0,7.4881355e-06
1,1,0.9999937
0,0,2.3795428e-05
0,0,8.9732475e-06
0,0,7.0555125e-06
0,0,8.0505415e-06
0,0,1.0486212e-05
0,0,1.549253e-05
0,0,8.733543e-06
1,1,0.9999691
0,0,1.3962533e-05
0,0,9.00926e-06
0,0,1.026789e-05
0,0,7.54275e-06
0,0,6.0855505e-06
0,0,5.960469e-06
0,0,7.5665544e-06
0,0,1.4266566e-05
0,0,9.710663e-06
0,0,2.3658311e-05
1,1,0.9999403
0,0,5.1844276e-05
0,0,5.6496146e-06
0,0,7.994691e-06
0,0,1.341877e-05
0,1,0.5716439
1,1,0.999982
0,0,7.3497913e-06
1,1,0.99999356
0,0,7.386245e-06
0,0,7.6235724e-06
0,0,0.000105236926
0,0,6.28072e-06
0,0,8.181578e-06
1,0,9.843416e-06
0,0,9.899429e-06
1,1,0.9999788
0,0,7.2187026e-06
1,1,0.99996865
0,0,1.1465705e-05
0,0,5.580973e-06
0,0,9.096908e-06
0,0,8.371133e-06
0,0,1.0516246e-05
0,0,1.8466526e-05
0,0,1.8526132e-05
0,0,7.839223e-06
0,0,9.801058e-06
1,1,0.9999918
0,0,9.96948e-06
0,0,8.801453e-06
1,1,0.99999285
0,0,1.04308765e-05
0,0,9.7989e-06
0,0,9.881074e-06
0,0,1.7654238e-05
0,0,1.862656e-05
1,1,0.99998534
0,0,7.4978543e-06
0,0,0.00011087222
0,0,1.7362745e-05
0,0,1.8201104e-05
0,0,1.0785503e-05
0,0,1.1174254e-05
0,0,3.0735006e-05
0,1,0.9999083
0,0,6.737171e-06
0,0,1.9906927e-05
0,0,1.9555237e-05
0,0,5.3599888e-05
1,1,0.9999783
0,0,7.334009e-06
0,0,1.0502265e-05
0,0,8.906389e-06
0,1,0.99997497
0,0,9.046928e-06
0,0,7.506046e-06
0,0,2.1120135e-05
0,0,8.695439e-06
0,0,1.13083115e-05
1,1,0.9999939
0,0,6.277797e-06
0,0,1.0924456e-05
0,0,8.804031e-06
0,0,6.9116472e-06
0,0,7.747687e-06
0,1,0.9992538
0,0,1.854202e-05
0,0,1.4035142e-05
0,0,6.69361e-06
0,0,9.352792e-06
0,0,8.819697e-05
0,0,7.3091246e-06
0,0,7.914614e-06
0,0,1.421279e-05
0,0,3.7790953e-05
0,0,1.1697688e-05
0,0,1.5230598e-05
0,0,6.857462e-06
0,0,1.0550209e-05
0,0,6.410675e-05
0,0,1.0162697e-05
0,0,1.3046237e-05
0,0,6.3074303e-06
0,1,0.999729
0,0,9.311701e-06
0,0,6.1041333e-06
0,0,4.7298516e-05
0,0,1.5401214e-05
1,1,0.99988985
1,1,0.99999154
0,0,1.620581e-05
0,0,1.1886022e-05
0,0,9.0754365e-06
0,0,9.5248315e-06
0,0,1.05622485e-05
0,0,1.3512529e-05
1,1,0.99939513
0,0,6.1930255e-06
0,0,2.0241823e-05
0,0,0.00017770614
0,0,8.9837795e-06
0,0,7.4868362e-06
0,0,1.2571158e-05
0,0,2.2020544e-05
0,0,1.1326919e-05
0,0,1.3723982e-05
0,0,1.17751615e-05
0,0,1.032813e-05
1,1,0.99996614
0,0,5.9916315e-06
1,1,0.99998105
0,0,1.4306936e-05
0,0,0.00019551712
0,1,0.9998223
0,0,5.3111603e-06
0,0,8.129523e-06
0,0,8.739592e-06
0,0,6.084808e-06
0,0,6.619869e-06
1,1,0.9999752
0,0,1.1036544e-05
0,0,6.8202285e-06
0,0,1.3294275e-05
0,0,1.7687924e-05
0,0,6.4918795e-06
0,0,6.496828e-06
0,0,1.4172267e-05
0,0,5.6954777e-06
0,0,9.608135e-06
0,0,2.3748458e-05
0,0,1.4721143e-05
0,0,1.5664793e-05
1,1,0.9999416
0,0,8.791554e-06
0,0,7.643622e-06
0,0,1.2862091e-05
0,0,9.992744e-06
0,0,2.136065e-05
1,1,0.99998844
0,0,1.2896852e-05
0,0,9.523387e-06
0,0,2.8553644e-05
0,0,2.3637473e-05
0,0,5.689918e-06
0,0,5.1469992e-06
0,0,1.29288455e-05
0,0,6.8972863e-06
0,0,1.0195507e-05
0,0,1.1458797e-05
0,0,1.1259511e-05
1,1,0.99985325
0,0,9.403197e-06
0,0,1.131718e-05
0,0,6.2973995e-05
0,0,8.610501e-06
0,0,9.223066e-06
0,0,7.2647463e-06
0,0,6.1735245e-06
0,0,0.0006774589
0,0,8.613187e-06
0,0,8.846626e-06
1,1,0.99999344
0,0,6.924447e-06
0,0,6.1024916e-06
0,1,0.9998791
1,1,0.9999844
0,0,1.9481806e-05
0,0,7.6407205e-06
0,0,5.698107e-06
0,0,8.570767e-06
0,0,7.578874e-06
0,0,6.9024254e-06
0,0,1.172277e-05
0,0,6.800186e-06
1,1,0.99996567
0,0,0.000107652784
1,0,6.404053e-05
0,0,2.464579e-05
0,0,1.2603605e-05
0,0,1.885723e-05
0,0,7.112707e-06
0,0,1.0223237e-05
0,0,6.8841305e-06
0,0,6.3629413e-06
0,0,3.7826867e-05
0,0,9.179122e-06
0,0,8.307438e-06
0,0,8.829886e-06
0,0,4.175269e-05
0,0,1.2607571e-05
0,0,6.3872125e-05
0,0,1.0785175e-05
0,0,5.541393e-06
0,0,9.278149e-06
0,0,6.6652005e-06
1,1,0.99999225
0,0,6.4876463e-06
0,0,9.394071e-05
0,0,6.328471e-06
0,0,7.377375e-06
0,0,3.2444135e-05
0,0,1.7187196e-05
0,1,0.9999615
0,0,6.611718e-06
0,0,1.8216315e-05
0,0,8.33581e-06
0,0,1.0543067e-05
0,0,3.5825167e-05
0,0,7.481012e-06
0,0,1.0260392e-05
0,0,1.2695865e-05
0,0,1.7376262e-05
1,1,0.9999918
0,0,7.187825e-06
1,1,0.9999939
0,0,9.233081e-06
0,0,1.0207074e-05
0,0,8.835673e-06
0,0,1.0779016e-05
0,0,5.3483877e-06
0,0,1.0235226e-05
0,0,1.9882586e-05
0,0,1.296935e-05
1,1,0.99995446
0,0,1.4306882e-05
0,0,9.684212e-06
0,0,3.840414e-05
0,0,1.1411696e-05
0,0,6.466965e-06
0,0,8.355205e-06
1,0,0.00021886492
0,0,7.594553e-06
0,0,6.86572e-06
0,0,1.523654e-05
0,0,1.9590569e-05
0,0,7.157644e-06
0,0,7.37962e-06
0,0,1.46558095e-05
0,0,5.8929722e-06
0,0,9.981714e-06
0,0,9.046678e-06
0,0,1.1267254e-05
0,0,5.274325e-06
0,0,1.2433283e-05
0,0,1.5866453e-05
1,1,0.99571085
1,1,0.99998236
0,0,1.4728134e-05
0,0,1.2347343e-05
0,0,6.458152e-06
0,0,1.162018e-05
0,0,8.9477135e-06
0,0,3.316748e-05
0,0,3.6911897e-05
0,0,0.00040805188
1,1,0.9999075
0,0,1.2185015e-05
0,0,1.7016211e-05
1,1,0.9999945
0,1,0.7875068
0,0,9.5230425e-06
0,0,1.7013583e-05
0,0,7.34469e-06
0,0,3.229978e-05
0,0,1.1305097e-05
0,0,1.0109656e-05
0,0,8.898189e-06
0,0,6.044397e-06
0,0,1.1885829e-05
0,0,1.0956289e-05
1,0,4.5587974e-05
0,0,1.6468985e-05
0,0,9.453387e-06
0,0,9.160014e-06
0,0,5.8886576e-06
0,0,2.340145e-05
1,1,0.99999356
0,0,7.820011e-06
0,0,6.506973e-05
0,0,9.004879e-06
0,0,9.593212e-06
0,0,9.433268e-06
0,0,2.8909619e-05
0,0,9.01734e-06
0,0,9.705571e-06
0,1,0.9999325
0,0,1.0195673e-05
0,0,7.1676927e-06
0,0,6.0320967e-06
0,0,0.008600602
0,0,8.871668e-06
0,0,1.34695565e-05
1,1,0.9999651
0,0,8.502561e-06
0,0,1.1486345e-05
0,0,9.864156e-06
0,0,9.489643e-06
0,0,1.24965345e-05
0,0,9.549198e-06
0,0,9.015491e-06
0,0,5.3229955e-06
0,0,8.239677e-06
0,0,1.9685276e-05
0,0,1.7401055e-05
0,0,4.1914496e-05
0,0,6.232967e-06
0,0,1.7471939e-05
0,0,1.0396138e-05
0,0,1.0008671e-05
0,0,3.4809083e-05
0,0,1.0541599e-05
0,0,1.2932273e-05
0,0,9.830864e-06
0,0,8.90037e-06
0,0,3.6247937e-05
0,0,4.7427508e-05
0,0,7.708765e-06
0,0,5.9382733e-06
0,0,9.072114e-06
0,0,7.443395e-06
0,1,0.99989736
0,0,8.519631e-06
0,0,2.0494923e-05
0,0,5.2698197e-06
0,0,6.3271914e-06
0,0,2.9685143e-05
1,1,0.99971765
0,0,1.5301399e-05
0,0,5.2165474e-06
0,0,1.51491295e-05
0,0,1.1782699e-05
0,0,7.917407e-06
0,0,6.75136e-06
0,0,5.759093e-06
0,0,1.557987e-05
0,0,6.658472e-06
0,0,9.272011e-06
0,0,1.1523144e-05
0,0,1.1112131e-05
0,0,2.5290963e-05
0,0,4.189392e-05
0,0,7.7463355e-06
0,0,6.8867703e-06
1,1,0.9999944
0,0,4.4518947e-05
0,0,3.3923538e-05
0,0,8.986536e-05
0,0,1.0872603e-05
0,0,9.425552e-06
0,0,6.3059992e-06
0,0,1.9120274e-05
0,1,0.9992853
0,0,8.406357e-06
0,0,8.414362e-06
0,0,1.1885692e-05
0,0,7.4111667e-06
0,0,0.000101853664
0,0,1.0221833e-05
0,0,7.135671e-06
0,0,1.2149706e-05
1,1,0.99998784
0,0,6.6745e-06
0,0,6.2418e-06
0,0,7.965331e-06
0,0,6.814247e-06
0,0,1.8390676e-05
0,0,2.2278835e-05
0,0,5.5521265e-05
0,0,9.4709485e-06
0,0,3.1584274e-05
0,0,2.171218e-05
0,0,6.6173566e-06
0,0,1.30182225e-05
0,0,0.2194555
0,0,5.0915125e-05
0,0,3.7591682e-05
1,1,0.9999937
1,1,0.99999046
0,0,1.8841141e-05
0,0,9.509502e-06
0,0,1.857175e-05
0,0,1.1004951e-05
0,0,6.769935e-06
0,0,1.5907224e-05
0,0,7.666823e-06
0,0,6.664177e-06
0,0,7.968971e-06
0,0,1.2905169e-05
0,0,1.3613703e-05
0,0,9.6162385e-06
0,0,1.9967198e-05
0,0,3.0711006e-05
0,0,1.6675003e-05
0,0,1.3812242e-05
1,0,8.418624e-06
1,1,0.9999938
0,0,5.376069e-06
0,0,2.0265197e-05
0,0,7.093556e-06
0,0,7.049311e-06
0,0,7.7927725e-06
0,0,9.576914e-06
0,0,1.4256393e-05
0,0,8.60505e-06
0,0,2.593793e-05
1,1,0.99998426
0,0,0.0007014659
1,1,0.9999217
0,0,7.2225404e-05
1,1,0.9999944
0,0,6.1019387e-06
0,0,1.4000027e-05
1,1,0.99951684
0,0,7.401434e-06
0,0,1.3219723e-05
0,0,0.0051629897
0,0,7.078535e-06
0,0,7.739527e-06
0,0,1.47031e-05
0,0,1.0063207e-05
0,0,2.0673677e-05
0,0,6.546896e-06
1,1,0.9997745
0,0,1.1565818e-05
0,0,4.4980767e-05
0,0,1.1696572e-05
0,0,8.204612e-06
0,0,1.2172089e-05
0,0,4.9510436e-06
0,1,0.9997837
0,0,7.5323637e-06
0,0,7.4294526e-06
0,0,8.883249e-06
0,0,6.450962e-06
0,0,7.5729354e-06
0,0,1.148972e-05
0,0,8.198684e-06
0,0,1.6050722e-05
0,0,1.0848254e-05
0,0,9.760557e-06
0,0,6.7468222e-06
0,0,0.00015986529
0,0,1.3088331e-05
0,0,1.1987163e-05
0,0,1.0226407e-05
0,0,1.762483e-05
0,0,6.831295e-06
0,0,1.4796104e-05
0,1,0.9996489
0,0,1.1036585e-05
0,0,4.808586e-05
0,0,1.1022901e-05
0,0,1.867891e-05
0,0,2.619109e-05
0,0,7.8593375e-06
0,0,7.8349185e-06
0,0,1.4130659e-05
0,0,7.063672e-06
0,0,2.6776328e-05
1,0,0.010367809
0,0,1.00085945e-05
0,0,1.3422752e-05
0,0,5.613492e-06
0,0,1.1414406e-05
0,0,8.2342585e-06
0,0,8.599324e-06
0,0,9.672602e-06
0,0,8.575075e-06
0,0,2.0950662e-05
0,0,1.5691045e-05
0,0,1.1574137e-05
0,0,8.847587e-06
0,0,2.052215e-05
0,0,9.120858e-06
0,0,2.227157e-05
0,0,1.4457576e-05
1,1,0.9999777
0,0,8.672109e-06
0,0,1.5030882e-05
0,0,8.533916e-06
0,0,4.9922887e-06
0,0,2.0880714e-05
0,0,2.7111777e-05
0,0,8.621167e-06
0,0,8.91589e-06
0,0,2.3977596e-05
0,0,5.3564527e-06
0,0,1.080089e-05
0,0,8.2756205e-06
0,0,7.4454256e-06
0,0,6.8670693e-06
1,0,6.794154e-05
0,1,0.99991083
0,0,0.05709939
0,0,7.053615e-06
0,0,1.7719985e-05
0,0,5.138362e-06
0,0,6.0764633e-06
0,0,5.373511e-06
0,0,3.826916e-05
0,0,1.2850261e-05
0,0,1.4803047e-05
0,0,7.276138e-06
0,0,1.4253783e-05
0,0,1.2645092e-05
0,0,2.1284477e-05
0,0,8.907629e-06
1,1,0.9995869
0,0,9.413443e-06
0,0,1.3386754e-05
0,0,8.93632e-06
0,0,1.0178081e-05
1,0,2.4142937e-05
0,0,7.92617e-06
0,0,1.0866808e-05
0,0,9.111938e-06
0,0,7.76796e-06
0,1,0.99948454
0,0,4.5055684e-05
0,0,6.5183626e-06
0,0,1.28330785e-05
0,1,0.99993443
0,0,2.4638033e-05
0,0,5.611276e-06
0,0,5.026442e-06
0,0,6.5763884e-06
0,0,1.6141767e-05
0,0,5.1169354e-05
0,0,1.1940441e-05
0,0,8.511745e-06
0,0,8.510438e-06
1,1,0.99999464
1,1,0.9999944
0,0,7.941672e-06
0,0,1.9390534e-05
0,0,9.886843e-06
0,0,1.3001893e-05
0,0,9.094887e-06
0,0,1.0693766e-05
1,1,0.99999297
0,0,1.4652791e-05
0,0,8.944182e-06
0,0,5.570811e-06
0,0,6.6551897e-06
0,0,1.1235174e-05
0,0,5.831028e-05
0,0,0.0001301298
0,0,2.4447658e-05
0,0,2.1793789e-05
0,0,6.2991585e-06
0,0,8.42951e-06
1,1,0.9999541
0,0,1.2026267e-05
0,1,0.5859652
0,0,1.5826467e-05
0,1,0.9998807
1,1,0.9993862
0,0,8.548946e-06
0,0,1.8740699e-05
0,0,6.6568973e-06
0,0,9.1118945e-06
0,0,9.601485e-06
1,1,0.99991584
0,0,1.39505e-05
0,0,6.0403927e-06
0,0,8.970817e-06
0,0,0.00015186626
0,0,2.1488391e-05
0,0,8.254212e-06
0,0,7.093604e-06
0,0,4.2613727e-05
0,0,3.077865e-05
0,0,8.516471e-06
0,1,0.99571675
0,0,5.403563e-06
0,0,1.9577274e-05
0,0,1.3823734e-05
0,0,1.2479586e-05
0,0,8.500016e-06
0,0,7.6802735e-06
0,0,8.286599e-05
0,0,1.1789847e-05
0,0,1.0072856e-05
0,0,4.5528104e-05
0,0,9.695542e-06
0,0,1.42098625e-05
0,0,7.346554e-06
0,0,1.2599037e-05
0,0,9.791556e-06
0,0,1.31357365e-05
0,0,8.925027e-06
1,1,0.9999832
0,0,1.6814714e-05
0,0,1.06736325e-05
0,0,8.339363e-06
1,1,0.9999033
0,0,6.763069e-06
0,0,9.425912e-06
0,0,1.8845723e-05
0,1,0.92863566
0,0,7.2922962e-06
0,0,1.2511321e-05
0,0,8.196291e-06
0,0,6.771814e-06
0,0,5.809195e-06
0,1,0.9994991
0,0,9.3175295e-06
0,0,1.3049547e-05
0,0,7.070243e-06
0,0,7.957631e-06
0,0,1.0109155e-05
0,0,1.1202028e-05
0,0,1.6630249e-05
0,0,5.6598014e-06
0,0,6.173872e-06
0,0,8.879659e-06
0,0,1.8233923e-05
0,0,9.390651e-06
0,0,5.0119917e-05
0,0,7.4205586e-06
0,0,7.65468e-06
0,0,5.779521e-06
1,1,0.99999464
0,0,8.123671e-06
0,0,8.246785e-06
1,1,0.99999475
0,0,1.113686e-05
0,0,1.4193434e-05
0,0,6.6383222e-06
0,1,0.7362598
0,0,8.4499125e-06
0,0,1.18515e-05
0,0,2.0194972e-05
0,0,1.9027791e-05
0,0,9.007456e-06
0,0,7.5629832e-06
0,0,1.5659774e-05
0,0,1.8206885e-05
1,0,7.7728055e-06
0,0,1.1505234e-05
0,0,1.6122598e-05
0,0,0.00012826244
0,0,0.00030056134
1,1,0.99999475
0,0,1.59612e-05
0,0,6.4116957e-06
0,0,4.216229e-05
0,0,1.0203114e-05
0,0,8.326777e-06
0,0,7.4685236e-06
0,0,8.066135e-06
1,0,1.34075035e-05
0,0,1.5461725e-05
0,0,6.24744e-06
0,0,9.220111e-06
0,0,8.188814e-06
0,0,8.643944e-06
0,0,5.3480817e-06
0,0,8.229061e-06
1,0,0.017746462
0,0,6.997949e-06
0,0,1.2107349e-05
1,1,0.99999297
0,0,2.2662323e-05
0,0,8.3964305e-06
0,0,5.8853675e-06
0,0,2.2824603e-05
1,1,0.9999453
0,0,9.299197e-06
0,0,1.360458e-05
0,1,0.9994791
0,0,7.130515e-06
0,0,7.978985e-06
0,0,8.325681e-06
1,1,0.9999863
0,0,1.0789853e-05
0,0,9.222468e-06
0,0,1.18710905e-05
0,0,9.158704e-06
0,0,1.2501899e-05
0,0,5.7610428e-06
0,0,8.613245e-06
0,0,6.521024e-06
1,0,0.00012433498
0,0,2.0115358e-05
0,0,6.515771e-06
0,0,6.255387e-06
0,0,9.717592e-06
0,0,5.386716e-05
1,1,0.9999758
0,0,2.7505772e-05
0,0,8.8841785e-05
0,1,0.9998221
0,0,1.1748062e-05
0,0,6.3168154e-06
0,0,6.63705e-06
1,1,0.9999895
0,0,6.097715e-06
0,0,7.5114667e-06
0,0,4.853454e-06
0,0,3.0865358e-05
0,0,9.712682e-06
0,0,2.6562462e-05
0,0,8.4991325e-06
0,0,9.24434e-06
0,0,1.0545904e-05
0,0,7.4935792e-06
0,0,9.023585e-06
0,0,2.010132e-05
0,0,9.225282e-06
0,0,1.5075068e-05
0,0,1.1913439e-05
0,0,1.31509405e-05
0,0,1.5937243e-05
0,0,7.697255e-06
0,0,1.33571175e-05
0,0,5.8896967e-06
0,0,1.919712e-05
0,0,1.7215347e-05
0,0,5.461151e-06
0,0,1.1807616e-05
0,0,9.097125e-06
1,0,0.00013107328
0,0,7.727572e-06
0,0,9.278078e-06
0,0,5.8179326e-06
0,0,4.096589e-05
0,0,1.6426335e-05
0,0,1.2354576e-05
0,0,9.068947e-06
0,0,2.334608e-05
0,0,1.27978565e-05
0,0,7.710272e-06
0,0,1.0853634e-05
0,0,8.9996265e-06
0,0,6.647445e-06
0,0,5.3800745e-06
1,1,0.9999597
0,0,5.464777e-06
0,0,5.861959e-06
0,0,1.5325857e-05
0,0,1.1858328e-05
0,0,0.0006835381
0,0,1.0095504e-05
1,1,0.999992
0,0,7.8016365e-06
0,0,6.9889984e-06
1,1,0.9999927
1,0,1.7893057e-05
0,0,5.432353e-06
1,1,0.99995995
0,0,1.1591503e-05
0,0,2.7039761e-05
0,0,1.3485931e-05
0,0,9.326019e-06
0,0,8.227853e-06
0,0,7.732939e-06
0,0,4.7082685e-05
1,1,0.99998236
0,0,8.141501e-06
0,0,1.3111581e-05
0,0,1.1761312e-05
0,0,1.256508e-05
1,0,1.1279607e-05
0,0,1.6913493e-05
0,0,1.6680538e-05
0,0,0.00021491971
0,0,6.0494924e-05
0,0,9.37932e-06
0,0,6.0025613e-06
0,0,1.9584557e-05
0,0,3.991927e-05
0,1,0.9999584
0,0,9.589068e-06
0,1,0.9998745
0,0,9.020118e-06
0,0,1.2529996e-05
0,0,6.619679e-06
0,0,5.6270956e-06
0,0,8.251127e-06
0,0,9.721744e-06
0,0,4.7332496e-06
0,0,6.10241e-06
0,0,8.246139e-06
0,0,6.5474583e-06
0,1,0.9983156
1,1,0.99999106
0,0,1.2276121e-05
0,0,3.304624e-05
0,0,7.691002e-06
0,0,1.6696566e-05
0,0,1.0462458e-05
0,0,1.0001744e-05
0,0,8.264815e-06
0,0,8.2024135e-06
0,0,6.967564e-06
0,0,1.1676243e-05
1,1,0.9999932
1,1,0.9999926
0,0,4.9872997e-05
0,0,1.6241827e-05
0,0,1.1806568e-05
0,0,9.601457e-06
0,0,1.0269358e-05
1,1,0.99999106
0,1,0.8636812
0,0,7.971745e-06
0,0,2.5576877e-05
0,0,1.3423212e-05
0,0,6.9046773e-06
0,0,6.3166285e-06
0,0,7.245193e-06
1,1,0.9999918
0,0,0.00088009966
0,0,1.0754844e-05
0,0,7.677228e-06
0,0,1.7065648e-05
0,0,1.2238481e-05
0,0,9.923693e-06
0,0,9.83921e-06
0,0,7.0182264e-06
0,0,7.032492e-05
0,0,3.078276e-05
0,0,8.575239e-06
0,0,8.45508e-06
0,0,8.387459e-06
0,0,2.280328e-05
0,0,9.057245e-06
0,0,1.5528194e-05
1,1,0.99988925
0,0,5.912781e-06
0,0,9.3050785e-06
1,1,0.9999937
0,0,7.342435e-06
0,0,7.3672086e-06
0,0,2.1870283e-05
0,0,8.705338e-06
1,1,0.99998224
0,0,6.3996613e-06
0,0,6.8945246e-06
0,0,5.695608e-06
0,0,2.0929736e-05
0,0,2.3803032e-05
0,0,6.421891e-06
1,1,0.99998975
0,0,1.0656892e-05
0,0,6.562768e-06
0,0,7.001354e-06
0,0,8.864074e-06
1,1,0.99999464
0,0,1.0558361e-05
0,0,1.2020488e-05
0,0,9.915709e-06
1,1,0.9999937
1,1,0.9999727
0,0,7.304052e-06
0,0,5.7743314e-06
0,0,2.8687056e-05
0,0,1.4088664e-05
0,0,5.6123895e-06
0,0,2.0463245e-05
0,0,6.1280125e-06
0,0,5.2539726e-06
0,0,1.0991829e-05
0,0,5.6661956e-06
0,0,6.3383764e-06
0,0,6.976526e-06
0,0,1.0426353e-05
0,0,1.10784085e-05
0,0,1.9384728e-05
0,0,9.841519e-06
0,0,6.6885755e-06
0,0,1.6999456e-05
0,0,0.00024623613
0,0,1.5072941e-05
0,0,8.205332e-06
0,0,9.168107e-06
0,0,7.0844235e-06
0,0,2.2035882e-05
1,0,0.00839039
0,0,5.809023e-06
1,0,0.00016513975
0,0,1.0642247e-05
0,0,7.3829915e-06
0,0,1.4540663e-05
0,0,1.7248703e-05
0,0,1.7394534e-05
0,1,0.9773137
1,0,5.3132e-05
0,0,2.9887387e-05
0,1,0.999928
0,0,8.566656e-06
0,0,1.6540569e-05
0,0,1.5884592e-05
0,0,2.1473927e-05
0,0,6.2013405e-06
0,0,3.0090183e-05
0,0,6.4027013e-06
0,0,1.3182079e-05
0,0,6.716169e-06
0,0,6.80315e-06
0,0,6.266074e-06
0,0,7.877572e-06
0,1,0.97706157
0,0,1.4720554e-05
0,0,1.2294316e-05
0,0,0.0003770379
0,0,1.1852744e-05
0,0,8.982221e-06
1,1,0.9999447
1,1,0.99983966
0,0,5.477174e-06
0,0,1.47849605e-05
0,0,7.776699e-06
0,0,4.2461525e-05
0,0,5.4830678e-05
0,0,8.851545e-06
0,0,7.0531305e-06
0,0,6.1505875e-06
1,1,0.999564
0,0,8.74447e-06
0,0,8.959796e-06
0,0,2.1982718e-05
0,0,6.190705e-06
0,0,9.98758e-06
0,0,5.801145e-06
0,0,9.21445e-06
0,0,5.2940286e-06
1,0,0.07523971
0,0,5.403594e-06
0,0,9.95204e-06
0,0,6.813493e-06
1,1,0.9999944
0,0,2.7008471e-05
0,0,1.8246186e-05
0,0,1.1478035e-05
0,0,8.967302e-06
0,0,3.4238114e-05
1,1,0.9999739
0,0,7.4142345e-06
0,0,9.662774e-06
1,1,0.99999416
0,0,6.795479e-06
0,0,3.80222e-05
0,0,2.0019404e-05
0,0,2.6656582e-05
0,0,3.1611962e-05
0,0,1.0132117e-05
0,0,1.7063856e-05
0,0,6.1913897e-06
0,0,7.5693256e-06
0,0,5.8351475e-06
0,0,5.3716567e-06
0,0,4.962138e-06
0,0,2.2013197e-05
0,0,2.5703486e-05
0,0,6.6871216e-06
0,0,7.530259e-06
0,0,7.1122795e-06
1,1,0.9999907
0,0,4.120953e-05
0,0,8.200474e-06
0,1,0.9569815
0,0,9.048284e-06
0,0,1.0215849e-05
0,0,6.1179453e-06
0,0,6.677976e-06
0,0,1.2180892e-05
1,1,0.9999949
0,0,2.1049516e-05
0,0,5.1345073e-06
0,0,8.620517e-06
0,0,9.946385e-06
0,0,6.7510896e-06
0,0,1.4712062e-05
1,1,0.9999944
0,0,6.89246e-06
0,0,6.0234397e-06
0,0,9.398588e-06
0,0,5.4408574e-05
0,0,1.0270985e-05
0,0,7.469806e-06
0,0,2.8800043e-05
0,0,1.1343848e-05
0,0,8.100293e-06
0,0,8.566844e-06
0,0,6.146305e-05
0,0,3.2559437e-05
0,0,4.987604e-05
0,0,1.5116095e-05
0,0,2.0321611e-05
0,0,7.766841e-06
0,0,2.316257e-05
0,0,8.921972e-06
0,0,2.6499285e-05
0,0,1.4039628e-05
1,1,0.99996793
0,0,1.7911154e-05
0,0,1.0621501e-05
0,0,6.3805023e-06
0,0,0.0004270833
0,0,1.3508741e-05
0,0,1.5186e-05
0,0,1.1136138e-05
0,0,1.6158707e-05
0,0,4.974742e-06
1,0,8.3915016e-05
0,0,9.792107e-06
0,0,1.8100432e-05
0,0,6.8430577e-06
0,0,1.01743535e-05
0,0,0.03148484
0,0,7.023503e-06
0,0,0.0009039263
0,0,7.4007003e-06
0,0,2.2657354e-05
0,0,1.0967716e-05
0,0,1.5730811e-05
0,0,0.00028154402
0,0,9.499042e-06
0,0,1.587198e-05
0,0,5.27907e-06
0,0,1.38618325e-05
0,0,0.00015599455
0,0,9.13699e-06
0,0,6.0673083e-06
0,0,7.627994e-06
0,0,5.739015e-06
1,1,0.9999877
0,0,5.8793985e-06
0,0,2.7634418e-05
0,0,8.196354e-06
0,0,0.0016089688
0,0,8.378177e-06
0,0,7.92787e-06
0,0,8.146433e-06
0,0,3.945455e-05
1,1,0.99980193
0,0,7.947446e-06
0,0,1.6109363e-05
0,0,8.39527e-06
0,0,1.2658798e-05
0,0,5.6123945e-06
0,0,1.7281898e-05
0,0,1.3062569e-05
0,0,8.549134e-06
0,0,4.237496e-05
0,0,1.4626334e-05
0,0,6.3853226e-06
1,1,0.9999727
1,1,0.9999684
0,1,0.99976486
0,0,7.912999e-06
0,0,0.023105618
0,0,1.7428456e-05
0,0,8.515643e-06
0,0,1.63409e-05
0,0,6.592344e-06
0,0,1.1028863e-05
0,0,1.1414754e-05
0,0,7.5739244e-06
1,1,0.9999924
0,0,6.586506e-06
0,0,1.5011742e-05
0,0,9.551949e-06
1,1,0.99979585
1,1,0.99996126
0,0,1.2101231e-05
0,0,6.8780078e-06
0,0,1.9428517e-05
0,0,6.6738376e-06
0,0,3.6171623e-05
0,0,1.106272e-05
0,0,2.326132e-05
0,0,1.0083303e-05
0,0,2.2589995e-05
0,0,6.39755e-06
0,0,1.3740549e-05
0,0,1.0670986e-05
0,0,1.264192e-05
0,0,2.9429457e-05
0,0,1.059146e-05
0,0,0.00013101955
0,0,1.3916829e-05
1,1,0.9999932
0,0,1.5766465e-05
0,0,2.2241855e-05
0,0,2.8204553e-05
0,0,6.691836e-06
1,1,0.99998724
0,0,1.0675699e-05
0,0,1.1462972e-05
0,0,8.819156e-06
0,0,7.056508e-06
0,0,1.0031281e-05
0,0,7.72268e-06
0,0,9.396849e-06
0,0,1.2555498e-05
0,0,1.25403e-05
0,0,7.436896e-06
1,1,0.99998426
0,0,3.099396e-05
0,0,8.94268e-06
0,1,0.9998042
0,0,6.085783e-05
0,0,8.87971e-06
0,0,1.35079945e-05
0,0,4.6196725e-05
0,0,3.0315705e-05
0,0,7.454704e-06
0,0,1.5441507e-05
1,0,0.00012603145
0,0,8.406565e-06
0,0,1.125848e-05
0,0,7.951654e-06
1,1,0.9999546
0,0,3.021567e-05
0,0,5.2673277e-06
0,0,0.0013177684
0,0,9.062239e-06
0,0,9.357056e-06
0,0,6.443375e-06
0,0,7.2369894e-06
0,0,1.7729704e-05
1,1,0.9999945
0,0,6.674583e-06
0,0,1.7244723e-05
0,0,7.904731e-05
0,0,8.637707e-06
1,1,0.99999225
0,0,8.114062e-06
0,0,1.1194595e-05
0,0,1.10429655e-05
0,0,7.162233e-06
0,0,6.079999e-06
0,0,5.018299e-06
0,0,9.612534e-06
0,0,2.2199283e-05
0,0,0.00017841533
0,1,0.9998056
0,1,0.99920076
0,0,9.523061e-06
1,1,0.9999783
0,0,5.435182e-06
0,0,8.344312e-06
0,0,7.3454885e-06
0,0,6.78772e-06
0,0,3.0323516e-05
0,0,1.8782674e-05
0,0,1.6806634e-05
0,0,9.114493e-06
0,0,9.71724e-06
0,1,0.9144127
1,0,4.991429e-05
0,0,3.9727296e-05
0,0,1.0692827e-05
0,0,7.3322535e-06
0,0,6.4986057e-06
0,0,9.9156805e-06
0,0,6.826547e-06
0,0,7.184391e-06
0,0,3.5406087e-05
0,0,2.4176437e-05
0,0,6.711951e-05
0,0,1.1533104e-05
0,0,7.4881427e-06
0,0,7.461034e-06
0,0,6.8926765e-06
0,0,2.3674807e-05
0,0,1.4842796e-05
0,0,1.3162886e-05
0,0,5.7615484e-06
0,0,1.1052733e-05
0,0,8.616145e-05
0,0,1.21175835e-05
0,0,7.598596e-06
0,0,2.1540585e-05
0,0,6.2382414e-06
0,0,7.6031984e-06
0,0,1.5034868e-05
0,0,3.090981e-05
0,0,7.993701e-06
0,0,7.86983e-06
0,0,8.25056e-06
1,1,0.9999857
0,0,0.00026840172
0,0,1.7421426e-05
0,0,7.1322834e-06
0,0,8.700383e-06
0,0,6.232497e-06
1,1,0.9999633
1,1,0.9999405
0,0,1.0509779e-05
0,0,1.4566742e-05
0,0,9.258377e-06
0,0,5.2341484e-06
0,0,8.293105e-05
0,0,1.4482001e-05
0,0,6.868464e-06
0,0,1.1217508e-05
0,0,6.9205976e-06
0,0,8.980644e-06
0,0,1.8605504e-05
0,0,9.348404e-06
1,1,0.99999213
0,0,8.377602e-06
0,0,7.846883e-06
0,1,0.99860114
0,0,1.8157538e-05
0,0,1.02114755e-05
0,0,1.4061282e-05
0,0,8.954679e-06
0,0,9.25309e-06
0,0,1.3815154e-05
0,1,0.999985
0,0,1.3537189e-05
0,0,7.1129984e-06
0,0,2.9722618e-05
0,0,1.1335478e-05
0,0,8.4084095e-06
0,0,8.007007e-06
0,0,8.90542e-06
0,0,1.5909667e-05
0,0,9.276229e-06
0,0,2.3185003e-05
0,0,1.3319655e-05
1,0,0.00024318394
0,0,1.0581071e-05
0,0,1.5921945e-05
1,1,0.9999435
1,1,0.99992466
0,0,1.9772971e-05
0,0,1.1231831e-05
0,0,6.556599e-06
0,0,6.0606285e-06
0,0,7.7263485e-06
0,0,3.3351214e-05
0,0,6.786801e-06
0,0,1.0479614e-05
0,0,7.729459e-06
0,0,7.375279e-06
0,0,4.033372e-05
0,0,1.2053961e-05
0,0,7.193132e-06
0,0,1.7694183e-05
0,0,0.034237113
0,0,0.00085069216
0,1,0.55768365
0,0,9.94833e-06
0,0,4.902576e-05
0,0,3.9393948e-05
0,0,7.939288e-06
0,0,2.1066124e-05
0,0,9.1097745e-06
0,1,0.9993358
0,0,2.9126131e-05
0,0,1.2236101e-05
0,0,9.49006e-06
0,0,6.6737744e-06
0,0,6.7129545e-06
0,0,2.4039964e-05
0,0,1.340216e-05
0,0,1.9224362e-05
0,0,8.956789e-06
0,0,9.178054e-06
0,0,7.998367e-06
0,0,6.7034607e-06
0,0,6.6412863e-06
0,0,8.598907e-06
1,1,0.9999728
0,0,1.2789316e-05
0,1,0.9999746
1,1,0.99999034
0,0,1.0254296e-05
1,1,0.9998559
0,0,1.6299951e-05
0,0,2.0586462e-05
0,0,7.953413e-06
0,0,2.3022883e-05
0,0,6.758356e-06
0,0,2.4698069e-05
0,0,1.4396255e-05
0,0,0.00018313382
0,0,6.543607e-06
0,0,1.4960864e-05
0,0,9.588931e-06
0,0,2.2503793e-05
0,1,0.9997956
0,0,1.1314525e-05
0,0,6.826163e-06
0,0,5.298819e-05
0,0,1.0416761e-05
0,0,1.4151792e-05
0,0,8.655453e-06
0,0,6.456609e-05
0,0,8.858935e-06
0,0,1.2410952e-05
0,0,8.421451e-06
0,0,6.5143295e-06
1,1,0.99990547
1,1,0.99743015
0,0,4.9522664e-06
0,0,1.38149035e-05
0,0,6.355082e-06
1,1,0.9999933
0,0,1.0516918e-05
0,0,7.074337e-06
0,0,9.379964e-06
0,0,1.2645719e-05
0,0,1.2216048e-05
0,0,6.5623417e-06
0,0,2.2975504e-05
1,1,0.9999819
0,0,6.735745e-06
0,0,7.778605e-06
0,0,1.4266701e-05
0,0,1.31440565e-05
0,0,1.629229e-05
0,0,3.3990735e-05
0,0,1.2675506e-05
1,1,0.99999356
0,0,9.634846e-06
0,0,9.522806e-06
0,0,1.7193917e-05
0,0,3.0301893e-05
0,0,1.27781e-05
0,0,2.0513598e-05
1,1,0.9999943
0,0,7.326278e-06
0,0,7.302157e-06
0,0,1.4723808e-05
0,0,0.00030791474
0,0,8.891708e-06
0,0,0.000586618
0,0,1.0673153e-05
0,0,7.934269e-06
0,0,0.00025716063
0,0,1.5691345e-05
0,0,6.1536857e-06
0,0,1.4362644e-05
1,1,0.99999475
0,0,7.1873033e-06
1,1,0.9999939
0,0,1.300755e-05
0,0,9.751485e-06
0,0,0.045536675
0,0,1.0155286e-05
0,0,9.525004e-06
0,0,7.5021317e-06
0,0,8.812137e-06
0,0,7.99242e-06
1,1,0.9999931
1,0,3.5955225e-05
0,0,0.084045604
0,0,0.00010945482
1,1,0.9999943
0,0,1.538461e-05
0,0,7.2676703e-06
0,0,9.603637e-06
0,0,9.897446e-06
0,0,8.193978e-06
0,0,1.3810609e-05
0,0,6.0798598e-06
0,0,8.991554e-06
0,1,0.999233
0,0,1.4710112e-05
0,0,7.416017e-06
0,0,7.101232e-06
1,1,0.9999862
1,1,0.9999869
0,0,0.0028302572
0,0,0.00033696406
1,0,0.00390382
0,0,1.7480372e-05
0,0,6.9139746e-06
0,0,8.376571e-06
0,0,8.917472e-06
0,0,1.20918185e-05
0,1,0.65990716
0,1,0.9996997
0,0,9.520845e-06
0,0,6.864941e-06
0,0,9.1974e-06
1,1,0.9999535
1,1,0.99998176
0,0,2.7680524e-05
0,0,7.834112e-06
1,1,0.9997975
0,0,1.2443258e-05
0,0,0.00012295635
0,0,1.6082042e-05
0,0,3.345324e-05
0,0,8.057624e-06
0,0,1.3764013e-05
0,0,4.0436436e-05
0,0,3.7240257e-05
0,0,8.25722e-06
0,0,6.4628343e-06
0,0,6.569409e-05
0,0,8.182904e-06
0,0,2.8494564e-05
0,0,0.07307766
0,0,2.1286101e-05
0,0,6.6688754e-06
0,0,7.19198e-06
0,0,9.953009e-06
0,0,9.011022e-06
0,0,7.3382143e-06
0,0,1.9455922e-05
0,0,1.0318423e-05
1,1,0.9996165
0,0,2.297899e-05
0,0,2.1101814e-05
0,0,1.4603294e-05
0,0,0.022138545
0,0,1.1344324e-05
0,0,1.2962945e-05
0,0,1.1951219e-05
0,1,0.99994826
0,0,2.4695477e-05
0,0,7.2602297e-06
0,0,1.13399865e-05
0,0,9.526793e-06
1,1,0.99993837
0,0,5.9269123e-06
0,0,1.445129e-05
0,0,7.4713585e-05
0,0,3.050537e-05
0,0,1.1266158e-05
0,0,2.1376873e-05
0,0,0.0047994927
0,0,7.645152e-06
0,0,3.504751e-05
0,0,8.262892e-06
0,0,1.6159647e-05
0,0,9.424653e-06
1,1,0.9999684
1,1,0.9999733
0,0,1.470352e-05
0,0,1.0139047e-05
0,0,2.2222795e-05
0,0,6.876906e-06
0,0,6.817803e-06
0,0,8.064858e-06
0,0,0.00031024826
0,0,1.530795e-05
0,0,8.001709e-06
0,0,6.9916655e-06
0,0,0.000107754255
0,0,1.1278628e-05
0,0,3.674525e-05
0,0,5.886142e-06
1,1,0.9997826
0,0,1.0292636e-05
0,0,8.043705e-06
0,0,7.187852e-06
0,0,9.303731e-06
0,0,9.01679e-06
0,0,1.0142112e-05
0,0,1.1336202e-05
0,0,1.5223019e-05
0,0,7.954687e-06
0,0,8.389171e-06
0,0,3.729737e-05
0,0,5.981384e-06
1,1,0.9999615
0,0,2.487464e-05
0,0,4.3717984e-05
0,0,1.7442671e-05
0,0,2.7000282e-05
0,0,5.3199306e-06
0,0,2.4052533e-05
0,0,0.000153884
0,0,1.5924436e-05
0,0,1.6947868e-05
0,1,0.7367539
1,1,0.9999776
0,0,5.662258e-06
0,0,1.020037e-05
0,0,6.8638806e-06
0,0,6.9952066e-06
0,0,7.5541457e-06
0,0,1.4437913e-05
0,0,1.4951394e-05
0,0,7.36815e-06
0,0,6.9823946e-05
0,0,8.351525e-06
0,0,6.34633e-06
0,1,0.9981384
0,0,1.0460421e-05
1,1,0.99993646
0,0,7.4113927e-06
0,0,3.4499793e-05
0,0,2.1071932e-05
0,0,2.186261e-05
0,0,7.183247e-06
0,0,9.948311e-06
0,0,8.273648e-06
0,0,6.607961e-06
0,0,6.5705585e-06
0,0,1.3441146e-05
0,0,2.3623837e-05
1,0,2.0521797e-05
1,1,0.99998724
0,1,0.9860757
0,0,1.5568508e-05
0,0,1.1260585e-05
0,0,2.4776176e-05
0,0,9.841144e-06
0,0,9.26737e-06
0,0,2.7241775e-05
0,0,6.604698e-06
0,0,7.829174e-06
0,0,0.00019640163
0,0,5.649431e-06
0,0,7.5818234e-06
0,0,6.425469e-06
0,0,8.934404e-06
0,0,1.2398555e-05
0,1,0.9999502
1,1,0.9999939
0,0,5.9886447e-06
0,0,9.190991e-06
0,1,0.999881
0,1,0.9999714
0,0,6.375776e-06
0,0,7.6189785e-06
0,0,1.00195775e-05
0,0,3.907718e-05
0,0,1.0003403e-05
0,0,1.1467925e-05
0,0,7.826405e-06
0,0,8.115247e-06
0,0,1.7137309e-05
1,1,0.99998105
0,0,1.0885188e-05
0,0,5.7162424e-06
0,0,1.3844078e-05
0,0,0.00013469164
0,0,1.8064511e-05
0,0,8.481989e-06
0,0,1.4607918e-05
0,0,8.123974e-06
0,0,7.752847e-06
0,0,1.2226664e-05
0,0,1.156959e-05
0,0,5.2828727e-06
0,0,8.794212e-06
0,0,2.0222455e-05
0,0,1.2835722e-05
0,0,6.354912e-06
1,1,0.9995771
0,0,0.0005392668
0,0,0.00013080199
0,0,7.5408657e-06
0,0,8.721666e-06
0,0,0.00016523364
0,0,2.7669308e-05
0,0,1.0684693e-05
0,0,4.606313e-05
0,0,1.1206922e-05
0,0,3.880168e-05
0,0,6.8497106e-06
0,0,1.6510738e-05
0,0,8.105138e-06
0,0,6.492189e-06
0,0,5.254669e-06
0,1,0.7702016
0,0,1.3356443e-05
0,0,7.7559525e-06
0,0,7.937054e-06
0,0,5.7763584e-05
0,0,8.9874475e-06
0,0,1.0654738e-05
1,1,0.9999877
0,0,6.122019e-06
0,0,5.136937e-05
0,0,1.0246028e-05
0,0,6.4293486e-06
0,0,7.692573e-06
0,0,5.9746967e-06
0,0,9.603995e-06
0,0,1.3640423e-05
1,1,0.99998295
0,0,9.550801e-06
0,0,1.0434557e-05
0,0,1.6399523e-05
0,0,1.1678627e-05
0,0,7.222992e-06
0,0,0.00065179606
0,0,7.1400755e-06
0,0,6.518997e-06
0,0,9.023792e-06
1,1,0.99999106
0,0,1.0030706e-05
0,1,0.56905866
0,0,1.3410164e-05
0,0,1.477291e-05
0,0,8.181858e-06
0,0,8.441873e-06
0,0,1.00658945e-05
0,0,8.467144e-06
0,0,7.2935063e-06
0,0,7.1825207e-06
0,0,1.0035855e-05
0,1,0.9997352
0,0,2.4530096e-05
0,0,1.0808495e-05
0,0,6.457493e-06
0,0,8.519712e-06
0,0,1.0152351e-05
0,0,1.0778871e-05
0,0,1.9808416e-05
0,0,5.1112875e-05
0,0,1.5782109e-05
0,0,1.2370857e-05
1,0,0.3186557
0,0,6.282786e-06
0,0,1.2480979e-05
0,0,6.2381814e-06
0,0,6.454981e-06
0,0,2.4384228e-05
0,0,1.0205215e-05
0,0,8.010031e-06
0,0,1.3064612e-05
0,0,2.6755093e-05
1,1,0.999941
0,0,1.1010599e-05
0,0,0.00017209847
0,0,1.28741185e-05
0,0,8.662174e-06
0,0,7.4263353e-06
0,0,6.8531655e-05
0,0,1.1682681e-05
0,0,1.875579e-05
0,0,8.939909e-06
0,0,1.4541259e-05
0,0,5.5006462e-06
0,0,6.199005e-06
0,0,9.246597e-06
0,1,0.99977154
0,0,1.4860105e-05
0,1,0.999933
0,0,2.2210445e-05
0,0,7.82748e-06
0,0,5.718467e-06
0,0,1.0112761e-05
0,0,2.3939805e-05
0,0,6.4273563e-06
0,0,1.3229345e-05
0,0,8.5376205e-06
0,0,7.2431e-06
0,0,7.651724e-06
0,0,8.452379e-06
0,0,1.0374686e-05
0,0,7.6648204e-05
0,0,1.8464008e-05
0,0,1.0121097e-05
0,0,5.5152082e-05
0,0,8.467442e-06
1,1,0.99983144
0,0,8.673796e-06
0,1,0.99981993
0,0,7.784431e-06
0,0,1.2096663e-05
0,0,3.6121914e-05
0,0,1.0056645e-05
0,0,5.7191437e-06
1,1,0.9998354
0,0,1.4025429e-05
0,0,1.4630839e-05
1,1,0.9999864
0,0,6.4579485e-06
0,0,3.4077228e-05
0,0,1.2508923e-05
0,0,3.1554828e-05
1,1,0.9999751
0,0,9.880745e-06
0,0,8.220919e-06
0,0,9.0299045e-06
0,0,7.789398e-06
0,0,2.4455538e-05
0,0,2.1465083e-05
0,0,5.8587398e-06
0,0,8.265666e-06
0,0,1.6814796e-05
0,0,2.3243736e-05
0,0,2.2755923e-05
0,0,9.649688e-06
0,0,1.2785377e-05
0,0,9.571518e-06
0,0,5.7418674e-06
1,1,0.9999864
1,0,0.094978
0,0,9.645005e-06
1,1,0.9999943
0,0,1.593779e-05
0,0,3.7514114e-05
0,0,8.682214e-06
0,0,8.65688e-06
0,0,1.0701764e-05
0,0,9.321235e-06
0,0,2.367115e-05
0,0,6.9170546e-06
0,0,0.00023391625
0,0,7.719145e-06
0,0,1.2636557e-05
0,1,0.9764572
0,0,7.3041424e-06
1,1,0.9999293
0,0,1.0695529e-05
1,1,0.9999895
0,0,1.1904149e-05
0,0,6.921819e-06
0,0,5.9266673e-05
0,0,1.3394352e-05
0,0,1.1248145e-05
0,0,1.429702e-05
0,0,3.0456104e-05
1,1,0.5043181
0,0,1.2105663e-05
0,0,0.00023253224
0,0,7.729031e-06
0,0,1.2806085e-05
0,0,6.3086877e-06
0,0,1.1878519e-05
0,0,1.147089e-05
0,0,8.491435e-06
1,1,0.9999751
0,0,8.233489e-06
0,0,1.1464022e-05
0,0,4.641183e-06
1,1,0.9999927
0,0,1.6517683e-05
0,0,7.1733343e-06
0,0,3.457139e-05
0,0,0.0002125997
0,0,0.3366027
0,0,2.7029138e-05
0,0,9.276645e-06
0,0,5.958008e-06
0,0,0.0001525558
0,0,8.059145e-06
1,1,0.9999267
0,1,0.99977726
0,0,6.1236246e-06
0,0,9.159438e-06
0,0,1.0002716e-05
0,0,8.871972e-06
0,0,1.9372568e-05
0,0,1.3554189e-05
0,0,1.5644906e-05
0,0,5.734534e-06
0,0,6.6825055e-06
0,0,6.5954823e-06
0,0,2.3981529e-05
0,0,1.1349227e-05
0,0,6.8902846e-06
0,0,7.171262e-06
0,0,0.0047388556
0,0,1.2656891e-05
0,0,5.947829e-06
0,0,9.865124e-06
0,0,9.006657e-06
0,0,0.0054275715
0,0,7.820123e-06
0,0,4.0303657e-05
0,0,9.766153e-06
0,0,1.3963358e-05
0,0,1.3900844e-05
0,0,8.965446e-06
0,0,2.2207563e-05
0,0,1.4556798e-05
0,0,9.317556e-06
1,0,0.0011752229
0,0,5.2670905e-05
0,0,1.7896367e-05
0,0,7.353479e-06
0,0,3.2172447e-05
0,0,2.5966689e-05
0,0,7.0073925e-06
0,0,7.0413694e-06
0,0,8.194618e-06
0,0,0.00016271484
0,1,0.99996626
0,0,1.7412904e-05
0,0,1.6806169e-05
0,0,7.1309023e-06
1,1,0.9999937
0,0,7.1043073e-06
0,0,1.7388098e-05
0,0,1.5274964e-05
0,0,7.2558205e-06
0,0,1.09320745e-05
0,0,8.173163e-06
0,0,2.0015319e-05
0,0,7.200833e-06
0,0,5.496787e-06
0,0,6.61682e-06
0,0,1.7774619e-05
1,0,3.926852e-05
0,0,6.238949e-06
0,0,9.256726e-06
0,0,1.268229e-05
1,1,0.9893917
0,0,8.265524e-06
0,0,3.6706446e-05
0,0,1.1659597e-05
0,0,6.3685447e-06
0,0,6.104482e-06
0,0,3.1288262e-05
1,1,0.9999944
0,0,5.288856e-06
0,0,7.399408e-06
0,0,7.571498e-06
0,0,5.5552723e-06
0,0,8.827511e-06
0,0,1.3961641e-05
0,0,9.454027e-06
0,0,1.0397744e-05
0,0,8.6756e-06
0,0,5.753817e-06
0,0,7.96508e-06
0,0,9.980887e-06
1,1,0.9999796
0,0,7.639387e-06
0,0,1.8419143e-05
0,0,4.8824713e-05
0,0,1.0476456e-05
0,0,8.769883e-06
0,1,0.99913675
0,0,9.849181e-06
0,0,6.05159e-06
0,0,9.126583e-06
0,0,8.224071e-06
0,0,5.6608974e-06
0,0,1.1610354e-05
0,0,7.1617e-06
0,0,2.6344373e-05
0,0,2.435606e-05
0,0,1.7642556e-05
0,0,5.9863087e-06
0,0,1.5992451e-05
0,0,1.0636889e-05
0,0,5.589016e-06
0,0,7.4809477e-06
0,0,7.286651e-06
1,0,0.00011699194
0,0,2.949799e-05
0,0,1.0912595e-05
0,0,8.754039e-06
1,1,0.9995067
0,0,1.12012585e-05
0,0,9.8020855e-06
0,0,8.628454e-06
0,0,6.621618e-06
0,0,1.6033939e-05
0,0,8.830038e-06
0,0,1.37019715e-05
0,0,7.2589564e-06
0,0,1.6488944e-05
0,0,1.2483895e-05
0,0,1.1872721e-05
0,0,0.042835236
0,0,1.1179252e-05
0,0,3.0755797e-05
0,0,1.1377608e-05
0,0,6.3587013e-06
1,1,0.99666494
0,0,0.0010539116
0,0,3.132997e-05
0,0,9.926598e-06
0,0,6.403373e-06
0,0,7.1335207e-06
0,0,1.5192171e-05
0,0,1.2861283e-05
1,1,0.9171725
0,0,1.7589166e-05
0,0,6.8614063e-06
0,0,6.938368e-06
0,0,8.547935e-06
1,1,0.99999213
0,0,0.00012764861
0,0,1.0940949e-05
0,0,2.7200813e-05
0,0,6.859019e-06
0,0,1.664507e-05
0,0,9.246473e-06
0,0,1.3429641e-05
0,0,9.58478e-06
0,0,3.006537e-05
0,0,1.8487566e-05
0,0,6.0415623e-06
0,0,1.9403002e-05
0,0,1.1713339e-05
0,0,6.997015e-06
0,1,0.9770219
0,0,1.8019675e-05
0,0,1.1685333e-05
0,0,2.267828e-05
0,0,8.51535e-06
1,1,0.9999937
0,0,6.68908e-06
0,0,6.65992e-06
1,1,0.95597315
0,0,1.905296e-05
1,1,0.99999356
0,0,4.3216296e-05
0,0,3.4054094e-05
0,0,1.019754e-05
1,1,0.99998736
0,0,9.269376e-06
1,1,0.9999944
0,0,1.0259872e-05
0,0,7.724616e-05
0,0,1.7552304e-05
1,1,0.9999385
0,0,3.167165e-05
0,0,0.00010620836
0,0,6.022761e-05
0,0,1.8013798e-05
0,0,7.2345188e-06
0,0,2.3375535e-05
0,0,9.780758e-06
0,0,8.631697e-06
0,0,1.8981398e-05
1,1,0.9999895
0,0,1.567044e-05
0,0,1.25489505e-05
0,0,1.7087259e-05
1,1,0.9999943
0,0,1.7367414e-05
0,0,5.7481457e-06
0,0,7.951168e-06
0,0,9.80838e-06
0,0,2.4764624e-05
0,0,7.582062e-06
0,0,4.479903e-06
0,0,1.4836459e-05
0,0,6.273835e-06
0,0,6.0559028e-06
0,0,8.61239e-06
0,0,1.1861766e-05
1,1,0.9999939
0,0,7.989128e-06
0,0,5.857455e-06
0,0,6.566699e-06
0,0,3.356259e-05
0,0,1.0198873e-05
1,1,0.9999939
0,0,6.720269e-06
0,0,8.335134e-06
0,0,1.2584146e-05
0,0,7.2637276e-06
0,0,6.3247235e-06
0,0,1.5516469e-05
0,0,7.360102e-06
0,0,6.633146e-06
0,0,2.5403871e-05
0,0,5.123082e-05
0,0,9.424348e-06
0,0,1.3807277e-05
0,0,7.576403e-06
0,0,2.4759194e-05
0,0,8.686015e-06
0,0,6.243262e-05
0,0,1.3467168e-05
0,0,8.943687e-06
0,0,3.1860105e-05
0,0,1.0762919e-05
0,0,1.325469e-05
1,1,0.9999927
0,0,8.806558e-06
0,0,1.5826692e-05
0,0,7.836996e-06
0,0,6.601958e-06
0,0,8.9985115e-06
0,0,5.0166577e-06
0,0,7.826002e-06
0,0,1.1025193e-05
0,0,2.4902789e-05
0,0,7.24614e-06
0,0,2.0773698e-05
0,0,2.0114247e-05
0,1,0.9991387
0,0,1.0630997e-05
0,0,5.022187e-06
0,0,9.595747e-06
0,0,7.2443363e-06
0,0,5.6503363e-06
0,0,1.5850588e-05
0,0,3.394499e-05
0,0,3.2880325e-05
1,1,0.99998593
0,0,1.16726915e-05
0,0,6.049888e-06
0,0,8.888241e-06
0,0,1.4146691e-05
0,0,1.0681026e-05
0,0,8.605723e-06
0,0,9.716192e-06
0,0,8.023013e-06
0,0,1.13770975e-05
0,0,3.2701453e-05
0,0,1.1132294e-05
0,0,7.5018093e-06
0,0,7.210371e-06
0,1,0.999936
0,1,0.99980754
0,0,6.8828895e-06
0,0,8.296529e-06
0,0,2.018319e-05
0,0,5.533752e-06
0,0,1.2657422e-05
0,0,7.624612e-06
0,0,1.5316013e-05
0,0,1.3489353e-05
0,0,1.07433825e-05
0,1,0.99994576
1,1,0.99998
0,0,8.851959e-06
0,0,2.1143996e-05
0,0,7.783592e-06
0,0,1.2041279e-05
0,0,8.812972e-05
0,0,8.826713e-05
0,0,8.351803e-06
0,0,6.1160786e-06
0,0,1.3611419e-05
1,1,0.9998149
0,0,6.3702937e-06
0,0,0.0007719767
0,0,1.8785664e-05
0,0,7.699604e-06
0,0,1.3421779e-05
0,0,6.162254e-06
0,0,6.5303775e-06
0,0,1.9639543e-05
0,0,5.363671e-06
0,0,0.010469618
0,0,5.528076e-06
0,0,1.614326e-05
0,0,1.6497328e-05
0,0,7.835277e-06
0,0,9.323351e-06
0,0,8.151042e-06
0,0,6.412038e-06
0,0,8.768761e-06
0,0,7.7532786e-05
0,0,8.731195e-06
0,0,1.2919898e-05
0,0,8.364405e-06
1,1,0.9960651
0,0,1.0230922e-05
0,0,7.638899e-06
1,1,0.99984217
0,0,0.00016014188
0,1,0.65987706
0,0,4.477955e-06
0,0,3.4918303e-05
0,0,1.6691407e-05
0,0,7.0457218e-06
0,0,1.3088106e-05
0,0,1.3561909e-05
0,0,1.7974431e-05
1,0,5.1488252e-05
0,0,6.1189726e-06
1,1,0.99997854
0,0,9.282911e-06
0,0,5.6416943e-06
1,1,0.99999475
0,0,1.4406075e-05
0,0,0.00028359197
1,1,0.99998486
0,0,6.2588947e-06
0,0,1.7743558e-05
0,0,1.3858396e-05
0,0,5.334038e-06
1,0,5.2339343e-05
0,0,6.9875987e-06
0,0,1.4564895e-05
0,0,8.042286e-06
0,1,0.99982625
1,1,0.9999938
0,0,9.175761e-06
0,0,2.0074829e-05
0,0,7.723858e-06
0,0,0.019828694
0,0,1.1161547e-05
0,0,1.1222495e-05
0,0,8.667446e-06
0,0,1.8240078e-05
0,0,8.348649e-05
0,0,3.0174606e-05
0,0,8.112709e-06
0,0,3.8037826e-05
0,0,1.3414945e-05
0,0,1.7712247e-05
0,0,5.242266e-05
0,0,1.2195688e-05
0,0,7.2431e-06
0,0,2.164641e-05
0,1,0.9998839
1,1,0.99994457
0,0,9.187669e-06
0,0,9.545019e-06
0,0,1.0688647e-05
0,0,6.5813947e-06
1,1,0.9999708
0,0,8.050135e-06
0,0,6.8936893e-06
0,0,8.18459e-06
0,0,7.934208e-06
1,1,0.99997795
0,0,1.3385198e-05
0,0,3.5906985e-05
0,0,1.0082264e-05
0,0,6.550573e-05
0,0,1.0516176e-05
1,0,2.1413558e-05
0,0,2.8833105e-05
0,0,1.2900837e-05
0,0,1.26626865e-05
0,0,8.10088e-06
0,0,6.4949263e-06
0,0,1.26365085e-05
0,0,5.405944e-06
0,0,8.253732e-06
0,0,2.017103e-05
0,0,1.9289537e-05
0,0,1.2097759e-05
0,0,1.201572e-05
0,0,2.2341048e-05
0,0,8.77081e-06
0,0,1.4020026e-05
0,0,7.473169e-06
1,1,0.99999344
0,0,6.8815375e-06
0,0,5.9141967e-06
0,0,7.944059e-06
0,0,2.4265784e-05
0,0,1.26497e-05
0,0,6.8275695e-06
0,0,6.340577e-06
0,0,5.7402353e-06
0,0,1.0830969e-05
0,0,8.4618936e-05
0,0,6.9843413e-06
0,0,7.30649e-06
0,0,1.8167308e-05
0,0,7.120101e-05
0,0,8.596185e-06
0,0,1.33592075e-05
0,0,1.1129704e-05
0,0,1.0074864e-05
0,0,1.00682755e-05
0,0,6.466601e-06
0,0,1.0883351e-05
0,0,1.3030606e-05
0,0,1.2017485e-05
0,0,9.141819e-06
0,0,0.00014488793
0,0,3.4943354e-05
0,0,8.508864e-06
1,1,0.9999932
0,0,1.9907688e-05
0,0,2.0887444e-05
1,1,0.99999285
0,0,8.547357e-06
0,0,8.166112e-06
0,0,1.00631305e-05
0,0,1.0070906e-05
0,0,8.279022e-06
0,0,1.1223554e-05
0,1,0.81560576
0,0,1.8742094e-05
0,0,7.5086737e-06
0,0,8.116408e-06
0,0,9.358796e-06
0,0,1.3404486e-05
0,0,6.902643e-06
0,0,3.295724e-05
0,0,0.0020974982
0,0,0.00014226488
0,0,7.3050755e-06
0,0,6.919661e-06
0,0,1.8242585e-05
1,0,0.085298404
0,0,1.1080531e-05
0,0,1.6591599e-05
0,0,0.40298897
0,0,8.806021e-06
0,0,1.6082166e-05
0,0,9.399468e-06
0,0,7.2404064e-06
1,1,0.9999578
0,0,1.3176411e-05
0,0,5.9846534e-06
0,0,9.167888e-06
0,0,6.8644367e-06
0,0,9.977412e-06
0,0,5.2973114e-06
0,0,6.0700977e-06
0,0,8.3429595e-06
0,0,1.221649e-05
0,0,9.8144055e-06
0,0,8.678662e-06
0,0,0.00016759823
0,0,8.138125e-06
0,0,2.1229338e-05
0,0,1.0936465e-05
0,0,1.00484085e-05
0,0,9.404462e-06
0,0,1.4479708e-05
0,0,1.1451193e-05
0,0,7.633481e-06
0,0,9.774828e-06
1,1,0.9996954
0,0,1.2957432e-05
0,0,8.12857e-06
0,0,1.3307887e-05
0,0,8.716553e-06
0,0,5.6500732e-05
0,0,7.09895e-06
1,1,0.9999101
0,0,1.6848486e-05
0,0,4.5467626e-05
0,0,6.686528e-06
0,0,5.5159504e-05
0,0,3.4535933e-05
0,0,1.0649739e-05
0,0,3.9091865e-05
0,0,9.579682e-06
0,0,1.3774845e-05
0,0,8.3218865e-06
0,0,3.5711408e-05
0,0,9.011872e-06
0,1,0.9996692
0,0,8.344042e-06
0,0,1.0651811e-05
0,0,2.724653e-05
0,0,2.8875069e-05
0,0,0.04051519
0,0,1.0868974e-05
0,0,6.51028e-06
1,1,0.99999225
0,0,5.0891895e-06
0,0,2.241555e-05
0,0,2.5193904e-05
1,1,0.9999639
0,0,8.76617e-06
0,0,1.0750455e-05
0,0,4.8807586e-05
0,0,1.4714995e-05
0,0,5.9607814e-06
1,1,0.9999652
1,0,3.9915423e-05
0,0,7.3076467e-06
0,0,7.205219e-05
0,0,7.2327803e-06
0,0,0.00017912018
0,0,7.9341025e-06
1,1,0.9998123
0,0,0.0002788281
0,0,5.6042377e-06
0,0,1.5969086e-05
0,0,5.9382733e-06
0,1,0.9999206
0,0,1.6081782e-05
0,0,6.715977e-06
0,0,0.0010501656
0,0,1.5249391e-05
1,1,0.9999138
0,0,8.967874e-05
0,0,7.659274e-06
0,0,9.4840525e-06
0,0,1.2142363e-05
1,1,0.9999515
0,0,5.4589013e-06
0,0,1.0750803e-05
0,0,2.2944983e-05
0,0,3.815234e-05
0,0,2.7102134e-05
0,0,1.2361858e-05
0,0,8.323879e-06
0,0,6.220952e-05
1,1,0.9999939
0,0,6.92485e-06
0,0,7.5981757e-06
0,0,7.608784e-06
0,0,5.757363e-06
0,0,8.507371e-06
0,0,6.6978123e-06
0,0,5.5923533e-06
0,0,1.0223841e-05
0,0,6.822845e-05
0,0,1.249738e-05
0,0,6.0471825e-06
0,0,0.12608916
0,0,5.7896277e-06
0,0,1.2073601e-05
0,0,5.818643e-06
0,0,5.913779e-06
0,0,8.608777e-06
0,0,2.1047388e-05
0,0,6.788254e-05
0,0,5.2862492e-06
0,0,9.655421e-06
0,0,6.48302e-06
0,0,0.00036730352
0,0,5.0532944e-06
0,0,8.140547e-06
0,0,1.252505e-05
0,0,8.98168e-06
0,0,0.0021788648
0,0,7.740354e-06
0,0,7.495073e-06
0,0,7.2549424e-06
0,0,2.830093e-05
0,0,7.4592554e-06
0,0,1.1861801e-05
0,0,7.7426275e-06
0,0,1.4581086e-05
0,0,6.342379e-06
0,0,5.998596e-06
0,0,1.4872779e-05
0,0,1.866477e-05
0,0,2.3065362e-05
0,0,5.5913774e-06
0,0,9.086703e-06
0,0,1.1469205e-05
1,1,0.9999882
0,0,0.044122107
0,0,8.570208e-05
0,0,1.4514436e-05
0,0,0.00043030595
1,1,0.9999851
0,0,1.0148779e-05
1,1,0.99991727
0,0,1.6496273e-05
0,0,7.8959765e-06
0,0,8.35401e-06
0,0,8.013416e-06
0,0,1.8004901e-05
0,0,1.0136523e-05
0,0,6.4890073e-06
0,0,7.594175e-05
1,1,0.99997973
0,0,1.3833506e-05
0,0,6.9379115e-05
0,0,9.354737e-06
0,0,2.995076e-05
0,0,1.81181e-05
0,0,9.424779e-06
0,0,6.7738943e-06
0,0,1.1344822e-05
0,0,1.0572115e-05
0,0,1.124064e-05
0,0,6.99528e-06
1,1,0.9999949
0,0,9.338889e-06
0,0,1.1697866e-05
0,0,9.912749e-06
0,0,6.557175e-06
0,0,3.857393e-05
0,0,1.3826977e-05
0,0,9.119258e-06
0,0,1.0858727e-05
0,0,1.0202111e-05
0,0,8.106723e-06
0,0,1.2053158e-05
0,0,0.04034882
0,0,0.008518481
0,0,1.7798639e-05
0,0,7.1010622e-06
0,0,7.883772e-06
0,0,8.644513e-06
0,0,1.2548556e-05
1,1,0.9999788
0,0,6.5125346e-06
0,0,2.903993e-05
1,0,0.00016327496
1,1,0.99999464
0,0,7.721995e-06
0,0,1.09524235e-05
0,0,4.2974687e-05
0,0,7.8589555e-06
0,0,2.599191e-05
0,1,0.99982315
0,0,8.074024e-06
0,0,1.0684998e-05
0,0,6.9486714e-06
0,0,1.0933065e-05
0,0,8.855894e-06
0,0,6.9439816e-06
0,0,6.6030348e-06
0,0,9.324204e-06
0,0,1.6594731e-05
0,0,1.0583725e-05
0,0,2.5193904e-05
1,0,0.007310799
0,0,7.871707e-06
0,0,6.334618e-06
0,0,0.00029222746
0,0,6.536241e-06
0,0,1.24114495e-05
0,0,1.7767028e-05
1,1,0.9999838
1,1,0.9999534
0,0,7.073568e-06
0,0,1.4809147e-05
1,1,0.99999404
0,1,0.99971515
0,0,1.1878452e-05
0,0,2.291236e-05
0,0,1.2648734e-05
0,0,6.819123e-06
0,0,1.5559246e-05
0,0,6.5062086e-06
0,0,1.705821e-05
0,0,1.4880355e-05
0,0,6.2029076e-06
0,0,7.719079e-06
0,0,1.2596178e-05
0,0,8.354573e-05
0,0,1.5036804e-05
1,1,0.9999945
0,0,9.654189e-06
0,0,1.1736351e-05
0,0,6.0982793e-06
0,0,9.210619e-06
0,0,1.5164929e-05
0,0,4.893713e-06
0,0,1.3103968e-05
1,1,0.9997155
0,0,2.0428772e-05
0,0,7.775831e-06
0,0,1.5456388e-05
0,0,1.2896065e-05
0,0,6.010885e-06
0,0,5.7468087e-06
0,0,1.3150363e-05
0,0,1.09213925e-05
0,0,4.6757395e-05
1,1,0.9999943
0,0,9.297158e-06
0,0,1.3672916e-05
1,0,0.0001939208
0,0,7.215681e-06
0,0,2.833312e-05
0,0,6.3025545e-05
0,0,8.057608e-06
0,0,5.1598313e-06
0,0,6.936212e-06
0,0,9.252622e-06
0,0,1.6560867e-05
0,0,8.817566e-06
0,0,7.4898353e-06
0,0,1.0586006e-05
0,0,1.6412729e-05
0,0,7.995789e-06
0,0,0.050830897
0,0,4.760196e-05
0,0,9.208758e-06
0,0,2.1264455e-05
0,0,8.350554e-06
0,0,5.0643716e-06
0,0,2.6935117e-05
0,0,4.7543977e-05
0,0,9.920051e-06
0,0,1.3424672e-05
0,0,3.0956766e-05
0,0,6.535761e-06
1,1,0.99429494
0,0,1.3297687e-05
0,0,1.1848449e-05
0,0,6.3620673e-06
0,0,9.73024e-06
0,0,2.0408715e-05
0,0,4.725136e-05
0,0,7.2899948e-06
0,0,8.125198e-06
0,0,1.3607214e-05
1,1,0.99999225
0,0,1.7334653e-05
0,0,1.3166151e-05
0,0,9.324756e-06
0,0,6.2488402e-06
0,0,3.416072e-05
0,0,8.603377e-06
0,0,6.4662368e-06
0,0,6.141737e-06
0,0,7.2160246e-06
0,0,7.1014283e-06
0,0,1.0038247e-05
0,0,1.4595276e-05
0,0,7.1934755e-06
0,0,9.807107e-06
0,0,8.120426e-06
0,0,6.767476e-06
0,0,7.874402e-06
0,0,9.81738e-05
0,1,0.99990845
0,0,8.262387e-06
0,0,1.9949272e-05
0,0,6.1155188e-06
0,0,9.416981e-06
0,0,6.8092195e-06
0,0,7.282657e-06
0,0,1.7774179e-05
0,0,2.3525008e-05
0,1,0.998808
0,0,7.2769503e-06
0,0,7.1524178e-06
0,0,0.00037252298
0,0,1.8990197e-05
0,0,6.333144e-06
0,0,7.3754477e-06
0,0,1.3164894e-05
1,1,0.99999475
0,0,3.5903424e-05
0,0,5.2309406e-05
0,0,5.854601e-06
0,0,2.1000633e-05
0,0,0.00019507056
0,0,1.725907e-05
0,0,1.662784e-05
0,0,1.1791703e-05
0,0,1.1437354e-05
0,0,5.781748e-06
0,0,2.1168447e-05
0,0,7.3844208e-06
0,0,5.9493036e-06
0,0,7.6693905e-05
0,0,0.00011028069
0,0,7.405395e-06
0,0,1.4894412e-05
0,0,9.207932e-06
0,0,8.479968e-06
0,0,9.309775e-06
0,0,5.5932064e-06
0,0,8.647498e-06
1,1,0.9999918
0,0,2.9429739e-05
0,0,6.9751754e-06
1,1,0.995452
0,0,5.0747753e-06
0,0,0.00039857806
0,0,9.522261e-06
0,0,6.6012776e-06
0,0,1.06987845e-05
0,0,9.335274e-06
0,0,2.5242553e-05
0,0,8.440321e-06
0,0,2.4769066e-05
0,0,5.5038363e-06
0,0,7.841212e-06
0,0,6.0501648e-06
0,0,1.3710011e-05
0,0,8.78256e-05
0,0,8.431045e-06
0,0,1.1753037e-05
0,0,1.0700591e-05
0,0,1.4342031e-05
0,0,9.070427e-06
0,0,1.8027873e-05
0,0,5.4521533e-06
0,0,6.091351e-06
0,0,6.302103e-06
0,0,0.00010185734
0,0,1.0050814e-05
1,1,0.99999475
0,0,1.1112216e-05
0,0,8.783006e-06
0,0,9.1874235e-06
0,0,6.758214e-06
0,0,1.1647471e-05
0,0,0.0010389675
0,0,8.425861e-06
0,0,8.730578e-06
0,0,3.469766e-05
0,0,6.564151e-06
0,0,3.0628034e-05
0,0,6.4021033e-06
0,0,8.868775e-06
0,0,8.1379385e-06
0,1,0.9966446
0,0,6.3505136e-06
0,0,8.602868e-06
0,0,0.010230446
1,1,0.9999944
0,0,1.1617974e-05
1,1,0.9999716
0,0,7.747373e-05
0,0,1.0500282e-05
0,0,1.0578478e-05
0,0,7.632579e-06
0,0,1.1850912e-05
0,0,1.0661792e-05
0,0,7.575485e-06
0,0,1.30069175e-05
0,0,0.27030918
0,0,8.972426e-06
0,0,2.0992484e-05
0,0,1.5556323e-05
0,0,1.0131411e-05
0,0,8.299678e-06
0,0,6.044242e-06
0,0,7.8633064e-05
0,0,7.815395e-06
1,1,0.99998724
0,0,9.861399e-06
0,1,0.9996935
0,0,9.518574e-06
0,0,1.4719809e-05
0,0,1.4144235e-05
0,0,6.266313e-06
0,0,6.7803057e-06
1,1,0.99999106
0,0,7.804627e-06
0,0,7.856835e-06
0,0,6.4610226e-06
0,0,1.132787e-05
0,0,1.4073141e-05
0,0,6.370367e-06
0,0,7.0400865e-06
0,0,1.0743179e-05
0,0,0.017684791
0,0,9.941796e-06
0,0,1.3435508e-05
0,0,1.0081063e-05
1,1,0.9999875
0,0,1.1432163e-05
0,0,1.03301e-05
1,1,0.99996746
0,0,1.616942e-05
0,0,5.389049e-05
0,0,6.1670808e-06
0,0,1.7875489e-05
0,0,9.935672e-06
0,0,5.2136595e-05
1,1,0.99995494
0,0,2.0714764e-05
0,0,1.742721e-05
0,0,1.4175389e-05
0,0,6.9381367e-06
0,0,5.103283e-06
0,0,8.879168e-06
0,0,6.9993243e-06
0,0,2.1710584e-05
0,0,6.7600704e-06
0,0,1.4014478e-05
0,0,1.8522722e-05
0,0,1.4727488e-05
0,0,1.1023364e-05
1,0,0.000601226
0,0,9.84765e-06
0,0,2.2591976e-05
0,0,1.0558864e-05
0,0,9.319315e-06
0,0,6.854063e-06
0,0,1.1694743e-05
0,0,1.0294226e-05
1,0,2.7974744e-05
0,0,7.909362e-06
0,0,8.853631e-06
0,0,1.27699e-05
0,0,0.00011482493
0,0,1.3130977e-05
0,0,1.6566111e-05
0,0,1.9460042e-05
0,0,1.1766002e-05
0,0,7.093089e-06
0,0,9.1054235e-06
0,0,8.450396e-06
0,0,9.255535e-06
1,1,0.9999776
0,0,1.6517713e-05
0,0,6.783306e-06
1,1,0.9999893
0,0,7.0365086e-06
1,1,0.9999926
1,1,0.99998915
0,0,1.3192015e-05
0,0,9.7301845e-06
0,0,2.283087e-05
0,0,1.7672734e-05
0,0,1.5364814e-05
0,0,1.3901892e-05
0,0,1.8331772e-05
0,0,1.0266655e-05
0,0,1.2055318e-05
0,0,1.5371807e-05
0,0,7.320118e-06
0,0,4.9343722e-05
1,1,0.99999297
1,1,0.9999937
0,0,8.365331e-06
0,0,8.295492e-06
0,1,0.66040933
0,0,3.5454574e-05
0,0,2.2104854e-05
0,0,1.5131428e-05
0,0,8.775036e-06
0,0,3.3698765e-05
0,0,2.1365215e-05
0,0,9.540969e-06
0,0,7.159112e-06
0,0,8.182795e-06
0,0,8.815691e-06
0,0,1.12293465e-05
1,1,0.9999937
0,0,1.911012e-05
0,0,1.0306544e-05
0,0,1.3024693e-05
1,1,0.9999926
1,1,0.9999752
0,0,1.420344e-05
0,0,1.1522661e-05
0,0,9.529274e-06
0,0,9.400471e-06
0,0,1.0314743e-05
0,0,1.6790278e-05
0,0,7.3873725e-06
1,1,0.9999926
0,0,6.3957987e-06
0,0,6.3265516e-06
0,0,2.0893362e-05
1,0,0.0006375023
0,1,0.9969522
0,0,6.61518e-06
0,0,0.00021274124
0,0,1.11928875e-05
0,0,1.7930228e-05
0,0,1.3301035e-05
0,0,3.431313e-05
0,0,3.216548e-05
0,0,5.3701096e-06
1,1,0.99999046
0,0,6.2976933e-06
0,0,2.462988e-05
0,0,6.039595e-05
1,1,0.9999876
0,0,1.1468724e-05
0,0,5.776546e-06
0,0,7.6088704e-06
0,0,1.4374016e-05
0,0,7.2808584e-06
0,0,7.4717864e-06
0,0,3.3570657e-05
0,0,2.3982855e-05
0,0,7.735358e-06
1,1,0.9953505
1,1,0.9999901
0,0,7.650703e-06
0,0,7.369605e-06
0,0,1.4500669e-05
0,0,1.8892728e-05
0,0,1.3466756e-05
0,0,1.1724246e-05
0,0,1.1143128e-05
0,0,7.248497e-06
0,1,0.99946994
0,0,1.0671973e-05
0,0,5.0992217e-06
0,0,7.816111e-06
1,1,0.9997112
1,1,0.99988544
0,0,1.3332835e-05
0,0,6.064815e-06
0,0,9.337241e-06
0,0,5.971017e-06
0,0,8.28655e-06
0,0,2.537252e-05
0,0,1.197189e-05
0,0,1.5816793e-05
0,0,9.521789e-06
0,0,1.3413857e-05
0,0,1.1481342e-05
1,0,0.04462912
0,0,8.483915e-06
0,0,9.495002e-06
0,0,6.931992e-06
0,0,7.758779e-06
0,0,1.59095e-05
1,1,0.99999213
0,0,1.8596706e-05
0,0,8.26026e-06
0,0,7.6233584e-05
0,0,6.3056077e-06
0,0,4.620739e-05
0,0,5.6893e-06
0,0,0.008481369
0,0,8.194681e-06
0,0,6.597357e-06
0,0,8.415197e-06
0,0,1.144996e-05
0,0,5.724065e-06
0,0,1.4621662e-05
1,1,0.9999926
0,0,7.193654e-06
0,0,1.891618e-05
0,0,1.6348056e-05
0,0,7.581882e-06
0,0,1.3582347e-05
0,0,9.712515e-06
0,0,7.7003815e-06
0,0,9.198014e-06
0,0,9.75023e-06
0,0,6.2464746e-06
0,0,9.424689e-06
0,0,0.0016227221
0,0,9.200822e-06
0,0,4.309325e-05
1,1,0.99953425
0,0,5.3034632e-06
0,0,6.816691e-06
0,0,9.303198e-06
0,0,8.323315e-06
0,0,7.4258396e-06
0,0,7.3571828e-06
0,0,7.721943e-06
0,0,4.2541084e-05
0,0,3.0877487e-05
0,0,1.4827985e-05
0,0,1.7588362e-05
0,0,0.00043772004
0,0,0.0014482607
0,0,7.610032e-06
0,0,1.6685564e-05
0,0,8.993681e-06
0,0,8.143761e-06
0,0,1.0889216e-05
1,1,0.99994445
0,0,7.2204234e-06
0,0,6.9112916e-06
0,0,6.101351e-06
0,0,1.5681142e-05
1,0,8.4553525e-05
0,0,2.6908592e-05
0,0,8.923086e-06
0,0,3.8474667e-05
0,0,1.0665422e-05
0,0,6.4316104e-05
0,0,7.854018e-06
0,0,0.00010787125
0,1,0.9135517
0,0,5.900598e-06
0,0,1.0014438e-05
0,1,0.9940872
0,0,2.832126e-05
0,0,9.791594e-06
0,0,7.77151e-05
0,0,1.0656729e-05
0,0,9.74049e-06
0,0,0.000100715544
0,0,7.3242522e-06
0,0,1.0402823e-05
0,0,7.392419e-06
1,1,0.9999945
0,0,1.7294957e-05
0,0,3.0219038e-05
0,0,5.644918e-06
0,0,6.2465997e-06
0,0,1.201541e-05
0,0,9.850703e-06
0,0,9.084113e-06
0,0,8.663199e-06
0,0,1.2808528e-05
1,1,0.9999937
0,0,1.5300597e-05
0,0,9.453189e-06
0,0,1.8644385e-05
0,0,0.00018343687
0,0,1.6853355e-05
0,0,5.993758e-06
0,0,1.066765e-05
0,0,1.8611714e-05
0,0,6.6418174e-06
0,0,1.1242912e-05
1,1,0.999946
1,0,6.668619e-05
0,0,1.0495676e-05
0,0,9.002595e-06
1,1,0.99955755
0,0,0.00014859145
0,0,1.4257698e-05
0,0,9.001746e-06
0,0,2.0732828e-05
0,0,9.018501e-06
0,0,0.00010006925
1,1,0.99998736
0,1,0.9999608
0,0,1.4997505e-05
0,0,9.777848e-06
0,0,3.7313454e-05
0,0,8.182164e-06
1,1,0.999987
0,0,1.2958792e-05
0,1,0.9999374
0,0,6.465904e-06
0,0,2.3778759e-05
1,1,0.99998975
0,0,6.911753e-06
0,0,0.011057822
0,0,2.3385255e-05
0,0,6.87646e-06
0,0,8.5883585e-06
0,0,7.83305e-06
0,0,9.162505e-06
0,0,6.9043085e-06
0,0,7.3051874e-06
0,0,5.3211384e-06
0,0,8.701677e-06
0,0,1.0061652e-05
0,0,1.377516e-05
0,0,5.968893e-06
0,0,6.6686334e-06
0,0,7.3695837e-06
0,0,1.2166332e-05
0,0,1.34878865e-05
0,0,1.013201e-05
0,0,6.1542255e-06
0,0,2.3312085e-05
0,0,5.5072965e-06
0,0,6.237545e-06
0,0,1.1675397e-05
0,0,1.763963e-05
0,0,9.691326e-06
0,0,2.0716561e-05
0,0,9.534502e-06
0,0,1.0473339e-05
0,0,5.4865686e-06
0,0,1.3128285e-05
0,0,9.332158e-06
0,0,1.003815e-05
0,0,7.676473e-06
0,0,1.0424055e-05
0,0,9.245125e-06
0,0,9.625396e-06
0,0,1.2132061e-05
0,0,8.164197e-06
0,0,6.069768e-06
0,0,8.949796e-06
0,0,7.478444e-06
0,0,8.6886575e-06
0,0,0.0036676915
0,0,1.4668059e-05
0,0,1.745785e-05
0,0,1.2704743e-05
0,0,1.2964898e-05
0,1,0.9998802
0,0,1.6386924e-05
0,0,1.8042783e-05
1,0,2.892252e-05
0,0,7.235823e-06
0,0,6.4303113e-06
0,0,1.8827868e-05
0,0,1.1631576e-05
0,0,9.819367e-06
0,0,7.92298e-06
0,0,6.2460394e-06
1,0,8.246082e-05
0,0,1.8871497e-05
0,0,1.0378783e-05
0,0,9.372828e-06
0,0,5.8920223e-06
0,0,7.635716e-06
0,0,5.473858e-06
1,1,0.99999225
0,0,3.073823e-05
1,1,0.99982184
0,0,1.0194944e-05
0,0,9.091808e-06
0,0,6.458731e-06
0,0,4.812292e-06
0,0,6.8485483e-06
0,0,1.19551405e-05
0,0,1.2080017e-05
0,0,7.816923e-06
0,0,2.1093725e-05
0,0,4.6347068e-05
0,0,1.0940522e-05
0,0,5.2490795e-05
0,0,7.131222e-06
0,0,6.595105e-06
0,0,1.2844539e-05
0,0,6.586456e-06
0,0,2.1875392e-05
0,0,6.0386587e-06
0,0,9.283035e-06
0,0,8.583823e-06
0,0,1.1430702e-05
0,0,7.822181e-06
0,0,0.00014388016
0,0,9.149145e-06
0,0,1.2791487e-05
0,0,2.4427638e-05
0,0,6.6352145e-06
0,0,6.5976087e-06
0,0,9.10399e-06
0,0,7.081924e-06
1,1,0.9999932
1,1,0.99994004
0,0,0.0015276261
0,0,4.8956267e-06
1,1,0.9999945
0,0,1.6364733e-05
1,1,0.9910096
0,0,1.8973109e-05
0,0,6.278647e-06
0,0,1.4369918e-05
0,0,6.4546484e-06
1,1,0.99999416
0,0,7.034456e-06
0,0,8.4134e-06
0,0,2.7760014e-05
0,0,1.2288069e-05
0,0,1.7127537e-05
0,0,1.2762705e-05
0,0,5.3681842e-06
0,0,6.932376e-06
0,0,3.5696805e-05
0,0,1.01840615e-05
0,0,6.702336e-06
0,0,9.364634e-06
0,0,0.01429628
0,0,5.440192e-06
0,0,8.341638e-06
0,0,7.029453e-06
0,0,9.671808e-06
1,1,0.99998975
0,1,0.9914362
0,0,0.00021845858
0,0,8.75723e-06
0,0,1.3867121e-05
0,0,8.349725e-06
0,0,1.9868086e-05
1,1,0.99999154
0,0,2.0265854e-05
0,1,0.9999225
0,1,0.99685943
0,0,7.106659e-06
0,0,8.006877e-06
0,0,8.206068e-06
0,0,8.080464e-06
0,0,0.00041427088
0,0,7.1919458e-06
0,0,0.0001817091
0,0,6.984661e-06
0,0,2.086047e-05
0,0,1.4527481e-05
0,0,1.3236475e-05
1,1,0.9999813
0,0,8.044173e-06
0,0,1.4265287e-05
0,0,7.805535e-06
0,0,1.3479682e-05
0,0,1.49060925e-05
0,0,5.7397374e-06
0,0,1.488186e-05
0,0,8.812271e-06
0,0,6.9414123e-06
0,0,1.28425545e-05
0,0,1.1234466e-05
0,0,1.0440988e-05
0,0,6.219879e-06
0,0,5.921696e-05
0,0,1.1569458e-05
0,0,1.280418e-05
0,0,6.366583e-06
1,1,0.9999951
0,0,1.2952268e-05
1,1,0.99996865
0,0,6.9942193e-06
0,0,1.072197e-05
0,0,1.1103254e-05
0,0,1.2469058e-05
1,1,0.99998415
1,1,0.9998097
0,0,1.2943809e-05
0,0,3.7440062e-05
0,0,5.0914638e-05
0,0,2.224406e-05
0,0,8.050873e-06
0,0,1.1340506e-05
0,0,7.769893e-06
0,0,1.4580281e-05
0,0,6.2646336e-06
0,0,1.879527e-05
0,0,1.539145e-05
0,0,3.9103612e-05
0,0,1.2263729e-05
0,0,0.00012088364
0,0,7.047879e-06
0,0,8.15825e-06
0,0,9.83117e-05
0,0,1.0500342e-05
0,0,1.0274766e-05
0,0,6.953544e-06
0,0,7.3696824e-06
0,0,6.2192325e-06
0,0,7.335842e-06
0,0,1.2495819e-05
0,0,1.0991935e-05
0,0,1.1716779e-05
0,0,1.3374326e-05
0,0,9.13046e-05
0,0,1.5351472e-05
0,0,9.050735e-06
0,0,6.2909836e-05
0,0,2.6130443e-05
0,0,6.7102596e-06
0,0,5.958105e-06
0,0,8.580008e-06
0,0,8.841785e-06
0,0,7.14881e-05
0,0,2.5683397e-05
0,0,3.6948528e-05
0,0,1.3630384e-05
0,0,1.3730422e-05
0,0,4.0043105e-05
0,0,9.758835e-06
0,0,8.062167e-06
1,1,0.9999945
1,1,0.9999827
0,0,3.0651994e-05
0,0,9.720965e-06
0,0,2.1109583e-05
0,0,6.891244e-06
0,0,8.908921e-06
0,0,1.26336645e-05
0,0,1.2133252e-05
0,0,1.49662155e-05
1,1,0.9999913
0,0,1.5576914e-05
0,0,7.178529e-06
0,0,7.997711e-06
0,0,8.451308e-06
0,0,9.786619e-06
0,0,3.3841206e-05
0,0,1.10349965e-05
0,0,1.356262e-05
0,0,1.7183262e-05
0,0,1.1586948e-05
0,0,7.573455e-06
0,0,1.1805375e-05
0,0,1.0811031e-05
0,0,1.0054036e-05
0,0,7.4995924e-06
0,0,5.4232846e-06
0,0,7.1464992e-06
0,0,8.008297e-06
0,0,1.4467838e-05
1,1,0.9993643
0,0,2.1392945e-05
0,0,5.8634682e-06
1,1,0.9999939
0,0,1.3782202e-05
0,0,1.1564582e-05
0,0,1.0176265e-05
0,1,0.9993722
0,0,1.5000122e-05
0,0,7.0716665e-06
0,0,6.116446e-06
0,0,5.2255696e-06
0,0,7.942293e-06
0,0,1.1866405e-05
1,1,0.9999566
1,1,0.9999784
0,0,5.2744454e-06
0,0,1.0583514e-05
0,0,7.8762205e-06
0,0,6.864574e-06
1,1,0.6897934
0,0,1.3215852e-05
0,0,1.322406e-05
0,0,5.3904587e-06
0,0,1.2214579e-05
0,0,6.94316e-06
0,0,1.5820355e-05
0,0,6.8860677e-06
0,0,0.021249672
0,0,1.0731709e-05
0,0,8.6052805e-06
0,0,1.33402245e-05
0,0,5.9960907e-06
1,1,0.99999404
0,0,1.1093168e-05
1,1,0.9998461
0,0,7.931364e-06
0,0,1.0369126e-05
0,1,0.9804867
0,0,2.0344587e-05
0,0,7.2192947e-06
0,0,8.272646e-06
0,0,7.951593e-06
0,0,4.7660822e-05
0,0,7.2792063e-06
0,1,0.99993134
0,0,1.08677095e-05
0,0,1.130939e-05
0,0,6.0021553e-06
0,1,0.9968123
0,0,6.8546105e-05
0,0,7.339846e-05
0,0,3.4802048e-05
0,0,7.0106807e-06
0,0,1.08541935e-05
0,0,9.792425e-06
1,1,0.9999739
0,0,1.2356143e-05
0,0,1.0311772e-05
0,0,8.649586e-06
0,0,1.055967e-05
0,0,0.00086306524
0,0,8.991528e-06
0,0,6.5259946e-06
0,0,8.346795e-06
0,0,1.0262202e-05
1,1,0.99999344
0,0,6.9722964e-06
0,0,1.1534073e-05
0,1,0.9884248
0,0,6.2948293e-06
0,0,8.10786e-06
0,0,8.697073e-06
0,0,5.8486185e-06
0,0,7.88036e-06
1,1,0.99999475
0,0,9.156896e-06
0,0,0.00014908478
0,0,6.031625e-06
0,0,0.000282987
1,1,0.9999939
0,0,2.009076e-05
0,0,4.8725524e-06
0,0,1.409154e-05
0,0,6.1602914e-06
0,0,1.2380582e-05
0,0,1.3949888e-05
0,0,2.3171584e-05
0,0,6.2200976e-05
0,0,1.19478e-05
0,0,6.9158414e-06
0,0,1.7072321e-05
0,0,5.500982e-06
0,0,2.1255715e-05
0,0,9.035848e-06
1,0,2.4929665e-05
0,0,8.19365e-06
0,0,8.788319e-06
0,0,5.567672e-06
0,0,1.241171e-05
0,0,1.0169697e-05
1,1,0.99956363
1,1,0.99999416
0,0,6.4888964e-06
0,0,1.4292984e-05
0,0,4.4249115e-05
0,0,2.8347795e-05
1,1,0.99996114
0,0,7.173416e-06
0,0,9.234358e-06
0,0,6.6796574e-06
0,0,1.4336397e-05
0,0,8.560572e-06
0,0,2.7992413e-05
0,0,9.331135e-06
0,0,9.225846e-06
0,0,1.3804552e-05
0,0,8.8985535e-06
0,0,2.6728929e-05
0,0,2.61021e-05
0,0,8.110651e-06
0,0,7.300528e-06
1,1,0.9999937
0,0,7.761946e-06
1,1,0.9998658
0,0,1.11280915e-05
0,0,6.7880565e-06
0,0,1.1059512e-05
0,0,1.6694989e-05
1,1,0.9999914
0,0,9.122172e-06
1,1,0.9999727
0,0,5.7883026e-06
0,0,1.3384431e-05
0,0,9.5303385e-06
0,0,1.25904135e-05
0,0,7.182918e-06
0,0,6.628865e-06
1,1,0.9999589
0,0,8.17063e-06
0,0,6.970794e-06
0,0,5.8033365e-06
0,0,7.841631e-06
0,0,6.807128e-06
0,0,6.2699473e-06
0,0,8.134447e-06
0,0,0.015269844
0,0,9.270756e-06
0,0,2.5676785e-05
0,0,2.8249131e-05
0,0,8.162687e-06
0,0,7.3606707e-06
0,0,1.4049298e-05
0,0,1.560146e-05
0,0,5.0738126e-06
0,0,1.0544898e-05
0,0,1.2073313e-05
1,1,0.9998611
1,1,0.9998673
0,0,1.3249154e-05
0,0,1.9843661e-05
0,0,2.0985137e-05
0,0,4.9779405e-06
0,0,8.40062e-06
0,0,1.9083694e-05
0,0,1.1116911e-05
0,0,2.605405e-05
1,0,3.107618e-05
0,0,5.222481e-06
0,0,4.813945e-05
0,0,0.00010301958
0,0,6.8984114e-06
0,0,9.045764e-06
0,0,7.597299e-06
0,0,6.0957564e-06
0,0,1.4607446e-05
0,0,1.2223516e-05
0,0,8.74241e-06
0,0,1.0870156e-05
0,0,9.330342e-06
0,0,1.35978735e-05
0,0,5.999969e-06
0,0,1.2659113e-05
0,0,6.679753e-06
0,0,6.9003854e-06
0,0,7.0797364e-06
0,0,8.610961e-06
0,1,0.9461259
1,1,0.9999579
0,0,1.1293966e-05
0,0,6.741143e-06
0,0,4.720992e-06
0,0,8.827192e-06
0,1,0.9998441
0,0,6.2225076e-06
0,0,6.7940273e-06
0,0,8.7322114e-05
0,0,1.6692697e-05
0,0,8.924746e-06
0,0,8.654123e-06
0,0,1.0241544e-05
0,0,1.1329609e-05
0,0,3.5241093e-05
0,0,1.0848687e-05
0,0,6.01202e-06
0,0,6.0985703e-06
0,0,1.24282205e-05
0,0,7.995667e-06
0,0,1.3288965e-05
0,0,1.26391005e-05
0,0,2.2233544e-05
0,0,1.0879625e-05
0,0,3.1081632e-05
0,0,5.937152e-06
0,1,0.9998977
0,0,2.3215089e-05
0,1,0.99901175
0,0,1.905863e-05
0,0,7.5215166e-06
0,0,1.0968625e-05
1,1,0.999946
0,0,7.984908e-06
0,0,8.632866e-06
0,0,3.866955e-05
0,0,7.6789765e-06
0,0,6.6096813e-06
0,1,0.9704206
0,0,7.3193646e-06
0,0,7.024608e-06
0,0,6.476532e-06
0,0,1.2027597e-05
0,0,1.41499295e-05
0,0,0.00046519513
0,0,7.21011e-06
0,0,1.0048821e-05
1,1,0.99893755
0,0,8.279528e-06
0,0,8.19191e-05
1,1,0.9999902
0,0,5.4261814e-06
0,0,1.2164986e-05
0,0,1.1922282e-05
0,0,6.6076836e-06
0,1,0.9995529
0,0,7.645036e-06
0,0,8.868132e-06
1,1,0.99998045
0,0,1.1326595e-05
0,0,1.132787e-05
0,0,1.1758183e-05
0,0,7.672514e-06
0,0,2.5496172e-05
0,0,1.3215411e-05
0,0,6.98223e-06
0,0,1.5142846e-05
0,0,7.0009532e-06
0,0,6.0954367e-06
0,0,1.0800788e-05
0,1,0.99397296
0,0,1.3852464e-05
0,0,5.625099e-06
1,1,0.9999924
0,0,1.574432e-05
0,0,1.0805001e-05
0,0,5.2846663e-06
0,0,6.1026076e-05
0,0,7.36086e-06
0,0,9.507189e-06
0,0,8.599801e-06
0,1,0.9775918
0,0,5.356085e-06
1,0,0.18455659
0,0,1.1016565e-05
1,1,0.99998784
0,0,1.3837213e-05
0,0,1.1295786e-05
0,1,0.51277155
0,0,1.0295659e-05
0,0,7.5247453e-06
0,0,6.0925136e-05
1,1,0.99987006
0,0,1.8363022e-05
0,0,6.212226e-06
0,0,7.2131697e-06
0,1,0.99746966
0,0,1.5467638e-05
0,1,0.9987417
0,0,1.6805112e-05
0,0,5.563866e-06
0,0,4.0762545e-05
0,0,6.3107695e-06
0,0,2.620181e-05
0,0,4.7197496e-05
0,0,9.107073e-06
0,0,1.0803817e-05
0,0,1.39232e-05
1,1,0.99999475
1,0,0.00016166059
0,0,8.104883e-06
0,0,1.1469949e-05
0,0,7.971015e-06
1,1,0.99998236
0,0,0.009408345
0,0,1.5125757e-05
0,0,2.703615e-05
1,1,0.99997675
1,0,0.2739048
0,0,7.3237006e-06
1,1,0.7136284
0,0,2.1273929e-05
0,0,5.3480107e-05
0,0,1.1827067e-05
0,0,1.0637041e-05
1,1,0.99999344
0,0,1.3525383e-05
0,0,1.0460153e-05
0,0,9.387221e-06
0,0,7.235126e-06
1,0,0.00021211538
0,0,7.006791e-06
0,0,5.966554e-06
0,0,6.468192e-06
0,0,1.6483253e-05
0,0,1.214454e-05
0,0,2.1867781e-05
0,0,9.274284e-06
0,0,5.232137e-06
0,0,1.7026372e-05
0,0,1.2072691e-05
0,0,1.2098232e-05
0,0,2.1144522e-05
0,0,1.2276344e-05
0,0,8.136836e-06
0,0,3.1438136e-05
0,0,7.2646355e-05
0,0,1.2103596e-05
0,0,1.0455874e-05
0,0,1.3856241e-05
0,0,1.8902278e-05
0,0,9.632099e-06
0,0,0.00023136524
0,0,1.5046543e-05
0,0,1.8319712e-05
1,1,0.9999939
0,0,4.4775552e-05
0,0,0.0001422592
1,0,3.191475e-05
0,0,1.1258083e-05
0,0,1.5191418e-05
1,1,0.99999285
0,0,6.7873702e-06
0,0,1.147796e-05
0,0,3.2796834e-05
0,0,2.391069e-05
0,0,8.639899e-06
0,0,1.2054364e-05
0,0,9.086937e-06
0,0,8.190118e-06
0,0,8.667149e-06
1,0,0.0017481518
0,0,8.000717e-06
0,0,7.1378013e-06
0,0,8.70895e-06
1,1,0.9999831
0,0,5.060416e-05
0,0,6.5974014e-06
0,0,8.730986e-06
0,0,9.030249e-06
0,0,7.2914754e-06
0,0,1.0044778e-05
0,0,1.338119e-05
0,0,8.019302e-06
0,0,1.9753747e-05
0,0,1.0248167e-05
0,0,7.2537528e-06
0,0,1.93208e-05
0,0,7.3493707e-06
0,0,7.1557197e-06
0,0,0.25167996
0,0,6.1040514e-06
0,0,1.583326e-05
0,0,7.815977e-06
1,1,0.9999825
1,1,0.9976417
0,0,2.3484617e-05
0,0,1.8601246e-05
0,0,7.847991e-06
0,0,6.1689516e-06
0,0,3.5463734e-05
0,0,1.2765018e-05
0,0,6.720154e-06
0,0,1.092233e-05
0,0,6.816379e-06
0,0,9.473017e-06
0,0,8.688414e-05
0,0,1.3881809e-05
0,0,6.53808e-06
0,0,1.32400855e-05
0,0,7.865561e-06
0,0,2.5049107e-05
0,0,8.0586615e-06
0,0,8.072684e-06
1,0,0.000414169
0,0,8.2716115e-06
0,0,6.956323e-06
0,0,1.1256172e-05
0,0,1.4700184e-05
0,0,1.1365635e-05
0,0,6.778036e-06
1,0,1.1035533e-05
1,1,0.9999745
0,0,5.5704397e-05
0,0,2.6985997e-05
0,0,1.4180649e-05
0,0,0.0003574242
0,0,6.7374795e-06
0,0,6.3191715e-06
1,1,0.999992
0,0,8.390171e-06
0,1,0.9948002
0,0,1.6801234e-05
0,0,0.0006270494
0,0,7.3682627e-06
0,0,0.0003463292
0,0,7.5458724e-06
0,0,1.1650894e-05
1,1,0.99986756
0,0,1.9718891e-05
0,0,6.6176594e-06
1,1,0.9999478
1,1,0.9995989
0,0,1.5596148e-05
0,0,1.41692935e-05
0,0,5.219294e-06
0,0,0.050574142
0,1,0.9943585
0,0,1.4652133e-05
0,0,5.6115327e-06
0,0,3.9024486e-05
0,0,4.8050783e-06
0,0,6.5772538e-06
0,0,2.3326651e-05
0,0,6.7522483e-06
0,1,0.99992204
0,0,8.002717e-06
0,1,0.99993
0,0,7.852422e-06
0,0,1.3138105e-05
0,0,7.1748805e-06
0,0,6.620538e-06
0,0,8.77035e-06
1,1,0.99999297
0,0,9.977031e-06
0,0,6.384227e-06
0,0,1.0731382e-05
0,0,6.949315e-06
0,0,4.2025644e-05
0,0,1.4460845e-05
0,1,0.99998975
0,0,0.00027360584
0,0,3.0507932e-05
0,0,0.00012674961
0,0,6.880179e-06
0,0,6.3995453e-06
0,0,6.395195e-06
0,0,7.52278e-06
0,0,3.4257908e-05
0,0,8.534747e-06
1,1,0.9999927
0,0,3.655382e-05
0,0,4.2034142e-05
0,0,5.7230445e-06
0,1,0.8940351
0,0,7.610199e-06
0,0,7.2133416e-06
0,0,8.519712e-06
0,0,1.0768699e-05
0,0,8.517592e-06
0,0,6.817146e-06
1,1,0.99998796
0,0,0.00011948596
1,1,0.99991
0,1,0.99990714
0,0,1.9474375e-05
0,0,8.271407e-06
0,0,9.739895e-06
0,0,9.285178e-06
0,0,3.039404e-05
0,0,8.264882e-05
0,0,4.657593e-06
0,0,8.103399e-06
0,0,2.9177338e-05
0,0,1.14871345e-05
0,0,1.1274058e-05
0,0,6.8844583e-06
0,0,1.1731113e-05
1,1,0.9905691
0,0,8.34869e-06
0,0,1.2110456e-05
0,0,7.4601166e-06
0,0,1.2621707e-05
0,0,8.539046e-06
0,0,1.7488112e-05
0,0,1.2000248e-05
0,0,7.983607e-05
0,0,6.2378786e-06
0,0,3.0424491e-05
1,1,0.99998975
0,0,5.71991e-05
0,0,2.2361935e-05
0,0,1.0743762e-05
0,0,4.6035948e-05
0,0,1.5776302e-05
0,0,1.3312634e-05
0,0,1.8324028e-05
0,0,1.977165e-05
0,0,7.895872e-06
0,0,7.187427e-06
0,0,3.629453e-05
0,0,2.2075781e-05
0,0,0.00022502187
0,0,6.4005158e-06
0,0,1.1161867e-05
0,0,7.7429895e-06
0,0,1.16367355e-05
0,0,1.2412633e-05
0,0,2.5636733e-05
0,0,7.693651e-06
1,1,0.9999658
0,0,4.9565093e-05
0,0,6.849613e-06
1,1,0.9595486
0,0,5.173248e-06
0,0,1.2830874e-05
1,1,0.9999604
0,0,1.33501135e-05
0,0,2.1764316e-05
0,0,5.9720305e-06
0,0,7.1569207e-06
0,1,0.99954957
0,0,6.6845905e-06
0,0,3.799733e-05
0,0,4.8206566e-06
0,0,0.00015734653
1,1,0.98213124
0,0,6.8445256e-06
0,0,6.2243525e-05
0,0,8.666974e-05
0,0,4.82273e-05
0,0,0.061187536
0,0,1.6377955e-05
0,0,7.3087203e-06
0,0,5.8338872e-05
0,0,9.518656e-06
0,0,0.0049678613
1,1,0.9999931
0,0,3.288158e-05
1,1,0.9999908
0,0,1.012242e-05
0,0,6.73258e-05
0,0,0.00028204106
0,0,1.12199905e-05
0,0,7.196728e-06
0,0,2.5909008e-05
1,0,0.36820596
0,0,1.0409948e-05
0,0,5.5189157e-06
0,0,8.488844e-06
0,0,3.3489472e-05
0,0,8.449478e-06
0,1,0.9999523
0,0,2.3831357e-05
0,0,1.1925124e-05
0,0,8.528629e-06
0,1,0.9999666
0,1,0.9996069
0,0,1.2969499e-05
0,0,5.451675e-06
0,0,1.182037e-05
0,0,1.9520727e-05
0,0,1.3730581e-05
0,0,7.4572213e-06
0,0,8.444153e-06
0,0,8.286763e-06
0,0,1.2334704e-05
0,0,7.6319375e-06
0,0,1.6187427e-05
0,0,7.982989e-06
0,0,7.8267485e-06
0,0,2.823254e-05
0,0,3.720494e-05
0,0,6.9760667e-06
0,0,1.3973962e-05
0,0,0.00012192809
0,0,0.0003090076
0,1,0.99558556
0,0,2.0988782e-05
0,0,6.3081525e-06
1,1,0.9999324
0,0,7.0523774e-06
0,0,1.1490214e-05
0,0,8.8944635e-06
0,0,8.980078e-05
0,0,8.229171e-06
0,0,1.4613632e-05
0,0,7.9626725e-06
0,0,2.4994531e-05
0,0,7.1053305e-06
0,0,1.4062569e-05
0,0,1.0175809e-05
0,0,9.273939e-06
0,0,7.714774e-06
0,0,6.532614e-06
0,0,8.883266e-06
0,0,1.6650181e-05
0,0,1.4320163e-05
0,0,1.1891816e-05
0,0,9.048369e-06
0,0,8.31857e-06
0,0,3.6812307e-05
0,0,7.4217546e-06
0,0,8.491346e-06
0,0,7.591729e-06
0,0,4.520494e-05
0,0,4.0558203e-05
0,0,5.7532793e-06
0,1,0.99961793
0,0,7.649063e-05
0,0,1.29664195e-05
0,0,4.4124852e-05
0,0,1.0759132e-05
0,0,9.865858e-06
0,0,1.570028e-05
1,0,0.0017423054
0,0,5.983581e-06
0,0,9.283026e-06
0,0,6.89703e-06
0,0,1.2973407e-05
0,1,0.99974746
0,0,8.12536e-06
0,0,6.0897946e-06
0,0,5.63871e-06
0,0,5.896862e-06
0,0,8.067512e-06
0,0,8.277893e-06
0,0,7.912485e-06
0,0,1.2359501e-05
0,0,6.2124154e-06
0,0,1.0766081e-05
0,0,7.917845e-06
0,0,3.455247e-05
0,0,6.869781e-06
0,0,1.2580426e-05
1,1,0.9999938
0,0,8.310719e-06
0,0,6.0671864e-06
0,0,1.0046694e-05
0,0,7.395923e-06
0,0,6.977637e-06
0,0,1.7581655e-05
0,0,1.0625675e-05
0,0,9.653232e-06
1,1,0.9999807
0,1,0.9999695
0,0,2.1580887e-05
0,0,2.0980295e-05
0,0,5.980854e-06
0,0,7.977578e-06
0,0,6.475803e-06
0,0,1.7553844e-05
0,0,7.766537e-06
1,1,0.9999938
0,0,5.722242e-06
0,0,6.3553243e-06
0,0,1.4027275e-05
0,0,1.0335056e-05
0,0,8.573906e-06
1,1,0.99997544
0,0,8.200357e-06
0,0,9.71724e-06
0,0,9.063034e-06
0,0,3.957491e-05
0,0,6.1275978e-06
1,1,0.9999919
0,0,8.610666e-06
0,0,1.1924841e-05
1,1,0.99999344
0,0,8.438937e-06
0,0,1.624787e-05
0,0,9.8351746e-05
0,0,6.5096174e-05
0,0,3.0100166e-05
0,0,1.7352366e-05
0,0,8.232586e-06
0,0,2.7644988e-05
0,0,6.5489054e-05
0,0,1.038716e-05
0,0,1.4919774e-05
0,0,1.2615967e-05
0,0,4.415116e-06
0,0,6.3314874e-05
1,1,0.9999938
0,0,8.9232735e-06
0,0,7.3156725e-06
0,0,1.1654194e-05
0,0,3.8084654e-05
0,0,8.841177e-06
0,0,1.500264e-05
0,0,1.0550218e-05
0,0,7.443112e-06
0,1,0.9999082
0,0,1.3123803e-05
0,0,8.478965e-06
0,0,0.0011457627
0,0,6.763656e-06
1,1,0.9997111
0,0,6.688716e-06
0,0,7.869673e-06
0,0,5.8058386e-06
0,0,7.323568e-06
0,0,0.059217785
0,0,2.0843945e-05
0,0,1.4740218e-05
0,0,5.260651e-05
0,0,1.19474125e-05
0,0,7.927552e-06
0,0,9.791547e-06
0,0,8.916111e-06
0,0,1.1390418e-05
0,0,9.647397e-06
0,0,1.2099571e-05
1,1,0.99992716
0,0,1.3165145e-05
0,0,5.6085632e-06
0,0,9.543007e-06
0,0,7.0394217e-06
1,1,0.9990809
0,0,1.8370658e-05
0,0,1.5165797e-05
0,0,1.16723695e-05
0,1,0.99947995
0,0,8.396519e-06
0,0,5.495883e-05
0,0,2.9941391e-05
0,0,6.386456e-06
0,0,8.286653e-06
0,0,7.562933e-06
0,0,6.660435e-06
0,0,7.2117746e-06
0,0,9.578312e-06
0,0,1.6553999e-05
0,0,1.521537e-05
0,0,6.1133846e-06
0,0,5.172745e-06
1,1,0.9999889
0,0,6.7134793e-06
0,0,7.611803e-06
0,0,1.9682404e-05
0,0,1.1206516e-05
0,0,3.8678474e-05
0,0,1.834104e-05
0,0,7.621042e-06
0,0,8.358162e-06
0,0,7.4578115e-06
0,0,1.9251222e-05
0,0,1.2338338e-05
1,1,0.9999912
0,0,5.5645187e-06
0,0,7.70365e-05
0,0,9.807602e-05
0,0,7.783607e-06
0,0,2.3544442e-05
0,0,7.39354e-06
0,0,5.9144672e-06
0,0,7.6005454e-06
0,0,1.1293955e-05
0,0,8.785181e-05
0,0,4.1785308e-05
0,0,2.5539612e-05
0,0,1.2501457e-05
0,0,8.460726e-06
0,0,6.0073203e-06
0,0,7.581202e-06
0,0,4.364946e-05
0,0,6.061721e-06
0,0,1.0588459e-05
0,0,2.0974934e-05
0,0,7.834051e-06
1,1,0.85926646
0,0,6.0797906e-06
0,0,9.583117e-06
0,0,1.8570016e-05
0,0,1.120237e-05
0,0,9.056951e-06
0,0,2.0812264e-05
0,0,6.0237844e-06
0,0,6.6895136e-06
0,0,4.7655736e-05
0,0,8.449429e-06
0,0,1.1890897e-05
0,0,6.8415497e-06
0,0,4.1217234e-05
0,0,1.12281905e-05
0,0,9.7596385e-05
0,0,3.7044807e-05
0,1,0.9730526
0,0,1.1042796e-05
0,0,2.256007e-05
0,0,2.7447288e-05
1,1,0.9999795
0,0,8.845478e-06
1,1,0.9999938
0,0,1.6719176e-05
0,0,7.3045258e-06
0,0,8.076798e-05
0,0,7.744356e-06
1,1,0.9999877
0,0,5.583369e-06
0,0,1.7323777e-05
0,0,1.4345574e-05
0,0,6.6958833e-06
0,0,1.1680921e-05
0,0,2.8773638e-05
0,0,9.951509e-06
1,0,0.05816583
0,0,9.857103e-06
1,1,0.9999951
0,0,1.7258642e-05
0,0,1.1723731e-05
0,0,1.0145586e-05
0,0,8.142456e-06
0,0,5.5119548e-05
0,0,1.1980637e-05
0,0,9.448629e-06
0,0,8.399572e-05
0,0,7.2374305e-06
0,0,7.831003e-06
0,0,0.0006507375
0,0,8.84747e-06
0,0,1.3549679e-05
0,0,1.3366166e-05
0,0,1.5940117e-05
0,0,4.7118974e-06
0,0,6.6429516e-06
0,0,1.2087772e-05
0,0,6.804701e-06
0,0,3.0769555e-05
0,0,9.22347e-06
0,0,6.722372e-06
0,0,0.23524646
0,0,3.0897165e-05
0,0,9.062429e-06
0,0,1.5449048e-05
0,0,2.8217415e-05
0,0,1.1607032e-05
0,0,5.211381e-06
0,0,5.6016943e-06
0,0,2.3877423e-05
0,0,9.082883e-06
0,0,1.2491672e-05
0,1,0.682557
0,0,1.5975118e-05
0,0,8.870297e-06
0,0,6.7070678e-06
0,0,9.286701e-06
0,0,1.1090607e-05
0,0,7.345629e-06
0,0,6.827426e-06
0,0,2.3185046e-05
0,0,1.0271475e-05
0,0,7.864984e-06
0,0,1.2420851e-05
1,1,0.9643337
0,0,3.143304e-05
1,1,0.9999838
0,0,1.221698e-05
0,0,7.4937934e-06
0,0,1.7864446e-05
0,0,1.1734089e-05
0,0,6.3306965e-05
0,0,1.3478731e-05
0,0,1.4443767e-05
0,0,1.7426113e-05
0,0,6.1752967e-06
0,0,7.287979e-06
0,0,2.6716669e-05
0,0,8.949421e-06
0,0,1.1479951e-05
0,0,2.45271e-05
0,0,3.135284e-05
0,0,4.757148e-06
0,1,0.9998381
0,0,1.34233915e-05
0,0,1.031024e-05
0,0,9.534366e-06
0,0,5.6376825e-06
0,0,5.6503795e-06
0,0,1.0357523e-05
0,0,5.7350867e-06
0,0,6.7326378e-06
0,0,3.0362751e-05
0,0,2.0755499e-05
0,0,8.325102e-06
0,0,7.2929565e-06
0,0,1.3285849e-05
0,0,1.0291703e-05
0,0,1.918365e-05
0,0,7.711633e-06
0,1,0.9999027
0,0,5.4217126e-06
0,0,0.0034230892
0,0,1.2579755e-05
1,1,0.99994135
0,0,1.1186697e-05
0,0,9.0526855e-06
0,0,1.8996609e-05
0,0,8.151446e-06
0,0,2.330373e-05
0,0,1.0397357e-05
0,0,8.607824e-06
0,0,9.418643e-06
0,0,5.714378e-06
0,0,5.7606694e-06
0,0,0.00018014392
0,0,6.2129607e-06
0,0,9.281513e-06
1,1,0.9999864
0,0,1.175138e-05
0,0,8.773681e-06
0,0,1.4145557e-05
0,0,1.0522416e-05
0,0,0.00014444928
0,0,5.431763e-06
0,0,8.528206e-06
1,1,0.9998996
0,0,2.3701918e-05
0,0,5.9795533e-05
0,0,0.00019319476
0,0,3.1962783e-05
0,0,7.1391014e-06
0,0,6.8649542e-06
0,0,7.0587357e-06
0,0,6.1680394e-06
0,0,1.8326597e-05
0,0,1.670029e-05
0,0,9.37324e-06
0,0,9.10769e-06
0,0,7.043196e-06
0,0,7.6753895e-06
0,0,8.3213945e-06
0,0,9.175726e-06
0,0,9.501252e-06
0,0,7.479415e-05
0,1,0.83159477
0,0,1.4630212e-05
0,0,1.429473e-05
0,0,8.313462e-06
1,0,1.561079e-05
0,0,6.790828e-06
0,0,9.280415e-06
0,0,9.577544e-06
0,0,3.7659996e-05
0,0,5.973215e-06
0,0,7.0489345e-06
0,0,1.1685322e-05
0,0,6.685173e-05
0,0,2.215916e-05
0,0,1.830637e-05
0,0,1.29368855e-05
0,0,1.3374671e-05
0,0,1.7817285e-05
0,0,1.4788543e-05
0,0,9.056934e-06
0,0,3.831689e-05
0,0,1.42008685e-05
0,0,6.500837e-06
0,0,8.643129e-06
0,0,6.991525e-06
0,0,1.1011292e-05
0,0,5.200471e-05
1,1,0.9999912
0,0,9.657015e-06
0,0,1.3350623e-05
0,0,0.00022273064
0,0,2.1528429e-05
0,0,6.996802e-06
0,0,1.6223561e-05
0,0,9.077549e-06
0,0,7.042766e-06
0,0,9.424374e-06
0,0,8.6860655e-06
1,1,0.99999225
0,0,1.3935249e-05
0,0,5.224081e-05
1,1,0.99991894
0,0,2.2731021e-05
1,1,0.99999046
0,0,3.9920676e-05
0,0,3.2816577e-05
0,0,1.5359732e-05
0,0,5.8821743e-06
0,0,2.5476143e-05
0,0,8.410984e-06
0,0,9.486006e-06
0,0,3.143199e-05
0,0,1.9673958e-05
0,0,7.9955e-06
0,0,3.6223813e-05
0,0,2.1601189e-05
0,0,8.507753e-06
0,0,1.4287723e-05
0,0,7.955204e-06
0,1,0.99984515
0,0,1.1550353e-05
0,0,7.57899e-06
0,0,9.0194735e-06
0,0,7.1825207e-06
0,0,1.198482e-05
0,0,6.705002e-06
0,0,1.5237426e-05
0,0,3.27537e-05
0,0,1.0300708e-05
1,1,0.99998724
0,0,7.559904e-06
0,0,1.8802279e-05
0,0,7.164412e-06
0,0,8.646575e-06
0,0,4.0083032e-05
0,0,1.0345637e-05
0,0,5.6110084e-06
0,0,7.734274e-06
0,0,6.50879e-06
0,0,7.878766e-06
0,0,6.621472e-06
0,0,6.9345315e-06
0,0,9.312581e-06
0,0,6.003523e-06
0,0,1.0304401e-05
0,0,8.245393e-06
0,0,1.2176176e-05
0,0,9.682144e-06
1,1,0.99996626
0,0,0.00028966277
0,0,1.0909255e-05
0,0,9.7501925e-06
0,0,1.7494047e-05
0,0,1.8789015e-05
0,0,6.6072676e-06
1,1,0.99996376
0,0,9.158783e-06
0,0,7.048686e-06
1,1,0.99999213
0,0,5.5845085e-06
0,0,2.7019345e-05
0,1,0.9993587
0,0,4.531664e-05
0,0,1.1513171e-05
0,0,9.435338e-06
0,0,8.367852e-06
0,0,9.080069e-06
0,0,6.628157e-06
0,0,6.6513003e-06
0,0,6.3282955e-06
1,1,0.9999187
0,0,4.816259e-05
0,0,1.4720034e-05
0,0,9.159412e-06
0,0,7.1965355e-06
0,0,1.4472281e-05
1,1,0.99990237
0,0,6.6110874e-06
1,1,0.9999502
0,0,1.1527837e-05
0,0,1.3332402e-05
0,0,1.81574e-05
0,0,1.1736797e-05
0,0,1.5951127e-05
0,0,7.03569e-06
0,0,1.1597131e-05
0,0,1.1099199e-05
0,0,9.154749e-06
0,0,0.0063566514
0,0,1.4724005e-05
1,1,0.9997923
0,0,6.8720415e-06
0,0,1.8036111e-05
0,0,1.0803796e-05
0,0,6.7597866e-06
0,0,7.24934e-06
0,0,6.9893786e-06
0,0,6.093083e-06
1,1,0.9999746
1,1,0.99998987
0,0,5.968893e-06
0,0,1.25688675e-05
0,0,7.642484e-06
0,0,3.1129068e-05
0,0,1.0256107e-05
0,0,6.7925507e-06
0,0,7.796697e-06
0,0,1.4334073e-05
0,0,1.1315992e-05
1,1,0.99989855
0,0,1.717689e-05
0,0,1.4310238e-05
0,0,8.608646e-06
0,0,0.003342907
0,0,0.0010471398
0,0,0.00012399163
1,1,0.9999918
0,0,7.1943396e-06
1,1,0.99999344
0,0,6.176634e-06
0,0,6.2555177e-06
0,0,6.4510605e-06
0,0,1.545447e-05
0,0,1.2552936e-05
0,0,1.1781609e-05
0,0,1.150698e-05
0,0,7.0559568e-06
0,0,7.259289e-06
0,0,1.393008e-05
0,0,1.5645594e-05
0,0,9.002114e-06
0,0,1.0228347e-05
1,1,0.9999933
0,0,0.00025346238
0,0,1.0094349e-05
0,0,8.505985e-05
0,0,9.8026185e-06
0,0,1.3470083e-05
0,0,8.1123535e-06
0,0,7.349287e-06
0,0,5.7520288e-06
0,0,1.1919792e-05
1,0,9.535225e-05
1,1,0.99967027
0,0,6.9827493e-06
0,0,2.2621618e-05
0,0,8.775504e-06
0,0,1.1120897e-05
0,0,1.22571355e-05
0,0,6.727105e-06
0,0,0.008396498
0,0,0.00025013858
0,0,1.586435e-05
0,0,1.6810225e-05
0,0,9.013403e-06
0,0,7.2781027e-06
0,0,1.211741e-05
0,0,4.667257e-05
0,0,1.1910611e-05
0,0,0.000107409775
0,0,6.1613077e-06
0,0,2.435374e-05
0,0,9.262758e-06
1,1,0.9990804
0,0,6.3536336e-06
0,0,1.043213e-05
0,0,5.5251035e-06
0,0,8.874104e-06
0,0,7.878466e-06
0,0,1.3054823e-05
0,0,4.8290394e-06
0,0,8.923001e-06
0,0,7.6288084e-06
0,0,1.8415281e-05
0,0,7.882133e-06
0,0,1.0591257e-05
0,0,6.000089e-06
0,0,9.388573e-06
0,0,9.034332e-06
0,0,1.3134146e-05
0,0,0.0002132087
1,1,0.99999404
0,0,8.808121e-06
0,0,1.1965371e-05
1,1,0.99999464
0,0,5.672267e-06
0,0,2.232997e-05
0,0,1.2082597e-05
0,0,6.3203765e-06
0,0,9.239634e-06
0,0,7.216837e-06
0,0,2.9053252e-05
0,0,6.8844124e-06
0,0,1.0434986e-05
0,0,1.0395682e-05
0,0,1.2165985e-05
0,0,1.0594166e-05
0,0,1.4454087e-05
0,0,9.681128e-06
0,0,6.0966395e-06
0,0,1.3313344e-05
0,0,3.647217e-05
1,1,0.9999939
1,1,0.9999405
0,0,0.0133501105
0,0,1.0259843e-05
1,0,4.3631313e-05
0,0,6.845316e-06
0,0,8.6904565e-06
1,0,3.36506e-05
0,0,5.7027987e-06
0,0,1.3890176e-05
0,0,0.0005546232
0,0,6.9653647e-06
0,0,5.9455606e-06
0,0,9.130718e-06
1,1,0.9999583
0,0,8.308801e-06
0,0,1.0921153e-05
0,0,8.669811e-06
0,0,8.677685e-06
0,0,1.237481e-05
0,0,0.47527373
0,0,8.565692e-06
0,0,9.084995e-05
1,1,0.99937755
0,0,6.8301547e-06
0,0,1.1724179e-05
0,0,2.5903277e-05
0,0,5.909647e-06
0,0,1.083318e-05
0,0,9.136859e-06
0,0,2.5614565e-05
0,0,1.2175677e-05
0,0,9.064279e-06
0,0,9.265549e-06
0,0,5.596067e-06
0,0,6.315388e-06
0,0,1.1681746e-05
1,1,0.99998915
0,0,1.053573e-05
0,0,8.06565e-06
0,0,1.5283927e-05
0,0,2.9093873e-05
0,0,2.6863854e-05
0,0,9.459998e-06
0,0,1.1831895e-05
0,0,1.4180054e-05
0,0,9.970944e-06
0,0,1.0623143e-05
0,0,7.888315e-06
0,0,1.0638522e-05
0,0,2.4528737e-05
0,0,0.0057829907
0,0,7.6556435e-06
0,0,7.4204313e-06
1,0,0.07344211
0,0,0.000508329
1,1,0.9999932
1,0,4.2315838e-05
0,0,8.5663705e-06
0,0,9.625754e-06
0,0,1.0533712e-05
1,0,4.885364e-05
0,0,0.017303023
0,0,8.4131425e-06
0,0,2.4165927e-05
0,0,1.2824708e-05
0,0,9.318324e-05
0,0,1.3326403e-05
0,1,0.9997502
0,0,1.5583793e-05
0,0,7.2661182e-06
0,0,2.087948e-05
0,0,1.00648385e-05
0,0,7.271088e-06
0,0,1.338849e-05
0,0,9.83542e-06
1,1,0.9999894
0,0,1.6849242e-05
0,0,1.9792442e-05
0,0,2.8142356e-05
0,0,8.038467e-06
1,1,0.99999404
0,1,0.9999609
0,0,9.831642e-06
0,0,8.012789e-06
0,0,5.7805632e-06
0,0,2.7583472e-05
0,0,9.427386e-06
0,0,2.8066483e-05
0,0,1.1392461e-05
0,0,8.545791e-06
0,0,6.30476e-06
0,0,1.2347014e-05
0,0,8.584551e-06
0,0,6.2836734e-06
0,0,2.3867906e-05
0,0,1.1673037e-05
0,0,1.3003408e-05
0,0,1.0125036e-05
0,0,1.019057e-05
0,0,1.6579957e-05
0,0,7.840098e-06
0,0,2.5055842e-05
0,0,7.959896e-05
0,0,7.999679e-06
0,0,1.8843117e-05
0,0,1.5001925e-05
0,0,9.797245e-06
0,0,9.126939e-06
0,0,1.1512226e-05
0,0,1.1253295e-05
0,0,1.543041e-05
0,0,9.740044e-06
0,0,7.561231e-06
1,0,0.00020109082
1,1,0.99965155
0,0,8.884401e-06
0,0,6.8936824e-06
0,0,5.3907984e-06
0,0,2.02105e-05
0,0,1.4586023e-05
1,1,0.9999856
0,0,9.107586e-06
0,0,1.0215439e-05
0,0,7.408016e-06
0,0,1.18019525e-05
0,0,6.8978848e-06
0,0,8.706167e-06
0,0,0.0016083071
1,1,0.99999344
0,0,0.00010169993
0,0,0.00037533836
0,0,1.2805767e-05
1,1,0.99993813
0,0,3.1888496e-05
0,0,9.444539e-06
0,0,1.9045185e-05
1,1,0.9999937
0,0,7.228818e-05
0,0,1.1306434e-05
1,1,0.99998987
0,0,2.1699718e-05
0,0,9.910339e-06
1,1,0.9998665
0,0,0.00014186745
1,1,0.99999166
0,0,9.0171e-06
0,0,0.0006563091
0,0,6.0809798e-05
0,0,2.7793869e-05
0,0,1.4613687e-05
0,0,8.949805e-06
0,0,0.0038226491
0,0,2.3824608e-05
0,0,5.9835925e-06
0,0,9.363831e-06
0,0,1.4219352e-05
0,0,1.44081205e-05
0,0,9.1079155e-06
0,0,1.6697695e-05
0,0,0.0004064683
0,0,1.0478055e-05
0,0,1.5001953e-05
0,0,1.169278e-05
0,0,7.904898e-06
0,0,3.0033245e-05
0,0,8.078791e-06
0,0,4.895022e-05
0,0,6.3220823e-06
0,0,1.633163e-05
1,1,0.99999464
0,0,1.3795076e-05
0,0,8.421925e-06
0,0,7.4573136e-06
0,0,1.0295924e-05
0,0,8.153646e-06
1,1,0.9999881
0,0,2.1051865e-05
0,0,6.636202e-06
0,0,2.3436221e-05
0,0,1.3602893e-05
0,0,6.902031e-06
0,0,1.49212965e-05
0,0,6.313328e-06
0,0,2.4742269e-05
0,0,8.811683e-06
0,0,1.9323415e-05
0,0,5.5101073e-06
0,0,5.621396e-05
0,0,8.48746e-06
0,0,1.4746165e-05
0,0,0.00024298576
0,0,2.2577375e-05
0,0,6.9718376e-06
0,0,9.762643e-06
0,0,1.1008877e-05
0,0,1.5007062e-05
0,0,2.5102072e-05
0,0,8.840958e-06
0,0,1.0763279e-05
0,0,6.470617e-06
0,0,1.8994833e-05
0,0,6.8680188e-06
1,1,0.99999356
0,0,6.068392e-05
1,1,0.99973994
0,0,6.4478495e-06
1,1,0.9917058
0,0,6.2331806e-06
0,0,1.4791914e-05
0,0,5.813684e-06
0,0,1.0889736e-05
0,0,1.1267749e-05
0,0,8.248609e-06
0,0,5.8175888e-06
0,0,8.048792e-06
1,1,0.9999366
0,0,2.091144e-05
1,1,0.99999356
0,1,0.9949517
0,0,6.529394e-06
0,0,6.0803586e-06
0,0,2.2008242e-05
0,0,8.834856e-06
0,0,3.376771e-05
0,0,8.377786e-06
0,0,0.00039008196
0,0,7.150222e-06
0,0,0.00448393
0,0,9.189947e-06
0,0,1.1264688e-05
0,0,0.00019333407
0,0,1.6316844e-05
1,1,0.9999833
0,0,1.025325e-05
0,0,0.00024463597
0,0,1.30292765e-05
0,0,1.0930365e-05
0,0,1.4373495e-05
0,0,1.1449184e-05
1,0,1.8480814e-05
0,0,1.6091493e-05
0,0,1.2761708e-05
0,0,0.00085744343
0,0,3.3157423e-05
0,0,1.0452923e-05
0,0,1.0682227e-05
0,0,5.8562386e-05
0,0,6.8428876e-06
1,1,0.9999865
0,0,6.410375e-06
0,0,8.350243e-06
0,0,9.907021e-06
0,0,1.7969804e-05
0,0,1.1604398e-05
1,1,0.99999344
0,0,8.352513e-06
0,0,8.405924e-06
0,0,1.05782665e-05
0,0,1.3982147e-05
0,0,7.803399e-06
0,0,3.0264287e-05
0,0,8.747414e-06
0,0,7.879413e-06
0,0,1.0217272e-05
0,0,1.6914413e-05
1,1,0.999943
1,0,0.00027792496
1,1,0.99999297
0,0,6.970747e-06
0,0,7.037341e-06
0,0,6.2387353e-06
1,1,0.9999629
0,0,7.784609e-06
0,0,8.358601e-06
0,0,6.538578e-05
0,0,8.381638e-06
0,0,5.846014e-06
0,0,1.3230973e-05
0,0,7.987954e-06
1,1,0.99995303
0,0,1.5473968e-05
0,0,5.137035e-06
0,0,9.0491285e-06
0,0,7.4944587e-06
0,0,7.757343e-06
0,0,6.6774796e-06
0,0,5.721134e-06
0,1,0.9988181
0,0,8.7418675e-06
0,0,1.4564215e-05
0,0,6.8875647e-06
0,0,9.872079e-06
0,0,2.0714211e-05
0,0,5.941366e-06
0,0,7.1916643e-06
0,0,1.1430309e-05
0,0,6.0996463e-06
0,1,0.99909294
0,0,7.042424e-06
0,0,0.106220566
0,0,7.0582582e-06
0,0,9.907618e-06
1,1,0.99999464
0,0,7.12857e-06
0,0,5.9937747e-06
0,0,1.085379e-05
0,0,6.785209e-06
0,0,8.384148e-06
0,0,8.439339e-06
0,0,9.162155e-06
1,1,0.9999876
0,0,5.200265e-06
0,0,1.3719991e-05
0,0,8.753172e-06
0,0,9.320399e-06
0,0,1.882336e-05
1,1,0.9999416
0,0,7.779309e-06
0,0,1.799752e-05
1,1,0.9999777
0,0,3.3298624e-05
0,0,6.3424277e-06
0,0,8.048853e-06
1,1,0.9998098
0,0,1.0898328e-05
0,0,1.2366622e-05
0,0,0.0021672845
0,0,1.0746909e-05
0,1,0.9993248
0,0,1.3143593e-05
0,0,6.566211e-06
0,0,7.1341196e-06
0,0,1.222171e-05
0,0,7.882457e-06
1,0,1.301826e-05
0,0,8.033164e-06
0,0,6.9169223e-06
0,0,5.8264004e-06
0,0,1.852138e-05
1,1,0.99999475
0,0,1.0649252e-05
0,0,2.1346541e-05
0,0,4.933318e-06
1,1,0.9999796
0,0,7.750836e-06
0,0,6.748534e-06
0,0,7.07595e-06
0,0,7.0520414e-06
0,0,6.5578374e-06
0,0,7.7447985e-06
0,0,8.716985e-06
0,0,6.5837808e-06
0,0,6.2606678e-06
1,0,7.421889e-06
1,1,0.9999652
0,0,1.3743472e-05
0,0,1.15843195e-05
0,0,1.040574e-05
1,1,0.87418103
0,0,8.87335e-05
0,0,5.109029e-06
0,0,2.278374e-05
0,0,2.1958851e-05
0,1,0.9994498
1,1,0.999985
0,0,1.7729637e-05
0,0,7.892981e-06
0,0,5.119976e-05
0,0,8.736276e-06
0,0,9.34344e-06
0,0,5.406584e-06
0,1,0.99484754
0,0,7.395521e-06
0,0,8.90678e-06
0,0,1.4072416e-05
0,0,1.1402776e-05
0,0,1.0383832e-05
0,0,6.0426855e-06
0,0,1.0354313e-05
0,0,1.2419857e-05
0,0,1.444283e-05
1,1,0.99999094
0,0,1.710927e-05
0,0,8.086986e-06
0,0,9.340723e-06
0,0,2.8830713e-05
0,0,7.72962e-06
1,1,0.9999918
0,0,5.956684e-06
0,0,7.310934e-05
0,0,1.3200271e-05
0,0,1.02744925e-05
0,0,0.0007182235
0,0,1.5926531e-05
0,0,1.4523008e-05
0,0,1.1457092e-05
0,0,6.7564547e-06
0,0,1.1645994e-05
0,0,9.769917e-06
0,0,1.1009674e-05
0,0,9.388233e-06
1,0,0.0006870587
0,0,5.804803e-06
0,0,5.733801e-06
0,0,7.949e-06
0,0,1.1823853e-05
0,0,2.6558486e-05
1,0,0.00042781126
0,0,6.57795e-06
0,0,7.602394e-06
0,0,8.8384795e-06
0,0,6.6638124e-05
0,0,1.0235412e-05
1,1,0.9993401
1,1,0.99986756
0,0,2.4123976e-05
0,0,1.8835015e-05
0,0,9.911728e-06
0,0,7.2711505e-06
0,0,1.1669965e-05
0,0,1.9058249e-05
0,0,1.1596921e-05
1,1,0.99957556
1,1,0.99999416
0,0,5.2913433e-06
0,0,7.2875755e-06
1,1,0.99999297
0,0,7.3600804e-06
0,0,1.0219182e-05
0,0,0.00042858435
0,0,1.2305366e-05
0,0,2.9514786e-05
0,0,2.1959562e-05
1,1,0.99999285
0,0,1.2267858e-05
0,0,5.740608e-06
0,0,7.378994e-06
0,0,7.852685e-06
1,1,0.9999298
0,0,5.5051382e-06
0,0,8.433956e-06
0,0,7.08287e-06
0,0,1.08307e-05
0,0,1.0542746e-05
0,0,1.00122315e-05
1,1,0.8763773
0,0,6.123541e-05
0,0,1.0240714e-05
0,0,6.2390623e-06
0,0,6.8109202e-06
0,0,1.5471725e-05
0,0,0.0005279895
0,0,0.008840877
0,0,8.421379e-06
0,0,1.1360229e-05
0,0,2.0306405e-05
0,0,6.915063e-06
0,0,1.3249509e-05
0,0,3.5133642e-05
0,0,1.0486712e-05
0,0,8.108903e-06
0,0,5.4426514e-06
0,0,6.191378e-06
0,0,9.511678e-06
0,0,7.671913e-06
0,0,9.548033e-06
0,0,9.891973e-06
1,1,0.99993753
0,0,5.0442522e-06
1,0,3.0171039e-05
0,0,2.9574743e-05
0,0,6.3895504e-06
0,0,8.913629e-06
0,0,1.0807258e-05
0,0,9.194857e-06
0,0,6.3417383e-06
0,0,3.484572e-05
0,0,6.293155e-06
0,0,1.1292513e-05
0,0,7.1128084e-06
0,0,5.7081966e-06
0,1,0.52871734
0,0,1.3057824e-05
0,1,0.9838509
0,0,1.0444793e-05
0,0,1.2738216e-05
1,1,0.99963295
0,0,5.3522554e-06
1,1,0.9999944
1,1,0.99999344
1,1,0.9999839
0,0,7.3891906e-06
0,0,6.0096354e-06
0,0,6.5908544e-06
0,0,1.3355806e-05
0,0,9.434221e-06
0,0,9.3404915e-06
0,0,7.2115813e-06
0,0,1.736026e-05
0,0,2.4578987e-05
0,0,7.557576e-06
1,1,0.9999821
0,0,1.7558097e-05
0,0,1.1637124e-05
0,1,0.9999777
0,0,2.1377056e-05
0,0,8.06585e-06
0,0,7.4443183e-06
0,0,9.7263155e-06
0,0,7.967968e-06
1,1,0.99960726
0,0,1.4419022e-05
0,0,4.858102e-05
1,1,0.9999939
0,0,1.0834657e-05
0,0,7.425939e-06
0,0,4.6274065e-05
0,0,6.6457396e-06
0,0,3.7911155e-05
0,0,5.7594225e-06
0,0,7.288827e-06
0,0,2.3554549e-05
0,0,9.291228e-06
0,0,2.0602152e-05
0,0,1.0609677e-05
0,0,2.1418418e-05
0,0,5.8511964e-06
0,1,0.9812785
0,0,1.097707e-05
1,1,0.99999404
0,0,1.044534e-05
0,0,1.2495676e-05
0,0,0.00020035419
0,0,7.31672e-06
0,0,8.262002e-06
0,0,9.625377e-06
0,0,9.925822e-06
0,0,6.2882714e-06
0,0,2.6371396e-05
0,0,5.628496e-06
0,0,9.898106e-06
0,0,1.1814712e-05
0,0,1.4650611e-05
0,0,2.9392011e-05
0,0,7.3611336e-06
0,0,2.6467893e-05
0,0,1.9844e-05
1,1,0.8876919
0,0,6.246778e-06
0,0,9.498344e-06
0,0,9.969471e-06
0,0,9.3255076e-05
0,0,1.0107853e-05
0,0,1.6554852e-05
0,0,6.1815845e-05
0,0,1.2256025e-05
0,0,0.0005258389
0,0,6.8637496e-06
0,0,2.6186644e-05
0,0,2.5549916e-05
0,0,9.704459e-06
1,1,0.9999939
0,0,5.697596e-06
0,0,6.5473023e-06
0,0,7.0716255e-06
0,0,6.346978e-06
0,0,3.7491438e-05
0,0,9.494188e-06
0,0,8.545913e-06
0,0,7.311823e-06
0,0,1.2692586e-05
0,0,7.1109804e-05
0,0,6.4675814e-06
0,0,9.162697e-06
1,1,0.99999297
0,0,8.953723e-06
0,0,7.1972836e-06
0,0,8.670894e-06
0,0,9.0965095e-06
0,0,9.764896e-06
0,0,7.1335076e-06
0,0,9.848213e-06
0,0,1.2741483e-05
0,0,6.9922853e-06
0,0,5.7386264e-06
0,0,9.84533e-06
0,0,5.9821086e-06
0,0,9.239335e-06
0,0,1.5440963e-05
0,0,1.0690237e-05
0,0,1.525438e-05
0,0,8.011238e-06
0,0,0.0005707203
0,0,1.539553e-05
0,0,0.00048876525
0,0,3.0260566e-05
0,0,6.1632472e-06
0,0,1.4579459e-05
0,0,1.8373585e-05
0,0,6.7583687e-06
0,0,1.0487011e-05
1,1,0.99994326
0,0,9.356664e-06
0,0,5.820286e-06
0,0,5.8770165e-06
0,0,3.3594453e-05
1,1,0.99999213
0,0,6.5927275e-06
1,1,0.9999926
0,0,6.0690504e-06
0,0,9.569674e-06
0,0,0.001072415
0,0,1.0206987e-05
0,0,4.6701734e-05
0,0,1.2137708e-05
1,1,0.9998728
0,0,1.227933e-05
0,0,1.3577826e-05
0,0,6.510938e-06
0,0,8.005862e-06
0,0,6.6944403e-06
0,0,6.644853e-06
0,0,8.606019e-06
0,0,8.302876e-06
0,0,6.569549e-06
0,0,5.709617e-06
0,0,0.00051143824
0,0,1.1159696e-05
0,0,7.011577e-06
0,0,6.89949e-06
0,0,2.0815836e-05
0,0,8.744836e-06
0,0,1.3404128e-05
0,0,9.266548e-06
0,0,7.443104e-06
0,0,8.926747e-06
1,1,0.99998057
0,0,7.2886716e-05
0,0,7.661735e-06
0,0,2.3050014e-05
0,0,1.2897811e-05
0,0,1.3190807e-05
0,0,8.705255e-06
1,0,1.0731157e-05
0,0,2.0980235e-05
0,0,1.1680966e-05
0,0,5.760021e-06
0,0,6.710829e-06
0,0,5.791339e-06
0,0,0.00011197317
0,0,8.65674e-06
0,0,7.337493e-06
0,0,6.725745e-06
0,0,1.2472175e-05
0,0,1.1997971e-05
0,0,1.1700254e-05
0,1,0.8336432
0,0,6.512093e-06
0,0,8.924618e-06
0,0,2.1264212e-05
0,0,2.162617e-05
0,0,1.9565197e-05
0,0,1.1186719e-05
0,0,7.950008e-06
0,0,8.698532e-06
0,0,1.2520249e-05
0,0,1.1634117e-05
0,0,1.9936395e-05
0,0,1.6873297e-05
0,0,8.134339e-06
0,0,1.6419399e-05
0,0,1.0702346e-05
0,0,1.3943623e-05
0,0,1.7878729e-05
1,0,1.6080678e-05
0,0,6.4946166e-06
0,0,7.5680555e-06
0,0,8.9259156e-05
0,0,2.2478293e-05
0,0,1.0879759e-05
0,0,8.827831e-06
0,0,8.35444e-06
0,0,1.0040507e-05
0,0,6.136141e-06
0,0,2.7918351e-05
0,0,9.4822435e-06
0,0,1.129515e-05
0,0,7.999832e-06
0,0,6.0908574e-06
0,0,8.1333e-06
0,0,5.6086114e-06
0,0,1.1024973e-05
0,0,1.1767685e-05
0,0,6.974244e-06
1,1,0.99836725
0,0,2.8342361e-05
0,0,1.3205962e-05
1,1,0.9999938
0,0,1.430781e-05
0,0,9.63627e-06
0,0,6.93514e-06
0,0,8.236536e-06
0,0,9.405098e-06
0,0,0.000314933
0,0,7.0982055e-06
0,0,6.3951834e-06
0,0,1.2012351e-05
0,0,5.6135295e-06
0,0,2.1396127e-05
0,0,0.021111209
0,0,3.0697098e-05
0,0,2.3134513e-05
0,0,1.5874159e-05
0,0,9.756872e-06
0,0,1.29357995e-05
0,0,1.0174684e-05
0,0,6.442152e-06
0,0,2.3826084e-05
0,0,6.64825e-06
1,1,0.9999443
0,0,5.9164363e-06
0,0,7.8047315e-06
0,0,9.348084e-06
1,1,0.9973908
0,0,6.1509104e-06
0,0,7.1239488e-06
0,0,1.0552673e-05
0,0,8.830012e-06
0,0,0.0018290743
0,0,0.000151909
0,0,1.0312225e-05
0,0,1.7813445e-05
0,0,3.9295865e-05
0,0,1.0659586e-05
0,0,8.172189e-06
1,1,0.99999154
0,0,2.2859542e-05
0,0,1.1599132e-05
1,0,5.5157976e-05
0,0,2.999246e-05
0,0,1.1694074e-05
0,0,6.883546e-06
0,0,1.8981904e-05
0,0,0.24863033
0,0,8.837687e-06
0,0,8.278067e-06
0,0,7.962323e-06
0,0,1.44229e-05
0,0,1.1382459e-05
1,1,0.99992335
0,0,8.489832e-06
0,0,1.1558011e-05
0,0,1.4436151e-05
0,0,8.12203e-06
0,0,1.2839076e-05
0,0,8.20696e-06
0,0,3.9579438e-05
0,0,0.10885619
0,0,1.04161645e-05
0,0,1.6546343e-05
0,0,8.41876e-06
0,0,7.5012445e-06
0,0,8.410166e-06
1,1,0.99999344
0,0,3.969427e-05
1,1,0.9999701
0,0,6.8198647e-06
0,0,9.67751e-06
0,0,9.240638e-06
0,0,1.3686862e-05
0,0,0.00044484492
0,0,9.1194925e-06
0,0,1.0652076e-05
0,0,8.852787e-06
0,0,1.3358595e-05
0,0,7.2411453e-06
0,0,1.5229566e-05
0,0,8.374974e-06
0,0,1.7918297e-05
0,0,1.9538104e-05
0,0,7.252908e-06
0,0,7.629493e-06
0,0,3.3858738e-05
0,0,1.3030358e-05
0,0,6.745889e-06
0,0,5.3438807e-06
0,0,6.891507e-06
0,0,8.257763e-06
1,1,0.99973494
0,0,1.2782866e-05
0,0,1.4007744e-05
0,0,9.713867e-06
0,0,1.3109893e-05
0,0,8.434174e-06
0,0,7.768834e-06
0,0,7.107892e-06
0,0,9.366331e-06
0,0,7.555681e-06
0,0,8.741267e-06
1,1,0.9999757
0,0,1.0264209e-05
0,0,0.0002670812
0,0,1.023426e-05
0,0,7.745088e-06
0,0,7.2596413e-06
0,0,2.6763819e-05
0,0,2.1449e-05
0,0,0.0013018207
0,0,6.4933033e-06
0,0,1.1727925e-05
0,0,1.4322485e-05
0,0,3.4674635e-05
0,0,9.369111e-06
0,0,7.188524e-06
0,0,1.2137384e-05
0,0,9.467272e-06
1,0,0.00068569585
0,0,1.5160433e-05
0,0,1.5037563e-05
0,1,0.99996614
0,0,1.6463426e-05
0,0,3.2315154e-05
0,0,9.547878e-06
0,0,8.317776e-06
1,1,0.99999213
0,0,1.0430389e-05
0,0,1.8999906e-05
0,0,6.44968e-05
0,0,2.2290056e-05
0,0,8.613737e-06
0,0,9.919634e-06
0,0,8.912183e-06
0,0,7.851928e-06
0,0,6.7269257e-06
0,1,0.9996908
0,0,1.0021259e-05
0,0,1.7209897e-05
0,0,5.9463036e-06
0,0,6.428239e-06
0,0,4.0575225e-05
0,0,1.0886019e-05
0,0,8.344042e-06
0,0,7.889789e-06
0,0,7.3990063e-06
0,0,2.0268713e-05
0,0,7.0476844e-06
0,0,1.4802511e-05
0,0,7.247944e-06
0,0,9.497357e-06
0,0,9.436786e-06
0,0,8.125353e-06
0,0,1.1588341e-05
0,0,7.3227857e-06
0,0,7.95129e-06
0,0,6.300961e-06
1,1,0.9999776
0,0,1.1563634e-05
0,0,1.0974516e-05
0,0,1.0759276e-05
0,0,7.715805e-06
0,0,1.1271403e-05
0,0,6.1908527e-06
0,0,7.681299e-06
0,0,1.1798678e-05
0,0,3.3529577e-05
0,0,7.9827e-06
0,0,1.6175221e-05
0,0,1.0315993e-05
0,0,0.00040066632
0,0,3.1783875e-05
0,0,1.6389331e-05
0,0,7.533046e-06
0,0,9.931712e-06
0,0,8.5454985e-06
0,0,9.5469495e-06
0,0,7.0088627e-06
0,0,2.091553e-05
0,0,9.020609e-06
0,0,9.372631e-06
0,0,1.239119e-05
0,0,2.7069715e-05
0,0,1.4980266e-05
1,1,0.9999902
0,0,7.791798e-06
0,0,5.8945234e-06
0,0,0.021701708
0,0,8.319759e-06
1,1,0.9990614
1,1,0.990328
0,0,5.425038e-06
0,0,7.661619e-06
0,0,1.27316325e-05
0,0,8.8446095e-06
0,0,9.422039e-06
0,0,1.5188057e-05
0,0,7.137141e-06
0,0,8.694966e-06
0,0,9.181888e-06
0,1,0.99998903
0,0,7.811581e-06
1,0,0.00016113934
0,0,1.0761092e-05
0,0,1.0252781e-05
0,0,1.3191236e-05
0,0,1.51772265e-05
0,0,2.3480472e-05
0,0,1.0899127e-05
0,0,9.022243e-06
0,0,2.3645702e-05
1,1,0.99999166
0,0,2.1421829e-05
1,0,2.4144689e-05
0,0,9.222731e-06
0,0,2.201221e-05
0,0,1.0167486e-05
0,0,7.0302576e-06
0,0,1.7711605e-05
0,0,1.3518123e-05
0,0,8.971194e-06
0,0,8.313104e-06
0,0,2.1790547e-05
0,0,0.4144568
1,1,0.99999344
0,0,1.022858e-05
0,0,5.309054e-06
0,0,8.2902196e-05
0,0,1.2668726e-05
0,0,1.7717653e-05
0,0,6.362177e-06
1,1,0.99996436
0,0,1.4654272e-05
0,0,7.5346265e-06
0,0,1.944216e-05
0,0,8.65154e-06
0,0,7.603264e-06
0,0,7.093178e-06
0,0,4.518373e-05
1,1,0.99998856
0,0,6.4637097e-06
0,0,1.0208389e-05
1,1,0.9999788
0,0,1.9171672e-05
0,0,1.06484185e-05
1,1,0.99999
0,0,2.4329505e-05
0,0,5.425731e-06
0,0,8.403673e-06
0,1,0.99971014
0,0,9.156914e-06
0,0,6.6877274e-06
0,0,6.319213e-06
0,0,8.219782e-06
0,0,7.2507783e-06
0,1,0.9999666
0,0,7.827494e-06
0,0,6.331042e-06
0,0,1.007081e-05
0,0,3.8718368e-05
0,0,8.629902e-06
0,0,9.5724945e-06
0,0,0.00053359516
0,0,9.307298e-06
0,0,2.7944643e-05
0,0,6.700029e-06
0,0,1.6827404e-05
0,0,1.0201323e-05
0,0,3.786418e-05
0,0,6.4035215e-05
0,0,8.001892e-06
0,0,7.1120285e-06
0,0,3.0087398e-05
0,0,7.642178e-06
0,0,8.356105e-06
0,0,1.6519934e-05
0,0,1.1275661e-05
0,0,1.0132e-05
1,1,0.9999908
0,0,4.127915e-05
0,0,1.0102139e-05
0,0,8.735742e-06
0,0,2.0032658e-05
0,0,6.733568e-06
0,0,1.1955026e-05
0,0,7.79252e-06
0,0,9.022862e-06
0,0,2.5183237e-05
0,0,0.00052479137
0,0,2.0222455e-05
0,0,8.776358e-06
0,0,1.5274485e-05
0,0,7.820816e-06
0,0,5.801322e-06
0,0,7.816035e-05
0,0,1.4071772e-05
0,0,6.9791413e-06
0,0,1.0478953e-05
0,0,1.1460327e-05
0,0,8.552673e-06
0,0,1.5953803e-05
0,0,4.1951207e-05
0,0,1.4181406e-05
0,0,8.819535e-06
0,0,8.8843335e-06
0,0,1.0481553e-05
0,0,1.1607764e-05
0,0,7.992388e-06
0,0,7.6211154e-06
0,1,0.99572206
0,0,2.3318798e-05
0,0,1.9706615e-05
0,0,6.7438177e-06
0,0,4.727024e-06
0,0,1.6217342e-05
0,0,1.585591e-05
0,0,1.7314296e-05
0,0,3.8144262e-05
0,0,5.2339044e-05
0,0,9.338479e-06
0,0,7.3552533e-06
0,0,8.998434e-06
0,0,7.307187e-06
0,1,0.99996257
0,0,2.218426e-05
0,0,7.1879613e-06
0,0,6.6277266e-06
0,0,5.380638e-05
0,0,6.185553e-05
0,0,1.1890897e-05
0,0,2.2059305e-05
0,0,1.5051538e-05
0,0,4.5673092e-05
0,0,1.0622453e-05
1,1,0.9999677
1,1,0.9999937
0,1,0.9904398
0,0,6.6250286e-06
0,0,6.8737845e-06
0,0,0.00023702928
0,0,3.233812e-05
0,0,3.4218527e-05
0,0,9.364805e-06
0,0,8.688144e-06
0,0,1.5370166e-05
0,0,8.6482905e-06
0,0,9.133975e-06
0,0,2.1166832e-05
0,0,1.8215569e-05
0,0,1.7963088e-05
0,0,2.1916967e-05
0,0,3.0451427e-05
1,1,0.99997306
0,0,8.136239e-06
0,0,7.4051545e-06
0,0,2.3830038e-05
1,1,0.99999094
0,0,1.6163995e-05
0,0,6.226532e-06
0,0,1.6977925e-05
0,0,7.340741e-06
1,1,0.9999907
0,0,4.859373e-06
0,0,4.1677224e-05
0,0,6.2152126e-06
0,0,9.855128e-06
0,0,9.469141e-06
0,0,1.2250427e-05
0,0,7.150767e-06
0,0,3.5890072e-05
0,0,1.3660039e-05
0,0,1.2859553e-05
0,0,8.758081e-06
1,1,0.99984276
0,0,1.192575e-05
0,0,0.00029235068
0,0,8.491297e-06
0,0,4.622083e-05
0,0,7.575695e-06
0,0,5.831095e-05
0,0,9.343368e-06
1,1,0.999985
0,0,1.1815117e-05
0,0,2.2572336e-05
0,0,4.807398e-06
0,0,0.006245609
0,0,1.0049809e-05
0,0,8.807936e-06
0,0,0.0011647592
0,0,1.5453867e-05
1,1,0.99998033
1,1,0.99999106
0,0,8.699876e-06
1,1,0.9999249
0,0,4.055186e-05
0,0,5.3385127e-05
0,0,1.04851815e-05
0,0,0.0010478483
0,1,0.9998294
0,0,4.6894038e-05
0,0,1.2287857e-05
1,1,0.9999777
1,0,1.1802775e-05
1,1,0.9999883
0,0,6.2002587e-06
0,0,3.407401e-05
0,0,8.38498e-06
0,0,1.079812e-05
0,0,0.00097406335
0,0,1.2761014e-05
0,0,9.219768e-06
1,0,2.0873229e-05
0,0,1.25603e-05
1,1,0.999995
0,0,6.388309e-05
0,0,8.144064e-06
0,0,2.5947455e-05
0,0,1.5610449e-05
0,0,4.7662685e-05
0,0,4.1950287e-05
0,1,0.9953483
1,0,0.026870416
0,0,7.850326e-06
0,0,9.959321e-06
0,0,1.6395723e-05
1,1,0.9996712
0,0,7.3630927e-06
0,0,7.240565e-06
0,0,8.160383e-06
0,0,7.0483434e-06
0,0,1.6711874e-05
0,0,9.415218e-05
0,0,6.109753e-06
0,1,0.99973565
0,0,1.5124791e-05
0,0,3.6929607e-05
0,0,1.8930565e-05
0,0,9.672528e-06
0,0,9.482651e-06
0,0,0.000103662656
0,0,7.5260086e-06
0,0,0.023192333
0,0,7.5910557e-06
0,0,8.696061e-06
0,0,9.113329e-06
0,0,1.0137103e-05
0,0,1.7951852e-05
0,0,1.238631e-05
0,0,6.9606895e-06
0,0,7.63753e-06
0,0,4.9964374e-06
1,1,0.9999945
0,0,2.3441675e-05
0,0,8.56405e-06
0,0,7.49115e-06
1,1,0.99997914
1,1,0.9999932
0,0,7.2622242e-06
0,1,0.85915816
0,0,1.03876855e-05
0,0,6.19504e-06
0,0,2.404008e-05
0,0,1.1231692e-05
0,0,1.3243028e-05
0,0,2.098896e-05
0,0,5.556109e-06
1,1,0.99999356
0,0,1.0600918e-05
0,0,6.4866067e-06
0,0,9.438451e-06
0,0,1.1192674e-05
0,0,0.0021403816
0,0,6.6394305e-06
0,0,5.727079e-06
0,0,5.0078147e-06
0,0,1.4764726e-05
0,0,5.5969635e-06
0,0,9.414539e-06
1,1,0.9999919
0,0,9.688351e-06
0,0,1.0130841e-05
0,0,3.9989416e-05
0,0,9.543208e-06
0,0,8.785478e-06
0,0,0.00023993106
1,1,0.9999943
0,0,1.3460208e-05
0,0,1.37368015e-05
0,0,8.22666e-06
0,0,6.4722217e-06
0,0,1.905954e-05
0,0,1.4856379e-05
0,0,1.1170568e-05
0,0,5.830842e-06
0,0,1.6305114e-05
0,0,2.2284214e-05
0,0,5.444541e-06
0,0,4.7451307e-05
0,0,9.93391e-06
0,0,6.9019848e-06
0,0,1.016322e-05
0,0,5.495015e-06
0,0,9.691077e-06
0,0,9.058109e-06
0,0,7.3956903e-06
0,0,8.985862e-06
1,1,0.99999166
0,0,8.865139e-06
0,0,6.683889e-06
0,0,4.507519e-05
0,0,1.4574358e-05
0,0,1.1221446e-05
0,0,2.5012941e-05
0,0,8.6628515e-06
0,0,8.494465e-06
0,0,8.481367e-06
0,0,7.192673e-06
1,1,0.99966085
0,0,5.1246607e-05
0,0,8.358736e-06
0,0,6.679938e-06
0,0,1.0225792e-05
0,0,8.0630125e-06
0,0,7.680398e-06
0,0,1.773246e-05
0,0,1.4834973e-05
0,0,1.2048813e-05
0,0,1.5299516e-05
0,0,1.574055e-05
0,0,8.848735e-06
0,0,8.309602e-06
0,0,1.3019589e-05
0,0,2.259676e-05
0,0,4.0705756e-05
0,0,9.6178155e-06
1,1,0.9999931
0,0,7.745131e-06
0,0,1.518829e-05
1,0,0.038991336
1,1,0.9999825
0,0,1.29542195e-05
1,1,0.9999714
0,0,1.5541646e-05
0,0,4.8626076e-05
0,0,5.8247447e-06
0,0,1.00135785e-05
0,0,1.8271383e-05
0,0,7.768412e-06
0,0,7.034719e-05
0,0,5.4482707e-06
0,0,6.100298e-05
0,0,1.6751412e-05
0,0,5.5171236e-05
0,0,8.358696e-06
0,0,6.5847853e-06
0,0,2.311978e-05
0,0,9.794339e-06
0,0,9.403223e-06
0,0,2.3507248e-05
0,0,8.40485e-06
0,0,1.0037547e-05
0,0,6.7324318e-06
0,0,2.4437306e-05
0,0,8.996082e-06
0,0,7.432493e-06
0,0,6.465707e-06
1,1,0.9999751
0,0,1.1425755e-05
0,0,7.353282e-06
0,0,5.9287533e-05
0,0,8.7153885e-06
1,1,0.99997866
0,0,7.317522e-06
0,0,7.99184e-06
0,0,1.4565937e-05
0,0,4.158337e-05
0,0,9.690218e-06
0,0,1.1906125e-05
0,0,8.1995595e-06
0,0,1.7754714e-05
0,0,1.1635316e-05
0,0,7.3598144e-06
0,0,1.0084303e-05
1,1,0.99999416
0,0,1.0016482e-05
0,0,9.1625225e-06
0,0,0.00021807024
1,1,0.9951166
0,0,8.890453e-06
0,0,2.8082412e-05
0,0,1.1576411e-05
0,0,5.0174385e-05
0,0,5.593084e-06
0,0,7.457079e-06
0,0,7.2899184e-06
0,0,1.2525815e-05
0,1,0.78205913
0,0,2.875323e-05
0,0,7.8217045e-06
0,0,8.973137e-06
0,0,1.3785554e-05
0,0,7.3740407e-06
0,0,2.4303066e-05
0,0,8.555969e-06
0,0,1.0982924e-05
0,0,1.361321e-05
0,0,9.882205e-06
0,0,6.1318474e-06
0,0,9.273867e-06
0,0,8.800286e-06
0,0,6.888379e-06
0,0,5.9874283e-06
0,0,1.5896867e-05
0,0,1.2709396e-05
1,1,0.9999895
0,0,6.3545363e-06
0,0,1.33818285e-05
0,0,1.6340293e-05
0,0,2.1032502e-05
0,0,7.221574e-06
0,0,6.6353664e-06
0,0,3.0576874e-05
0,0,7.0703986e-06
0,0,1.19375045e-05
0,0,6.24392e-06
0,0,7.4545333e-06
0,0,6.7269257e-06
0,0,2.081006e-05
0,0,8.72868e-06
0,0,1.967383e-05
0,0,1.1631521e-05
0,0,5.7594e-06
0,0,1.0407218e-05
0,0,9.836058e-06
0,0,0.0003157745
0,0,1.5025021e-05
0,0,8.065196e-06
0,0,1.3161305e-05
0,0,4.146604e-05
1,1,0.99981016
0,0,5.7307616e-06
0,0,6.029061e-06
0,0,1.1311159e-05
0,0,1.3457679e-05
0,0,6.41883e-05
0,0,8.760805e-06
0,0,8.84154e-06
0,0,3.5763518e-05
0,0,8.097002e-06
0,0,5.954997e-06
0,0,1.6773583e-05
0,0,1.1968898e-05
1,1,0.9999759
0,0,9.291776e-05
0,0,8.7195285e-06
0,0,2.0166875e-05
0,0,8.191103e-06
0,0,0.00097158214
0,0,3.8282375e-05
0,0,6.6612415e-06
0,0,6.3881494e-06
1,1,0.99994254
0,0,1.0864342e-05
0,0,8.494538e-06
0,0,7.399345e-06
0,0,7.4936293e-06
0,0,1.2434101e-05
0,0,3.0188105e-05
0,0,5.9264717e-06
0,0,1.5350506e-05
0,0,7.651863e-06
0,0,6.1683336e-06
0,0,8.070898e-06
1,1,0.9999944
0,0,9.911738e-06
0,0,7.715024e-06
0,0,3.6247588e-05
0,0,8.633771e-06
0,0,7.362278e-06
0,0,1.1324046e-05
0,0,6.078254e-06
0,1,0.999894
0,0,7.448721e-06
1,0,0.048057873
0,0,1.0676707e-05
0,0,5.6539047e-06
0,0,1.5723072e-05
0,0,1.6280346e-05
0,0,2.9130882e-05
0,0,8.802469e-06
0,0,7.5874077e-06
1,1,0.9999926
0,0,1.3843285e-05
0,0,7.783325e-06
0,0,5.713147e-06
0,0,1.7525741e-05
0,0,1.5308113e-05
0,0,3.649127e-05
0,0,1.605034e-05
0,0,1.9612477e-05
0,0,7.9199735e-06
0,0,1.0451817e-05
0,0,1.3351133e-05
0,0,5.328756e-06
0,0,1.32592795e-05
0,0,1.1592209e-05
0,0,0.00044245357
0,0,1.322599e-05
1,1,0.99987507
0,0,2.7845868e-05
0,0,3.125218e-05
0,1,0.9990683
0,0,1.0694398e-05
0,0,3.461362e-05
0,0,1.1266223e-05
0,0,6.9474854e-06
0,0,9.564765e-06
1,1,0.99999297
1,1,0.9999938
0,0,1.0217378e-05
0,0,1.2148489e-05
1,1,0.9998357
0,0,1.0198425e-05
0,0,5.1048042e-05
0,0,6.1347073e-06
0,0,5.2700652e-05
0,0,2.9628209e-05
0,0,9.496858e-06
0,0,7.94925e-06
0,0,1.39340655e-05
0,0,1.0969682e-05
0,0,9.972e-06
0,0,1.4176295e-05
0,0,1.4691787e-05
0,0,1.550635e-05
0,0,8.054167e-06
0,0,6.937396e-06
0,0,1.3693886e-05
0,0,2.0805814e-05
0,0,9.127462e-06
0,0,1.1719808e-05
0,0,4.6269917e-05
0,0,2.7850834e-05
0,0,5.7495185e-05
1,1,0.99996734
0,0,4.461721e-05
0,0,5.177942e-06
0,0,7.123079e-06
0,0,7.925111e-06
0,0,8.641366e-06
0,0,2.0446216e-05
0,0,1.2544259e-05
0,0,1.3641815e-05
0,0,6.7385718e-06
0,0,4.816346e-06
0,0,1.3284113e-05
0,0,1.247278e-05
0,0,2.179678e-05
0,0,1.8509478e-05
0,0,0.0024914085
0,0,7.2951343e-06
0,0,5.7070965e-06
0,0,8.228167e-06
0,0,8.324268e-06
0,0,6.8156573e-06
0,0,1.0043916e-05
0,0,9.153037e-06
0,0,1.0897902e-05
0,0,9.462652e-05
0,0,6.4860506e-06
0,0,2.1275775e-05
1,1,0.9999682
0,0,1.122759e-05
1,1,0.99999
0,0,3.162418e-05
0,0,6.5852378e-06
0,0,1.27622925e-05
0,0,2.5012845e-05
0,0,6.847719e-06
0,0,5.871084e-06
0,0,1.2369063e-05
0,0,8.077735e-06
0,0,1.7627874e-05
0,0,3.1394007e-05
0,0,1.8526644e-05
0,0,1.19914275e-05
0,0,2.3243203e-05
0,0,9.883806e-06
0,0,0.00018736762
0,0,5.1011425e-06
0,0,9.584579e-06
0,0,1.2486098e-05
0,0,1.4163754e-05
0,0,5.7248185e-06
1,1,0.943341
1,1,0.9999938
1,1,0.9999895
0,0,5.5029864e-06
0,0,7.4729405e-06
1,1,0.99997973
0,0,9.921015e-06
1,1,0.999967
0,0,1.19269225e-05
0,0,1.4929708e-05
0,0,7.190046e-06
0,0,6.705315e-06
0,0,1.165136e-05
0,0,3.1071435e-05
0,0,9.483654e-06
0,0,7.0107208e-06
0,0,6.828025e-05
1,1,0.99992514
0,0,1.1809958e-05
0,0,1.196374e-05
0,0,1.6941065e-05
0,0,9.630509e-06
0,0,1.3664716e-05
0,0,2.4739722e-05
0,0,9.956147e-05
0,0,5.8874334e-06
0,0,9.4306415e-06
0,0,7.498755e-06
1,1,0.99999475
0,0,9.13361e-06
0,0,8.33891e-06
0,0,6.149324e-05
0,1,0.9999896
0,0,1.9929133e-05
0,0,7.295252e-06
0,0,1.072331e-05
0,0,1.3523023e-05
0,0,7.885412e-06
0,0,7.3903607e-06
0,0,1.6481146e-05
0,0,1.29784685e-05
0,0,2.2896807e-05
0,0,1.5579633e-05
0,1,0.9991543
0,0,1.0254102e-05
0,0,1.7980947e-05
1,1,0.9999925
0,0,6.1447718e-06
0,0,9.415508e-06
0,1,0.9999182
0,0,9.0020285e-06
0,0,7.671474e-06
0,0,5.1059124e-06
0,0,0.0013651963
0,0,0.00010302635
0,0,1.0494205e-05
1,1,0.999992
0,0,1.0304775e-05
0,0,4.5879215e-06
1,1,0.99939346
0,0,8.977708e-06
0,0,7.5876465e-06
0,0,1.3781505e-05
0,0,6.331652e-06
0,0,0.00024178288
0,0,4.842843e-05
0,0,6.8712025e-06
0,0,9.709125e-06
0,0,8.221562e-06
1,1,0.99999297
0,0,7.5847024e-06
0,0,1.0160585e-05
0,0,8.469881e-06
0,0,0.0028600297
0,0,9.187064e-06
0,0,1.1385227e-05
1,1,0.9999889
0,0,1.0451049e-05
0,0,1.6650276e-05
0,0,4.864305e-05
0,0,7.098774e-06
1,1,0.9998704
0,0,6.2132804e-06
1,0,0.013956524
0,0,6.352234e-06
0,0,6.507704e-06
0,0,5.505506e-06
0,0,6.523711e-05
0,0,1.4391285e-05
0,0,1.1853829e-05
0,0,0.00011389256
1,1,0.9999653
0,0,1.2908714e-05
0,0,1.0697539e-05
0,0,1.1337143e-05
0,0,8.512962e-06
0,0,7.049486e-06
1,1,0.999977
0,0,1.2053122e-05
0,0,1.6017893e-05
0,0,1.94003e-05
0,0,6.9462335e-06
0,0,8.563675e-06
0,0,6.4137994e-06
0,0,8.509611e-06
0,0,8.809818e-06
0,0,1.3487114e-05
0,0,7.15817e-06
0,0,5.0253057e-06
0,0,4.2112704e-05
0,0,9.9237695e-06
1,0,0.08181898
0,0,2.3681987e-05
0,0,1.416243e-05
0,0,5.347975e-06
1,1,0.9999888
0,0,7.287407e-05
1,1,0.9999914
0,1,0.9998528
0,0,7.3852166e-06
0,0,6.767566e-06
0,0,8.316349e-06
0,0,9.7030625e-06
0,0,4.8362385e-06
0,0,7.99399e-06
0,0,0.00010168277
1,1,0.9998179
0,0,0.0071844314
0,0,2.3547362e-05
0,0,2.7366053e-05
0,0,4.5425066e-05
0,1,0.9994653
0,0,1.1548535e-05
0,0,6.719507e-06
0,0,6.8101804e-06
0,0,1.312637e-05
0,0,6.2729973e-06
0,0,1.2187724e-05
0,0,0.00013545994
0,0,1.6110424e-05
0,0,5.591831e-06
0,0,7.424509e-06
0,0,1.4843547e-05
1,1,0.9999796
0,0,1.3867148e-05
0,0,1.3346116e-05
0,0,6.8498093e-06
0,0,8.647804e-06
0,0,5.9258723e-06
1,1,0.9999696
0,0,1.0311891e-05
1,1,0.9999896
1,1,0.9999696
1,1,0.99999404
0,0,1.1931837e-05
0,0,1.6768754e-05
0,0,9.555329e-06
1,1,0.99983656
0,0,1.1377716e-05
1,1,0.9999862
0,1,0.9993419
0,0,1.02153035e-05
0,0,0.0027123345
0,0,9.400955e-06
0,0,8.749934e-06
0,0,7.887427e-06
0,0,6.951283e-06
0,0,1.4511418e-05
0,0,7.729626e-05
0,0,3.3394466e-05
0,0,1.9094872e-05
0,0,6.874263e-06
0,0,2.3977711e-05
0,0,2.9274188e-05
1,0,9.370648e-05
0,0,9.591474e-06
0,0,1.8813758e-05
0,0,1.2546593e-05
0,0,0.0023020522
0,0,7.873644e-06
0,0,7.506196e-06
0,0,2.8620247e-05
0,0,7.2421535e-06
0,0,9.178946e-06
0,0,1.5714812e-05
0,0,0.00016941706
0,0,1.196269e-05
0,0,4.517796e-05
0,0,6.7691217e-06
0,0,9.83831e-06
0,0,1.2824929e-05
1,1,0.9999249
0,0,8.299409e-06
0,0,7.375321e-06
0,0,8.586156e-06
0,0,5.332296e-05
0,0,6.369389e-06
0,0,0.012058361
0,0,5.826606e-06
0,0,9.565632e-06
0,0,2.9546947e-05
0,0,0.00011442007
0,0,9.0430385e-06
0,0,2.4897185e-05
0,0,3.119316e-05
0,0,1.0311086e-05
0,0,7.3026445e-06
0,0,4.5868284e-05
0,0,1.5585041e-05
1,0,0.00035439257
1,1,0.9999943
0,0,1.0729396e-05
0,0,7.217319e-06
0,0,9.525149e-06
0,0,6.6243715e-06
0,0,7.532941e-05
0,0,1.03637485e-05
0,0,6.2666413e-06
0,0,2.5052259e-05
0,0,7.0211113e-06
0,0,9.867476e-06
0,0,2.774281e-05
0,0,1.380134e-05
0,0,6.5567306e-06
0,0,7.4192353e-06
0,0,1.0817446e-05
0,0,2.2266644e-05
0,0,6.013568e-06
0,0,1.3172479e-05
0,0,1.3297636e-05
1,1,0.9999933
0,1,0.999956
1,1,0.99999094
0,0,7.995042e-06
0,0,8.560947e-06
1,1,0.999967
0,0,8.818684e-06
1,1,0.98943675
0,0,1.4442912e-05
0,0,4.001413e-05
0,0,8.159107e-06
0,0,9.216041e-06
0,0,1.545618e-05
0,0,1.1072873e-05
0,0,1.0113368e-05
0,0,8.285728e-06
0,0,7.684377e-06
0,0,0.0009614226
0,0,5.7980753e-05
0,0,7.653695e-06
0,0,8.902551e-06
0,0,1.66112e-05
0,0,2.4945786e-05
0,0,1.6947319e-05
0,0,6.7953497e-06
1,1,0.9999819
1,0,0.002882318
0,0,7.785522e-06
0,0,7.5412613e-06
0,1,0.99987674
0,0,1.1376978e-05
0,0,1.4156354e-05
0,0,6.667425e-06
0,0,1.1549637e-05
0,0,1.138272e-05
0,0,7.558996e-06
0,0,6.389276e-06
0,0,0.000118106895
0,1,0.9923529
0,0,1.0896571e-05
0,0,0.00019204029
0,0,1.5332758e-05
0,0,7.6082324e-06
0,0,9.700037e-06
0,0,2.5688174e-05
0,0,1.0177439e-05
0,0,7.385703e-06
0,0,1.0635804e-05
1,1,0.99999166
0,0,2.133915e-05
0,0,8.550911e-06
0,0,6.064641e-06
0,0,1.0901644e-05
0,0,8.469703e-06
0,0,1.6555403e-05
0,1,0.999979
0,0,0.0001855098
0,0,7.1039344e-06
0,1,0.99987614
1,1,0.99982136
0,0,2.0580748e-05
0,0,5.041073e-06
0,0,4.4110082e-05
0,0,1.43526895e-05
0,0,2.3442592e-05
0,0,4.7625135e-06
0,0,7.329528e-06
0,0,6.072043e-06
0,0,8.080903e-06
0,0,8.557813e-06
0,0,6.8225445e-06
1,0,0.00047649545
0,0,1.7735405e-05
1,1,0.99989843
0,0,1.066043e-05
0,0,3.4992037e-05
0,0,7.728972e-06
0,0,8.998571e-06
0,0,1.0030841e-05
0,0,1.1115258e-05
0,0,1.4520639e-05
0,1,0.99984705
0,0,7.962156e-06
0,0,9.272011e-06
0,0,6.843619e-06
1,1,0.99999464
0,0,1.8733337e-05
0,0,1.7685783e-05
0,0,8.136511e-06
0,0,9.427171e-06
1,1,0.9995467
0,0,8.1529e-06
0,0,9.877174e-06
0,0,6.1933915e-06
0,0,1.2199004e-05
0,0,0.0002634397
0,0,1.588364e-05
0,0,1.27063795e-05
0,0,9.28678e-06
0,0,1.0164907e-05
0,0,8.143676e-06
0,0,2.113057e-05
0,0,6.9064026e-06
0,0,8.270381e-06
0,0,1.1432752e-05
0,0,8.068328e-06
0,0,6.845198e-06
0,0,9.688037e-06
0,0,7.3869355e-06
0,0,1.006409e-05
1,1,0.99970055
0,0,9.083939e-06
0,0,9.887861e-06
0,0,1.4820647e-05
0,0,1.2346166e-05
0,0,6.406879e-06
0,0,7.041114e-06
0,0,9.575006e-06
0,0,1.9366547e-05
1,1,0.9999764
0,0,1.9999405e-05
0,0,1.1929493e-05
0,0,4.8581853e-05
0,0,5.4680404e-06
1,1,0.9997285
0,0,9.744179e-06
0,0,1.6193404e-05
0,0,1.187125e-05
1,1,0.9999926
0,1,0.9880822
0,0,1.0291144e-05
0,0,2.1127267e-05
0,0,1.5977008e-05
0,0,8.084626e-06
0,0,7.866678e-06
0,0,7.99701e-06
0,0,6.843371e-06
0,0,5.869735e-06
0,0,8.153075e-05
1,1,0.9949767
0,0,8.413303e-06
0,0,1.4851037e-05
0,1,0.999874
0,0,7.771398e-06
0,0,1.296287e-05
0,0,1.1599222e-05
0,0,3.359878e-05
0,0,9.553498e-06
0,0,1.3484234e-05
0,0,5.2690397e-05
0,0,1.1132283e-05
0,0,7.5059816e-06
0,0,9.2175615e-06
0,0,1.31462e-05
0,0,1.4067236e-05
0,0,5.5353084e-06
0,0,9.551876e-06
0,0,5.7897487e-06
0,0,0.00041481346
0,0,9.117319e-06
0,0,1.2230185e-05
0,0,0.0010807398
0,0,1.5601103e-05
0,0,0.012381487
0,1,0.9996896
0,0,2.0597947e-05
0,1,0.99496377
0,0,8.0480395e-06
0,0,2.1430678e-05
1,1,0.999892
0,0,0.00010330376
0,0,7.731004e-05
0,0,0.00045752677
0,0,7.761362e-06
0,0,8.792015e-06
0,0,8.916808e-06
0,0,1.0159606e-05
0,0,1.0724609e-05
0,0,1.4918522e-05
0,0,6.3743896e-06
0,0,5.5156666e-05
0,0,6.197622e-06
0,0,1.1843026e-05
0,0,3.7098438e-05
0,0,1.0497059e-05
1,1,0.99999475
0,0,1.0910046e-05
0,0,7.663592e-06
0,0,2.3893392e-05
0,0,6.933936e-06
0,1,0.9999012
0,0,0.00011384783
0,0,1.4490537e-05
0,0,1.2829529e-05
0,0,5.8866362e-06
0,1,0.9991917
0,0,7.831049e-06
1,1,0.99998856
0,0,6.7788446e-06
0,0,1.4392782e-05
0,0,2.2461685e-05
0,0,9.732653e-06
0,0,1.1167159e-05
0,0,9.682901e-06
0,0,2.7521251e-05
0,0,1.5955797e-05
0,0,1.1547676e-05
0,0,5.736629e-06
0,0,2.7008833e-05
1,1,0.999964
1,1,0.9859137
1,1,0.9999428
0,0,0.00013601378
1,1,0.99998975
0,0,9.584232e-06
0,0,1.1083396e-05
0,0,9.069e-06
0,0,1.0127016e-05
0,0,8.470277e-06
1,1,0.99999297
0,0,6.984867e-06
0,0,1.3965222e-05
0,0,8.123486e-06
0,0,1.1789567e-05
0,0,7.440913e-05
0,0,1.769911e-05
0,0,2.0206568e-05
0,0,6.4156534e-06
1,1,0.9997105
0,0,1.4551108e-05
0,0,9.471426e-06
0,0,1.6764101e-05
0,1,0.9999021
0,0,9.335594e-06
1,1,0.99962556
0,0,9.0775575e-06
0,0,1.0027952e-05
0,0,1.0942536e-05
1,1,0.99761957
0,0,1.9115023e-05
0,0,8.451138e-06
0,0,5.6998897e-06
0,0,1.2128011e-05
0,0,2.5304787e-05
1,1,0.99999416
0,0,2.610526e-05
1,1,0.9999783
0,0,1.3411632e-05
0,0,1.3896749e-05
0,0,1.9497582e-05
0,0,1.1857436e-05
0,0,8.679308e-06
1,0,5.1698826e-05
0,0,8.2200095e-06
1,1,0.99998975
0,0,9.638669e-06
0,0,7.1649793e-06
0,0,6.0616862e-06
0,0,7.3305696e-06
0,0,2.9226854e-05
0,0,1.2361623e-05
0,0,6.900043e-06
0,0,6.7237183e-06
0,0,8.566885e-06
0,0,9.301716e-06
0,0,6.6207463e-06
0,0,6.8084137e-06
0,0,7.345526e-05
0,0,1.0188811e-05
0,0,0.0008126423
0,0,1.8191786e-05
0,0,1.50556725e-05
0,0,9.55142e-06
1,1,0.9999738
0,0,1.0101551e-05
0,0,2.8645067e-05
0,1,0.9999162
0,0,8.310061e-06
0,0,5.595394e-06
0,0,4.0971594e-05
0,0,1.1527871e-05
0,0,8.032107e-06
0,0,6.357701e-06
0,0,3.710074e-05
0,0,0.00010395359
0,0,1.2244891e-05
0,0,1.0789895e-05
0,0,8.266313e-06
0,0,2.5627614e-05
0,0,2.9876986e-05
0,0,1.3081519e-05
0,0,1.0404847e-05
0,0,1.0878733e-05
0,0,1.3428999e-05
0,0,1.2751877e-05
0,0,7.281365e-06
0,0,6.0407438e-06
0,0,3.1364383e-05
0,0,5.4470706e-06
0,0,8.313628e-06
0,0,2.0229476e-05
0,0,7.711038e-06
0,0,9.3922445e-06
0,0,2.0616422e-05
0,0,0.00014201159
0,0,7.875972e-06
0,0,7.554578e-06
0,0,8.2352635e-06
0,0,1.4570327e-05
1,0,1.9701165e-05
0,1,0.99986815
0,0,8.0071964e-05
0,0,1.2661202e-05
1,1,0.999992
0,0,6.156192e-06
0,0,1.0130734e-05
0,0,8.363113e-06
0,0,0.00041197843
0,0,7.2863386e-06
0,0,9.860995e-06
0,0,0.000118839635
0,0,9.668193e-06
0,0,8.656278e-06
0,0,8.908598e-06
0,0,7.184953e-06
0,0,1.1631266e-05
0,0,8.655312e-06
0,0,2.1829524e-05
0,0,9.562831e-06
0,0,1.1321411e-05
1,1,0.9999938
0,0,7.16377e-06
0,0,1.3677572e-05
0,0,2.1384622e-05
0,0,3.4385655e-05
0,0,2.4365123e-05
0,0,1.4125353e-05
0,1,0.99960595
0,0,9.903055e-06
0,0,1.0431195e-05
0,0,7.977235e-06
1,1,0.9999931
0,0,5.9143376e-06
1,1,0.99997723
0,0,2.7777016e-05
0,0,1.0455874e-05
0,0,2.593798e-05
0,0,1.5208914e-05
0,0,8.33558e-06
0,0,9.254616e-06
1,1,0.999912
0,0,8.2668175e-06
0,0,5.1329503e-06
0,0,6.129906e-06
0,0,7.994562e-06
1,1,0.9999945
0,0,2.2534483e-05
0,0,8.621643e-06
0,0,8.288414e-06
0,0,1.2361127e-05
0,0,8.372977e-06
1,1,0.99997985
1,1,0.99999475
0,0,1.3651496e-05
0,0,2.3902345e-05
1,1,0.9999932
0,0,1.8259956e-05
0,1,0.99606776
1,1,0.9999943
0,0,5.0712624e-05
0,0,7.1750655e-06
0,0,6.585376e-06
1,1,0.99997973
1,1,0.9999869
0,0,1.2942043e-05
1,1,0.9999857
0,0,8.596159e-06
0,0,9.500491e-06
0,0,1.1230139e-05
0,0,2.5047026e-05
1,1,0.9999924
0,0,5.775637e-06
0,0,1.3445736e-05
0,0,6.7507353e-06
0,0,0.00030545317
1,1,0.9052457
0,0,2.366226e-05
0,0,8.114574e-06
0,0,7.0204223e-06
0,0,1.71992e-05
0,0,5.859896e-06
0,0,2.4254794e-05
0,0,6.2466174e-06
0,0,5.654433e-06
0,0,3.448591e-05
0,0,1.8806977e-05
0,0,1.3138693e-05
0,0,0.00068648113
0,0,5.396868e-06
0,0,1.8054903e-05
0,0,7.75454e-06
1,0,2.4973044e-05
0,0,8.298222e-06
0,0,1.0354847e-05
0,0,0.08763342
0,0,0.00064027583
0,0,7.931931e-06
0,0,8.269182e-06
0,0,8.047694e-06
0,0,1.5169586e-05
0,0,1.1422943e-05
0,0,7.2088797e-06
0,0,6.6303824e-06
0,0,7.666428e-06
1,1,0.9999875
0,0,1.0478594e-05
0,0,1.1586948e-05
0,0,1.9082712e-05
0,0,8.86065e-06
0,0,6.38966e-06
0,0,5.1733354e-05
0,0,7.891407e-06
0,0,5.032519e-06
1,0,0.005318019
0,0,1.49419575e-05
0,0,1.6100304e-05
0,0,6.276737e-06
0,0,1.1769122e-05
0,0,1.5847807e-05
1,1,0.9999541
0,0,1.1611119e-05
0,0,5.8777173e-06
1,1,0.9999949
0,0,1.0390777e-05
0,0,0.00013816854
0,0,3.754353e-05
0,0,1.111424e-05
0,0,6.7662368e-06
1,1,0.99998784
0,0,8.344758e-06
0,0,9.861526e-05
0,0,6.777655e-06
0,0,2.5668975e-05
0,0,1.2453872e-05
0,0,1.1955095e-05
1,1,0.9999906
0,0,1.2411876e-05
0,0,1.143634e-05
0,0,1.1404895e-05
0,0,5.1020374e-06
0,0,7.69746e-06
0,0,1.6496855e-05
0,0,3.091904e-05
0,0,1.3265313e-05
0,0,1.286224e-05
0,0,1.4560186e-05
0,0,5.9178637e-06
1,1,0.9999924
0,0,1.2871639e-05
0,0,1.8887376e-05
0,1,0.9995975
0,0,1.3469223e-05
0,0,8.324887e-06
0,0,6.3260754e-06
0,0,7.918796e-06
0,0,0.0029910924
1,1,0.9999846
0,0,1.1154791e-05
0,0,4.8493084e-06
0,0,6.630262e-06
0,0,6.0686043e-06
0,0,1.1423259e-05
0,0,1.15750645e-05
1,1,0.99999094
0,0,5.4998436e-06
0,0,1.2534442e-05
0,0,7.890136e-06
0,0,1.8405257e-05
0,0,8.7321605e-06
0,0,4.2241896e-05
0,0,0.00054561923
1,1,0.99971515
1,1,0.9999945
0,0,9.375841e-06
0,0,6.5225972e-06
1,0,0.25408995
0,0,1.0944102e-05
0,0,1.3219319e-05
0,0,6.719917e-06
0,0,2.8637176e-05
0,0,8.430282e-06
0,0,2.8784725e-05
1,1,0.9999949
0,0,7.3955284e-06
0,0,5.847949e-06
0,0,0.0006009993
0,0,0.0004553007
0,0,6.121091e-06
0,0,7.1250493e-06
0,0,1.0174237e-05
0,0,2.7196169e-05
0,0,6.095169e-06
0,0,8.814188e-06
0,0,0.0003436173
0,0,8.551116e-06
0,0,1.6025411e-05
0,0,8.409917e-06
0,0,8.275447e-06
0,0,9.694534e-06
0,0,1.3988175e-05
0,0,1.0203503e-05
0,0,1.1974447e-05
0,0,1.0881451e-05
0,0,2.0630228e-05
0,0,1.1144297e-05
0,0,2.0171761e-05
0,0,1.4620184e-05
0,0,9.141749e-06
0,0,9.3659655e-06
0,0,1.2483681e-05
0,0,1.1445429e-05
0,0,1.09129805e-05
0,0,1.1547532e-05
0,0,1.1741702e-05
0,0,1.05693425e-05
0,0,1.4875446e-05
0,0,1.5996768e-05
0,0,1.8889321e-05
0,0,1.4066404e-05
0,0,7.1918635e-06
0,0,1.5796715e-05
1,1,0.9999875
0,0,1.7938899e-05
0,0,9.091341e-06
0,0,1.7711065e-05
0,0,4.0762545e-05
0,0,9.8743485e-06
1,1,0.9999908
0,0,7.456823e-06
0,0,1.1629946e-05
0,0,4.7116278e-06
0,0,1.5964139e-05
0,0,7.713715e-06
0,0,7.886299e-06
0,0,1.3320444e-05
0,0,1.51257145e-05
0,0,1.0680149e-05
0,0,1.8932658e-05
0,0,7.4988698e-06
0,0,1.3985121e-05
0,0,1.1911689e-05
0,0,1.1361799e-05
0,0,1.2349263e-05
0,0,1.4758082e-05
0,0,1.4104662e-05
0,0,6.1096716e-06
0,0,9.634543e-06
0,0,6.65288e-06
0,0,6.5355116e-06
0,0,1.1625166e-05
0,0,1.2520871e-05
0,0,9.907495e-06
1,0,0.0030242214
0,0,9.976841e-06
0,0,7.514447e-06
0,0,0.0003743111
0,0,1.9569377e-05
0,0,0.0004988634
0,0,1.3037356e-05
0,0,6.9352523e-06
0,0,7.2953917e-06
0,0,5.8751166e-06
0,0,6.1569376e-06
0,0,9.719261e-06
0,0,1.1480149e-05
0,1,0.9540985
0,0,7.576764e-06
0,0,6.521596e-06
0,0,6.1144337e-06
1,1,0.999995
0,0,9.736887e-06
0,0,9.690069e-06
0,0,1.1363436e-05
0,0,6.154924e-06
0,0,1.0689891e-05
1,1,0.9999908
0,0,1.648014e-05
0,0,6.301701e-05
0,0,1.0117063e-05
0,0,9.209003e-06
0,0,8.13095e-06
0,0,9.370861e-06
0,0,9.419693e-06
0,0,8.367852e-06
0,0,7.4465906e-06
0,0,1.0079581e-05
0,0,1.3164091e-05
0,0,1.225911e-05
0,0,1.8892546e-05
0,0,4.9905657e-06
0,0,2.0977814e-05
0,1,0.8549977
0,0,7.905184e-06
0,0,1.0185558e-05
0,0,1.262013e-05
0,0,1.0253095e-05
1,1,0.99999166
0,0,1.0076392e-05
1,0,0.004148024
0,0,6.4127294e-06
0,0,1.1299235e-05
0,0,1.6452093e-05
0,0,1.8221981e-05
0,0,1.1586948e-05
0,0,1.1082983e-05
0,0,0.0013898291
1,0,5.8606463e-05
0,0,7.1189434e-06
0,0,1.249974e-05
1,1,0.9991702
0,0,5.582389e-06
0,0,7.85434e-06
0,0,1.0493995e-05
0,0,1.6348415e-05
0,0,6.716272e-05
0,0,1.3527383e-05
0,0,1.1215037e-05
0,0,7.7132145e-06
0,0,3.15188e-05
0,0,9.25549e-06
0,0,1.3306122e-05
0,0,1.5860933e-05
0,0,1.4401348e-05
0,0,6.483527e-06
0,0,0.0009985297
0,0,1.4409069e-05
0,0,1.0672237e-05
0,0,8.923112e-06
0,0,6.6326716e-06
0,0,1.0573687e-05
0,0,8.743277e-06
0,0,9.467155e-06
1,1,0.9999758
0,0,9.514653e-06
0,0,3.866402e-05
0,0,1.36377685e-05
0,0,1.136828e-05
0,0,2.408756e-05
0,0,1.907114e-05
0,0,8.77148e-06
0,0,7.351011e-06
0,0,1.7845137e-05
0,0,4.0571667e-05
1,1,0.9999763
0,0,1.2630099e-05
0,0,5.87969e-06
0,0,2.0419793e-05
0,0,6.197835e-06
0,0,7.0483566e-06
1,1,0.9999949
1,1,0.9999317
0,0,2.0642548e-05
0,0,6.9654575e-06
0,0,9.0206e-06
0,0,1.205203e-05
1,1,0.9999907
1,1,0.99999416
0,0,3.4805467e-05
0,0,5.1306893e-06
0,0,1.7716133e-05
0,0,1.3352584e-05
0,0,2.0375695e-05
0,0,6.2834874e-06
0,0,0.00010815698
0,0,1.0711771e-05
0,0,3.6473943e-05
0,0,3.951879e-05
0,0,9.044014e-05
0,0,8.459822e-06
0,0,6.8519907e-06
0,0,0.00013493512
0,1,0.99535036
0,0,7.0769825e-06
0,0,8.235923e-06
0,0,1.6784898e-05
0,0,1.0126957e-05
1,1,0.9998865
0,0,1.0765055e-05
0,0,5.283037e-05
0,0,1.0046492e-05
0,0,8.990294e-06
0,0,9.771752e-06
0,0,1.4011404e-05
0,0,1.4654413e-05
0,0,8.8115985e-06
0,0,1.4273003e-05
0,0,8.733918e-06
0,0,1.1670877e-05
0,0,1.6361097e-05
1,1,0.99999154
0,0,3.841905e-05
0,0,9.1604425e-06
0,0,0.00010007507
0,0,3.5662237e-05
0,0,8.820064e-06
0,0,1.0141552e-05
0,0,1.148822e-05
0,0,0.00021571296
1,1,0.9997607
0,0,5.5376267e-06
0,0,1.9366307e-05
0,0,7.687382e-06
0,0,7.790312e-06
0,0,1.9458408e-05
0,0,1.2925493e-05
0,0,0.0004912876
1,1,0.9255734
0,0,6.1208166e-06
0,0,3.0224484e-05
0,0,6.0384606e-05
1,1,0.9999505
0,0,5.669228e-06
0,0,2.7793685e-05
0,0,9.654189e-06
0,0,7.66672e-06
0,0,3.511663e-05
0,0,9.013565e-06
0,0,9.208318e-06
0,0,1.8171258e-05
0,0,0.00018003126
0,0,8.246831e-06
0,0,0.015116999
0,0,9.788111e-06
0,0,1.8734285e-05
0,0,7.4678824e-06
0,0,1.3408438e-05
0,0,5.4668517e-06
0,0,1.8905268e-05
0,0,9.289216e-06
0,0,1.8783907e-05
0,0,9.643418e-05
0,0,2.0626805e-05
0,0,1.5554722e-05
0,0,6.037116e-06
0,0,8.000915e-06
0,0,8.30138e-06
0,1,0.99952793
0,0,2.8133876e-05
1,1,0.9999802
0,0,1.0938331e-05
0,0,2.2688835e-05
0,0,3.5647616e-05
0,0,8.083269e-06
0,0,3.8994018e-05
1,1,0.9999815
0,0,6.473092e-06
0,0,1.0302642e-05
0,0,1.3249053e-05
1,1,0.9999944
0,0,2.725391e-05
0,0,1.7087992e-05
0,1,0.9998461
0,0,8.6198515e-06
0,0,5.935476e-06
0,0,1.1356828e-05
0,0,8.972015e-06
0,0,1.08726335e-05
0,0,3.4943256e-05
0,0,6.592636e-05
0,0,9.471247e-06
0,0,1.9182296e-05
0,0,5.6211366e-06
1,1,0.9999893
0,0,9.143632e-06
0,0,1.4884528e-05
0,0,1.9218076e-05
1,0,3.749172e-05
0,0,9.908912e-06
0,0,1.0902954e-05
0,0,9.110183e-06
0,0,7.2414973e-06
0,0,4.1266e-05
0,0,4.307821e-05
0,0,1.0123018e-05
0,0,7.317313e-06
0,0,1.4625204e-05
0,1,0.9999099
0,0,5.5477963e-06
0,0,1.956934e-05
0,0,1.01469495e-05
0,0,1.3382031e-05
0,0,9.6717895e-06
0,0,1.8149574e-05
0,0,1.6364795e-05
0,0,1.0386169e-05
1,1,0.99999344
0,0,1.2225976e-05
1,1,0.9999938
0,0,7.694604e-06
0,0,6.969225e-06
0,0,2.1056825e-05
0,0,1.941011e-05
0,0,5.5260257e-06
0,0,8.466118e-06
0,0,1.0435632e-05
0,0,9.881367e-06
0,0,2.9786406e-05
0,0,1.2191723e-05
0,0,5.737149e-06
0,0,7.885697e-06
0,0,1.25438655e-05
0,0,1.5913522e-05
0,0,0.007819721
0,0,8.269703e-06
0,0,1.4885663e-05
0,0,1.3434099e-05
0,0,3.2581676e-05
0,0,1.0057162e-05
0,0,6.9000694e-06
0,0,0.39980775
0,0,5.712052e-06
1,1,0.99997807
0,0,9.474652e-06
0,0,1.0993108e-05
0,0,0.033356193
1,1,0.9999927
1,1,0.9999914
0,0,9.204121e-06
0,1,0.9997085
0,0,1.096142e-05
0,1,0.99991596
0,0,7.015015e-06
0,0,7.2971593e-06
0,0,7.038254e-06
1,1,0.9999863
1,1,0.7900588
0,0,9.300962e-06
0,0,1.7350745e-05
0,0,2.0438516e-05
0,0,6.744821e-06
0,0,1.2074257e-05
0,0,7.828734e-06
0,0,7.702416e-06
0,0,8.197143e-06
0,0,1.0693102e-05
0,0,8.231354e-06
0,0,8.454524e-06
0,0,8.8223605e-06
0,0,1.5815827e-05
0,0,3.267147e-05
0,0,3.7840073e-05
0,0,9.818608e-06
0,0,9.286435e-06
0,0,8.1244625e-06
0,0,0.00012477205
0,0,1.030621e-05
0,0,1.4871829e-05
0,0,1.0391093e-05
0,0,0.00013190052
0,0,7.022297e-06
0,0,9.178316e-06
0,0,6.4825813e-06
0,0,7.04284e-06
0,0,5.2915198e-06
0,0,8.294139e-06
0,0,7.562262e-06
1,1,0.9999913
0,0,9.504325e-06
0,1,0.9998652
0,0,1.6260146e-05
1,1,0.99998367
0,0,1.0488672e-05
0,0,9.891869e-06
1,1,0.99829835
0,0,1.08965505e-05
0,0,2.1215497e-05
0,0,1.1067046e-05
0,1,0.99991214
0,0,1.6569951e-05
0,0,7.666208e-06
0,0,6.699556e-06
0,0,6.8748072e-06
0,0,1.1261455e-05
0,0,8.656765e-06
0,0,1.0770076e-05
0,0,1.8267934e-05
0,0,8.911674e-06
0,0,1.0635895e-05
1,1,0.9999939
0,0,5.3272925e-06
0,0,1.6199967e-05
0,0,9.690162e-06
0,1,0.9998518
0,0,2.6882228e-05
0,0,8.8826055e-06
1,1,0.999729
0,0,7.371032e-06
0,0,2.0179092e-05
0,0,1.5909363e-05
0,0,7.2154126e-06
0,0,8.047303e-06
0,0,6.8915724e-06
0,0,1.2205451e-05
0,0,2.6004083e-05
0,0,1.3572739e-05
0,0,5.8600303e-06
0,0,9.810709e-06
0,0,1.4210879e-05
0,0,1.3921979e-05
1,1,0.9999716
0,0,7.028957e-06
0,0,6.501023e-06
0,0,7.286686e-06
0,0,9.328296e-06
0,0,6.1712344e-06
0,0,5.61558e-06
0,0,1.0055646e-05
0,0,9.03024e-06
1,1,0.99999225
0,0,1.3638705e-05
0,0,1.4538888e-05
0,0,1.2402505e-05
0,0,6.1366914e-06
0,0,1.883293e-05
0,0,5.6978613e-05
0,0,5.117114e-06
0,0,8.1413145e-06
0,0,6.2453964e-06
0,0,6.9891116e-06
0,0,1.3806671e-05
0,0,7.501695e-06
0,0,6.863815e-06
0,0,8.884003e-06
0,0,2.4315981e-05
0,0,1.4093018e-05
0,0,8.725053e-06
1,1,0.99999404
0,0,3.4395718e-05
0,0,8.694585e-06
0,0,1.2517301e-05
0,1,0.9712002
0,0,5.105464e-06
0,0,2.6660855e-05
0,0,8.381174e-06
0,0,1.1288313e-05
0,0,6.272962e-06
0,0,3.8533788e-05
0,0,6.432127e-06
0,0,9.58948e-06
0,0,1.1658684e-05
0,0,6.5820795e-06
0,0,7.2608673e-06
0,0,5.8358596e-06
0,0,7.6763345e-06
0,0,9.377656e-06
0,0,9.187441e-06
0,0,9.043849e-06
0,0,2.0147267e-05
0,0,1.578646e-05
0,0,1.2752461e-05
0,0,2.3284401e-05
0,0,4.4106888e-05
0,0,7.243604e-06
0,0,9.939492e-06
0,0,7.4697487e-06
0,0,5.6037516e-06
0,0,7.0027695e-06
0,0,9.626864e-06
0,0,1.8852807e-05
1,1,0.99998057
0,0,9.375554e-06
0,0,2.2014035e-05
0,0,6.3908183e-06
0,0,8.679937e-06
0,0,9.1653e-06
0,0,0.3673638
0,0,1.2732045e-05
0,0,8.269711e-06
0,0,6.825388e-06
0,0,1.2220917e-05
0,0,6.6244975e-06
0,0,5.8986116e-06
0,0,9.287817e-06
0,0,1.0504007e-05
0,0,2.7048633e-05
0,0,1.8495608e-05
0,0,0.00011877688
0,0,5.922878e-06
0,0,1.8984512e-05
1,1,0.999701
0,1,0.9999702
0,0,1.41680775e-05
0,1,0.999877
0,0,1.8047862e-05
0,0,1.1814745e-05
0,0,4.6108922e-05
0,0,1.4281171e-05
0,0,9.4020834e-05
0,0,1.703277e-05
1,1,0.99993086
0,0,9.3996105e-06
0,0,7.713391e-06
1,1,0.99999416
1,1,0.9999906
0,0,2.1191878e-05
0,0,9.30823e-06
0,0,8.073015e-06
0,0,1.2172228e-05
0,0,2.1245705e-05
0,0,9.051805e-06
0,0,7.8915955e-06
1,1,0.9999901
0,0,2.5595127e-05
1,1,0.9999932
0,0,6.685432e-06
0,0,8.1102175e-05
0,0,7.547931e-06
0,0,6.639076e-06
0,0,1.9560739e-05
0,0,7.531336e-06
0,0,2.5440482e-05
0,0,1.2142722e-05
0,0,1.0991672e-05
0,0,8.004853e-06
0,0,6.863553e-06
1,1,0.999995
0,0,9.664893e-06
0,0,1.582624e-05
0,0,8.654099e-06
0,0,3.2331864e-05
0,0,0.012154794
0,0,5.389251e-06
0,0,1.5114539e-05
0,0,9.477832e-06
0,1,0.9612227
0,0,3.0218293e-05
0,0,8.536619e-06
0,0,8.869924e-06
0,0,6.409238e-06
0,0,7.1209192e-06
0,0,7.4003538e-06
0,0,5.9415503e-05
0,0,9.547112e-06
0,0,1.2030133e-05
0,0,9.851379e-06
0,0,6.0952852e-06
0,0,7.122495e-06
0,0,7.0249293e-06
0,0,5.3659883e-06
0,0,8.511209e-06
0,0,4.995272e-05
0,0,9.854669e-06
0,0,6.330318e-06
0,0,1.7040129e-05
0,0,3.8980408e-05
0,0,1.1905068e-05
0,0,6.2687336e-06
0,0,2.658256e-05
0,0,5.4580272e-05
0,1,0.9997547
0,0,1.4721452e-05
0,0,9.982524e-06
0,0,1.567872e-05
0,0,5.859355e-05
0,1,0.9983188
0,0,8.152651e-06
0,1,0.9994605
0,0,5.56428e-06
0,0,1.3125807e-05
0,0,1.0902111e-05
0,0,2.6255737e-05
0,0,9.84934e-06
0,0,1.6928516e-05
1,1,0.9997085
0,0,1.17044165e-05
0,0,6.8821937e-06
0,0,1.3268451e-05
0,0,6.7734873e-06
0,0,7.958345e-06
1,1,0.99985564
0,0,1.0209363e-05
1,1,0.9977944
0,0,7.744038e-06
0,0,6.6807347e-06
0,0,8.486125e-06
0,0,9.234657e-06
0,0,1.6603155e-05
0,0,1.28689135e-05
0,0,0.013413791
0,0,5.987685e-05
0,0,1.2433603e-05
0,0,9.2807695e-06
0,0,1.060652e-05
0,0,7.98139e-06
0,0,4.1153846e-05
0,0,0.00067023427
0,0,1.0173694e-05
0,0,1.5500864e-05
0,0,4.059616e-05
0,0,7.296971e-06
0,0,1.5835736e-05
0,0,1.4761545e-05
0,0,8.32126e-06
0,1,0.99999
0,0,7.169245e-06
0,0,5.3276476e-06
0,0,5.1867024e-05
0,0,7.5669586e-06
0,0,7.1923364e-06
0,0,6.9965745e-06
0,0,6.3460334e-06
0,0,1.9713232e-05
0,0,7.3166707e-06
0,0,6.515156e-05
0,0,9.614129e-06
0,0,5.970607e-06
0,0,8.674186e-06
1,1,0.9997986
0,0,7.3796405e-06
0,0,1.3150112e-05
0,0,1.1383511e-05
0,0,1.1459912e-05
0,0,5.430064e-06
0,0,7.84181e-06
0,0,7.537739e-06
0,0,8.468136e-06
1,1,0.9999896
0,0,2.0398364e-05
0,0,3.533596e-05
0,1,0.900075
0,0,9.320097e-06
0,0,7.298927e-06
0,0,1.600818e-05
0,0,5.7314014e-06
1,0,0.005832599
0,0,8.986659e-06
0,1,0.99994826
0,0,6.3594107e-06
0,0,6.027267e-06
1,1,0.9999913
0,0,8.058707e-06
0,0,6.948301e-06
0,0,9.565915e-06
0,0,1.0990582e-05
0,0,6.859051e-06
1,1,0.9998512
0,0,7.5302446e-06
0,0,5.6159124e-06
0,0,1.3082242e-05
0,0,3.2405977e-05
0,0,3.2433712e-05
0,0,9.2822565e-06
0,0,7.199048e-06
0,0,7.680846e-06
0,0,2.8330282e-05
0,0,1.1248553e-05
1,1,0.999995
0,0,9.675443e-06
1,1,0.99996674
0,0,6.6470457e-06
0,0,0.00092272507
0,0,9.495274e-06
0,0,4.5948404e-05
0,0,6.301676e-06
0,0,1.6028147e-05
0,0,5.9746853e-06
0,0,8.70723e-06
0,0,3.0611594e-05
0,0,9.613048e-06
0,0,6.9834286e-06
0,0,1.120315e-05
0,0,9.314055e-06
1,0,0.21933767
0,0,6.592313e-06
0,0,1.0635702e-05
0,0,5.953833e-06
0,0,5.1046874e-05
0,0,6.309361e-06
0,0,1.0532115e-05
1,0,0.0005870368
0,0,9.010489e-06
0,0,7.3006254e-06
0,0,2.2793542e-05
0,0,5.819923e-05
0,0,9.770038e-06
0,0,8.675385e-06
1,0,0.00036883162
0,0,6.027393e-06
0,0,1.1358549e-05
0,0,8.349295e-06
0,0,1.7784232e-05
0,0,2.724224e-05
0,0,8.476087e-06
0,0,1.1454928e-05
1,1,0.9999076
1,1,0.9999664
0,0,8.722423e-06
1,1,0.9999932
0,0,1.37265215e-05
0,0,1.30931385e-05
0,0,9.917855e-06
0,0,1.2694813e-05
0,0,1.1192343e-05
0,0,6.8256686e-06
0,0,6.9213042e-06
0,0,9.900675e-06
0,0,7.523813e-06
0,0,9.910575e-06
0,0,8.638218e-06
0,0,1.0537197e-05
0,0,9.330556e-06
0,0,1.2217982e-05
0,0,6.165623e-06
0,0,6.59019e-05
0,1,0.9999268
0,0,6.2622144e-06
0,0,8.587605e-06
0,0,5.5613145e-06
0,0,7.743248e-06
1,1,0.99967253
0,0,7.870093e-06
0,0,1.3601193e-05
1,1,0.9999889
0,0,6.1592045e-06
0,0,1.7877723e-05
0,0,1.5125324e-05
0,0,5.8975934e-06
0,0,7.3142287e-06
1,1,0.999863
0,0,9.989542e-06
0,0,7.9202455e-06
0,0,1.842835e-05
0,0,1.9088135e-05
0,0,9.6760705e-06
0,0,7.672865e-06
0,0,6.163953e-06
0,0,1.23075615e-05
0,0,1.7236453e-05
0,0,9.437425e-06
0,0,9.593825e-06
0,0,7.47324e-06
0,0,1.1276123e-05
0,0,1.0703765e-05
0,0,8.303179e-05
0,0,1.2631328e-05
0,0,9.784137e-06
0,0,1.1306522e-05
0,0,8.841793e-06
0,0,4.337249e-05
0,0,7.3532046e-06
0,1,0.999933
0,0,1.2731657e-05
0,0,1.23992395e-05
0,0,4.073158e-05
0,0,7.082748e-06
0,0,6.758504e-06
1,1,0.99962044
0,0,5.9043914e-06
0,0,5.482996e-06
0,0,1.32799705e-05
0,0,7.971023e-06
0,0,0.0013912859
0,0,1.150314e-05
0,0,1.555745e-05
0,0,1.4282193e-05
0,0,1.7076294e-05
0,0,1.4856931e-05
0,0,7.234767e-06
0,0,7.701498e-06
1,1,0.9999809
0,0,8.869249e-06
0,0,1.34998545e-05
0,0,1.6127688e-05
0,0,1.2379543e-05
0,0,5.6786107e-06
0,0,8.359301e-06
0,0,5.7327758e-05
0,0,7.6482875e-06
0,0,1.2242941e-05
0,0,1.7173645e-05
0,0,2.1961741e-05
0,0,8.7993885e-06
0,0,6.420054e-06
0,0,4.3178155e-05
0,0,8.222244e-06
0,0,1.5637954e-05
0,0,6.596572e-05
1,1,0.9996314
0,0,1.1352615e-05
0,0,1.5948966e-05
0,0,5.4445267e-05
0,0,5.9111917e-06
0,0,7.718511e-05
0,0,1.2351065e-05
1,1,0.9999347
0,0,6.7666174e-06
0,0,1.728592e-05
0,0,1.1751021e-05
0,0,7.1830555e-06
0,0,3.1713364e-05
0,0,8.266439e-06
0,0,1.2976439e-05
1,1,0.9999865
0,0,1.0165935e-05
0,0,1.16209885e-05
0,0,1.468386e-05
0,0,9.173434e-06
0,0,1.2197677e-05
0,0,5.3209455e-06
0,0,1.3011284e-05
0,0,7.6559945e-06
0,0,1.2886918e-05
0,0,2.0142117e-05
1,1,0.99992406
0,0,1.0020027e-05
1,1,0.9999852
0,0,8.147676e-06
0,0,3.7133548e-05
0,1,0.999956
0,0,1.2222257e-05
1,1,0.99983275
0,0,1.6475693e-05
0,0,6.080857e-06
0,0,1.3687842e-05
0,0,7.245829e-06
0,1,0.99853384
0,0,1.2980239e-05
0,1,0.99997437
1,1,0.99997175
0,0,2.165275e-05
0,0,7.5722273e-06
0,0,3.6294008e-05
0,0,1.0883942e-05
0,0,0.00012230304
0,0,7.642266e-06
0,0,9.176986e-06
0,0,1.0188363e-05
1,1,0.99999464
0,0,2.5985519e-05
0,0,1.2149938e-05
1,1,0.9999906
0,0,6.5812383e-06
0,0,8.463389e-06
0,0,2.629124e-05
0,0,6.175556e-06
0,0,1.0157658e-05
0,0,6.135462e-06
1,1,0.9999273
0,0,6.5116087e-06
0,0,0.00011653956
0,0,7.3706237e-06
0,0,9.541406e-06
1,1,0.9999571
0,0,1.1415342e-05
0,0,1.39144795e-05
0,0,6.8427835e-06
0,0,6.7095625e-06
1,1,0.99996495
0,0,2.1542372e-05
0,0,1.0046741e-05
1,1,0.9998543
0,0,7.84033e-06
0,0,1.1416932e-05
0,0,6.2771983e-06
0,0,6.815255e-06
0,0,7.892288e-06
0,0,6.705021e-06
0,0,2.2059978e-05
0,0,9.138463e-06
0,0,7.190156e-06
0,0,2.0702282e-05
0,0,9.3734625e-06
0,0,1.2037879e-05
0,0,1.7819868e-05
0,0,1.9615956e-05
0,0,8.340677e-06
0,0,1.5374973e-05
0,0,7.7705745e-06
0,0,1.3537848e-05
0,0,5.648188e-05
1,1,0.9999931
0,0,8.345044e-06
0,0,1.2022529e-05
0,0,9.5891875e-05
0,0,7.514856e-06
1,1,0.9999362
0,0,6.989852e-06
0,0,7.6273614e-06
0,0,8.575116e-06
0,0,6.165893e-06
0,0,1.2458634e-05
0,0,5.459807e-06
0,0,2.4855668e-05
0,0,9.694802e-06
0,0,6.8745185e-06
0,0,9.155831e-06
1,0,1.41262535e-05
0,0,7.4082554e-06
0,0,6.379981e-05
0,0,1.4103075e-05
0,0,5.5907963e-06
0,0,5.1352275e-05
1,1,0.99999297
0,0,9.831323e-06
1,1,0.9999566
0,0,4.8574366e-06
0,0,1.3918634e-05
0,0,6.3345574e-06
0,0,6.543401e-06
0,0,6.885723e-05
0,0,1.3362137e-05
0,0,6.315074e-06
0,0,1.7930794e-05
0,0,7.083381e-05
0,0,1.027075e-05
0,0,5.274962e-05
0,0,1.7260452e-05
0,1,0.979318
0,0,1.8156568e-05
1,1,0.99994123
0,0,1.49398775e-05
0,0,6.396531e-06
1,1,0.99971503
0,0,8.2639046e-05
0,0,3.4359204e-05
0,0,2.8376113e-05
0,0,7.4674977e-06
0,0,7.108055e-06
0,0,0.00026510644
0,0,1.0251002e-05
0,0,0.0002511303
0,0,7.229353e-06
1,1,0.99999225
0,0,1.3675667e-05
0,0,1.1742394e-05
0,0,1.178207e-05
0,0,1.02953645e-05
0,0,5.158016e-06
0,0,1.6995162e-05
0,0,1.6099182e-05
0,0,8.7978615e-06
0,0,1.3988789e-05
0,0,7.2019457e-06
0,0,0.00058526517
0,0,5.8875735e-06
0,0,1.1159717e-05
0,0,8.969056e-06
0,0,4.7586575e-05
0,0,9.011795e-06
0,1,0.99997425
0,0,1.0429157e-05
0,0,5.6060553e-06
0,0,0.0024773227
0,0,9.108984e-06
0,0,7.9372885e-06
0,0,5.5479286e-06
0,0,5.270538e-06
0,0,6.676165e-05
0,0,0.00011432607
0,0,8.042516e-06
0,0,6.5222052e-06
1,1,0.99992776
0,0,1.1680431e-05
0,0,8.909804e-06
0,0,4.6513032e-06
0,0,8.118281e-06
0,0,8.4519515e-06
0,0,0.00036208367
0,0,1.1237627e-05
0,0,2.3653078e-05
0,0,1.0744049e-05
0,0,8.6568725e-06
1,1,0.9957014
0,0,8.834165e-06
0,0,8.429566e-06
0,0,6.5262375e-06
1,1,0.9999832
0,0,8.624127e-06
0,0,1.8236009e-05
0,0,2.4841498e-05
0,0,4.723388e-05
1,1,0.9999068
0,1,0.9999615
0,0,9.385207e-06
0,0,6.1628944e-06
0,0,1.0744059e-05
0,0,9.847772e-06
0,0,7.471045e-06
0,0,5.8900564e-06
0,0,1.7208813e-05
0,0,1.3108143e-05
0,0,1.2170022e-05
0,0,6.820632e-06
0,0,1.9901176e-05
0,0,2.3409128e-05
1,0,1.7339744e-05
0,0,1.7931392e-05
0,0,7.637996e-06
0,0,6.0529005e-06
0,1,0.9997433
0,0,5.672743e-06
0,0,7.753305e-06
0,0,6.8482545e-06
0,0,9.451053e-06
0,0,5.6121326e-06
0,0,4.965703e-06
0,0,6.971882e-05
0,0,4.2044245e-05
0,0,6.5550303e-06
0,0,1.0056491e-05
1,1,0.9999938
0,0,8.96054e-06
0,0,1.1298846e-05
0,0,5.7663688e-06
0,0,0.00022994346
0,0,8.414972e-06
0,0,1.8023164e-05
0,0,1.4949512e-05
0,0,1.1358907e-05
0,0,1.0743322e-05
0,0,7.07917e-06
0,0,8.350919e-06
0,0,8.4086505e-06
0,0,8.040292e-06
0,0,1.8484992e-05
0,0,4.700413e-05
0,0,1.1573673e-05
0,0,8.393076e-06
0,0,1.6696486e-05
0,0,1.5774827e-05
0,0,3.7872414e-05
0,0,7.999839e-06
0,0,7.751117e-06
1,1,0.9999938
0,0,6.643997e-06
0,0,1.712254e-05
0,0,9.929383e-06
0,0,8.2202605e-06
0,0,1.4858136e-05
0,0,8.1452135e-06
1,0,8.712848e-05
0,0,5.5996006e-06
0,0,5.2936853e-06
0,0,9.682809e-06
0,0,1.5253638e-05
0,0,6.098233e-06
0,0,1.3118885e-05
0,0,9.36034e-06
0,0,1.0939311e-05
0,0,6.609171e-06
0,0,1.1221296e-05
0,0,8.648662e-06
0,0,7.0024957e-06
0,0,8.802829e-06
0,0,1.0328593e-05
0,0,9.211656e-06
0,0,8.2077895e-06
0,0,8.086831e-06
0,0,9.064866e-06
0,0,1.0020514e-05
1,1,0.9999769
0,0,0.00036900325
0,0,9.580468e-06
0,0,5.5769933e-06
0,0,8.905727e-06
0,0,9.912484e-06
0,0,8.1002e-06
0,0,1.3832516e-05
0,0,1.1680052e-05
0,0,1.3703344e-05
0,0,1.7551385e-05
0,0,8.552078e-06
0,0,1.0632244e-05
0,0,7.4791715e-06
0,0,1.19969645e-05
0,0,2.9666773e-05
0,0,2.1443559e-05
0,0,8.649808e-06
0,0,1.25740235e-05
0,0,5.551544e-06
0,0,8.740825e-06
1,1,0.99999475
0,0,1.268056e-05
0,0,7.851134e-06
0,0,1.3932551e-05
0,0,7.135358e-06
0,0,1.4388678e-05
0,0,1.2226303e-05
0,0,5.2371142e-06
0,0,1.1275574e-05
0,0,6.5717613e-06
0,0,5.7603947e-06
0,0,5.3552167e-06
0,0,1.3529783e-05
0,0,8.472604e-06
0,0,8.162429e-06
0,0,7.3327083e-06
0,0,7.823173e-06
0,0,2.5370196e-05
0,0,8.51345e-06
0,0,0.014630781
0,0,1.6562162e-05
0,0,8.231322e-06
0,0,1.2476326e-05
0,0,8.421571e-06
0,0,8.383437e-06
0,0,8.753054e-06
0,0,1.3940526e-05
0,0,1.1668028e-05
0,0,0.0018089482
0,0,6.1379787e-06
0,0,1.1947959e-05
1,1,0.9999926
0,0,9.386156e-06
1,1,0.9996636
0,0,1.83019e-05
0,0,5.736503e-06
0,0,1.4196996e-05
0,0,8.633796e-06
0,0,3.093151e-05
0,0,1.2633448e-05
0,0,1.1471622e-05
0,0,8.241917e-06
0,0,1.6275535e-05
0,0,8.239662e-06
0,0,6.9918988e-06
0,0,2.3835517e-05
0,1,0.99979883
0,0,2.012595e-05
1,1,0.99998915
0,0,6.5010295e-06
0,0,9.276123e-06
0,0,2.0455594e-05
0,0,1.1791523e-05
0,0,0.00012826343
0,0,6.461066e-06
0,0,1.3700639e-05
0,0,7.9983065e-06
0,0,3.090524e-05
0,0,6.466385e-06
0,0,8.002152e-06
0,0,5.7675184e-06
1,1,0.99937075
1,0,0.00027614523
0,0,6.2999698e-06
0,0,9.119596e-06
0,0,6.74005e-06
0,0,1.0582606e-05
0,0,1.2333457e-05
0,0,8.685079e-06
0,1,0.9998566
1,1,0.99992406
0,0,1.8750961e-05
0,0,1.0610466e-05
0,0,1.6275286e-05
0,0,1.962273e-05
0,0,6.405266e-06
0,0,9.439747e-06
0,0,1.1703334e-05
0,0,1.1204229e-05
0,0,1.6895712e-05
0,0,8.493412e-06
0,0,1.7123846e-05
0,0,9.636077e-06
1,1,0.99999464
0,0,8.143652e-06
0,0,1.0407943e-05
0,0,7.778316e-06
0,0,1.07396945e-05
0,0,6.56814e-06
0,0,8.652745e-06
0,0,9.492594e-06
0,0,0.06478266
1,0,0.00715949
1,1,0.9999794
0,0,8.040821e-06
0,0,1.0231498e-05
1,1,0.9998877
0,0,9.382934e-06
0,0,1.2016613e-05
0,0,3.389586e-05
0,0,5.850381e-06
0,0,1.4043122e-05
0,0,0.00014202985
0,0,7.5164903e-06
0,0,2.1114376e-05
0,0,9.641179e-06
0,0,0.00012261247
1,1,0.5468267
0,0,6.988412e-06
0,0,6.325864e-06
0,0,7.948895e-06
0,0,1.645087e-05
0,0,1.7774973e-05
0,0,9.719445e-06
0,0,1.6728873e-05
0,0,7.4907357e-06
0,0,9.4418e-06
0,0,8.7994895e-06
0,0,1.3910061e-05
0,0,1.9818734e-05
0,0,1.3431536e-05
0,1,0.55523807
0,0,2.1477656e-05
0,0,6.077657e-06
0,0,1.7432496e-05
0,0,7.660157e-06
1,1,0.99997056
0,0,1.3848171e-05
1,1,0.9998491
0,0,8.630215e-06
0,0,1.5139641e-05
0,0,8.730486e-06
1,0,0.005406008
0,0,0.000709565
0,0,6.132479e-06
0,0,6.2886306e-06
1,1,0.99997663
0,0,3.59446e-05
0,0,7.5828143e-06
0,0,1.2907385e-05
0,0,1.4412738e-05
0,0,7.6232013e-06
0,0,1.2351054e-05
0,0,1.0194419e-05
0,0,2.0623225e-05
0,0,1.4269069e-05
0,0,2.167928e-05
0,0,9.589379e-06
0,0,1.29671735e-05
0,0,1.0104248e-05
0,0,5.950291e-06
1,1,0.99998975
0,0,1.1272671e-05
0,0,7.1809113e-06
0,0,1.8069784e-05
1,1,0.9999825
0,0,5.5856475e-05
0,0,9.136441e-06
0,0,8.684921e-06
1,1,0.9999758
0,0,3.4345114e-05
0,0,7.0973188e-06
0,0,8.357149e-06
0,0,7.693893e-06
1,1,0.9999902
0,0,5.5061146e-06
0,0,3.4414683e-05
1,0,0.0037091468
0,0,6.9366483e-06
1,1,0.9999342
1,1,0.96286094
0,0,1.104247e-05
1,1,0.9999944
1,1,0.9999914
0,0,9.021839e-06
0,0,1.1883075e-05
0,0,1.09726325e-05
0,0,7.4960026e-06
0,0,1.2286802e-05
1,1,0.9999682
0,0,7.000733e-06
1,1,0.9999826
0,0,1.1367955e-05
0,0,8.101884e-06
0,0,1.3098009e-05
0,0,1.4285162e-05
0,0,1.4351773e-05
0,0,6.946664e-06
0,0,9.44434e-06
0,0,2.0494299e-05
0,0,2.3566863e-05
0,0,7.5074995e-06
0,0,7.672777e-06
0,0,0.00029313742
0,0,7.748323e-06
0,0,5.3126805e-06
0,0,3.9673756e-05
1,1,0.9999683
0,0,7.660625e-06
0,0,6.5503123e-06
0,0,6.8895683e-06
1,1,0.9999689
1,0,1.3349668e-05
0,0,0.00023359309
0,0,7.1732247e-06
0,0,5.9462636e-06
0,0,1.0023629e-05
0,0,6.965431e-06
0,0,2.016299e-05
0,0,6.1025436e-05
0,0,8.186589e-06
0,0,6.8268337e-06
0,0,1.2900321e-05
0,0,5.52718e-06
1,1,0.9999727
1,0,8.429196e-05
0,0,7.920049e-06
0,0,1.8570547e-05
0,0,1.1870592e-05
0,0,0.037838977
0,0,1.3148482e-05
0,0,0.00010714206
0,0,7.810322e-06
0,0,2.6463627e-05
1,1,0.99999046
0,0,2.0208034e-05
0,0,7.169723e-06
0,0,0.00015292123
0,0,1.2067328e-05
0,0,2.408384e-05
0,0,1.2946241e-05
0,0,1.1191381e-05
0,0,8.67225e-06
1,1,0.99997246
0,0,1.0073538e-05
0,0,5.9490826e-06
0,0,9.815163e-05
0,0,7.619909e-06
0,0,2.6524036e-05
0,0,6.2806953e-06
0,0,3.7826725e-05
0,1,0.9997861
0,0,1.2685059e-05
0,0,7.5889275e-06
1,1,0.9999914
0,0,8.174589e-06
0,0,9.8558985e-06
0,0,1.1703044e-05
0,0,9.932223e-06
0,0,1.0536372e-05
0,0,9.048646e-06
0,0,2.2828497e-05
0,0,1.3026891e-05
0,0,1.0739818e-05
0,0,1.12227735e-05
0,0,5.0551982e-05
0,0,6.3444604e-06
1,1,0.9998491
0,0,7.06052e-06
0,0,3.1427015e-05
0,0,9.012714e-06
0,0,1.2788633e-05
0,0,1.9658299e-05
0,0,9.654042e-06
0,0,1.54964e-05
0,0,8.41718e-06
0,0,1.0990027e-05
0,0,6.5590507e-06
0,0,2.0059671e-05
0,0,1.3447249e-05
0,0,7.048921e-06
0,0,5.05077e-06
0,0,1.5483356e-05
0,0,2.5894014e-05
0,0,1.0715204e-05
0,0,3.6106143e-05
0,0,6.6795815e-06
0,0,1.17535865e-05
0,0,1.2737682e-05
1,1,0.9999937
0,0,2.295457e-05
0,0,1.4024399e-05
1,1,0.9999144
0,0,8.454693e-06
0,0,1.1120293e-05
0,0,7.176188e-06
0,0,6.0956518e-06
0,0,6.4415563e-06
1,1,0.9997769
0,0,6.5839695e-06
0,0,5.7540037e-06
0,0,2.8647062e-05
0,1,0.99992716
0,0,5.1799947e-05
0,0,1.3961041e-05
0,0,5.3239046e-06
0,0,2.5997391e-05
0,0,5.4838642e-06
0,0,1.4046766e-05
1,0,4.0603903e-05
0,0,1.0991002e-05
0,0,6.5686218e-06
0,0,6.406195e-06
0,0,1.3252655e-05
0,0,9.40822e-06
0,0,6.6678517e-06
0,0,2.0325273e-05
0,1,0.7086269
0,1,0.99996305
0,0,3.5864e-05
0,0,1.398252e-05
0,0,1.02760205e-05
0,0,1.27263775e-05
1,1,0.99997437
0,0,9.604187e-06
0,0,1.9850793e-05
0,0,3.6634334e-05
0,0,7.716849e-06
0,0,1.4155436e-05
0,0,1.5624122e-05
0,0,1.7078004e-05
0,0,6.4443334e-06
0,0,8.520703e-06
0,0,0.000146352
0,0,7.196649e-05
0,0,5.926019e-06
0,1,0.7537685
0,0,0.01934809
0,0,5.9455037e-06
0,0,2.9917586e-05
0,0,9.090812e-06
0,0,2.222888e-05
0,0,1.1854134e-05
0,0,1.3138656e-05
0,0,7.018012e-06
0,0,1.2871221e-05
0,0,8.897931e-05
0,0,7.563294e-06
0,0,6.3181405e-06
0,0,1.3532103e-05
0,0,1.196681e-05
0,0,2.4179895e-05
0,0,1.0289278e-05
0,0,2.1109261e-05
0,0,8.625805e-06
0,0,1.7965725e-05
0,0,3.142276e-05
1,1,0.99998474
0,0,1.0736562e-05
0,0,2.186484e-05
0,0,6.730403e-06
0,0,1.5509899e-05
0,0,8.588539e-06
1,0,0.0010227938
0,0,9.357966e-06
0,0,5.181054e-06
0,0,8.256873e-06
0,0,1.6052836e-05
0,0,6.3614366e-06
0,0,8.326332e-06
0,0,7.56294e-06
0,0,1.0984778e-05
0,0,0.0026579064
0,0,4.4824003e-05
0,0,4.5492106e-06
0,0,2.1692764e-05
0,0,6.526244e-06
0,0,5.9324657e-06
0,0,1.1573298e-05
0,0,7.066819e-06
0,0,7.299609e-06
0,0,1.13837505e-05
0,0,1.9630366e-05
0,0,7.4521595e-06
0,0,1.3949556e-05
0,0,9.05082e-06
0,0,4.1439198e-05
0,0,6.195684e-06
0,0,7.224015e-05
0,0,4.995594e-06
0,0,2.2369506e-05
1,1,0.9999927
0,0,7.0618607e-06
1,1,0.9999938
0,0,0.00035804423
0,0,9.934336e-06
0,0,1.4248713e-05
1,1,0.99952686
0,0,5.5084574e-06
0,0,5.2749683e-06
0,0,4.7854646e-06
0,0,7.163394e-06
0,0,2.1863296e-05
0,0,1.0224212e-05
1,1,0.99993527
0,0,1.7191196e-05
0,0,0.009736536
0,0,2.045977e-05
0,0,1.4367999e-05
0,1,0.9998404
0,0,2.329173e-05
0,0,1.579176e-05
0,0,1.25683655e-05
0,0,7.5311063e-06
0,0,6.7856613e-06
0,0,8.278588e-06
0,0,1.4352594e-05
0,0,6.5138574e-06
0,0,1.6124319e-05
0,0,2.041841e-05
1,1,0.9999707
0,0,0.00018848035
0,0,6.4331634e-06
0,0,8.129004e-06
0,0,1.017611e-05
0,0,8.66585e-06
0,0,2.3534256e-05
0,0,7.3426736e-06
0,0,1.1032966e-05
0,0,5.5178157e-06
0,0,8.818634e-06
1,1,0.999744
0,0,1.3663362e-05
0,0,8.042608e-06
0,0,6.8868094e-06
0,0,7.2593853e-06
0,0,6.6054845e-06
0,0,1.6821532e-05
0,0,5.269488e-06
0,0,6.407564e-06
0,0,1.1023175e-05
0,0,5.689104e-06
0,0,1.3041137e-05
0,0,2.247664e-05
0,0,7.907929e-06
0,0,6.459507e-06
0,0,9.255455e-06
1,1,0.99999225
0,0,1.9988136e-05
0,0,2.1117981e-05
1,1,0.9999571
0,0,9.200453e-06
0,0,7.703026e-06
0,0,2.5089153e-05
0,0,1.4876524e-05
0,1,0.9999325
0,0,1.2058561e-05
0,0,7.269237e-06
0,0,1.0031682e-05
0,0,6.6237963e-06
0,1,0.9966029
1,1,0.9999945
0,0,8.505578e-06
0,0,7.989212e-06
0,0,8.551604e-06
0,0,1.3873974e-05
0,0,1.0194506e-05
0,0,5.9636413e-06
0,0,8.99404e-06
0,0,2.8509103e-05
0,0,6.1206765e-06
0,0,1.1565597e-05
0,0,5.9332183e-06
0,0,1.835439e-05
0,0,9.8612625e-05
0,0,1.0740945e-05
1,1,0.9997179
0,0,7.704055e-06
0,0,5.9884787e-06
0,0,6.0812863e-06
1,1,0.9848503
0,0,1.0828098e-05
0,0,5.685546e-06
0,0,2.0956979e-05
0,0,1.0834565e-05
0,0,9.738726e-06
0,0,1.9368117e-05
0,0,1.5988226e-05
0,0,7.4948443e-06
0,0,5.8194646e-06
1,1,0.9804529
0,0,6.055822e-06
0,0,7.5120397e-06
0,0,8.270602e-06
0,0,1.6638149e-05
1,1,0.9999368
0,0,1.6021897e-05
0,0,1.2132037e-05
0,0,7.546686e-06
0,0,5.783805e-06
0,0,2.282336e-05
0,0,1.0937789e-05
0,0,1.8441959e-05
0,0,6.305049e-06
1,1,0.99999094
0,0,9.470614e-06
0,0,9.956624e-06
0,0,7.418966e-06
0,0,1.484914e-05
0,0,8.807549e-06
0,0,6.956668e-06
0,0,6.4628716e-06
0,0,1.4488892e-05
0,0,6.83613e-06
1,1,0.99999154
0,0,8.785076e-06
0,0,8.33167e-06
0,0,7.445362e-06
0,0,1.6708464e-05
0,0,0.0007834302
0,0,0.000111325324
0,0,5.969606e-05
0,0,0.00037003667
0,1,0.9711391
0,0,7.025626e-06
0,0,1.1469303e-05
0,0,1.5843547e-05
0,0,0.00019264073
0,0,7.5905928e-06
0,0,9.4335555e-06
0,0,4.675167e-06
0,0,1.0925747e-05
0,0,1.18149255e-05
1,1,0.9999926
0,0,6.9282783e-06
0,0,9.717777e-06
0,0,8.6670825e-06
0,0,8.018905e-06
0,0,6.695513e-06
0,0,8.454032e-06
0,0,1.2254342e-05
0,0,9.123868e-06
0,0,1.1290756e-05
0,0,6.047038e-06
0,0,2.4261433e-05
1,1,0.99996734
0,0,2.828369e-05
0,0,7.807754e-06
0,0,1.0656211e-05
0,0,9.394754e-06
0,0,7.748056e-06
0,0,1.2873677e-05
0,0,1.397856e-05
0,0,2.3570505e-05
0,0,6.042853e-06
1,1,0.9998778
0,0,5.652627e-06
0,0,1.0486732e-05
0,0,7.743307e-06
0,0,1.1349411e-05
0,0,0.0008133244
0,0,6.355894e-06
0,0,3.8026803e-05
0,0,8.44997e-06
0,0,1.3503588e-05
0,0,6.2661215e-06
0,0,7.700866e-06
0,0,8.790112e-06
0,0,7.519358e-06
0,0,6.158846e-06
0,0,8.306821e-06
0,0,6.67997e-06
0,0,1.0772203e-05
0,0,1.15892035e-05
0,0,0.004217146
0,0,6.628776e-06
0,0,1.5325842e-05
0,0,1.994756e-05
0,0,1.9720752e-05
0,0,2.1819553e-05
0,0,3.1546042e-05
0,0,9.002861e-06
0,0,9.405565e-06
1,0,2.6085178e-05
0,0,1.2431492e-05
0,0,1.0023611e-05
0,0,9.625662e-06
1,1,0.9999646
0,0,4.0235987e-05
0,0,6.693776e-06
0,0,1.3207498e-05
0,0,0.002491097
0,0,2.5217218e-05
0,0,8.809457e-06
0,0,1.2146509e-05
0,1,0.9999193
1,1,0.99995136
0,0,6.8753584e-06
0,0,1.7759134e-05
0,0,1.4743395e-05
0,0,1.1880151e-05
0,0,1.251533e-05
0,0,8.175385e-06
0,0,1.0243908e-05
0,0,5.3277395e-06
0,0,6.0580514e-06
1,0,1.5659178e-05
0,0,4.0330262e-05
0,0,2.1542966e-05
0,0,9.966685e-06
0,0,2.0967113e-05
0,0,1.5744168e-05
0,0,1.9693332e-05
0,0,5.4751163e-06
0,0,1.4057125e-05
0,0,1.1115735e-05
0,0,3.599695e-05
0,0,6.1533865e-06
0,0,2.0368292e-05
0,0,8.165039e-06
0,0,6.0909797e-06
0,0,9.397495e-06
0,0,9.399154e-06
0,0,7.383935e-06
0,0,5.0593553e-05
0,0,1.2044081e-05
0,0,2.6391299e-05
0,0,6.954824e-06
0,0,9.421445e-06
0,0,6.688397e-06
0,0,9.673395e-06
0,0,7.2195426e-06
0,0,9.804162e-06
1,1,0.99438065
0,0,8.877135e-06
0,0,7.982372e-06
0,0,1.3740549e-05
0,0,1.4724117e-05
0,0,6.5543927e-06
0,0,2.421465e-05
0,1,0.9999864
0,0,7.737364e-06
0,0,1.2516358e-05
0,0,1.6595839e-05
0,1,0.9994867
0,0,1.273207e-05
0,0,2.1553613e-05
0,0,1.5792906e-05
0,0,3.681459e-05
0,0,7.951093e-06
0,0,5.6469707e-05
0,0,9.819535e-06
0,0,1.1467346e-05
0,0,1.2500729e-05
0,0,6.630129e-06
0,0,1.0090191e-05
0,0,1.9876783e-05
0,0,3.4196277e-05
0,0,6.756893e-06
0,0,8.8266115e-06
0,0,1.7843045e-05
0,0,8.440305e-06
0,0,1.3640318e-05
0,0,6.070306e-06
0,0,1.3956808e-05
1,1,0.99999404
0,0,9.524514e-06
0,0,1.3749987e-05
0,0,6.1810356e-06
0,0,6.4511405e-06
0,0,9.352025e-06
0,0,3.6416182e-05
0,0,1.6834721e-05
0,0,8.052784e-06
0,0,2.7039812e-05
0,0,2.078299e-05
1,1,0.99995613
0,0,1.0206228e-05
0,0,2.537956e-05
0,0,1.2105906e-05
0,0,1.0817921e-05
0,0,0.0002017915
0,0,4.1571002e-05
0,0,1.2147968e-05
0,0,9.302355e-06
0,0,1.1951002e-05
0,0,0.0015301324
0,0,4.4202134e-05
0,0,5.8865517e-05
0,0,6.585137e-06
0,0,8.003563e-06
0,0,8.928108e-06
0,0,1.7634751e-05
0,0,4.877127e-06
0,0,6.9112735e-05
0,0,2.598242e-05
0,0,6.438031e-06
0,0,8.861437e-06
0,0,8.70386e-06
0,0,1.2491578e-05
1,1,0.99925095
1,1,0.9999914
0,0,1.9969084e-05
0,0,7.067918e-06
1,1,0.999899
0,0,1.0467677e-05
0,0,7.247086e-06
0,0,9.74705e-06
0,0,3.2624765e-05
0,0,5.8215182e-06
0,0,6.885148e-06
1,1,0.9997534
1,1,0.99998844
1,1,0.99998
0,0,9.62367e-06
1,1,0.99588853
0,0,5.8684027e-06
0,0,8.024329e-06
0,0,1.344221e-05
0,0,6.070694e-06
0,0,1.0018202e-05
0,0,1.3018347e-05
1,1,0.99998856
0,0,9.796236e-06
0,0,2.2323284e-05
0,0,5.5492305e-06
0,0,8.3003115e-06
0,0,7.438676e-06
0,0,8.953706e-05
0,0,7.88484e-06
0,0,9.071482e-06
0,0,1.2916989e-05
0,0,1.260269e-05
0,0,9.555976e-06
0,0,1.1947914e-05
0,1,0.99983656
1,1,0.9999945
0,0,1.2749713e-05
0,0,1.2443923e-05
0,0,1.0166303e-05
0,0,1.9271738e-05
0,1,0.9967604
0,0,1.5359643e-05
0,0,9.714405e-06
0,0,1.9420646e-05
0,0,1.0901977e-05
0,0,1.5904676e-05
0,1,0.99996126
0,0,1.0390707e-05
0,0,6.515622e-06
1,1,0.99997985
0,1,0.9991334
0,0,8.588128e-06
0,0,1.8590996e-05
0,0,1.20086515e-05
0,0,6.1427563e-06
0,0,6.6586244e-06
0,0,7.3082465e-06
0,0,1.0492654e-05
0,0,7.884915e-06
0,0,1.1289281e-05
1,1,0.9999634
0,0,1.0621217e-05
0,0,7.1257564e-06
0,0,6.3681073e-06
0,0,6.696797e-06
0,0,3.5278586e-05
0,0,9.282654e-06
0,0,7.59627e-06
0,0,1.1755346e-05
0,0,4.753265e-05
0,0,7.5789753e-06
0,0,7.0811543e-06
0,0,6.735026e-06
0,0,1.23507e-05
0,0,2.4498533e-05
0,0,2.740724e-05
0,0,4.6565026e-05
0,0,8.434335e-06
0,0,9.536575e-06
0,0,7.168827e-05
0,0,1.3183638e-05
0,0,6.5156464e-06
0,0,1.5777341e-05
0,0,8.289411e-06
0,0,7.2241774e-06
0,0,5.8129745e-06
0,1,0.99997544
0,0,1.2015536e-05
0,0,9.220964e-06
0,0,5.959639e-06
0,0,8.130733e-06
0,0,0.37831956
1,1,0.9998386
0,0,1.1147783e-05
0,0,1.8487195e-05
0,0,9.392612e-06
0,0,1.5363805e-05
0,0,6.727567e-06
1,1,0.99997747
0,0,3.0551753e-05
0,0,8.585541e-06
1,1,0.99998367
0,0,0.00035958557
0,0,7.675872e-06
0,0,8.60464e-06
0,0,7.859855e-06
0,0,6.656612e-06
0,0,6.0291754e-06
0,0,1.27268995e-05
0,0,6.21126e-06
0,0,1.0633745e-05
0,0,9.375554e-06
0,0,9.188879e-06
0,0,5.9352947e-06
1,1,0.99963915
0,0,8.7436265e-06
0,0,1.0484271e-05
0,0,1.2677465e-05
0,0,2.9310027e-05
0,0,1.1758711e-05
0,0,7.688078e-06
0,0,7.930418e-06
0,0,7.070479e-06
0,0,9.206088e-06
0,0,1.1285891e-05
0,0,6.096227e-06
0,0,8.457765e-06
0,0,1.2636762e-05
0,0,6.5723634e-06
1,1,0.9999683
0,0,7.674138e-06
0,0,1.4953734e-05
1,1,0.9999888
0,0,6.9796206e-06
0,0,1.23744085e-05
0,0,9.274417e-06
0,0,7.4922214e-06
0,0,2.011837e-05
0,0,1.21774065e-05
0,0,5.826928e-06
1,1,0.99992
0,0,5.4426205e-06
0,0,8.248955e-06
0,0,1.0748046e-05
0,0,1.6510248e-05
0,0,0.00040364912
0,0,9.169253e-05
0,0,1.1876685e-05
0,0,7.865883e-06
0,0,1.3237699e-05
0,0,1.394885e-05
1,1,0.99985874
0,0,1.1720478e-05
0,0,7.783696e-06
0,0,0.0026071153
0,0,7.925633e-06
0,0,0.00019565043
0,0,3.575111e-05
0,0,5.1431867e-05
0,0,1.0908359e-05
0,0,6.6018e-06
0,0,7.661268e-06
0,0,1.2380098e-05
0,0,0.00026284484
0,0,7.1546824e-06
0,0,1.0233118e-05
0,0,7.5229445e-06
0,0,9.002286e-06
1,0,0.00156473
0,0,4.1274936e-05
0,0,1.0226767e-05
0,0,4.8614478e-05
0,0,9.1179834e-05
0,0,1.4363383e-05
0,0,6.8018458e-06
0,0,9.490203e-06
0,0,1.3570823e-05
0,0,5.486307e-06
0,0,4.1157455e-05
0,0,5.8507553e-06
0,0,0.013307686
1,1,0.99999356
0,0,8.166023e-05
0,0,7.2923517e-06
0,0,7.0207834e-06
0,0,1.5200431e-05
0,0,9.28454e-06
0,0,4.348725e-05
0,0,1.0813692e-05
0,0,8.478205e-06
0,0,6.8625645e-06
0,0,1.6248767e-05
0,0,0.0003876742
0,0,8.305997e-06
0,0,7.376447e-06
1,1,0.99976295
0,0,7.0781707e-06
0,0,0.0001163731
0,0,1.2050582e-05
0,0,1.3800233e-05
0,0,1.2353845e-05
0,0,3.0947882e-05
0,0,2.7681606e-05
0,0,1.8426981e-05
0,0,1.314333e-05
0,0,0.35622576
1,1,0.9999933
0,0,9.550509e-06
1,1,0.99999464
0,0,1.2003487e-05
1,1,0.999967
0,0,5.91638e-06
0,0,7.935215e-06
1,1,0.9999894
0,0,6.627297e-05
0,0,7.5000426e-06
0,0,2.092317e-05
0,1,0.9992093
0,0,6.204239e-05
0,0,1.2132211e-05
0,0,2.0020969e-05
0,0,7.734783e-06
0,0,7.887653e-06
0,0,1.0622413e-05
0,0,5.0034037e-06
0,0,8.083038e-06
1,1,0.99998224
0,0,6.7478513e-06
0,0,2.060058e-05
0,0,1.1608705e-05
0,0,1.2775225e-05
0,0,0.0011663309
0,0,1.6167156e-05
0,0,1.0031529e-05
0,0,7.674548e-06
0,0,7.471345e-06
0,0,8.691169e-06
0,0,2.5738787e-05
0,0,5.6433426e-05
0,0,8.554165e-06
0,0,9.008194e-06
1,1,0.99998736
0,0,8.158865e-06
0,0,7.3836322e-06
0,0,9.698067e-06
0,0,1.0890452e-05
0,0,1.1901074e-05
0,0,9.0268995e-06
0,0,2.180938e-05
0,0,7.1682466e-06
0,0,1.973247e-05
0,0,6.5940358e-06
0,0,6.5529616e-06
0,0,1.5743777e-05
0,0,2.1989868e-05
1,0,2.88868e-05
0,0,1.2588708e-05
0,0,2.2436874e-05
0,0,6.7071314e-06
0,0,8.03603e-06
0,0,8.032007e-06
0,0,1.013057e-05
1,1,0.8604099
0,0,8.132012e-06
0,0,3.36489e-05
0,0,1.1874443e-05
1,1,0.999992
0,0,8.58059e-06
0,0,4.699418e-05
0,0,9.021916e-06
0,0,1.46376915e-05
0,0,1.6686807e-05
0,0,1.0443936e-05
0,0,6.6158555e-06
0,0,6.0219236e-06
0,0,1.6385799e-05
0,0,2.1516402e-05
1,1,0.99996257
0,0,1.0880912e-05
0,1,0.99943167
1,1,0.999995
0,0,1.2939749e-05
0,0,1.2746504e-05
1,0,0.00046462036
0,0,1.8731425e-05
0,0,5.579291e-06
0,0,5.756155e-06
0,0,5.130533e-06
0,0,9.343921e-06
0,0,1.3237724e-05
0,0,1.8709841e-05
1,1,0.9998092
1,1,0.99999344
0,0,7.24746e-06
0,0,9.087578e-06
1,1,0.9999943
0,0,1.0200311e-05
0,0,9.8018245e-06
0,1,0.9998956
0,0,1.7570726e-05
0,0,8.114218e-06
0,0,1.0459085e-05
0,0,1.4592438e-05
0,0,7.159234e-05
0,0,6.2628474e-06
0,0,9.62804e-06
1,1,0.9999888
0,0,5.732183e-06
0,0,1.0461678e-05
0,0,1.1658196e-05
0,0,1.04400915e-05
0,0,7.3958877e-06
0,0,1.08841505e-05
0,0,1.9355066e-05
0,0,1.8268282e-05
0,0,1.8296842e-05
0,0,6.4320043e-06
0,0,1.2707301e-05
1,1,0.9998764
1,0,5.555951e-05
0,0,9.265081e-06
0,0,1.459834e-05
0,0,8.4005e-06
0,0,1.38245505e-05
0,0,1.4607195e-05
0,0,7.681753e-06
0,0,8.083933e-06
0,0,6.510075e-06
0,0,1.4366889e-05
0,0,4.421145e-05
1,1,0.99972516
1,1,0.9999913
0,0,7.3249785e-06
0,0,5.151261e-05
0,0,1.453875e-05
0,1,0.9999008
0,0,8.127554e-06
0,0,8.224872e-06
0,0,1.3102157e-05
0,0,2.9864652e-05
0,0,2.1247812e-05
0,0,8.6067e-06
1,0,0.0009601933
0,0,2.3200882e-05
0,0,1.0589227e-05
0,0,2.8319937e-05
0,0,0.00010890169
0,0,1.4462044e-05
1,1,0.99997795
0,0,1.0638269e-05
0,0,7.977555e-06
0,0,1.0869918e-05
0,0,1.0503527e-05
0,0,2.9315508e-05
0,0,2.151476e-05
0,0,6.5382355e-06
0,0,1.7576727e-05
0,0,9.118276e-06
0,0,1.3957673e-05
0,0,9.292141e-06
0,0,7.4482246e-06
0,0,6.687944e-06
0,0,1.0606581e-05
1,1,0.9999907
0,0,7.719631e-06
0,0,8.422769e-06
0,0,6.5614095e-06
1,1,0.9999939
0,0,5.7854986e-06
0,0,0.00021440414
0,1,0.9999664
0,0,6.9451403e-06
0,0,1.970545e-05
0,0,6.618423e-06
0,0,1.122029e-05
0,0,1.2977194e-05
0,0,7.847376e-06
0,0,1.1304117e-05
0,0,1.0418291e-05
0,0,7.3082883e-06
0,0,1.0240958e-05
0,0,6.761289e-06
0,0,9.473604e-06
0,0,8.224856e-06
1,1,0.9999831
0,0,1.9578076e-05
0,0,1.1168906e-05
0,0,7.731876e-06
1,1,0.9999938
1,1,0.9999949
0,0,6.75378e-05
0,0,1.1006799e-05
0,0,9.8519895e-06
0,0,1.688231e-05
0,0,8.784597e-06
0,0,2.5540416e-05
0,0,1.0818323e-05
0,1,0.644176
0,0,2.1702986e-05
0,0,6.33132e-06
0,0,1.43925745e-05
0,0,1.1898361e-05
0,0,6.6612856e-06
0,0,2.6047242e-05
0,0,0.0002059583
0,0,8.557845e-06
0,0,8.017628e-06
0,0,8.553733e-06
0,0,0.00019697455
0,0,2.716983e-05
0,0,9.306579e-06
0,0,9.913619e-06
0,0,7.2060134e-06
0,0,4.146774e-05
1,1,0.9999714
0,0,8.733094e-06
0,0,7.72968e-06
0,0,9.186233e-06
0,0,2.9645673e-05
0,0,1.1831512e-05
0,0,1.0966168e-05
0,0,1.1150994e-05
0,0,9.367868e-06
0,0,1.6961385e-05
0,0,1.0695806e-05
0,0,1.0659148e-05
0,0,8.045216e-06
0,0,2.2069804e-05
0,0,5.8541546e-06
0,0,1.0130019e-05
1,0,8.917319e-06
0,0,7.143263e-06
0,0,6.901978e-06
0,0,6.7886003e-06
0,0,1.1581491e-05
0,0,1.4537349e-05
0,0,0.0002991303
0,1,0.9998627
0,0,1.5092386e-05
0,0,1.2817838e-05
0,0,1.3902303e-05
0,1,0.9998598
0,0,2.7637292e-05
0,0,1.4613061e-05
0,0,4.043713e-05
0,0,1.8353761e-05
0,0,8.8251045e-06
1,1,0.9999857
0,0,9.555048e-05
0,0,1.4480302e-05
0,0,1.2265121e-05
1,1,0.9999943
0,0,9.277584e-06
1,1,0.99994874
0,0,1.8137323e-05
0,0,5.232721e-06
0,0,7.390473e-06
0,0,9.170371e-06
0,0,3.834807e-05
0,0,1.0824773e-05
0,0,7.716113e-06
0,0,2.9776693e-05
0,0,6.9958537e-06
0,0,8.0019e-06
0,0,1.8933833e-05
1,1,0.99999166
0,0,1.13025435e-05
0,0,5.819631e-06
0,0,6.2062572e-06
0,0,1.4062756e-05
0,0,1.1906715e-05
0,0,2.0327152e-05
0,0,1.6063417e-05
0,0,1.5866863e-05
0,0,9.340617e-06
0,0,2.2000017e-05
0,0,1.3478217e-05
0,0,1.120564e-05
0,0,4.313514e-05
0,0,2.2432443e-05
0,0,6.6217126e-06
0,0,2.5917903e-05
0,0,8.534031e-06
0,0,8.427002e-06
0,0,2.0789512e-05
1,0,2.0899899e-05
0,1,0.9998192
1,1,0.9999789
0,0,9.234499e-06
0,0,6.229442e-06
0,0,3.5021752e-05
0,0,1.3620105e-05
0,0,1.4355195e-05
1,1,0.99999
0,0,5.962766e-06
0,0,7.786733e-06
0,0,7.326921e-06
1,1,0.99995303
0,0,5.6612967e-06
0,0,1.9954505e-05
0,0,9.518574e-06
0,0,1.5681844e-05
0,0,9.892502e-06
0,0,9.950048e-06
0,0,8.08024e-06
0,0,1.1109111e-05
1,1,0.9999908
0,0,7.82051e-06
0,0,9.993163e-06
0,0,1.2154886e-05
0,0,9.846579e-06
0,0,8.080155e-06
0,0,2.5419817e-05
0,0,1.35434775e-05
0,0,8.200349e-06
0,0,1.2894724e-05
1,1,0.999995
0,0,6.144092e-06
0,0,1.1056602e-05
0,0,9.035039e-06
0,0,7.940923e-06
0,0,1.2292663e-05
0,1,0.9998031
0,0,6.5071704e-06
0,0,7.0501715e-06
0,0,1.6317823e-05
0,0,6.8034424e-06
0,0,0.00010429196
0,0,7.0966894e-06
0,0,7.0417923e-06
0,0,2.8492987e-05
0,0,3.3663953e-05
0,0,1.6576794e-05
0,0,1.6336835e-05
0,0,8.625624e-06
0,0,8.5124675e-06
0,0,8.255819e-06
0,0,0.0006013268
0,0,5.1019015e-06
0,0,2.9478446e-05
0,0,1.03971e-05
0,0,3.6753976e-05
0,0,1.2294832e-05
0,0,8.4206795e-06
0,0,6.4606343e-06
0,0,6.96304e-06
0,0,7.105052e-06
1,0,0.0001234998
0,0,7.6341075e-06
0,0,1.4637845e-05
0,0,8.3756295e-06
1,1,0.999992
0,0,5.656461e-06
0,0,4.6479807e-05
0,0,6.941909e-06
0,0,8.241807e-06
0,0,7.435988e-06
0,0,5.6692115e-06
0,0,6.208921e-06
0,0,2.5189362e-05
1,1,0.9999713
0,0,1.6034643e-05
0,0,0.39760193
0,0,8.388043e-06
1,1,0.99996233
0,0,3.3874887e-05
0,0,7.723432e-06
0,0,8.670216e-06
0,0,0.0028726605
0,0,1.1919622e-05
0,0,0.0020464864
0,0,7.754961e-06
0,0,5.688963e-06
0,0,1.1182943e-05
0,0,6.736066e-06
0,0,2.3932089e-05
0,0,1.1636714e-05
0,0,1.0760548e-05
0,0,5.8706755e-06
0,0,9.720326e-06
0,0,6.154002e-06
0,0,1.2229602e-05
0,0,8.383076e-06
0,0,6.403617e-06
0,0,1.7341052e-05
0,1,0.99984145
0,0,9.390507e-06
0,0,1.8208066e-05
0,1,0.99995506
0,0,2.0391673e-05
0,0,2.546723e-05
0,0,9.371639e-06
0,0,1.0441267e-05
0,0,1.0185703e-05
0,0,5.096749e-05
0,0,5.6855138e-06
0,0,0.0003424896
1,1,0.99994874
0,0,1.0772952e-05
0,0,1.6808253e-05
0,0,6.333458e-06
0,0,6.999598e-06
1,1,0.9911039
1,1,0.9999033
0,0,1.4629389e-05
0,0,1.4922762e-05
0,0,1.960524e-05
1,1,0.9999424
0,0,6.9244934e-06
0,0,6.853834e-06
0,0,1.0760548e-05
0,0,6.8712293e-06
0,0,9.736311e-06
0,0,0.06679971
0,0,2.5142179e-05
0,0,8.418191e-06
1,1,0.99999464
0,0,8.32985e-06
0,0,1.6684578e-05
0,0,1.0230123e-05
0,0,3.7932925e-05
0,0,8.162438e-06
0,1,0.99994946
1,1,0.9999938
0,0,1.791423e-05
0,0,9.491073e-06
0,0,2.2523955e-05
0,0,1.5720312e-05
0,0,9.321741e-06
0,0,5.5464475e-06
0,0,1.0483502e-05
0,1,0.99817145
0,0,1.11894715e-05
0,0,1.0417704e-05
0,0,8.734809e-06
0,0,1.9788478e-05
0,0,6.902472e-06
0,0,1.8588193e-05
0,0,5.544073e-06
1,1,0.9999912
0,0,1.1044355e-05
0,0,6.1865912e-06
0,1,0.99816436
0,0,8.162157e-06
0,0,7.635432e-06
0,0,7.3739147e-06
0,0,1.7227068e-05
0,0,2.4940768e-05
0,0,2.5990574e-05
0,0,7.185974e-06
0,1,0.99864405
0,0,6.704109e-05
1,1,0.9999591
0,0,1.0384962e-05
0,0,1.0689606e-05
0,0,6.7965548e-06
0,0,2.2877555e-05
0,0,5.697656e-06
0,0,1.1420667e-05
0,0,0.005109707
0,0,4.8954375e-05
0,0,1.556689e-05
0,0,6.5646327e-06
0,0,2.2760003e-05
0,0,5.560254e-06
0,0,2.1301494e-05
0,0,1.31874995e-05
0,0,8.941324e-06
0,0,7.704496e-06
0,0,1.0835712e-05
0,0,1.0906011e-05
0,0,9.682264e-06
1,1,0.9999763
0,0,0.0001453109
0,0,1.784536e-05
0,0,2.8736862e-05
0,0,2.4916757e-05
0,0,1.5323183e-05
0,0,3.3627435e-05
0,0,8.906576e-06
0,0,1.7408454e-05
0,0,1.240816e-05
1,0,0.00420518
0,0,1.0547593e-05
0,0,1.214579e-05
0,0,7.2074977e-06
0,0,9.225063e-06
0,0,8.557381e-06
0,0,8.10932e-06
0,0,5.071505e-06
0,0,1.175288e-05
1,0,0.004030743
0,0,1.9912359e-05
0,0,0.00012342118
0,0,9.027003e-06
0,0,6.6175708e-06
0,0,1.750967e-05
0,0,1.0397219e-05
0,0,1.4458348e-05
0,0,9.981572e-06
0,0,7.684186e-06
0,0,0.00021723122
0,0,2.4402676e-05
0,0,6.440057e-06
0,0,1.1380538e-05
0,0,1.3365885e-05
0,0,1.27378635e-05
0,0,2.4872264e-05
0,0,1.1984339e-05
0,0,7.510063e-06
0,0,7.633466e-06
0,0,2.0033078e-05
0,0,0.0032186452
0,0,7.2280227e-06
0,1,0.7129681
0,0,8.1536e-06
0,0,6.1707874e-06
0,0,8.326705e-06
0,0,1.6666578e-05
0,0,7.1774125e-06
0,0,7.848125e-06
0,0,1.16136325e-05
0,0,5.193042e-05
0,0,6.300877e-06
0,0,9.091402e-06
0,0,6.765359e-06
0,0,5.717311e-06
0,0,9.8428245e-06
0,0,5.8524465e-06
0,0,9.640709e-06
0,0,5.9126855e-06
0,0,2.7482409e-05
0,0,9.3621464e-05
0,0,0.002914985
0,0,1.448276e-05
0,0,2.4385903e-05
1,1,0.99425226
0,0,6.5683653e-06
0,0,3.1979067e-05
0,0,9.247955e-06
0,0,1.4150226e-05
0,0,7.21542e-06
0,0,0.0001727352
0,0,7.2448065e-06
1,1,0.99930465
0,0,8.163107e-06
0,0,1.1008898e-05
0,0,1.24139115e-05
0,0,1.7086753e-05
1,1,0.9999782
1,1,0.9991517
0,0,1.161536e-05
0,0,1.7088709e-05
0,0,1.5849591e-05
0,0,8.715341e-05
0,0,8.688576e-06
1,1,0.9995596
0,0,6.829204e-06
0,0,7.860484e-06
0,0,1.1197308e-05
0,0,1.3216066e-05
0,0,3.5481495e-05
0,0,2.3673723e-05
0,0,9.907144e-06
0,0,1.3768345e-05
0,0,6.2410622e-06
0,0,8.711865e-06
0,0,7.677469e-06
0,0,4.1221832e-05
0,0,9.059067e-06
0,0,2.8618362e-05
0,0,3.7299113e-05
0,0,8.552893e-06
0,0,9.049889e-06
0,0,6.4561073e-06
0,0,9.559494e-06
0,0,8.76831e-06
0,0,1.3004201e-05
0,0,6.3239095e-06
0,0,1.109376e-05
0,0,9.901071e-06
0,0,1.3094775e-05
0,0,1.0043187e-05
1,1,0.99949586
0,0,2.8390949e-05
0,0,2.3232322e-05
0,0,5.455227e-06
0,0,1.34213315e-05
0,0,2.3772003e-05
0,0,1.2893974e-05
0,0,8.552151e-06
0,0,5.7847155e-06
0,0,8.927802e-06
0,0,6.9497983e-06
0,0,8.305411e-06
0,0,6.806661e-06
0,0,7.833775e-06
0,0,8.397015e-06
0,0,1.3515261e-05
0,0,7.2355674e-06
1,1,0.9999937
0,0,1.0426601e-05
0,0,5.6625167e-06
0,0,9.6941185e-06
0,0,1.0707277e-05
0,0,7.5779635e-06
0,0,9.046368e-06
0,1,0.999686
0,0,1.0643079e-05
0,0,6.7548376e-06
1,1,0.9999945
0,0,9.205877e-06
0,0,1.1364183e-05
0,0,4.0425177e-05
1,1,0.99999297
0,0,8.566738e-06
1,1,0.99997914
0,0,8.249955e-06
0,0,5.9317645e-06
0,0,9.55306e-06
0,0,9.209864e-06
0,0,6.1463775e-06
0,0,7.981102e-06
0,0,1.3604022e-05
0,0,7.4006575e-06
0,0,9.150314e-06
0,0,1.5285705e-05
0,0,9.397943e-06
0,0,1.6612974e-05
0,0,8.173498e-06
0,0,1.8241037e-05
1,1,0.9999696
0,0,6.354076e-06
0,0,1.9021825e-05
0,0,9.121275e-06
0,0,1.9306633e-05
0,0,8.176757e-06
0,0,1.0771617e-05
0,0,9.623743e-06
0,0,6.303666e-06
0,0,6.213873e-06
1,1,0.99999046
0,0,1.1687606e-05
1,1,0.99999297
0,0,1.2739284e-05
0,0,1.0028487e-05
0,0,2.3877516e-05
0,0,1.06484185e-05
0,0,0.00038978722
0,0,1.6801234e-05
1,1,0.6744395
0,1,0.99931884
0,0,7.754681e-06
1,0,0.02876868
0,0,6.539988e-06
0,0,1.1246139e-05
0,0,9.50185e-06
1,1,0.9173758
0,0,1.3316596e-05
0,0,1.3946723e-05
0,0,1.147589e-05
0,0,2.6671509e-05
0,0,1.46308685e-05
0,0,6.733844e-06
0,0,1.6229364e-05
0,0,8.069035e-06
1,1,0.9999347
0,0,0.0003833903
0,0,6.6381645e-06
0,0,9.087882e-06
0,0,8.19737e-06
0,0,2.26282e-05
0,0,7.981992e-06
0,0,1.0197909e-05
0,0,6.2132567e-06
0,0,1.6196076e-05
0,0,6.6395824e-06
0,0,3.1363965e-05
0,0,9.290121e-06
0,0,8.803619e-06
0,0,1.6328455e-05
0,0,2.74978e-05
0,0,7.3427645e-06
0,1,0.9999175
0,0,9.732095e-06
1,1,0.99986744
0,0,2.0790842e-05
1,1,0.9999912
0,0,7.713273e-06
0,0,1.0168534e-05
0,0,1.1998715e-05
0,0,1.082883e-05
0,0,3.0305706e-05
0,0,1.0763771e-05
0,0,0.08146468
1,1,0.9999517
0,0,9.743723e-06
0,0,7.0802766e-06
0,0,7.256257e-06
0,0,1.4709887e-05
1,1,0.9999925
0,0,1.052032e-05
0,0,1.1119253e-05
0,0,7.5918088e-06
0,0,2.596451e-05
0,0,1.3430473e-05
0,0,7.4337195e-06
0,0,1.1660809e-05
0,0,2.7681925e-05
0,0,1.0649769e-05
0,0,2.2141458e-05
0,0,1.8673121e-05
0,0,7.1740665e-06
1,1,0.99999475
0,0,4.012942e-05
0,0,1.0947223e-05
0,0,1.7253638e-05
0,0,6.313063e-06
0,0,3.13277e-05
0,0,6.0726975e-06
0,0,8.402487e-06
0,0,1.2011732e-05
0,0,7.1842683e-06
0,0,4.9788378e-06
0,0,1.3732911e-05
0,0,6.2810786e-06
0,0,1.5451466e-05
0,0,7.466287e-06
0,0,8.2562794e-05
1,1,0.8211864
0,0,0.00025149688
0,0,6.439105e-06
0,0,2.226932e-05
0,0,6.4627607e-06
0,0,6.8024237e-06
0,0,2.3609606e-05
0,0,1.1612236e-05
1,1,0.9998858
0,0,1.8974772e-05
0,0,7.557785e-06
0,0,1.0413373e-05
0,0,3.6705464e-05
0,0,7.391925e-06
0,0,1.6765156e-05
0,0,1.0713058e-05
1,1,0.9999769
0,0,1.1683261e-05
0,0,6.418487e-06
0,0,9.6787204e-05
0,0,8.532696e-06
0,0,1.37593925e-05
0,0,7.48077e-06
0,0,1.3094973e-05
0,0,2.800149e-05
0,0,1.1159569e-05
1,1,0.99998415
0,0,5.848652e-06
0,0,1.0419602e-05
0,0,1.16580395e-05
0,0,9.838873e-06
0,0,0.00023080272
0,0,1.6695323e-05
1,1,0.9999918
0,0,9.809025e-06
0,0,7.689617e-06
0,0,1.255466e-05
0,0,1.2704537e-05
0,0,7.0955525e-06
0,0,1.0019215e-05
0,0,3.4399098e-05
0,0,5.909117e-06
0,0,2.7170763e-05
1,1,0.96338516
0,0,1.0770013e-05
0,0,7.555608e-06
0,0,1.5159392e-05
0,0,6.6645266e-06
1,1,0.99733377
0,0,1.1172559e-05
0,0,3.5575824e-05
0,0,7.5989215e-06
0,0,7.391298e-06
0,0,6.1385645e-06
0,0,1.1795212e-05
0,0,1.9697616e-05
0,0,7.11405e-06
1,1,0.9999877
0,0,1.3653449e-05
1,1,0.9999927
1,0,0.021209395
0,0,1.7152712e-05
0,0,6.2085774e-06
0,0,4.0227515e-05
0,0,1.5525824e-05
0,0,1.7893297e-05
0,0,1.1152207e-05
0,0,7.209024e-06
0,0,1.4304412e-05
0,0,3.8623188e-05
0,0,6.591697e-06
0,0,9.859326e-05
0,0,7.0025153e-06
0,0,1.4522522e-05
0,0,8.901787e-06
0,0,1.1995682e-05
0,0,7.362404e-06
0,0,8.730371e-06
0,0,2.9905977e-05
1,1,0.9999578
0,0,4.3576085e-05
0,0,4.719777e-05
0,0,1.0205605e-05
0,0,6.1311453e-06
0,0,8.538891e-06
0,0,1.4968042e-05
0,0,1.1122553e-05
1,1,0.9999771
0,0,6.750857e-06
0,0,8.643541e-06
0,0,7.887322e-06
0,0,1.5918285e-05
0,0,9.9288145e-06
0,0,8.890385e-06
0,0,8.174325e-06
0,0,8.820931e-06
0,0,7.15602e-06
0,0,1.0059646e-05
0,0,7.255987e-06
0,0,7.747495e-06
0,0,8.573465e-06
0,0,8.432244e-06
0,0,0.00010014325
0,0,6.9176413e-06
0,0,1.40803895e-05
0,0,5.393107e-06
0,0,6.5773165e-06
0,0,4.678237e-05
0,1,0.99961746
0,0,8.642437e-06
0,0,1.1455573e-05
1,0,0.00013782433
0,0,1.17245145e-05
0,0,3.1096013e-05
0,0,7.3293813e-06
0,0,9.96678e-06
0,0,4.1096893e-05
0,0,8.944633e-06
0,0,1.1090089e-05
0,0,6.3371917e-06
0,0,1.552113e-05
1,1,0.99995744
0,0,1.8609231e-05
0,0,8.861893e-06
0,0,4.583902e-06
0,0,5.6975572e-05
0,0,1.5011714e-05
0,0,1.4196318e-05
0,0,7.754762e-06
0,0,6.6984444e-06
0,0,5.9442564e-06
1,1,0.99989057
0,0,5.7939687e-06
0,0,1.5659103e-05
0,0,1.2166472e-05
0,0,1.17176505e-05
0,0,1.3983214e-05
0,0,0.00032520882
0,0,5.2352266e-06
0,0,0.0009900056
0,0,0.00014058598
0,0,0.00034468953
0,0,6.818967e-06
0,0,1.8179577e-05
0,0,1.0970823e-05
1,1,0.9999913
0,0,1.1176577e-05
0,0,6.4341148e-06
0,0,1.4274172e-05
0,0,0.00015340903
0,0,1.7389955e-05
0,1,0.99979943
0,0,1.3713856e-05
0,0,5.3409053e-06
0,0,1.2014012e-05
1,1,0.9998796
0,0,6.3147795e-06
0,0,5.769471e-06
0,0,6.1252234e-05
0,0,5.6179265e-06
0,0,4.7845944e-05
0,0,8.125415e-06
0,0,9.644949e-06
0,0,1.2474506e-05
0,0,9.081697e-06
0,0,2.5050133e-05
0,0,9.588949e-06
0,0,1.7920825e-05
0,0,9.4048655e-06
0,0,5.983809e-06
1,1,0.99996936
0,0,5.594658e-06
0,0,6.0669786e-06
0,0,1.6357444e-05
0,0,1.622175e-05
0,0,1.239132e-05
0,0,6.005383e-05
1,1,0.999995
0,0,1.3666085e-05
1,1,0.9999856
0,0,1.2917137e-05
0,0,9.269376e-06
0,0,9.851173e-06
0,0,1.1682503e-05
0,0,9.206263e-06
0,0,1.7319284e-05
0,0,5.4189727e-06
0,0,1.0303429e-05
0,0,6.356391e-06
0,0,2.793348e-05
0,0,7.895405e-05
0,0,1.3015442e-05
0,0,6.831549e-06
1,1,0.99998295
0,0,4.9472816e-05
0,0,1.5045683e-05
1,1,0.99803895
1,1,0.99997485
1,1,0.9999367
0,0,0.00012687489
0,0,7.942893e-06
0,0,6.0732996e-06
0,0,1.3289004e-05
0,0,1.3042008e-05
0,0,8.7017515e-06
0,0,8.539844e-06
0,0,8.260607e-06
0,0,8.83403e-06
0,0,7.98407e-06
0,1,0.9993437
0,0,9.06798e-06
0,0,2.6526084e-05
0,0,7.648828e-06
0,0,0.00042626864
0,0,1.0308038e-05
0,0,5.653118e-06
0,0,7.703173e-06
0,0,5.9293775e-06
0,0,2.4950143e-05
0,0,1.5404357e-05
0,0,5.314135e-06
1,1,0.9999819
0,0,1.0005599e-05
0,0,9.251298e-06
0,0,1.3881041e-05
0,0,4.4678774e-05
0,0,1.0375616e-05
0,0,2.2692126e-05
0,0,8.332782e-06
0,0,9.538976e-06
0,0,5.429786e-05
0,0,1.9031386e-05
0,0,5.1251347e-05
0,0,8.257527e-06
0,0,1.3556038e-05
1,0,0.0934109
0,0,1.3442556e-05
0,0,6.8534746e-06
0,0,0.18069099
0,0,9.242772e-06
0,0,1.3148759e-05
0,0,2.0984939e-05
0,0,6.104779e-06
1,1,0.9999933
0,0,1.1478298e-05
0,0,8.741893e-06
0,0,1.0944738e-05
0,0,9.444169e-06
0,0,0.000117886375
0,0,1.1567417e-05
0,0,5.663905e-05
0,0,7.789503e-06
0,0,1.3010751e-05
0,0,6.2303097e-06
0,0,6.384793e-06
0,0,6.966574e-06
0,0,9.526403e-06
0,0,0.020354144
1,1,0.9999918
0,0,1.8520142e-05
0,0,7.97649e-06
0,0,5.7261946e-06
0,1,0.9999423
1,1,0.99999464
0,1,0.9994517
1,1,0.999874
1,1,0.9999752
0,1,0.9993783
0,0,5.4031975e-06
0,0,0.00019608486
0,0,9.930311e-06
0,0,9.035831e-06
0,0,1.7989025e-05
0,0,2.462549e-05
0,0,2.2536804e-05
0,0,1.2845248e-05
0,0,0.0005516086
0,0,2.1913705e-05
0,0,8.785369e-06
0,0,1.3712653e-05
0,0,1.0140546e-05
0,0,7.5933585e-06
0,0,1.7141558e-05
0,0,2.853753e-05
0,0,8.157457e-06
0,0,7.5944085e-06
1,1,0.9999876
0,0,5.350689e-05
0,0,3.5346373e-05
0,0,1.326215e-05
0,0,1.1182579e-05
0,0,7.687323e-06
0,0,5.924166e-06
0,0,1.6138134e-05
0,0,1.1961572e-05
0,0,0.34301257
0,0,1.3952363e-05
0,0,1.0172578e-05
1,1,0.9999877
0,0,7.3891974e-06
0,0,1.660952e-05
0,0,7.1815894e-06
0,0,1.0435513e-05
0,0,2.5407287e-05
1,1,0.9998634
0,0,8.8535135e-06
0,0,9.455605e-06
0,0,8.548017e-06
0,0,1.997533e-05
0,0,7.807239e-06
0,0,4.290712e-05
0,0,1.5359466e-05
0,0,9.391984e-06
0,0,5.887753e-06
1,1,0.9999938
0,0,9.799936e-06
1,1,0.9999895
0,0,6.578308e-06
0,0,1.720002e-05
0,0,0.0006351964
0,0,7.583451e-06
1,1,0.99999344
0,0,4.7896476e-05
0,0,8.858344e-06
0,0,1.675758e-05
1,1,0.9999943
0,0,0.00018037163
0,0,1.5418702e-05
0,0,2.6669752e-05
0,0,1.7199854e-05
1,0,0.0007871092
0,0,5.9178865e-06
1,1,0.9999716
0,0,8.1716435e-06
0,0,1.1002233e-05
0,0,0.00028951425
0,0,9.006313e-06
0,0,1.4788782e-05
0,0,7.082417e-06
1,1,0.9999794
0,1,0.9983064
1,0,7.897514e-06
0,0,0.0004307925
0,0,9.864908e-06
0,0,1.6631328e-05
1,1,0.9999932
0,0,8.802469e-06
0,0,9.911274e-06
0,0,2.8599728e-05
0,0,8.056423e-05
0,0,9.713534e-06
0,0,1.3109194e-05
0,0,2.1039785e-05
0,0,1.4519227e-05
0,0,2.854646e-05
0,0,7.3162664e-06
0,0,1.0255069e-05
0,0,1.4732855e-05
1,1,0.9999467
0,0,2.4653782e-05
0,0,7.6045544e-06
0,0,1.0467477e-05
1,1,0.99983656
0,0,1.4982667e-05
0,0,7.956767e-06
0,0,7.0335036e-06
0,0,8.1200005e-06
1,1,0.99998176
0,0,9.627782e-06
0,0,9.92109e-06
0,0,5.109665e-05
0,0,6.2708023e-06
0,0,1.0575089e-05
0,0,1.2423611e-05
0,0,9.324809e-06
0,0,1.5164929e-05
0,0,8.373113e-06
1,0,0.005087089
0,0,9.32601e-06
0,0,1.2131447e-05
0,0,5.894844e-06
1,0,6.0754155e-05
0,0,6.478706e-06
0,0,1.693323e-05
0,0,2.3331433e-05
0,0,1.27029625e-05
0,0,9.836686e-06
0,0,2.314164e-05
0,0,2.263103e-05
0,0,1.8309302e-05
0,0,1.292214e-05
0,0,7.2818166e-06
0,0,8.268819e-06
1,0,3.196952e-05
0,0,4.813706e-06
0,0,5.5567502e-06
0,0,1.5367556e-05
0,0,6.721218e-06
0,0,0.00022409907
0,0,7.1822196e-06
0,0,1.3814719e-05
0,0,1.017809e-05
0,0,1.9039828e-05
0,0,8.867168e-06
1,1,0.99999464
0,0,9.283974e-06
0,0,0.0012370228
0,0,3.8280516e-05
0,0,1.2991458e-05
0,0,9.498027e-06
0,0,1.0223568e-05
0,0,7.631486e-06
0,0,7.2432035e-06
0,0,3.2023134e-05
0,0,8.388459e-06
0,0,5.8510623e-06
1,0,6.4713044e-05
0,0,7.3713763e-06
0,0,7.0341875e-06
0,0,6.537257e-06
0,0,0.0007825483
0,0,7.3811543e-06
0,0,2.089639e-05
0,0,5.330979e-05
1,1,0.903258
0,0,9.386066e-06
0,0,1.0941847e-05
0,0,3.593234e-05
0,0,8.852593e-06
0,0,6.20014e-06
0,0,7.347759e-06
0,0,4.4896633e-06
0,0,7.1207355e-06
1,1,0.99999356
0,0,3.314471e-05
0,0,1.3394595e-05
0,0,1.1890897e-05
1,1,0.99999213
1,1,0.99978906
0,0,7.4670133e-06
0,0,8.287893e-06
0,0,9.219232e-06
0,0,1.4445572e-05
0,0,6.0209704e-06
0,0,5.9652343e-06
0,0,7.2759713e-06
0,0,6.868921e-05
0,0,6.0173814e-05
0,0,6.8561217e-06
0,0,1.0612592e-05
0,0,6.1632e-06
1,1,0.9998994
0,0,7.913534e-06
0,0,1.4488271e-05
0,0,1.03954635e-05
0,0,9.5409505e-06
0,0,2.3757906e-05
0,0,7.2625294e-06
0,1,0.99997807
0,0,5.5093033e-06
0,0,8.975661e-06
0,0,0.006821822
0,0,3.9025563e-05
0,0,1.1181727e-05
0,0,5.3400804e-06
0,0,6.4186643e-06
0,0,6.229809e-05
0,0,0.09481455
0,0,7.4258255e-06
0,0,7.781528e-06
0,0,1.904809e-05
0,0,7.613451e-06
0,0,7.80055e-06
0,0,1.1992206e-05
0,0,1.7299311e-05
0,0,6.2598915e-06
1,1,0.9998921
0,0,1.8864912e-05
0,0,3.0524665e-05
0,0,5.5595232e-05
0,0,7.710317e-06
1,1,0.9999945
0,1,0.99368423
0,0,1.1153505e-05
0,0,1.0668627e-05
0,0,1.0239502e-05
0,0,7.5723287e-06
0,0,7.922497e-06
0,0,7.2401785e-06
0,0,3.458537e-05
0,0,1.1485163e-05
0,0,2.7935932e-05
0,0,7.4142204e-06
0,0,1.0523901e-05
1,1,0.9999932
0,0,1.7047721e-05
0,0,7.697423e-06
0,0,8.603598e-06
0,0,3.4026605e-05
0,0,8.0008385e-06
0,0,4.347166e-05
0,0,1.2323052e-05
0,0,1.0731064e-05
0,0,2.4391857e-05
0,0,1.2460178e-05
0,0,3.30337e-05
0,0,7.3755177e-06
0,0,6.521808e-06
0,0,7.863161e-06
0,0,4.7161186e-05
0,0,0.0005176927
0,0,7.921024e-06
0,0,6.3348957e-06
0,0,0.00032779298
0,0,4.9367394e-05
0,0,3.7989976e-05
0,0,6.802851e-06
0,0,1.3193034e-05
0,0,1.0998603e-05
0,0,1.3897545e-05
0,0,3.206995e-05
0,0,8.497212e-06
0,0,7.78746e-06
0,0,1.055682e-05
0,0,1.0450481e-05
0,0,9.223136e-06
0,0,1.07014475e-05
0,0,1.1660219e-05
0,1,0.9990262
0,0,1.1808539e-05
0,0,6.799822e-06
1,1,0.999992
0,0,1.08913555e-05
0,0,2.4313524e-05
0,0,1.4505621e-05
0,0,4.081748e-05
0,0,6.651757e-06
0,0,1.8545908e-05
0,0,8.349096e-06
0,0,6.721141e-06
0,0,9.573873e-06
1,1,0.9999856
0,0,6.9088665e-06
0,0,1.3729271e-05
0,0,9.804891e-06
0,0,7.1492805e-06
0,0,1.06483585e-05
0,0,4.703269e-05
0,0,8.981793e-06
0,0,6.5023255e-06
0,0,1.3193374e-05
0,0,5.6381396e-06
0,0,8.970681e-06
0,0,2.2205191e-05
0,0,0.00016918266
0,0,1.076909e-05
0,0,1.7018143e-05
1,1,0.99997306
0,0,9.644104e-06
1,1,0.9999794
0,0,8.340732e-06
1,1,0.9999896
0,0,6.053212e-06
0,0,7.4223844e-06
0,0,1.4500891e-05
0,0,6.05013e-06
1,1,0.99937063
0,0,5.8718175e-05
0,0,6.241496e-06
0,0,7.3222827e-06
0,1,0.61268306
1,1,0.9999831
0,0,7.979107e-06
0,0,0.00059503154
0,0,5.354257e-06
0,0,1.2430734e-05
0,0,7.2173807e-06
0,0,1.1523473e-05
0,0,5.385321e-06
0,0,1.3053603e-05
1,1,0.9283963
0,0,9.028958e-06
0,0,1.077735e-05
0,0,1.4552024e-05
1,1,0.9999949
0,0,8.1613325e-06
0,0,9.846908e-06
0,0,0.00011524131
0,0,7.760651e-06
0,0,1.4631831e-05
0,0,9.4153465e-06
0,0,2.0544589e-05
0,0,1.2777808e-05
0,0,6.427761e-06
0,0,2.4165236e-05
1,1,0.9999858
0,0,8.68156e-06
0,0,3.932428e-05
0,0,0.0006310931
1,1,0.9999895
0,0,7.73673e-06
0,0,1.0334613e-05
0,0,9.330743e-06
0,0,1.6157428e-05
0,0,1.1054925e-05
0,0,8.584059e-06
1,1,0.9753308
0,0,5.439922e-06
0,0,1.3250064e-05
0,0,1.3182319e-05
0,1,0.99296415
0,0,1.2628413e-05
0,0,6.493842e-06
0,0,1.0444274e-05
0,0,1.1108073e-05
0,0,2.1921001e-05
1,1,0.99999046
0,0,6.4600363e-06
0,0,9.9715335e-06
0,0,8.204072e-06
0,0,8.461759e-06
0,0,1.0048188e-05
1,0,2.2247921e-05
0,0,3.6609017e-05
0,0,1.0368069e-05
0,0,6.1575015e-06
0,0,6.4194787e-06
0,0,6.2931367e-06
0,0,7.5894995e-06
0,0,8.290304e-06
0,0,1.1033261e-05
0,0,1.0185878e-05
0,0,5.8242117e-06
0,0,1.8739056e-05
0,0,1.5311938e-05
0,0,7.932377e-06
0,0,7.0473484e-06
0,0,7.3989568e-06
0,0,9.977803e-06
1,1,0.99999285
0,0,8.455225e-06
0,0,0.0002101991
0,0,1.1070212e-05
0,0,6.968461e-06
0,0,2.0183576e-05
0,0,1.3635182e-05
0,0,1.1769457e-05
1,1,0.99998844
0,0,9.867703e-06
1,1,0.9999913
0,0,8.587982e-06
0,0,6.370877e-06
0,0,1.1564781e-05
0,0,2.1540152e-05
0,0,6.304159e-06
0,0,8.404505e-06
0,0,1.2808992e-05
0,0,2.962098e-05
1,1,0.9999827
0,0,9.097603e-06
0,0,0.00014917807
0,0,9.313842e-06
0,0,6.968368e-06
1,1,0.9999839
0,1,0.99919254
0,0,0.00047341912
0,0,7.0334495e-06
0,0,1.09890525e-05
0,0,5.5274804e-06
0,0,1.2118647e-05
0,0,7.675148e-05
0,0,1.2546856e-05
0,0,6.0320053e-06
0,0,8.982015e-06
0,0,2.6758207e-05
0,0,1.474109e-05
1,1,0.99999166
0,0,9.210267e-06
0,0,2.913502e-05
1,1,0.9999316
0,0,5.0524217e-05
1,0,4.9855207e-05
0,0,7.150631e-06
0,0,1.0428302e-05
1,1,0.99984133
0,0,2.8801609e-05
0,0,6.141163e-06
0,0,8.746988e-06
0,0,1.1247984e-05
0,0,1.0223022e-05
0,0,9.647617e-06
0,0,2.1200975e-05
0,0,1.3757359e-05
0,0,1.6974105e-05
1,1,0.9999827
0,0,1.164947e-05
0,0,8.855877e-06
1,1,0.9999924
0,0,9.730825e-06
0,0,5.780657e-06
0,0,1.0413443e-05
0,0,8.694783e-06
0,0,4.3575797e-05
1,1,0.99998975
0,0,1.4997291e-05
0,0,9.285213e-06
1,1,0.99999404
0,0,9.139325e-06
0,0,0.0004544047
0,0,5.3998333e-06
0,0,4.149559e-05
0,0,6.4686856e-06
0,0,6.944584e-06
0,0,7.846942e-06
0,0,1.4642342e-05
0,0,7.456347e-06
0,0,0.0006619242
0,0,1.9154328e-05
0,0,8.367142e-06
0,0,7.1535774e-06
0,1,0.9998988
0,0,3.137186e-05
0,0,9.0444355e-06
0,0,3.4381163e-05
0,0,8.508807e-06
0,0,8.0336085e-06
0,0,1.3494551e-05
0,0,9.309367e-06
1,1,0.9999895
0,0,5.386399e-06
0,0,9.625175e-06
0,0,1.1093422e-05
0,0,6.3100833e-06
0,0,1.3384253e-05
0,0,6.2674003e-06
0,0,6.8568274e-06
0,0,3.621497e-05
0,0,0.0014733087
0,0,9.743817e-06
0,0,1.1890897e-05
0,0,1.1529937e-05
0,0,1.109723e-05
0,0,3.688572e-05
0,0,7.915655e-06
0,0,1.5112939e-05
0,0,8.863042e-06
0,0,7.5191647e-06
0,0,2.4960756e-05
0,0,5.2940186e-06
0,0,0.0027211818
0,0,9.619633e-06
0,0,1.0307292e-05
0,0,1.0441924e-05
0,0,1.6275131e-05
1,1,0.99999464
0,0,6.567689e-06
0,0,7.807843e-06
0,0,2.4470328e-05
0,0,1.4595653e-05
0,0,2.5510837e-05
0,0,0.0010346284
1,1,0.9714138
0,0,9.620917e-06
0,0,7.726746e-06
0,0,7.4821323e-06
0,0,1.06812495e-05
0,0,5.990952e-06
0,0,8.00238e-06
0,0,7.473005e-06
0,0,9.625689e-06
0,0,8.859805e-06
0,1,0.9999405
0,0,2.1056825e-05
0,0,3.9182556e-05
0,0,1.0745658e-05
0,0,1.0908359e-05
0,0,2.88841e-05
0,0,1.1607785e-05
0,0,7.7418745e-06
0,0,1.796607e-05
0,0,1.2855568e-05
0,1,0.99392515
0,0,9.672509e-06
0,0,8.76119e-06
0,0,4.1700205e-05
0,0,4.366586e-05
0,0,4.4712237e-05
0,0,1.1589048e-05
0,0,1.684545e-05
0,0,6.772382e-06
0,0,1.0425149e-05
0,0,1.2892314e-05
0,0,0.00010695455
0,0,8.518152e-06
0,0,9.921867e-06
0,0,5.639301e-06
0,0,7.998641e-06
0,0,1.0968865e-05
1,1,0.9997476
0,0,9.383346e-06
0,0,7.307229e-06
0,0,7.144455e-06
0,0,3.1017353e-05
0,0,2.1271777e-05
0,0,8.693706e-06
0,0,2.5580512e-05
0,0,1.3463931e-05
1,1,0.9999895
0,0,9.962086e-06
0,0,0.00016871371
0,0,1.1498359e-05
0,0,1.2179973e-05
0,0,1.51555605e-05
0,0,8.375006e-06
0,0,0.0974857
0,0,8.4288995e-06
0,0,1.4076658e-05
0,1,0.6531549
1,1,0.99994683
0,0,2.3519377e-05
0,0,8.326903e-06
1,0,0.00069373724
0,0,2.3244866e-05
0,0,5.2914293e-06
0,0,9.32336e-06
0,0,8.744394e-06
0,0,1.4451786e-05
0,0,7.3431074e-06
1,1,0.999892
0,0,3.4882156e-05
0,0,0.00011669881
0,0,8.584108e-06
0,0,8.775136e-06
0,0,1.1564714e-05
0,0,9.819535e-06
0,0,5.745911e-05
0,0,6.445778e-06
0,0,1.4760404e-05
0,0,2.2846249e-05
0,0,1.1191233e-05
0,0,9.4979905e-06
0,0,7.584022e-06
0,0,7.470732e-06
0,0,8.512606e-06
0,0,5.337392e-06
0,0,1.6580874e-05
0,0,8.467233e-06
0,0,7.3708065e-06
0,0,6.5545673e-06
0,0,1.2818756e-05
0,0,5.6681197e-06
0,0,9.97471e-06
0,0,1.1787565e-05
0,0,1.7202185e-05
0,0,1.2673584e-05
0,0,6.036091e-06
0,0,5.3510407e-06
0,0,1.03560415e-05
0,0,7.414404e-06
0,0,9.122954e-06
0,0,1.4039587e-05
0,0,9.555812e-06
0,0,1.9636453e-05
0,0,1.29982245e-05
0,0,7.363661e-06
0,0,1.51806435e-05
0,0,7.63121e-06
0,0,1.01726855e-05
0,0,1.1992388e-05
0,0,1.4003752e-05
0,0,4.6042536e-05
0,0,2.4669233e-05
0,0,7.1575896e-06
0,0,8.590685e-06
0,0,6.4897254e-06
0,0,8.424318e-06
0,0,1.0678805e-05
0,0,1.2191083e-05
1,1,0.9999212
1,1,0.99999213
0,0,1.9796275e-05
0,0,3.01987e-05
0,0,0.0044103377
0,0,1.2076998e-05
0,0,1.3540017e-05
0,0,1.221034e-05
0,0,5.7129287e-06
0,1,0.998336
0,0,0.0001277615
0,0,6.1893943e-06
0,0,2.563238e-05
0,0,7.201431e-06
0,0,5.628845e-06
0,0,2.7358801e-05
0,0,5.739318e-05
0,0,8.891623e-06
1,1,0.99997616
0,0,7.688438e-06
1,1,0.99999356
0,0,7.291253e-06
0,0,5.242861e-06
0,0,2.834539e-05
0,0,1.0351589e-05
0,0,3.4667195e-05
0,0,8.199739e-06
0,0,8.877186e-06
0,0,6.8086088e-06
0,0,6.146395e-06
0,0,1.7533213e-05
0,0,3.666117e-05
0,0,1.8124287e-05
0,0,9.4836905e-06
0,0,1.8370361e-05
0,0,7.936789e-06
0,0,4.3145305e-05
0,0,6.939215e-06
1,1,0.99999285
0,0,1.4502149e-05
0,0,1.09121265e-05
0,0,1.0084322e-05
0,0,0.0007585602
0,0,8.71617e-06
0,0,1.0012891e-05
0,0,1.4584785e-05
0,0,1.4296543e-05
0,0,2.766846e-05
0,0,4.0318766e-05
0,0,1.1397437e-05
0,0,1.10154715e-05
0,0,7.2074977e-06
0,0,6.4642763e-06
0,0,7.0504875e-06
1,1,0.9999943
0,0,5.5714754e-05
0,0,1.2140509e-05
0,1,0.99573886
1,1,0.9999925
1,1,0.99999106
1,1,0.99990916
0,0,7.2947096e-06
0,0,2.5593248e-05
0,0,0.030360328
0,0,7.971867e-06
0,0,1.0056386e-05
0,0,7.340987e-05
0,0,1.0536463e-05
1,1,0.99999344
0,0,1.02162485e-05
0,0,6.3584766e-06
0,0,1.8019124e-05
0,0,5.2588297e-05
0,0,7.90446e-06
0,0,1.39345175e-05
0,0,1.1681055e-05
0,0,2.0329964e-05
0,0,5.8369724e-06
0,0,9.858484e-06
0,0,1.2227282e-05
0,0,7.058002e-06
0,0,9.880348e-06
0,0,1.0500622e-05
0,0,9.162907e-06
1,1,0.99999285
0,0,8.042255e-06
0,0,9.498235e-06
0,0,1.0532586e-05
0,0,6.806895e-06
0,0,5.1341844e-06
0,0,0.0016197206
0,0,9.693868e-06
0,0,1.0977698e-05
0,0,8.947133e-06
0,0,9.8623395e-06
0,0,7.802834e-06
0,0,1.5977617e-05
0,0,9.01753e-06
0,0,2.9695533e-05
0,0,1.2804156e-05
0,0,2.9272318e-05
0,0,8.939645e-06
0,0,7.922837e-06
1,1,0.9999324
0,0,8.344097e-06
0,0,1.36570425e-05
0,0,0.0003332407
0,0,2.3937135e-05
0,0,3.14908e-05
0,0,7.285109e-06
0,0,1.27907315e-05
0,0,7.5297135e-06
0,0,8.199544e-06
0,0,1.261279e-05
1,1,0.9999925
0,0,1.9255132e-05
0,0,1.6196476e-05
1,1,0.99992526
0,0,6.5861923e-06
0,0,1.0471562e-05
0,0,7.429254e-06
0,0,1.1254304e-05
0,0,8.15738e-06
0,0,0.0012436263
0,0,7.198842e-06
0,0,6.6000002e-06
0,0,0.00035425308
0,0,3.6946836e-05
0,0,1.4248713e-05
0,0,1.7195722e-05
0,0,1.1499433e-05
0,0,1.0363412e-05
0,0,7.271109e-06
0,0,0.0008547275
0,0,1.9384175e-05
0,0,1.5148074e-05
0,0,9.802722e-06
1,1,0.9991653
0,0,7.794615e-06
1,1,0.999795
0,1,0.9999664
0,0,1.4425155e-05
1,1,0.99999404
0,0,5.6646663e-06
0,0,2.3941679e-05
0,0,8.04234e-06
0,0,4.789149e-06
0,0,5.9758877e-06
0,0,8.357221e-06
1,1,0.9999716
0,0,6.363609e-06
0,0,2.3756635e-05
0,0,7.1364125e-06
0,0,8.263908e-06
0,0,7.923253e-06
0,0,0.00020071882
0,0,1.1610841e-05
0,0,1.0713263e-05
0,0,5.625046e-06
0,0,7.569615e-06
1,1,0.9999939
1,0,0.0004125813
0,0,7.0218684e-06
0,0,2.2003667e-05
0,0,6.741734e-06
1,1,0.9999325
0,0,6.0035572e-06
0,0,1.5455149e-05
0,0,5.507391e-06
0,0,9.828942e-06
0,0,6.614638e-06
1,1,0.9999933
1,1,0.9997981
0,0,1.7053315e-05
1,1,0.9998671
1,1,0.9999887
0,0,5.0464946e-06
0,0,7.902259e-06
0,0,6.8664726e-06
0,0,1.0961232e-05
1,1,0.9999293
0,0,4.263002e-05
0,0,8.709954e-06
0,0,2.5125879e-05
0,0,2.2165712e-05
0,0,1.4946205e-05
0,0,8.669496e-06
0,0,3.5322315e-05
0,0,9.684139e-06
0,0,5.4875472e-06
0,0,9.4291845e-06
0,0,1.1399481e-05
1,0,0.00042892664
0,0,7.2368925e-06
0,0,8.345131e-06
0,0,0.00078196905
0,0,3.713677e-05
0,0,9.340162e-06
0,0,7.4426857e-06
0,0,2.0940715e-05
0,0,1.5064706e-05
0,0,8.275147e-06
0,0,8.602835e-06
0,0,0.00011348332
0,0,1.529816e-05
0,0,8.111471e-06
0,0,9.733117e-06
0,0,1.6290052e-05
0,0,7.0391134e-06
1,1,0.99998
0,0,1.5201533e-05
0,0,9.213387e-06
0,0,1.947963e-05
0,0,5.9473186e-06
0,0,8.555381e-06
0,0,9.091167e-06
0,0,2.3786446e-05
1,1,0.9999337
0,0,7.2471557e-06
0,0,1.186482e-05
0,0,1.5481466e-05
0,0,4.387536e-05
0,0,6.2225668e-06
0,0,6.426284e-06
0,0,9.096483e-06
0,0,8.34304e-06
0,0,6.673036e-06
0,0,0.0014375739
1,1,0.9999943
0,0,3.2606444e-05
0,0,7.3492447e-06
0,0,1.504749e-05
0,0,5.2274636e-06
0,0,1.1207072e-05
0,0,5.9523686e-06
0,0,7.246789e-06
0,0,1.1320105e-05
0,0,9.049051e-06
0,0,6.1597334e-06
0,0,1.0655388e-05
0,0,8.580909e-06
0,0,0.000108910725
0,0,1.469644e-05
0,0,0.0033298158
0,0,1.3898923e-05
1,0,0.000818587
0,0,2.3044764e-05
0,0,6.941518e-06
0,0,1.1029979e-05
0,0,0.008548715
0,0,8.078052e-06
0,0,1.3350877e-05
0,0,1.0764941e-05
0,0,9.555775e-06
0,0,1.7229928e-05
0,0,1.6453318e-05
0,0,1.9354198e-05
0,0,6.9382095e-06
0,0,1.1067996e-05
0,0,8.360674e-06
0,0,1.4666856e-05
0,0,1.0992847e-05
0,0,6.868798e-06
0,0,8.803694e-06
0,0,2.5074083e-05
0,0,6.7200003e-06
0,0,9.906228e-06
0,0,1.4277713e-05
0,0,8.029733e-06
0,0,8.515691e-06
0,0,6.2740683e-06
0,0,1.1321876e-05
0,0,1.733958e-05
0,0,1.4588513e-05
0,0,7.0290507e-06
1,1,0.999936
0,0,1.5592906e-05
0,0,4.4550197e-05
0,0,5.1384063e-06
0,0,1.3227946e-05
0,0,1.3905552e-05
0,0,6.507381e-06
0,0,6.6020334e-06
0,0,9.478284e-06
0,0,6.172253e-06
0,0,5.694315e-06
0,0,7.466501e-06
0,0,1.3347135e-05
1,1,0.9999933
0,0,8.942766e-06
0,0,1.6423373e-05
0,0,6.9705015e-06
0,0,0.00031620322
0,0,1.9628756e-05
0,0,0.014043409
0,0,7.1799186e-06
1,1,0.99998355
0,0,9.811551e-06
0,0,9.911435e-06
0,0,1.073653e-05
0,0,8.085551e-06
0,0,8.553129e-06
0,0,7.634297e-06
0,0,1.1040965e-05
0,1,0.94116706
0,0,3.5732053e-05
0,0,2.8404706e-05
0,0,9.564072e-06
0,0,3.58937e-05
0,0,1.0527445e-05
0,0,8.687241e-06
0,0,1.3906507e-05
1,1,0.9999809
0,0,7.4161157e-06
0,0,7.50601e-06
0,0,9.806593e-06
0,0,6.455221e-06
0,0,2.8205495e-05
0,0,4.966555e-06
0,0,7.5971825e-06
0,0,9.871694e-06
0,0,1.1555365e-05
0,0,1.9703271e-05
0,0,5.9782187e-06
0,0,7.3013216e-06
1,1,0.99602604
0,0,0.00049122854
0,0,1.1416387e-05
0,0,1.5411792e-05
0,0,1.2797503e-05
0,0,1.032809e-05
0,0,7.3553933e-06
0,0,1.3844209e-05
0,0,0.23795037
0,0,1.2576468e-05
0,0,1.0042517e-05
0,0,7.908215e-05
0,0,9.032419e-06
0,0,7.447102e-06
0,0,1.3195173e-05
0,0,7.2120492e-06
0,0,1.2279774e-05
0,0,1.7859556e-05
1,1,0.9999496
0,0,8.263884e-06
0,0,7.701086e-06
0,0,3.5879188e-05
0,0,1.2500623e-05
1,1,0.9999821
0,0,0.0025054119
0,0,6.544156e-06
0,0,1.1914576e-05
1,1,0.9999486
0,0,1.6018199e-05
0,0,8.798046e-06
0,1,0.9956352
0,0,0.00045808143
0,0,2.4328368e-05
0,0,1.0749727e-05
0,0,1.1938074e-05
0,0,1.6265372e-05
0,0,1.5918135e-05
0,0,1.3157414e-05
0,0,1.5400537e-05
0,0,1.0957073e-05
0,0,7.1867144e-06
0,0,6.82839e-06
0,0,1.6060998e-05
0,0,1.354716e-05
0,0,5.616062e-06
0,0,2.5390504e-05
0,0,1.0874697e-05
0,0,1.0149679e-05
0,0,1.4176429e-05
0,0,1.242892e-05
0,1,0.9999337
0,0,5.740564e-06
0,0,7.315331e-06
0,0,8.501134e-06
0,0,7.5451962e-06
0,0,3.32236e-05
0,0,1.0222574e-05
0,0,1.5809013e-05
0,0,3.08916e-05
0,0,5.8398204e-05
0,0,1.66613e-05
0,0,1.5146804e-05
0,0,6.0381176e-06
0,0,1.8192653e-05
0,0,1.3699816e-05
0,0,1.09058865e-05
0,0,1.4650081e-05
0,0,2.437507e-05
0,0,9.859171e-06
0,0,1.0967589e-05
1,0,3.5442605e-05
0,0,5.0238586e-06
0,0,1.0024806e-05
1,1,0.99999094
0,0,8.242413e-06
0,0,6.887459e-06
0,0,1.724173e-05
1,1,0.9999945
0,0,6.70781e-06
0,0,1.802234e-05
0,0,1.169578e-05
0,0,1.0795267e-05
0,0,6.5361473e-06
0,0,7.0824644e-06
0,0,7.96293e-06
0,0,2.187994e-05
0,0,8.241839e-06
1,1,0.9999701
0,0,1.5396587e-05
0,0,5.279589e-06
0,0,7.4449426e-06
0,0,1.444553e-05
0,0,1.50345095e-05
1,1,0.99973315
0,0,1.17894315e-05
1,1,0.9999908
0,0,1.4249841e-05
0,0,2.4040379e-05
0,0,5.9177287e-06
0,1,0.8128825
0,0,9.032189e-05
0,0,6.9674443e-06
0,0,3.217748e-05
0,0,6.2038725e-06
0,0,6.571536e-06
0,0,1.7815619e-05
1,1,0.9998512
0,0,2.4897567e-05
0,0,3.6215075e-05
0,0,8.959121e-06
0,0,1.3504799e-05
0,0,9.916862e-06
0,0,9.607182e-06
0,0,1.14098675e-05
0,0,1.1302187e-05
0,0,1.39673675e-05
0,0,1.486481e-05
0,0,0.00220016
1,1,0.9999893
0,0,0.0005287911
0,0,6.450593e-06
0,0,2.4490875e-05
0,0,8.0521395e-06
0,0,1.43242205e-05
1,1,0.9999951
0,0,0.00010372951
0,0,8.734959e-06
0,0,8.045247e-06
0,0,8.861039e-06
1,1,0.9999534
0,0,1.112234e-05
0,0,8.6024025e-05
1,1,0.9999802
1,0,0.10458384
0,0,3.9416038e-05
0,0,7.026598e-06
0,0,2.0982696e-05
0,0,8.393877e-06
1,1,0.99996877
0,0,6.737338e-06
0,0,6.9822436e-06
0,0,6.95243e-06
0,0,3.108679e-05
0,0,9.9620665e-06
1,1,0.99993956
0,0,2.9720351e-05
0,0,1.7356917e-05
0,0,2.2981181e-05
1,1,0.99999416
0,0,1.2444671e-05
0,0,5.4954344e-06
0,0,2.5552305e-05
0,0,5.6803983e-06
0,0,2.8216336e-05
0,0,2.8247192e-05
0,0,0.00031337672
0,0,6.6836724e-06
0,0,6.004354e-06
0,0,6.7058654e-06
0,1,0.99802953
0,0,5.343779e-06
0,0,1.135282e-05
0,1,0.78565305
0,0,9.887559e-06
0,0,1.2745069e-05
0,0,8.78619e-06
0,0,7.162827e-06
0,0,5.155508e-06
0,0,1.16983565e-05
0,0,2.2922459e-05
0,0,5.559459e-06
0,0,8.7498e-06
1,1,0.9999944
0,0,2.7658702e-05
0,0,1.9583285e-05
0,1,0.99988675
0,0,1.11084755e-05
0,0,2.2851345e-05
0,0,8.483559e-06
0,1,0.9995921
0,0,1.4545253e-05
0,0,2.073437e-05
0,0,5.648138e-06
0,0,6.3941216e-06
0,0,5.223772e-05
0,0,5.646232e-06
0,1,0.9998696
1,1,0.9999895
1,1,0.9999932
0,0,3.1809985e-05
0,0,5.2831983e-05
0,0,3.305803e-05
0,0,2.300449e-05
0,0,0.0005600234
0,0,1.3594994e-05
0,0,8.250489e-06
0,0,8.803905e-06
0,0,1.3020718e-05
0,0,6.3408006e-06
0,0,7.492607e-06
0,0,1.01940295e-05
0,0,1.5502002e-05
0,0,1.1162719e-05
1,1,0.99998367
0,0,1.6729415e-05
1,1,0.99997723
0,0,3.433784e-05
0,0,7.848312e-06
0,0,0.0017120944
0,0,1.18257585e-05
0,0,8.366113e-06
0,0,1.236009e-05
0,0,1.2683571e-05
0,0,5.026763e-06
1,1,0.99999297
0,0,2.3135373e-05
0,0,1.2109612e-05
0,0,1.0396752e-05
0,0,9.914886e-06
0,0,1.2621502e-05
0,0,3.4504003e-05
0,0,8.009214e-06
0,0,7.1729373e-06
0,0,8.3714285e-06
0,0,1.3822336e-05
0,0,3.6482397e-05
0,0,6.7417536e-06
0,0,5.4286113e-05
0,0,9.73295e-06
0,0,2.3254179e-05
0,0,5.680815e-06
0,0,1.0637883e-05
0,0,0.00010439296
0,0,5.6781555e-05
0,0,1.058423e-05
0,0,8.315111e-06
0,0,6.2305594e-06
0,0,2.4232808e-05
0,0,7.3435695e-06
1,1,0.99989974
0,0,1.1588374e-05
0,0,1.0689789e-05
0,0,9.410652e-06
0,0,7.142139e-06
0,0,9.736347e-06
0,0,6.3685993e-06
0,0,2.790805e-05
0,0,7.317564e-06
1,1,0.99994636
0,0,3.1977386e-05
1,0,0.0004885776
0,0,1.2065647e-05
0,0,1.2782878e-05
0,0,6.9341877e-06
0,0,1.1830315e-05
0,0,1.9324521e-05
0,0,8.100988e-06
0,0,8.771137e-06
0,0,3.349273e-05
0,0,9.108211e-06
0,0,6.891336e-06
0,0,6.69347e-06
0,0,1.0906323e-05
0,0,3.3335604e-05
1,1,0.9999939
1,0,0.02490605
0,0,6.393829e-06
0,0,2.0328453e-05
0,0,9.506047e-06
0,0,3.6607897e-05
0,0,1.156734e-05
0,0,0.00016092928
0,0,1.797282e-05
0,0,7.098246e-06
0,0,7.665156e-06
0,0,1.2183273e-05
0,0,1.1823267e-05
0,0,1.0535911e-05
0,0,1.4750399e-05
0,0,8.911784e-06
0,0,3.136743e-05
0,1,0.95785993
0,0,6.436625e-06
0,0,1.0947515e-05
0,1,0.9966928
0,0,9.885082e-05
0,1,0.74329174
0,0,1.8008233e-05
0,0,1.9266941e-05
0,0,0.015575609
0,0,1.3582528e-05
0,0,2.9964815e-05
1,1,0.9999924
0,0,8.693846e-06
0,0,1.2502018e-05
0,0,8.497503e-06
0,0,6.354761e-06
1,0,1.6103575e-05
1,1,0.9999323
0,0,8.484724e-06
0,0,6.391928e-06
0,0,8.2304025e-05
0,0,5.9728113e-06
0,1,0.99995744
0,0,1.0106408e-05
1,1,0.9999279
0,0,6.2419904e-06
1,1,0.99988663
0,0,8.413239e-06
0,0,7.768634e-06
0,0,9.067123e-06
0,0,8.011238e-06
0,0,2.0154992e-05
0,0,7.500243e-06
0,0,6.1578185e-06
0,0,7.5929524e-06
0,0,9.015173e-06
1,1,0.99999213
0,0,6.378932e-06
0,0,6.4758765e-06
0,0,7.1634286e-06
0,0,1.58074e-05
0,0,0.00021421349
0,0,1.1099664e-05
0,0,8.071552e-06
0,0,1.2872743e-05
0,0,2.2037353e-05
0,1,0.9996942
0,0,1.3886152e-05
0,0,2.5695497e-05
1,0,0.00048430607
0,0,1.7023902e-05
0,0,6.74311e-06
0,0,7.1611125e-06
1,0,0.00084378326
0,0,1.4080578e-05
1,1,0.9999937
0,0,1.0024031e-05
1,1,0.9999907
0,0,7.957647e-06
0,0,5.715817e-06
0,0,8.31473e-06
0,1,0.9996456
0,0,1.3043698e-05
0,0,8.345411e-06
0,0,9.6024005e-06
0,0,1.1204485e-05
0,0,5.387329e-06
0,0,5.6532914e-05
0,0,1.5177994e-05
0,0,5.882079e-06
0,0,9.81623e-06
0,0,1.2434645e-05
0,0,4.1061485e-05
0,0,1.8747314e-05
0,0,8.8432855e-05
0,0,9.353042e-06
0,0,6.392799e-06
0,0,0.0011571225
1,1,0.9998945
0,0,1.1928059e-05
0,1,0.99995136
0,0,6.6696834e-06
0,0,7.694429e-06
0,0,4.612304e-05
0,0,5.810824e-06
0,0,8.880108e-06
0,0,9.197988e-06
0,0,7.897709e-06
1,1,0.9999759
0,0,5.4985535e-06
0,0,6.2020026e-06
0,0,1.5593456e-05
1,1,0.99998164
0,0,8.202578e-06
1,1,0.9999933
0,0,4.7614326e-06
0,0,8.7914705e-06
0,0,2.5083027e-05
0,0,1.5288855e-05
0,0,8.91953e-06
0,0,6.7220385e-06
0,0,7.717121e-06
1,1,0.9999832
0,0,8.139801e-06
0,0,6.917483e-06
0,0,1.11241225e-05
0,0,7.671584e-06
0,0,9.91239e-06
0,0,9.045039e-06
0,0,1.3773124e-05
0,0,8.572082e-06
1,1,0.9999889
0,0,6.4605665e-06
0,0,1.697786e-05
0,0,9.396635e-06
0,0,8.665793e-06
0,0,1.6051075e-05
0,0,8.594635e-06
0,0,9.231937e-06
0,0,4.6849607e-05
0,0,2.5102192e-05
0,0,8.319855e-06
0,0,1.4234983e-05
0,0,1.1024122e-05
0,0,9.808762e-05
0,0,1.5879094e-05
0,0,9.475167e-06
0,0,1.2111414e-05
0,0,6.0572484e-06
0,0,9.261459e-06
0,0,5.963215e-06
0,0,1.0611862e-05
0,0,6.927406e-06
0,0,1.1989609e-05
0,0,2.8417033e-05
0,0,1.0103507e-05
0,0,4.7012698e-05
0,0,3.0090529e-05
0,1,0.99996555
0,1,0.9997787
0,0,0.0003365422
0,0,1.0563871e-05
0,0,6.2162794e-06
0,0,8.973812e-06
0,0,1.6360207e-05
0,0,5.822662e-06
0,0,7.347563e-06
0,0,8.15346e-06
0,0,1.2326426e-05
0,0,6.7852607e-06
0,0,1.7638418e-05
0,0,7.5850353e-06
0,0,8.041596e-06
1,1,0.99998
0,0,1.6254719e-05
0,0,7.429254e-06
0,0,1.8944109e-05
0,0,7.537731e-06
0,0,1.28691345e-05
0,0,2.866652e-05
0,0,8.762392e-06
0,0,1.1567737e-05
0,0,0.0018982041
0,0,6.5721497e-06
0,0,5.4050146e-05
0,0,7.829816e-06
0,0,7.6373035e-06
0,0,1.16734145e-05
0,0,1.4836204e-05
0,0,0.0004977463
0,0,5.8213627e-06
0,0,0.0002039747
0,0,1.133777e-05
0,0,1.6046146e-05
1,1,0.9999949
0,0,8.578028e-06
0,0,7.3372835e-06
0,0,1.24565795e-05
0,0,1.9374193e-05
0,0,6.6238345e-06
0,0,7.854234e-06
0,0,9.641621e-06
1,1,0.99999344
0,0,5.284777e-06
0,0,6.5054514e-06
0,0,1.6732252e-05
0,0,8.651078e-06
0,0,5.7652856e-06
0,0,6.082876e-06
0,0,8.367805e-06
0,0,8.518363e-06
0,0,1.16852e-05
0,0,2.3937842e-05
1,1,0.99999356
0,0,1.2823903e-05
0,0,5.909957e-06
0,0,6.232788e-06
0,0,8.485825e-06
0,0,2.2482409e-05
0,0,1.1966171e-05
0,0,7.2499693e-06
0,0,7.2856437e-06
0,0,8.076504e-06
0,0,6.873496e-06
0,0,6.066035e-06
0,0,9.044849e-06
0,0,1.0468725e-05
0,0,0.00015211786
0,0,8.151011e-06
0,0,7.863903e-06
0,0,9.702027e-06
0,0,1.73946e-05
0,0,1.1188447e-05
0,0,1.3679789e-05
0,0,7.4166605e-06
0,0,9.1338015e-06
0,0,6.500837e-06
0,0,7.365326e-06
0,0,2.064121e-05
1,1,0.99999356
0,0,2.2248325e-05
0,0,8.459814e-06
0,0,3.5053494e-05
0,0,9.776039e-06
0,0,1.3078113e-05
0,0,1.4811039e-05
0,0,1.7194181e-05
0,0,9.46461e-06
0,0,1.6254162e-05
0,0,8.5147505e-05
0,0,8.001541e-06
0,0,7.511639e-06
0,0,1.6823828e-05
0,0,0.00022826846
0,0,1.739357e-05
0,0,0.00022418113
0,0,7.1001014e-06
0,0,8.408442e-06
0,0,7.108841e-06
0,0,2.950235e-05
0,1,0.5731314
0,0,5.7196453e-06
0,1,0.9999516
0,0,6.7874867e-06
0,0,5.5379646e-06
0,0,7.0619885e-06
0,0,1.2349676e-05
0,0,1.138082e-05
0,0,0.0002464231
0,0,7.8455505e-06
0,0,7.1243903e-06
0,0,8.082545e-06
0,0,1.0766646e-05
0,0,1.0070235e-05
1,1,0.9999913
0,0,1.6104896e-05
0,0,1.5453497e-05
0,0,9.104338e-06
1,1,0.99999475
1,1,0.9999354
0,0,6.407869e-06
0,0,1.1039154e-05
0,0,6.1974506e-06
0,0,8.134307e-06
0,0,2.1220128e-05
0,0,8.872082e-06
0,0,7.0700617e-06
0,0,8.71578e-06
0,0,8.079894e-06
0,0,1.7368757e-05
0,0,6.517014e-06
0,0,8.568233e-06
0,0,1.4551941e-05
1,1,0.9999933
0,0,6.738405e-06
0,0,1.4411831e-05
0,0,9.165388e-06
0,0,7.626932e-06
0,0,1.9823117e-05
0,0,1.2922411e-05
0,0,1.0118115e-05
0,0,8.417549e-06
0,0,6.889102e-06
0,0,2.309664e-05
0,0,1.3840037e-05
1,1,0.9999919
0,0,5.688855e-06
0,0,6.210857e-05
0,0,5.558123e-06
0,0,1.27781e-05
0,0,7.550062e-06
0,0,1.2487694e-05
0,0,2.5765727e-05
0,0,7.051617e-06
0,0,1.1275897e-05
0,0,8.13174e-06
0,0,0.0026398557
1,1,0.9999938
0,0,1.9667787e-05
0,0,3.1536623e-05
1,1,0.99999344
1,1,0.9999876
0,0,1.4282193e-05
0,0,7.1555146e-06
0,0,1.2036364e-05
0,1,0.7562252
0,0,1.1604099e-05
0,1,0.97928005
0,0,0.00036472475
0,0,8.3103305e-06
0,0,1.1366069e-05
0,0,1.619002e-05
0,0,6.2704257e-06
0,0,2.9774705e-05
0,0,9.667467e-05
0,0,8.5521015e-06
0,0,1.1155696e-05
0,0,1.4660479e-05
0,0,7.001247e-06
0,0,9.8638075e-06
0,0,5.183194e-06
1,1,0.9999945
0,0,2.625664e-05
0,0,1.0574525e-05
0,0,5.738019e-06
0,0,0.021759674
0,0,7.792149e-06
0,0,1.1790286e-05
0,0,9.928549e-06
0,0,7.863408e-06
0,0,5.8302076e-06
0,0,9.156277e-06
0,0,7.0713963e-06
0,0,1.1144063e-05
0,0,7.429084e-06
0,0,1.3170947e-05
0,0,1.37378365e-05
0,0,1.2316297e-05
0,0,4.0200972e-05
0,0,2.1378035e-05
1,1,0.9999937
0,0,1.2691569e-05
0,0,3.1373387e-05
0,0,1.0513258e-05
0,0,4.804217e-06
0,0,5.558171e-06
0,0,7.149704e-06
0,0,6.7830088e-06
0,0,6.4001433e-06
0,0,8.431681e-06
0,0,1.1608361e-05
0,0,1.1327676e-05
0,0,7.4722925e-06
0,1,0.528576
1,1,0.9999801
0,0,1.26771265e-05
1,0,2.9320598e-05
0,0,1.08787635e-05
1,1,0.99999404
0,0,1.4825652e-05
0,0,5.381096e-06
0,0,2.2892702e-05
0,0,7.5089747e-06
0,0,8.641564e-06
0,0,5.1900684e-06
0,0,7.2216835e-06
0,0,1.0337905e-05
0,0,7.331073e-06
0,0,3.587864e-05
0,0,0.012925814
0,0,0.0015924566
0,0,1.0426978e-05
0,0,1.37295065e-05
0,0,0.00014517365
0,0,5.5957357e-06
0,0,9.724618e-06
0,0,0.00033711316
0,0,7.6230344e-06
0,0,1.0607835e-05
0,1,0.99993634
0,0,1.0334652e-05
0,0,8.071375e-06
0,0,7.7767814e-05
0,0,9.830411e-05
0,0,3.590808e-05
1,1,0.99997044
0,0,9.164987e-06
0,0,6.0832467e-06
0,0,1.3264224e-05
1,1,0.9991178
0,0,1.3164694e-05
0,0,6.335639e-06
0,0,9.211691e-06
0,0,1.5473584e-05
0,0,1.3943543e-05
0,0,1.2784488e-05
0,0,1.0732651e-05
0,1,0.99976987
0,0,1.3416096e-05
0,0,0.11009139
0,0,8.097721e-06
0,0,1.5647503e-05
0,0,1.3851802e-05
0,0,6.430544e-05
1,0,8.958301e-05
0,0,7.825741e-06
1,1,0.9999908
0,0,7.6250844e-06
0,0,9.305177e-06
0,0,0.00016456097
0,0,1.7987464e-05
0,0,1.1424665e-05
0,0,9.494766e-06
0,0,8.149954e-06
0,0,4.1919968e-05
0,0,6.57499e-06
0,0,1.1071142e-05
1,1,0.9999472
1,1,0.99996805
0,0,7.907778e-06
0,0,6.011411e-05
0,0,7.157835e-06
0,0,1.729852e-05
0,0,5.9209465e-06
0,0,1.143321e-05
0,0,0.00010777831
0,0,6.8511936e-06
0,0,5.1393818e-06
0,0,1.0781051e-05
1,1,0.99999034
0,0,0.00016158029
0,0,1.1856927e-05
0,0,1.2086861e-05
0,0,1.3670973e-05
1,1,0.9999466
0,0,1.0393808e-05
0,0,9.8698865e-06
0,0,5.4230572e-06
0,0,9.050182e-06
0,0,6.73308e-06
0,0,8.093066e-06
0,0,8.090379e-06
0,0,1.7178052e-05
0,0,9.5255855e-06
0,0,8.885409e-06
0,0,6.6272214e-06
0,0,7.039865e-06
0,0,6.4573387e-06
0,0,1.1338462e-05
0,0,6.9164344e-06
0,0,8.463454e-06
0,0,1.9096511e-05
0,0,9.928265e-06
0,0,4.97274e-06
0,0,8.126694e-06
0,0,5.5901087e-06
0,0,0.00023114453
0,0,0.00091758324
0,0,5.767551e-06
0,0,7.6370925e-06
0,0,3.5565987e-05
0,0,9.084555e-06
0,0,6.3780685e-06
0,0,9.483167e-06
0,0,1.301466e-05
1,1,0.9999943
0,0,5.3961576e-06
0,0,1.2542765e-05
0,0,3.632957e-05
0,0,1.1112735e-05
0,0,6.526747e-05
0,0,6.153709e-06
0,0,3.079921e-05
0,0,0.00010507187
0,0,1.6672395e-05
0,0,9.264727e-06
0,0,2.7630756e-05
0,0,0.017946383
1,1,0.9999875
0,0,0.002206931
0,0,8.413576e-06
0,0,1.0952089e-05
0,0,2.2986464e-05
0,0,4.555712e-05
0,0,1.2831879e-05
0,0,5.876361e-06
0,0,9.0546455e-06
0,0,1.29633645e-05
0,0,5.6303165e-06
0,0,0.001798894
0,0,1.961981e-05
0,0,1.0836992e-05
0,0,0.00011584055
1,1,0.9999945
0,0,3.764635e-05
0,0,6.057786e-06
0,0,6.0737284e-06
0,0,7.71785e-06
0,0,2.421712e-05
1,1,0.9999902
0,0,1.4185869e-05
1,0,0.0011717314
0,0,1.2081191e-05
0,0,1.4296829e-05
0,0,1.5665719e-05
0,0,9.894954e-06
0,1,0.99863714
0,0,1.8537916e-05
0,0,6.3339166e-06
0,0,1.6098507e-05
0,0,7.5010585e-06
0,0,1.22787205e-05
0,0,6.3752836e-06
0,0,7.2188195e-06
1,0,0.0003366356
0,0,5.331297e-06
0,0,7.4758204e-06
0,0,8.624341e-06
0,0,1.7307464e-05
0,0,6.7098695e-06
1,1,0.9999944
0,0,1.5755839e-05
0,0,1.1117058e-05
0,0,8.226299e-06
1,0,2.1072654e-05
1,1,0.99996364
0,0,2.0206991e-05
0,0,6.021401e-06
0,0,7.691281e-06
0,0,2.9748026e-05
0,0,3.6231864e-05
0,0,7.629507e-06
0,0,3.8069145e-05
0,0,1.0705072e-05
0,0,5.9552644e-06
0,1,0.76626205
0,0,8.894167e-06
0,0,9.991248e-06
0,0,1.23006375e-05
0,0,8.555675e-06
0,0,1.8786111e-05
0,0,1.749041e-05
1,1,0.99999094
0,0,9.041563e-06
0,0,6.6595835e-06
0,0,1.156959e-05
0,0,7.2057724e-06
0,0,2.8113278e-05
0,0,6.206393e-06
0,0,8.419685e-05
0,0,4.752191e-05
0,0,8.359549e-06
0,0,8.1690405e-06
0,0,5.3242243e-06
0,0,2.1082624e-05
1,1,0.9999068
0,0,7.724536e-06
0,0,5.6507297e-06
1,1,0.9999919
0,0,7.585744e-06
0,0,2.3956865e-05
0,0,1.6316128e-05
0,0,7.5111657e-06
0,0,1.2439366e-05
0,0,1.325919e-05
0,0,6.3324674e-06
1,1,0.99997413
0,0,0.0003782506
1,1,0.9999602
1,1,0.99941003
0,0,1.2379484e-05
0,0,1.063971e-05
0,0,5.7327898e-06
0,0,1.6280332e-05
0,0,5.307282e-06
1,1,0.99991167
0,0,8.797945e-06
0,0,6.8000622e-06
0,0,1.7047883e-05
1,1,0.9999943
0,0,1.4260866e-05
0,0,5.638774e-06
0,0,8.754867e-06
1,1,0.99998534
0,0,5.2853215e-06
0,0,8.692421e-06
0,0,5.7918744e-05
0,0,9.812955e-06
0,0,1.1590077e-05
0,0,1.1690449e-05
0,0,7.821719e-06
0,0,2.3523213e-05
0,0,4.0455878e-05
0,0,7.3989427e-06
1,1,0.9999895
0,0,1.2147504e-05
0,0,1.013258e-05
0,0,9.609171e-06
0,0,7.180713e-06
0,0,7.9922975e-06
0,0,1.1423543e-05
0,0,1.3962852e-05
0,0,1.0471581e-05
1,1,0.99998605
0,0,0.00010624828
0,0,9.107035e-05
0,0,1.961637e-05
0,0,5.7392285e-06
0,0,6.3598536e-06
0,0,6.322402e-06
0,0,1.2700249e-05
0,0,8.985425e-06
0,0,0.00025120858
0,0,6.679957e-06
0,0,1.5164943e-05
1,1,0.9995016
1,1,0.9999856
0,0,1.22200545e-05
0,0,1.4936345e-05
0,0,1.1876311e-05
0,0,7.983461e-06
0,0,6.802501e-06
0,0,2.6455602e-05
0,0,1.5195157e-05
0,0,1.5901294e-05
0,0,1.0125992e-05
0,0,1.1364855e-05
0,0,6.74937e-06
0,0,1.0125064e-05
0,0,0.002432037
0,0,8.694982e-06
0,0,7.902185e-06
0,0,8.63653e-06
0,0,1.170608e-05
0,0,1.0183032e-05
0,0,1.2609231e-05
0,0,0.00022449596
0,0,2.0814088e-05
0,0,1.0209187e-05
0,0,1.0746785e-05
0,0,2.317059e-05
0,0,5.5405844e-06
0,0,9.419118e-06
0,0,4.1634565e-05
0,1,0.9996635
0,0,6.2080444e-06
0,0,1.3505533e-05
0,0,7.687007e-06
0,0,9.3890385e-06
0,0,1.3816024e-05
0,0,5.2773285e-06
0,0,7.1793555e-05
1,1,0.99997365
1,1,0.99673945
1,1,0.9999286
0,0,8.593028e-06
0,0,1.4584674e-05
1,0,3.260253e-05
0,0,9.08167e-06
0,0,1.1111941e-05
0,0,5.4486198e-05
0,0,8.573383e-06
0,0,6.4484034e-06
0,0,8.914572e-06
0,0,5.731002e-06
0,0,1.8577543e-05
0,0,1.471602e-05
0,0,1.1849409e-05
0,0,9.780386e-06
1,0,0.0011131585
0,0,1.66754e-05
0,0,8.583662e-05
0,0,6.9829957e-06
0,0,8.974325e-06
0,0,3.1032e-05
0,0,0.00032531327
0,0,0.00011544699
0,0,6.761747e-06
0,0,3.501791e-05
0,0,1.13546075e-05
1,1,0.9999927
0,0,1.4563283e-05
0,0,5.662112e-06
0,0,7.1929812e-06
0,0,7.6111646e-06
1,1,0.99997115
0,0,8.093381e-06
0,0,5.8346072e-06
0,0,7.3678693e-06
0,0,0.0049302643
0,0,1.5739155e-05
0,0,1.6366917e-05
1,1,0.99996865
0,0,8.982838e-06
0,0,2.1851769e-05
0,0,1.4477857e-05
0,0,8.62041e-06
0,0,2.169769e-05
1,1,0.99913126
0,0,7.710509e-06
0,0,5.641253e-06
0,0,5.792422e-06
0,0,9.730054e-06
0,0,1.6048565e-05
0,0,1.3249571e-05
0,0,6.7129736e-06
1,1,0.99998343
0,1,0.98759115
1,0,0.00010504763
0,0,9.472854e-05
0,0,6.6476287e-06
0,0,5.4270818e-06
1,1,0.9984634
0,0,9.45043e-06
0,0,2.0616264e-05
0,0,1.1763084e-05
1,0,0.015345719
0,0,9.339058e-06
0,0,1.2893347e-05
0,0,1.6285767e-05
1,1,0.99999356
0,0,7.498977e-06
0,0,6.30657e-05
0,0,2.8964092e-05
0,0,0.049995024
0,0,5.5711457e-06
0,0,8.907561e-06
0,0,9.54959e-06
0,0,1.3682895e-05
0,0,7.178864e-06
1,1,0.9999577
0,0,7.2164307e-06
0,0,1.6163007e-05
0,0,6.561916e-06
0,0,2.4567506e-05
0,0,2.0975334e-05
0,0,0.00015438753
0,0,3.8361126e-05
0,0,9.787047e-06
0,0,0.00022177176
0,0,6.3852194e-06
0,0,8.356145e-06
0,0,1.0601898e-05
0,0,8.509164e-06
0,0,8.726525e-06
0,0,9.434177e-06
0,0,8.341623e-06
1,1,0.99999416
0,0,8.582578e-06
0,0,6.735026e-06
0,0,1.3169265e-05
0,0,1.19243405e-05
0,0,7.457015e-06
0,0,1.0654026e-05
0,0,2.204862e-05
0,0,8.760069e-06
0,0,7.054705e-06
0,0,1.6668055e-05
0,0,1.1134365e-05
0,0,8.338775e-06
0,0,7.7224295e-06
0,0,1.0400839e-05
0,0,5.5532278e-06
0,0,7.172609e-06
0,0,1.4327472e-05
0,0,3.0321951e-05
0,0,0.00017119748
0,0,1.5686197e-05
0,0,7.522464e-06
0,0,2.0109124e-05
0,0,1.3319719e-05
0,0,1.2267449e-05
0,0,1.2187283e-05
0,0,8.158282e-06
0,0,5.7711272e-06
0,0,0.00020101911
1,1,0.9999907
0,0,1.1489216e-05
0,0,3.952531e-05
0,0,9.904301e-06
0,0,8.267904e-06
0,0,3.087693e-05
0,0,9.412366e-06
0,0,8.7435765e-06
0,0,1.0627703e-05
0,0,6.4838177e-06
0,0,7.135698e-06
0,0,9.396662e-06
0,0,7.5459375e-06
0,0,1.3810385e-05
0,0,1.3799958e-05
0,0,4.289456e-05
0,0,7.8826515e-06
0,0,0.00010584944
0,0,6.4959545e-06
0,0,1.8072784e-05
0,0,4.2687218e-05
0,0,7.059416e-06
0,0,8.9319665e-06
0,0,0.00035176676
0,0,1.067962e-05
0,0,9.188423e-06
0,0,1.7876802e-05
0,0,5.0414487e-06
1,1,0.9951344
0,0,7.8579205e-06
0,0,2.8210228e-05
0,0,1.6895936e-05
1,1,0.99999356
0,0,8.2653905e-06
0,0,1.4041877e-05
0,0,0.00013080634
0,0,8.185963e-06
0,1,0.99921584
0,0,6.479386e-06
0,0,1.0973532e-05
0,0,6.1425512e-06
0,0,6.6192815e-06
0,0,1.2661226e-05
0,0,6.9200437e-06
0,0,0.0004320693
0,0,1.0391965e-05
0,0,9.954079e-06
0,0,1.1291726e-05
0,0,1.5032574e-05
0,0,8.368379e-06
0,0,7.0744322e-06
0,0,9.279565e-06
0,0,1.6529579e-05
0,0,9.785236e-06
0,0,1.0952852e-05
0,0,5.053444e-06
0,0,5.6083923e-06
0,0,1.5550422e-05
1,1,0.99999094
0,0,6.0362577e-06
0,0,1.2237175e-05
0,0,5.5145338e-06
0,0,1.6578993e-05
1,0,3.1808013e-05
0,0,1.6725236e-05
0,0,1.0403715e-05
0,0,2.9329463e-05
0,0,0.0003599797
0,1,0.6321347
0,0,6.215798e-05
0,0,6.1249157e-06
0,0,1.0237012e-05
0,0,2.3609919e-05
1,1,0.99997437
0,0,1.3507685e-05
0,0,1.4670604e-05
1,1,0.99996924
1,1,0.9999937
1,1,0.9999939
0,0,5.693588e-06
1,1,0.99992263
0,0,4.9134906e-05
0,0,7.330122e-06
1,1,0.99999464
0,0,1.8451177e-05
0,0,1.9977122e-05
1,1,0.9999912
0,0,6.901886e-06
0,0,6.8728414e-06
0,1,0.9998404
0,0,1.1516981e-05
0,0,1.2171845e-05
0,0,2.8116441e-05
0,0,1.1981151e-05
0,0,1.2243058e-05
0,0,1.3380143e-05
0,0,9.961838e-06
0,0,1.2414966e-05
0,0,6.900076e-06
0,0,2.1315374e-05
0,0,9.586463e-05
0,0,6.7173987e-06
0,0,7.2232674e-06
0,0,2.4770152e-05
0,0,1.1311353e-05
1,0,4.6840585e-05
0,0,9.7649e-05
0,0,0.00010123424
0,0,3.9923343e-05
0,0,7.2302287e-06
0,0,1.979365e-05
0,0,6.9138623e-06
0,0,6.822258e-06
0,0,9.747162e-06
1,1,0.9999902
0,0,6.759091e-06
0,0,7.4927775e-05
0,0,6.592099e-06
0,0,5.6789086e-06
0,0,0.12059742
0,0,6.4042038e-06
0,0,6.1131395e-06
0,0,1.0443668e-05
0,0,7.3291294e-06
1,1,0.9999342
0,0,0.00074767764
0,0,0.00017801888
0,1,0.9998456
0,0,1.6155149e-05
0,0,8.143621e-06
0,0,1.0735527e-05
0,0,8.23883e-06
0,0,1.0059263e-05
0,0,8.556523e-06
0,0,8.070251e-06
0,0,1.45023705e-05
0,0,7.861699e-06
0,0,6.1648875e-06
0,0,8.924201e-06
0,0,1.8874862e-05
0,0,6.284914e-06
0,0,5.927387e-06
1,1,0.9999927
0,0,7.684905e-06
0,0,8.254842e-06
0,0,1.4761319e-05
0,0,8.7096305e-06
0,0,6.2846025e-06
0,0,1.1376534e-05
0,0,9.16462e-06
1,1,0.99999297
0,0,0.35560516
1,1,0.9999896
0,0,7.2319044e-06
0,0,1.050527e-05
0,0,2.068821e-05
0,0,2.0392723e-05
0,0,7.74649e-06
1,1,0.9999949
0,0,0.00058477675
0,0,1.1040881e-05
0,0,6.2346253e-06
0,0,1.0249106e-05
0,0,8.2009665e-06
0,0,9.742414e-06
0,0,7.803065e-06
0,0,1.1869313e-05
0,0,8.461452e-06
0,0,1.0502847e-05
0,0,6.7554943e-06
0,0,2.9756564e-05
0,0,1.19816195e-05
0,0,0.0021961043
0,0,1.1322361e-05
0,0,0.0045173625
1,1,0.99999297
1,1,0.9999913
0,0,9.715794e-06
0,0,6.0124444e-06
0,0,2.0753678e-05
0,0,1.18697435e-05
0,0,1.2826556e-05
0,0,9.035883e-06
0,0,1.0689014e-05
0,0,7.060823e-06
0,0,1.2558061e-05
0,0,9.323956e-06
0,0,7.5248463e-06
0,0,8.56085e-06
0,0,8.315428e-06
0,0,1.164676e-05
0,0,1.0587319e-05
0,0,0.00014095806
0,0,6.320208e-06
0,0,1.0544223e-05
0,0,8.404113e-06
0,0,0.00035333398
1,1,0.9999819
0,0,1.0173121e-05
0,0,1.0737791e-05
0,0,7.2494713e-06
0,0,9.203665e-06
1,1,0.99873394
0,0,8.351222e-06
0,0,9.370137e-06
0,0,2.4850598e-05
0,0,1.570338e-05
0,0,1.3778904e-05
0,0,7.1604027e-06
0,0,1.3691235e-05
0,0,4.342737e-05
0,0,8.02195e-06
0,0,7.568633e-06
0,0,6.9085504e-06
0,0,7.2304492e-06
0,0,7.0650062e-06
0,0,1.14977765e-05
0,0,9.738762e-06
0,0,6.7269257e-06
1,1,0.99980503
0,0,2.231588e-05
0,0,1.8560382e-05
0,0,5.8274672e-06
0,0,8.492966e-06
0,0,7.380598e-06
0,0,8.706052e-06
0,0,8.1365415e-06
0,0,6.7673723e-06
0,0,1.4719739e-05
0,0,1.8347373e-05
1,1,0.99994576
0,0,6.530639e-06
0,0,5.3874523e-06
0,0,1.3017353e-05
0,0,9.987199e-06
0,0,6.6673238e-06
0,0,5.6339472e-06
0,0,6.383436e-06
0,0,8.057947e-06
0,0,6.0405478e-06
0,0,7.456887e-06
0,0,6.141749e-06
0,0,7.990453e-06
0,0,1.0200702e-05
0,0,1.1033975e-05
0,0,0.00037539957
1,1,0.99980325
0,0,6.1105634e-06
0,0,7.5476364e-06
0,0,3.943416e-05
0,0,9.199804e-06
0,0,7.05772e-06
1,0,6.5205764e-05
0,0,1.1244219e-05
0,0,1.0799664e-05
0,0,6.3236203e-06
0,0,1.7516852e-05
0,0,1.07550595e-05
0,0,1.116143e-05
0,0,1.0863265e-05
0,0,1.4242981e-05
0,0,2.3566145e-05
0,0,9.840355e-06
0,0,8.014065e-06
0,0,7.2274297e-06
0,0,9.613543e-06
0,0,5.3750696e-06
0,0,1.8045814e-05
0,0,5.871812e-06
0,0,1.4664479e-05
0,0,7.733867e-06
0,0,7.283671e-06
0,0,8.954048e-06
0,0,2.3812478e-05
0,0,6.3222815e-06
0,1,0.9999858
0,0,6.473851e-06
0,0,1.0321169e-05
0,0,9.8469645e-06
0,0,1.2346236e-05
1,0,0.0015939228
0,0,5.7872203e-06
0,0,9.410605e-05
0,0,5.027252e-06
0,0,1.38421365e-05
0,0,6.6109865e-06
0,0,4.4961256e-05
0,0,6.2068016e-06
0,0,3.4441968e-05
0,0,1.065681e-05
1,0,0.16861169
0,0,7.99778e-06
0,0,1.057392e-05
0,0,3.568731e-05
0,0,1.143659e-05
0,0,9.376413e-06
0,0,5.8234614e-06
0,0,8.878659e-06
0,0,6.3987336e-06
0,0,3.493549e-05
0,0,4.7748672e-05
0,0,3.6946905e-05
0,0,8.701295e-06
0,0,0.00012436332
0,0,3.7598063e-05
0,0,4.5536376e-06
0,0,1.5340773e-05
0,0,2.9482211e-05
0,0,2.3681852e-05
0,0,8.5551925e-05
0,0,8.247555e-06
0,0,7.6260158e-06
0,0,6.7223523e-06
0,1,0.999892
0,0,1.3851076e-05
0,0,0.00045362615
0,0,1.1375795e-05
0,0,6.1593455e-06
1,1,0.99999034
0,0,9.30807e-06
0,0,1.2488968e-05
1,0,0.00923958
0,0,8.363768e-06
0,0,1.7163788e-05
0,0,9.259834e-06
0,0,6.9200037e-06
0,0,9.241256e-06
0,0,1.1543404e-05
0,0,6.3927687e-06
0,0,1.6277087e-05
0,0,3.7527887e-05
0,0,2.4488725e-05
0,0,3.820848e-05
0,0,7.752958e-06
1,0,0.00901572
0,0,7.514175e-06
0,0,6.087681e-06
0,0,1.8929155e-05
0,0,7.9101765e-06
0,0,5.245251e-06
0,0,7.5701337e-06
0,0,1.6000793e-05
0,0,8.755977e-06
0,0,7.757817e-06
0,0,1.1830958e-05
0,0,6.3390657e-06
0,0,1.2754772e-05
0,0,2.0084557e-05
0,0,8.1309345e-06
1,1,0.9999943
0,0,9.1059355e-06
0,0,1.5859117e-05
1,1,0.9999938
0,0,7.0946385e-06
0,0,5.6242734e-06
0,0,5.6731865e-06
0,0,9.782139e-06
0,0,4.8675858e-05
0,0,5.9403915e-06
0,0,6.1635296e-06
0,0,7.526511e-06
0,0,6.7207566e-06
0,0,1.2098855e-05
0,0,2.216514e-05
0,0,1.0158996e-05
0,0,0.009486134
0,0,1.1642129e-05
0,0,8.914007e-05
1,1,0.9999893
0,0,1.22406755e-05
0,0,6.444407e-06
0,0,0.00013170524
0,0,8.490091e-06
0,0,4.485838e-05
0,0,0.00095450244
0,0,6.798334e-05
0,0,8.189017e-06
0,0,8.772141e-06
0,0,5.880189e-06
1,1,0.9999943
0,0,2.7511202e-05
1,1,0.99998784
0,0,8.421138e-06
0,0,6.9022544e-06
0,0,7.2765474e-06
0,0,1.8343873e-05
0,0,7.919868e-06
0,0,2.5267409e-05
0,0,7.5715056e-06
0,1,0.9970143
0,0,6.9759735e-06
0,0,8.1709535e-05
0,0,6.853913e-06
0,0,8.461437e-06
0,0,4.6888403e-05
0,0,7.822696e-06
0,0,1.1157675e-05
0,0,6.1585706e-06
0,0,3.1423537e-05
1,1,0.99999154
0,0,1.9809018e-05
1,1,0.9999802
0,0,3.467143e-05
0,0,6.5079084e-06
0,0,1.7825714e-05
0,0,8.846786e-06
0,0,1.711392e-05
1,1,0.999995
1,1,0.9999902
0,0,9.911142e-06
0,0,5.6866415e-06
0,0,7.2845396e-06
0,0,1.3790485e-05
0,0,4.4515422e-05
0,0,6.367749e-06
0,0,1.1801829e-05
1,1,0.9998958
0,0,6.057543e-06
0,0,5.2204396e-06
0,0,6.861132e-06
0,0,1.707167e-05
0,0,1.9523724e-05
0,0,1.401091e-05
1,1,0.99996006
0,0,7.976992e-06
0,0,2.10042e-05
0,0,6.697493e-06
0,0,7.585628e-06
0,0,0.0058904956
0,0,8.5027415e-05
0,0,6.029313e-06
0,0,9.479712e-06
0,0,9.004939e-06
0,0,9.617312e-06
0,0,5.9333142e-06
0,0,9.201331e-06
0,0,1.5284655e-05
1,1,0.9999255
0,0,1.0430181e-05
1,1,0.9999919
0,0,0.0017104684
0,0,6.9640164e-06
0,0,9.9349145e-06
0,0,6.2981017e-06
0,0,5.927749e-06
0,0,6.1111923e-06
0,0,8.298381e-06
0,0,1.0696734e-05
0,0,9.276274e-06
0,0,6.7167193e-06
0,0,8.595028e-06
0,0,1.4366437e-05
0,0,8.256362e-06
0,0,1.25439365e-05
0,0,6.835583e-06
0,0,1.8456387e-05
0,0,7.520814e-06
0,0,1.0149244e-05
0,0,1.10940555e-05
0,0,1.10325245e-05
0,0,1.19150645e-05
0,0,5.4747925e-06
0,0,0.00024346115
0,0,1.0789205e-05
0,0,9.467985e-06
0,0,5.2411565e-06
0,0,6.3872535e-06
0,0,7.649893e-06
0,0,9.578978e-06
1,1,0.99987495
0,0,9.29612e-06
1,0,8.374985e-05
1,1,0.99999404
0,0,7.282122e-06
0,0,9.218599e-06
0,0,0.00044542135
0,0,7.627041e-06
0,0,1.727885e-05
0,0,6.8170098e-06
0,0,9.366744e-05
0,0,4.0503084e-05
0,0,5.8302885e-05
0,0,1.1280716e-05
0,0,1.1810295e-05
0,0,6.655444e-06
0,0,7.904423e-06
0,0,1.4606582e-05
0,0,0.096837245
0,0,5.2392126e-05
1,1,0.99998426
0,0,1.391667e-05
0,0,6.441493e-05
0,0,1.6973296e-05
0,0,1.51003915e-05
0,0,7.297034e-06
0,0,9.314118e-06
0,0,9.51764e-06
0,0,1.2890655e-05
0,1,0.99975175
0,0,6.1954006e-06
0,0,8.753089e-06
1,1,0.9999912
0,0,6.0234397e-06
0,0,1.5955462e-05
0,0,9.577882e-06
0,0,1.4409687e-05
0,0,1.2246398e-05
0,0,5.689316e-06
0,0,8.480518e-06
0,0,9.3403405e-06
0,0,2.570241e-05
0,0,8.811061e-06
0,0,4.1591622e-05
0,1,0.9917529
0,0,9.6924916e-05
0,0,0.0026062874
0,0,9.288845e-06
0,0,7.815858e-06
0,0,9.929525e-06
0,0,0.15917653
0,0,6.814481e-06
0,0,7.469927e-06
0,1,0.9998816
0,0,7.0671153e-06
0,0,1.9027864e-05
0,0,1.0034649e-05
0,0,1.4971824e-05
0,0,2.2386132e-05
0,0,1.2809725e-05
0,0,0.23916264
0,0,0.00020896138
0,0,8.206178e-06
0,0,0.03214321
0,0,7.935926e-06
0,0,7.0641704e-06
0,1,0.9703414
0,0,3.990187e-05
0,0,1.00511215e-05
0,0,1.24313265e-05
0,0,5.472621e-06
0,0,9.82271e-06
0,0,7.700617e-06
0,0,6.3106013e-06
0,0,1.1113583e-05
0,0,1.0401633e-05
0,0,0.0006826918
0,0,1.2566435e-05
0,0,9.650958e-06
0,0,6.857272e-06
0,0,5.4024295e-06
0,0,5.893062e-06
0,0,7.0630526e-06
0,0,3.547838e-05
0,0,1.0298409e-05
0,0,1.3252288e-05
0,0,7.389909e-06
0,0,6.073902e-06
0,0,1.972993e-05
0,0,1.6671298e-05
0,0,7.856414e-06
0,0,9.318853e-06
0,0,3.9807004e-05
0,0,5.2584587e-06
0,0,0.19392432
0,0,1.1139452e-05
0,0,6.910408e-06
0,0,8.826131e-06
0,0,9.992039e-06
1,1,0.9999906
0,0,1.593697e-05
0,0,3.895588e-05
0,0,8.127888e-06
0,0,9.630519e-06
0,0,5.241361e-06
0,0,1.9902676e-05
0,0,1.2461747e-05
0,1,0.99983
0,0,9.66281e-06
0,0,8.218998e-06
1,1,0.99999475
0,0,3.0398649e-05
0,0,8.224307e-06
0,0,1.1397764e-05
0,0,7.688012e-06
0,0,0.00011477501
0,0,7.241719e-06
0,0,1.0184353e-05
0,0,7.734886e-06
0,0,1.0301159e-05
0,0,7.464707e-06
0,0,6.16891e-06
1,1,0.999977
0,0,2.9074818e-05
1,1,0.99997413
0,0,1.2613741e-05
0,0,1.0399886e-05
1,1,0.9997801
0,0,4.821636e-05
0,0,9.946619e-05
0,0,0.0002721038
0,0,8.799187e-06
0,0,7.1332897e-06
0,0,6.9057965e-06
0,0,4.3665304e-06
0,0,5.697292e-06
0,0,5.405166e-06
0,0,6.3798143e-06
0,0,1.9295609e-05
0,0,5.9824224e-06
0,0,1.4764388e-05
1,1,0.99999297
0,0,1.6654214e-05
0,0,6.5274885e-06
0,0,8.262678e-06
0,0,1.4362932e-05
0,0,2.1920898e-05
0,0,6.641513e-05
0,0,6.7708065e-06
0,0,8.98869e-06
0,0,1.5007993e-05
0,0,2.5579853e-05
0,0,7.379092e-06
0,0,8.070174e-06
0,0,9.084157e-06
0,0,6.217026e-06
0,0,1.0854256e-05
0,0,1.3952576e-05
0,0,7.24225e-06
0,0,1.0494896e-05
0,0,4.229873e-05
0,0,8.342251e-06
0,0,1.2567381e-05
0,0,9.392943e-06
0,0,8.349742e-06
0,0,9.133767e-06
1,0,0.00038362684
0,0,1.2529135e-05
0,0,1.2676763e-05
0,0,9.236278e-06
0,0,5.5326436e-06
0,0,6.7755805e-06
1,1,0.99998915
0,0,1.1999367e-05
0,0,9.959312e-06
0,0,6.8409045e-06
0,0,8.519858e-06
1,1,0.99998987
0,0,9.622183e-06
0,0,6.144479e-06
0,0,7.202248e-06
0,0,8.794304e-06
0,0,7.117321e-06
0,0,1.4955801e-05
0,0,7.517659e-06
1,1,0.9999833
0,0,3.099884e-05
0,0,1.1008026e-05
0,0,1.6545066e-05
0,0,5.9703334e-06
0,0,6.3537186e-06
0,0,1.1386204e-05
1,1,0.9999944
1,1,0.99998033
0,1,0.9987998
0,0,6.172294e-06
0,0,7.851584e-06
0,0,9.327665e-06
0,0,6.88075e-06
0,0,9.567812e-06
0,0,7.1549416e-06
0,0,9.462669e-06
0,0,6.156143e-05
1,1,0.9999896
0,0,5.7981642e-06
0,0,8.803636e-06
0,0,0.008911906
0,0,7.477931e-06
0,0,9.784471e-06
1,1,0.99998105
0,0,6.433808e-06
0,0,7.69065e-06
0,0,2.2520433e-05
0,0,6.0646757e-06
0,0,1.9352703e-05
0,0,1.1524727e-05
0,0,4.1107476e-05
0,0,5.3796234e-06
0,0,8.019479e-06
0,0,1.4373852e-05
0,0,1.6073747e-05
0,0,1.2970488e-05
0,0,1.5533733e-05
0,0,9.953749e-06
0,0,6.6344555e-06
1,1,0.99999046
0,0,8.321696e-06
0,0,6.2125105e-06
0,0,1.2170522e-05
0,0,8.330756e-06
0,0,1.6152393e-05
1,1,0.9999933
0,0,1.0202072e-05
0,0,3.7709884e-05
0,0,1.9108846e-05
0,0,5.9392246e-06
0,0,2.0447249e-05
0,0,7.3230512e-06
0,0,9.86838e-06
0,0,1.314857e-05
1,1,0.99997926
0,0,7.060022e-06
0,0,9.282229e-06
0,0,1.2998746e-05
0,0,1.6382799e-05
0,0,7.871587e-06
0,0,5.9100867e-06
0,0,7.5536345e-06
0,0,8.95784e-06
0,0,1.5130028e-05
0,0,2.615817e-05
0,0,6.336865e-06
0,0,1.2835539e-05
0,0,1.4248468e-05
0,0,1.0153145e-05
0,0,7.3072006e-06
0,0,9.226778e-06
0,0,5.394259e-06
0,0,1.4472722e-05
0,0,6.2119298e-06
0,0,9.622338e-06
0,0,7.931795e-06
1,1,0.9999621
0,0,7.2757707e-06
0,0,5.970379e-06
0,0,1.1208183e-05
0,0,8.614788e-06
0,0,5.673241e-06
0,0,7.8000585e-06
0,0,9.941132e-06
0,0,9.255772e-06
1,1,0.9997936
0,0,0.00014537893
0,0,1.29697955e-05
0,0,5.418642e-06
0,0,7.1745385e-06
0,0,1.666073e-05
0,0,1.3328207e-05
0,0,6.648922e-06
0,0,7.409217e-06
0,0,9.166323e-06
0,0,9.874574e-06
0,0,1.0072002e-05
0,0,7.906858e-06
0,0,1.3143693e-05
0,0,9.502194e-06
0,0,1.0599583e-05
0,0,8.172095e-06
0,0,6.6166876e-06
0,0,1.241853e-05
0,0,8.551637e-06
1,0,2.1824299e-05
0,0,9.212376e-06
0,0,1.8072127e-05
0,0,5.9027248e-06
0,0,1.1899768e-05
0,0,6.2473086e-06
0,0,6.082987e-05
0,0,8.406085e-06
0,0,8.695497e-06
0,0,1.5227533e-05
0,0,9.3496255e-06
0,0,1.2767527e-05
1,0,0.0002697866
0,0,8.9866335e-06
0,0,8.245054e-06
0,0,7.8834506e-05
1,0,3.0349434e-05
0,0,7.302338e-06
0,0,1.0327441e-05
1,1,0.9999931
0,0,7.4069553e-06
0,0,7.4588143e-06
0,0,1.499067e-05
0,0,6.944074e-06
0,0,1.4768078e-05
0,0,7.0506085e-06
0,0,8.123739e-05
0,0,8.6248665e-06
0,0,0.00019195148
0,0,8.701116e-05
0,0,2.5368114e-05
0,0,1.3063367e-05
0,0,0.00022092568
1,1,0.9999938
0,0,6.837082e-06
0,0,3.4082266e-05
0,0,7.9704e-06
0,0,6.0378984e-06
0,0,1.46451775e-05
0,0,7.784676e-06
0,0,8.3088335e-06
0,0,4.0673476e-05
0,0,1.0773887e-05
0,0,9.5842415e-06
0,0,6.9066796e-06
0,0,5.4448324e-06
0,0,1.4733009e-05
1,1,0.99997616
0,0,1.7752358e-05
0,0,7.0771716e-06
0,0,1.0428341e-05
0,0,2.9782885e-05
0,0,7.246762e-06
1,1,0.9999949
0,0,7.966622e-06
0,0,1.6580574e-05
0,0,1.0194554e-05
0,0,7.435981e-06
0,0,2.175919e-05
0,0,1.7697052e-05
0,0,9.708957e-05
0,0,2.1080976e-05
0,0,1.7239478e-05
0,0,2.3283868e-05
1,1,0.99999154
1,1,0.9999502
0,0,9.500573e-06
0,0,6.5222052e-06
0,1,0.7893336
0,0,9.389415e-06
1,1,0.99999154
0,0,7.2099865e-06
0,0,1.6674048e-05
0,0,1.4843052e-05
0,0,1.1919042e-05
0,0,8.019739e-06
0,0,1.4590211e-05
0,0,1.14110535e-05
0,0,1.214528e-05
0,0,8.427983e-06
0,0,1.2252297e-05
1,1,0.9999839
0,0,1.3692842e-05
0,0,1.3296089e-05
0,0,8.6522505e-06
0,0,3.538911e-05
0,0,1.9955038e-05
0,0,9.698594e-06
0,0,3.0087112e-05
0,0,1.6976663e-05
0,0,7.2104262e-06
0,0,6.973527e-06
0,0,6.263027e-06
0,0,1.3766677e-05
0,0,7.0913457e-06
0,0,9.66246e-06
0,0,1.5106556e-05
0,0,8.617993e-06
0,0,1.2201586e-05
0,0,9.0123185e-06
0,0,8.288304e-06
0,0,6.137417e-06
0,0,5.8890228e-06
0,0,1.2191711e-05
0,0,2.0442883e-05
0,0,8.568233e-06
0,0,1.703701e-05
0,1,0.9996026
0,0,5.5197e-06
0,0,1.3202437e-05
0,0,9.011425e-06
0,0,1.0051293e-05
0,0,6.390861e-06
0,0,6.487807e-06
0,0,1.1020705e-05
1,1,0.99998164
1,1,0.99997306
0,0,8.249664e-06
0,0,5.2579426e-06
0,0,9.2361115e-06
0,0,1.2016636e-05
0,0,7.1048626e-06
0,0,5.5252353e-06
0,0,1.6673159e-05
0,0,1.9759551e-05
0,0,0.0020083715
0,0,8.390397e-05
1,1,0.99999416
0,1,0.99721766
0,0,1.3080594e-05
0,0,9.049146e-06
0,0,7.021319e-06
0,0,1.1435522e-05
0,0,1.5163744e-05
0,0,1.0850147e-05
0,0,8.711865e-06
0,0,1.8715944e-05
0,0,1.520304e-05
0,0,8.498022e-06
1,1,0.99999285
0,0,1.0352586e-05
0,0,8.40469e-06
0,0,5.953589e-06
0,0,1.3567019e-05
0,0,2.548618e-05
0,0,3.0680596e-05
0,0,1.2442843e-05
0,0,2.4815077e-05
0,0,9.448674e-06
0,0,1.5544432e-05
0,0,1.1491595e-05
0,0,9.542989e-06
0,0,7.721413e-06
0,0,1.2499251e-05
0,0,7.818759e-06
1,1,0.99995387
0,0,1.5223643e-05
0,0,0.022302754
0,0,1.45603535e-05
0,0,6.42705e-06
0,0,1.1942549e-05
0,0,1.5452319e-05
0,0,9.280432e-06
0,0,1.17454865e-05
1,1,0.99990034
0,0,1.3546863e-05
0,0,5.5926093e-06
0,0,8.203314e-06
0,0,7.11912e-06
0,0,6.7280544e-06
0,0,7.052855e-06
1,1,0.9999604
0,0,1.9683193e-05
0,0,8.207422e-06
0,0,1.8419636e-05
1,1,0.99995875
0,0,5.61437e-06
0,0,5.853976e-06
0,0,8.279993e-06
0,0,1.055373e-05
0,0,1.7098962e-05
0,0,1.183694e-05
1,1,0.9999944
0,0,7.0130545e-06
0,0,6.948526e-06
0,0,1.8527033e-05
0,0,1.1230663e-05
0,0,9.69839e-06
0,0,6.095646e-06
0,0,1.6901125e-05
1,1,0.9994837
0,0,6.371529e-05
0,0,9.818992e-06
0,0,1.1157217e-05
0,0,1.5113327e-05
0,0,8.078353e-06
0,0,0.00018691724
0,0,2.4255603e-05
0,0,1.148731e-05
0,0,1.2179277e-05
0,0,6.7340247e-06
0,0,3.682098e-05
0,0,8.0559534e-05
0,0,5.354655e-06
1,1,0.9999856
1,1,0.9999826
0,0,7.4371233e-06
0,0,1.0012051e-05
1,1,0.99997365
0,0,1.0120528e-05
0,0,0.020553643
0,0,8.24794e-06
0,0,1.4417866e-05
0,0,5.629253e-06
0,0,1.2996341e-05
1,0,0.023144031
0,0,8.512646e-06
0,0,6.3286157e-06
0,0,2.8101913e-05
0,0,7.346105e-06
0,0,1.1105626e-05
0,0,8.882147e-06
0,0,1.5665033e-05
0,0,1.042175e-05
1,1,0.99987674
0,0,8.723198e-05
0,0,7.3326873e-06
0,0,6.6284097e-06
0,0,6.81556e-06
0,0,1.3999359e-05
0,0,9.016566e-06
0,0,1.5014305e-05
0,0,6.090056e-06
0,0,8.912132e-06
0,0,9.377316e-06
0,0,1.1650549e-05
0,0,2.6837939e-05
0,0,8.146045e-06
0,0,7.5939956e-06
0,0,9.293772e-06
0,0,6.7759615e-06
0,0,6.9641956e-06
0,0,7.636838e-06
0,0,5.878266e-06
0,0,9.748854e-06
0,0,1.4159946e-05
0,0,6.208856e-06
0,0,1.1170919e-05
0,0,9.40648e-06
0,0,5.542096e-06
0,0,9.06153e-06
0,0,2.0886628e-05
0,0,7.814315e-06
0,0,9.222828e-06
0,0,9.539932e-06
1,1,0.9999112
0,0,5.778739e-06
0,0,8.568217e-06
0,0,5.890163e-06
0,0,1.7834895e-05
0,0,1.1576985e-05
0,0,7.738715e-06
1,0,0.0027092781
0,0,6.810349e-06
0,0,8.521703e-06
0,0,1.3463007e-05
1,1,0.9999771
0,0,1.08465365e-05
0,0,1.1419959e-05
0,0,1.3706023e-05
0,0,9.295651e-06
0,0,9.191735e-06
0,0,9.939643e-06
0,0,1.0718638e-05
0,0,6.3392167e-06
0,0,8.359836e-06
0,0,7.6008932e-06
0,0,1.0418589e-05
0,0,9.429265e-06
0,0,6.8235854e-06
1,1,0.99984
0,0,7.2626676e-06
0,1,0.99987876
0,0,1.4277453e-05
0,0,6.3947928e-06
0,0,1.2416493e-05
0,0,0.0005091333
0,0,1.3587684e-05
1,1,0.9906192
0,0,1.4014759e-05
0,0,1.842902e-05
0,0,6.130156e-05
0,0,8.370934e-06
0,0,7.263894e-06
0,0,9.317467e-06
0,0,6.074528e-06
0,0,8.799942e-06
1,1,0.9947312
0,0,6.532707e-06
0,0,1.4240089e-05
0,0,7.1630798e-06
0,0,4.2489228e-05
0,0,8.669794e-06
0,0,8.6897435e-06
0,0,2.0587582e-05
0,0,1.2309768e-05
0,0,8.07144e-05
0,0,0.00097621407
0,0,5.563107e-06
0,0,4.8021975e-05
0,0,1.8626277e-05
0,0,1.3197098e-05
0,0,1.6552436e-05
0,0,4.4197157e-05
0,0,8.733052e-06
0,0,5.4303227e-06
0,0,1.0682227e-05
0,0,7.108581e-05
0,0,1.3483308e-05
0,0,1.904691e-05
0,0,8.4103754e-05
0,0,6.335814e-06
1,1,0.99992037
0,0,2.4094361e-05
0,0,9.737899e-06
0,0,7.3449146e-06
0,0,9.060882e-06
0,0,8.272637e-06
0,0,7.044862e-06
0,0,1.021317e-05
0,0,1.7237686e-05
0,0,1.1025478e-05
0,0,6.2650342e-06
0,0,7.453154e-06
1,1,0.99997604
0,0,9.726751e-06
0,0,1.1288743e-05
0,0,1.4062288e-05
0,0,7.877865e-06
0,0,5.8708542e-06
0,0,7.454043e-06
0,0,1.6400618e-05
1,1,0.99994016
0,0,6.230415e-05
0,0,7.2792063e-06
0,0,1.01785945e-05
0,0,7.1029117e-06
1,1,0.9999943
0,0,1.574573e-05
0,0,8.885672e-06
0,0,6.744133e-06
0,0,7.707465e-06
0,0,0.000104472434
0,0,1.4958897e-05
0,0,2.8598528e-05
0,0,1.0490913e-05
0,0,2.4047808e-05
0,0,1.4278584e-05
0,0,3.507483e-05
0,0,6.162307e-06
0,0,8.70176e-06
0,1,0.99969876
0,0,1.3341484e-05
0,0,6.790724e-06
0,0,1.0662728e-05
0,0,9.444899e-06
0,0,7.815216e-06
0,0,1.5577894e-05
0,0,3.5166162e-05
0,0,1.6506347e-05
0,0,1.1596589e-05
0,0,7.6022197e-06
0,0,7.464379e-06
0,0,1.0444005e-05
0,0,1.2615834e-05
0,0,1.0287582e-05
0,0,6.6174134e-06
0,0,7.791509e-06
0,0,2.1919393e-05
0,0,1.2930449e-05
0,0,9.7175725e-06
0,0,8.583314e-06
0,0,9.652357e-06
0,0,1.1706974e-05
1,1,0.9999926
0,0,6.633671e-06
1,1,0.99997735
0,0,8.890724e-06
0,0,1.7900396e-05
0,0,7.754474e-06
0,0,1.3843338e-05
0,0,2.6368e-05
0,0,5.50549e-06
0,0,1.3940113e-05
0,0,5.801599e-06
0,0,1.0580668e-05
0,0,0.00011307857
0,0,8.207891e-06
0,0,0.00017580256
0,0,4.0278836e-05
0,0,5.722308e-06
0,0,6.7414835e-06
0,0,1.34218935e-05
1,1,0.99998784
0,0,9.098193e-06
0,0,9.359081e-06
0,0,7.775194e-06
0,0,7.714685e-05
0,0,1.3629057e-05
0,0,8.883012e-06
0,0,7.304425e-05
0,0,2.5230638e-05
0,0,1.8202163e-05
0,0,1.1178614e-05
0,0,5.835203e-06
1,1,0.999605
0,0,1.4387183e-05
0,0,1.4744858e-05
0,0,4.854722e-05
0,0,7.4306145e-06
0,1,0.9998442
0,0,7.990804e-06
0,0,5.9679996e-06
0,0,9.272064e-06
0,0,1.7404487e-05
0,0,3.682463e-05
1,1,0.99999356
0,0,1.6159247e-05
0,0,8.719014e-06
0,0,7.5407215e-06
0,0,1.0481702e-05
0,0,9.192823e-06
0,0,8.794271e-06
0,0,8.297874e-06
0,0,9.735048e-06
0,0,6.067152e-06
0,0,5.5332453e-06
0,0,6.68155e-06
0,0,7.3916713e-06
0,0,1.3556451e-05
0,0,9.5242685e-06
0,0,0.006666373
0,0,5.7443867e-06
0,0,6.0674297e-06
0,0,1.7115617e-05
0,0,9.893964e-06
0,0,7.818243e-06
0,0,7.514046e-06
0,0,4.576613e-05
0,0,7.304449e-06
0,0,6.274858e-06
0,0,1.3191059e-05
0,0,4.9835835e-06
0,0,1.0295757e-05
0,0,1.5679392e-05
0,0,3.2775886e-05
0,0,1.1821621e-05
0,0,1.8467003e-05
0,0,0.00017358123
0,0,1.1470495e-05
0,0,1.0679579e-05
0,0,8.725968e-06
0,0,1.0088968e-05
1,0,0.0007804475
0,0,9.425799e-05
0,0,0.00014982012
0,0,1.1012195e-05
0,0,1.2551164e-05
0,0,7.676758e-06
1,0,0.07260138
1,1,0.9999846
0,0,1.2911275e-05
0,0,1.2511178e-05
1,1,0.9999932
0,0,8.596668e-06
1,0,7.3311865e-05
0,0,3.989502e-05
0,0,9.500708e-06
1,1,0.9999249
0,0,0.0033815005
0,0,7.675398e-06
0,0,1.5889244e-05
0,0,7.4092873e-06
0,0,1.4658312e-05
0,0,6.81621e-06
0,0,1.3400971e-05
0,0,5.784296e-06
0,0,6.6914913e-06
0,0,9.571873e-06
0,0,6.2388126e-06
0,0,7.5511425e-06
0,0,1.4333444e-05
0,1,0.99962986
1,0,0.0015242943
0,0,3.1279193e-05
0,0,1.4204145e-05
0,0,7.266617e-06
0,0,6.155329e-06
0,0,1.2569156e-05
0,0,1.641096e-05
0,0,2.5970949e-05
0,0,7.342372e-06
0,0,1.6950455e-05
0,0,1.0502145e-05
0,0,7.4107e-06
0,1,0.9999232
0,0,7.6160654e-06
0,0,0.00012844543
0,0,9.817448e-06
0,0,1.0405095e-05
0,0,5.617128e-06
0,0,0.0045140292
0,0,7.0277306e-06
0,0,1.084274e-05
0,0,8.805307e-06
0,0,6.8163854e-06
0,0,7.3746737e-06
0,0,1.4905737e-05
1,1,0.99997187
0,0,1.6697664e-05
0,0,2.9233825e-05
0,0,8.901922e-06
0,0,1.4796725e-05
0,0,1.1935376e-05
0,0,1.5278549e-05
0,0,1.1544131e-05
1,0,0.038915407
0,0,2.1524138e-05
0,1,0.99986804
0,0,1.2650471e-05
0,0,6.5965137e-06
0,0,1.454943e-05
0,0,1.3495903e-05
0,0,9.181686e-06
0,0,2.0453566e-05
0,0,6.5938348e-06
0,0,6.3165503e-06
0,0,7.667101e-06
1,1,0.9999944
0,0,1.1130277e-05
0,0,1.1486511e-05
0,0,1.39064405e-05
0,0,6.088517e-06
0,0,6.0088787e-06
0,0,9.520028e-06
0,0,8.490545e-06
0,0,2.6457772e-05
0,0,9.54612e-06
0,1,0.989661
0,0,1.1734917e-05
0,0,9.509256e-06
0,0,1.2870251e-05
0,0,1.6259557e-05
0,0,8.901124e-06
0,0,5.728281e-06
0,0,1.6178892e-05
0,0,9.75129e-06
0,0,3.4014403e-05
0,0,2.8197157e-05
1,1,0.99981934
1,1,0.99998057
0,0,1.6e-05
0,0,1.2298925e-05
1,1,0.9999813
0,0,4.4533503e-05
0,0,5.1727793e-06
0,0,2.0245105e-05
0,0,6.604987e-06
0,0,1.0389557e-05
1,1,0.99999416
0,0,6.2802105e-06
0,0,5.429272e-06
0,0,3.836629e-05
0,0,1.3533703e-05
1,1,0.9999889
0,0,8.55814e-06
0,0,8.500696e-06
0,0,7.740487e-06
0,0,8.163372e-06
1,1,0.9999851
0,0,7.347969e-06
0,0,1.0967558e-05
0,0,8.071491e-06
0,0,1.479743e-05
0,0,7.0388846e-06
0,0,1.3857788e-05
0,0,5.5412347e-06
0,0,9.493662e-06
0,0,6.3059506e-06
0,0,1.622842e-05
0,0,0.00010917577
0,0,7.2614216e-06
0,0,1.086024e-05
0,0,7.547962e-05
1,1,0.9999342
1,1,0.99997544
1,1,0.9999919
0,0,9.104477e-06
0,0,5.2753447e-05
0,0,5.8068463e-06
0,0,1.2541113e-05
0,0,1.3368842e-05
0,0,7.1201725e-06
0,1,0.9999627
1,1,0.9999609
1,1,0.9999726
0,0,3.340679e-05
0,0,8.601752e-06
0,0,7.3319948e-06
0,0,5.6710987e-06
0,0,7.718866e-06
0,0,9.332736e-06
0,1,0.9999052
0,0,0.0052771424
0,0,8.569949e-06
0,0,1.17399095e-05
0,0,1.6329264e-05
0,0,1.091197e-05
1,1,0.99998426
0,0,9.0901785e-06
0,0,8.270342e-06
1,1,0.9999573
0,0,7.1742375e-06
0,0,5.3784743e-06
0,0,1.8765113e-05
0,0,9.689349e-06
0,0,0.0012176748
0,0,5.891713e-06
1,0,3.3374094e-05
0,0,5.7790253e-06
0,0,6.622293e-06
0,0,1.0755808e-05
0,0,1.5461708e-05
0,0,1.5469068e-05
0,0,6.8546046e-06
0,0,6.142616e-06
0,0,1.0540997e-05
0,0,1.3725343e-05
0,0,1.0086486e-05
0,0,6.338286e-06
0,0,3.0466646e-05
0,0,7.862292e-06
0,0,1.3178736e-05
0,0,1.2251164e-05
0,0,1.0030563e-05
0,0,0.0067112567
0,0,1.0532818e-05
0,0,2.4636201e-05
0,0,8.269608e-06
0,0,1.0953917e-05
0,0,8.276765e-06
0,0,7.1445843e-06
0,0,8.049345e-06
0,0,1.349486e-05
0,0,1.2605624e-05
0,0,1.3404614e-05
0,0,1.0519748e-05
0,0,1.3748741e-05
1,1,0.9999778
0,1,0.9997793
0,0,6.5460536e-06
0,0,9.905793e-06
0,0,8.562727e-06
0,0,3.6281726e-05
0,0,1.0248764e-05
0,0,9.703905e-06
1,1,0.9998988
0,0,7.399867e-06
0,0,1.3799563e-05
1,1,0.9997217
0,0,1.5802501e-05
0,0,8.589046e-06
0,0,9.330858e-06
0,0,1.6300231e-05
0,0,6.2437525e-06
0,0,8.292613e-06
0,0,1.18245525e-05
0,0,1.1391863e-05
0,0,1.8133656e-05
0,0,1.3522714e-05
1,1,0.9999939
0,0,1.2287694e-05
0,0,7.917868e-06
0,0,6.346209e-06
0,0,7.444489e-06
0,0,6.9643884e-06
0,0,6.4625506e-06
0,0,9.849031e-06
0,0,1.2544236e-05
0,0,1.17745885e-05
0,0,1.7308008e-05
0,0,2.3253202e-05
0,0,6.340045e-06
0,0,6.930142e-06
0,0,6.4067326e-06
0,0,7.7111845e-06
0,0,7.9748015e-06
0,0,3.8271242e-05
0,0,6.6055095e-06
0,0,6.9228363e-06
1,0,1.3369939e-05
0,0,7.3668643e-06
0,0,6.802151e-06
0,0,6.2797135e-06
0,0,7.739852e-06
0,0,6.4128512e-06
0,1,0.99963737
0,0,9.380178e-06
0,0,5.464506e-06
0,0,9.240903e-06
0,0,5.19273e-05
0,0,1.8389572e-05
0,0,2.3561806e-05
0,0,9.38416e-06
0,0,1.6851234e-05
0,0,8.992917e-06
0,0,1.0420825e-05
0,0,8.741943e-06
0,0,6.9583402e-06
0,0,6.965411e-06
0,0,9.948795e-06
0,0,2.4240344e-05
0,0,0.00022465143
0,0,1.6822863e-05
0,0,6.321461e-06
0,0,6.4906535e-06
0,0,7.0238107e-06
0,0,0.00029090597
0,0,6.1945198e-06
0,0,7.4206505e-06
1,0,1.5450596e-05
0,0,6.770716e-06
0,0,5.91507e-05
0,0,6.3156945e-06
0,0,7.469378e-06
0,0,1.2786536e-05
0,0,2.0017686e-05
0,0,2.2718086e-05
0,0,7.5211583e-06
0,0,1.3409741e-05
0,0,6.1228366e-06
0,0,6.9155044e-06
0,0,1.1927649e-05
0,0,9.056286e-06
0,0,2.3601704e-05
0,0,6.1506703e-06
0,0,1.0373547e-05
0,0,1.4858206e-05
0,0,7.079055e-06
0,0,1.0133759e-05
0,0,6.4792375e-06
0,0,2.4269531e-05
0,0,1.0803589e-05
0,0,4.0588307e-05
0,0,0.0002501407
0,0,7.860912e-06
0,0,5.251713e-06
0,0,3.4595992e-05
0,0,1.5205984e-05
1,1,0.99999475
0,0,9.338844e-06
0,0,1.4780562e-05
0,0,1.10825085e-05
0,0,6.4721967e-06
0,0,7.2453727e-06
0,0,2.1555708e-05
0,0,9.390302e-06
0,0,7.864053e-06
0,0,8.217869e-06
0,0,8.901277e-06
0,0,9.595718e-06
0,0,3.8660186e-05
0,0,1.2842578e-05
0,0,6.1011297e-06
0,0,1.7118718e-05
0,0,1.1373876e-05
0,0,1.1744971e-05
0,0,1.1082972e-05
0,0,1.9931547e-05
0,0,7.211334e-06
0,0,8.635287e-06
0,0,8.142091e-06
0,0,6.59698e-06
0,0,8.366161e-06
0,0,0.00021446915
1,1,0.99994946
0,0,7.672045e-06
0,0,1.6806041e-05
0,0,7.822174e-06
0,0,1.2213812e-05
1,1,0.9999666
0,0,0.117559694
0,0,1.4985653e-05
0,0,1.09590155e-05
0,0,0.05990331
0,0,1.7072729e-05
0,0,0.00036602517
0,0,1.1637857e-05
1,1,0.99999225
0,0,9.1810125e-06
1,1,0.99996066
0,0,9.740768e-06
0,0,1.4341894e-05
0,0,6.8544814e-06
1,1,0.99999475
1,1,0.9999949
1,1,0.9999914
0,0,2.6668331e-05
0,0,7.4358604e-06
0,0,5.2348223e-06
0,0,9.213114e-06
0,0,2.0873445e-05
0,0,1.2015284e-05
0,0,3.1455922e-05
0,0,7.965893e-06
0,0,7.1412946e-06
0,0,2.0418742e-05
0,0,5.104016e-05
0,0,1.2263554e-05
0,0,8.956815e-06
0,1,0.99980384
0,0,6.866375e-06
0,0,9.062291e-06
0,0,7.12005e-06
0,0,7.241297e-06
0,0,2.0187039e-05
0,0,8.478747e-06
0,0,1.1271478e-05
0,0,1.5608126e-05
0,0,8.53333e-06
1,1,0.8934244
0,0,1.5820475e-05
0,0,7.406334e-06
0,0,8.1939315e-06
0,0,9.339503e-06
0,0,4.706118e-06
0,0,9.252577e-06
0,0,7.0351402e-06
0,0,0.0017164047
1,0,0.4338674
0,0,1.3462404e-05
0,0,1.6121428e-05
0,0,0.0004742926
0,0,7.710295e-06
0,0,1.3399502e-05
0,0,0.049477898
0,0,2.3318422e-05
0,0,7.369134e-06
0,0,6.367591e-06
0,0,8.998288e-06
1,1,0.9999951
0,0,1.0598269e-05
0,0,1.1544957e-05
0,0,1.1586948e-05
0,0,1.3345785e-05
0,0,6.0487223e-06
0,0,1.0328159e-05
0,0,9.910556e-06
0,0,5.5052144e-05
0,0,1.7132013e-05
0,0,9.764728e-06
0,0,9.314944e-06
0,0,2.2034368e-05
0,0,9.101837e-06
0,0,5.3420868e-06
0,0,1.619104e-05
0,0,9.858935e-06
0,0,1.0811413e-05
0,0,1.2237128e-05
0,0,5.289921e-06
0,0,4.113336e-05
0,0,7.891407e-06
0,0,1.127308e-05
0,0,6.8559316e-06
0,0,2.1818722e-05
0,0,7.594365e-06
0,0,8.886053e-06
1,0,0.16253263
0,0,2.2980019e-05
0,0,2.3030636e-05
0,0,1.712112e-05
0,0,2.5931005e-05
0,0,2.3920633e-05
0,0,9.4184e-06
0,0,1.1537064e-05
0,0,7.161058e-06
0,0,7.521029e-06
0,0,1.9482939e-05
0,0,8.195072e-06
0,0,7.536394e-06
0,0,0.000109446366
0,0,6.815105e-06
0,0,8.896924e-06
0,0,5.5756104e-06
0,0,3.0002273e-05
0,0,1.0119254e-05
0,0,5.3788126e-06
0,1,0.99976355
0,0,1.5842186e-05
1,1,0.9998876
0,0,5.80977e-05
0,0,6.78125e-06
0,0,1.0804166e-05
0,0,1.0026097e-05
0,0,1.2629666e-05
0,0,5.5099863e-06
0,0,7.855224e-06
0,0,5.2714836e-06
0,0,1.5531274e-05
0,0,1.9292516e-05
0,0,7.77463e-06
0,0,5.8425867e-06
0,0,6.410742e-06
0,0,0.00066812616
0,0,6.6804732e-06
0,0,6.577881e-06
0,0,1.2570055e-05
0,0,1.3751443e-05
0,0,1.3228526e-05
1,1,0.9807067
0,0,6.833178e-06
0,0,1.4129837e-05
0,0,6.7239043e-06
0,0,9.494132e-06
0,0,9.690689e-05
0,0,6.7946366e-06
0,0,4.0106504e-05
0,0,4.2750282e-05
0,0,7.804047e-06
0,0,2.8255303e-05
1,1,0.99997103
0,0,8.126104e-06
0,0,9.487933e-06
0,0,7.309034e-06
0,0,1.5737292e-05
0,0,7.431819e-06
0,0,2.0731326e-05
0,0,8.44636e-06
0,0,2.1409962e-05
0,0,7.2857683e-06
0,0,8.040698e-06
1,1,0.9999865
0,0,1.2976947e-05
0,0,1.0177963e-05
0,0,7.790112e-06
0,0,5.539042e-06
0,0,1.1519013e-05
0,0,7.6119704e-06
0,0,5.0382573e-06
0,0,3.7494156e-05
0,0,7.875348e-06
0,0,2.2736855e-05
0,0,1.2414929e-05
0,0,5.1873767e-06
0,0,7.79521e-06
0,1,0.99853826
0,0,1.1845941e-05
0,0,7.5248604e-06
1,1,0.99999404
0,0,1.0221404e-05
0,0,6.2981435e-06
0,0,3.324116e-05
0,0,5.755211e-06
0,0,8.752854e-06
0,0,1.065926e-05
1,0,0.0028628933
0,0,1.6899256e-05
0,0,9.619467e-06
0,0,1.9642202e-05
0,0,8.963207e-06
0,0,2.2626755e-05
0,0,9.336395e-06
1,1,0.99901676
0,0,9.718704e-06
0,0,9.290066e-06
0,0,8.709938e-06
0,0,1.43943735e-05
0,0,7.166428e-06
1,1,0.9999949
0,0,1.9245734e-05
0,0,8.762926e-06
1,1,0.9999926
0,0,9.231197e-06
0,0,1.3330293e-05
0,0,6.984075e-06
0,0,1.0047087e-05
0,0,5.0357932e-05
0,0,8.919786e-06
0,0,6.158365e-06
0,0,3.8603004e-05
0,0,1.0873671e-05
0,0,2.9189529e-05
0,0,1.2654079e-05
1,1,0.9999937
0,0,0.00010315405
0,0,8.307978e-06
0,0,8.784707e-06
1,0,0.022285447
0,0,8.467959e-06
0,0,8.3340055e-06
0,0,6.232021e-06
0,0,9.170599e-06
0,0,1.0140004e-05
0,0,6.692525e-06
1,1,0.9999546
0,0,8.50394e-06
0,0,1.1015041e-05
0,1,0.9999156
0,0,8.524385e-06
0,0,7.026953e-06
0,0,7.968894e-06
0,0,5.8276173e-06
0,0,5.3528016e-05
0,0,7.3768824e-06
0,0,8.509578e-06
0,0,1.277598e-05
0,0,1.361347e-05
0,0,6.497738e-06
0,0,7.2427197e-06
0,0,6.4783353e-06
0,0,7.093847e-06
0,0,8.122277e-06
0,0,4.9075657e-06
1,1,0.99996626
0,0,1.1794559e-05
0,0,1.814909e-05
0,0,6.9545454e-06
0,0,9.46497e-06
0,0,8.708775e-06
0,0,5.843278e-06
0,0,1.1255012e-05
0,0,1.1685513e-05
0,0,2.6150838e-05
0,0,1.0667141e-05
0,0,1.736546e-05
0,0,1.5167475e-05
0,0,5.388326e-06
0,0,0.024892876
1,1,0.9984902
1,1,0.9998889
0,0,6.075501e-06
0,0,7.34703e-06
0,0,1.3531613e-05
0,0,1.0331972e-05
0,0,1.01058195e-05
1,1,0.9998758
0,0,1.00597135e-05
0,0,1.7480357e-05
0,0,3.8132475e-05
1,1,0.9999862
0,0,2.9204175e-05
0,0,1.1873367e-05
0,0,8.319108e-06
1,1,0.9999665
0,0,5.730166e-06
0,0,1.0812793e-05
0,0,7.3369756e-06
0,1,0.99994004
0,0,1.600815e-05
0,0,9.66399e-06
0,0,9.134995e-06
0,0,6.235779e-06
0,0,9.450954e-06
0,0,1.3662814e-05
0,0,1.5383392e-05
0,0,7.7101995e-06
0,0,1.4754563e-05
0,0,9.381807e-06
0,0,1.2714598e-05
0,0,1.1093876e-05
0,0,1.3786659e-05
0,0,1.1118141e-05
0,0,1.810556e-05
0,0,7.715363e-06
0,0,1.426141e-05
0,0,6.255312e-05
1,1,0.9999939
0,0,0.0036479828
0,0,6.9142584e-06
0,0,2.1101332e-05
0,0,0.00021081048
0,0,1.548309e-05
0,0,2.4900224e-05
0,0,1.1215134e-05
0,0,1.138006e-05
0,0,8.110976e-06
1,1,0.99991524
0,0,5.4652983e-06
0,1,0.9999782
0,0,1.3683051e-05
1,0,0.00018672628
0,0,1.1329966e-05
0,0,1.4545379e-05
0,0,7.795567e-06
0,0,5.7874304e-06
0,0,8.533542e-06
0,0,1.5729776e-05
1,1,0.9999944
0,0,8.58446e-06
0,0,6.8591557e-06
0,0,1.3810188e-05
0,0,0.021839332
0,0,1.48539275e-05
0,0,2.5949212e-05
0,0,1.1918132e-05
1,1,0.99994457
0,0,0.00010349407
0,0,8.849595e-06
0,0,2.7535849e-05
0,0,7.576258e-06
0,0,3.5622907e-05
0,0,6.1838423e-06
0,0,2.5139037e-05
0,0,1.2910118e-05
0,0,5.076329e-06
0,0,7.303209e-06
0,0,1.1210556e-05
1,1,0.9999933
1,1,0.99999416
0,0,6.7019014e-06
0,0,7.413528e-06
0,0,8.666669e-06
1,1,0.9997695
0,0,7.711375e-05
0,0,1.0175062e-05
0,0,1.7415645e-05
0,0,1.1922009e-05
1,1,0.99998975
0,0,1.9487119e-05
0,0,7.4578757e-06
0,0,8.170475e-06
0,0,1.0412848e-05
0,0,1.3220429e-05
1,1,0.9999529
0,0,1.0531723e-05
0,0,6.5706963e-06
0,0,1.069448e-05
0,0,1.3469864e-05
0,0,1.838729e-05
0,0,7.121354e-06
0,0,1.3872967e-05
0,0,9.09604e-06
0,0,1.2109774e-05
0,0,9.823928e-06
0,0,5.584002e-05
0,0,6.8272698e-06
0,0,6.7041838e-06
0,0,9.180435e-06
0,0,0.038125914
0,0,2.6360332e-05
0,0,4.917034e-06
1,1,0.99998546
0,0,8.964676e-06
1,1,0.9999852
0,0,8.024987e-06
0,0,3.16718e-05
0,0,7.63022e-06
0,0,5.017098e-06
0,0,8.876076e-06
0,0,6.966388e-06
0,0,5.1654097e-06
0,0,7.189477e-06
0,0,1.4799208e-05
0,0,5.2212323e-05
0,0,2.9802317e-05
0,0,1.0817446e-05
0,0,6.499833e-06
0,0,2.2134025e-05
0,0,7.2670464e-06
0,0,8.229265e-06
0,0,8.757797e-06
0,0,3.1787753e-05
1,0,0.00043169115
0,0,1.02877875e-05
0,0,6.359441e-06
0,0,3.9497318e-05
0,0,7.2738767e-06
0,0,8.968969e-06
1,1,0.99999356
0,0,3.1000403e-05
0,0,2.6960815e-05
0,0,0.00017811482
0,0,7.02077e-06
1,1,0.9999869
0,0,6.4296128e-06
0,0,5.147391e-05
0,0,2.4965044e-05
0,0,1.3375269e-05
1,1,0.9999943
0,0,1.2871859e-05
0,0,7.729864e-06
0,0,8.549589e-06
0,0,2.3272503e-05
0,0,6.3792e-06
0,0,6.618859e-05
0,0,3.678557e-05
0,0,6.092676e-06
0,0,0.00012683086
0,0,5.0359326e-06
0,0,1.2112928e-05
0,0,2.2580949e-05
0,0,6.165058e-06
0,0,5.4667685e-06
0,0,8.307074e-06
0,0,7.460778e-06
0,0,5.510822e-06
0,0,9.740444e-06
0,0,9.975056e-05
0,0,2.8518023e-05
0,0,3.3890625e-05
0,0,7.5882185e-06
0,0,8.8296e-06
0,0,1.5291274e-05
0,0,9.274257e-06
0,0,6.199342e-06
0,0,8.407928e-06
0,1,0.9088174
0,0,4.7919504e-05
0,0,5.8688056e-06
1,1,0.9999237
0,0,1.2598701e-05
1,0,1.1630899e-05
0,0,2.0880854e-05
0,0,9.054542e-06
0,0,9.819535e-06
0,0,5.5716664e-06
0,0,1.0992469e-05
0,0,1.2963242e-05
0,0,8.144054e-05
0,0,5.4163843e-06
0,0,1.1226113e-05
0,0,5.5159794e-06
0,0,7.145348e-06
0,0,9.059542e-06
0,0,9.013755e-06
0,0,2.8687275e-05
0,0,8.4286345e-05
0,0,6.481122e-06
0,0,9.628893e-06
0,0,7.833528e-06
0,0,1.488599e-05
1,1,0.9999378
1,1,0.9999949
0,0,1.0669531e-05
0,0,1.0216941e-05
0,0,9.7032935e-06
0,0,8.8673705e-06
0,0,1.7796126e-05
0,0,1.1068312e-05
0,0,2.309034e-05
1,1,0.9999827
0,0,7.977083e-06
0,0,1.6560236e-05
0,0,1.9216865e-05
0,0,2.1265934e-05
1,1,0.9999869
0,0,6.6690914e-06
0,0,0.00012897773
0,0,1.1913929e-05
0,0,7.3977994e-06
0,0,8.724271e-06
0,0,5.1850775e-06
1,1,0.99999297
0,0,9.544317e-06
0,0,7.105568e-06
0,0,7.4023656e-06
0,0,1.36430635e-05
0,0,1.0735455e-05
0,0,6.2862205e-06
0,0,1.9266628e-05
0,0,7.747074e-06
0,1,0.9999548
0,0,1.2332693e-05
0,0,8.553064e-06
0,0,1.4542658e-05
0,0,1.0377596e-05
0,0,6.285082e-06
0,0,9.43083e-06
0,0,0.000964736
0,0,9.9817335e-06
0,0,8.440973e-06
0,0,1.7385495e-05
0,0,6.484776e-06
0,0,1.0449703e-05
1,1,0.9999858
0,0,1.291593e-05
0,0,1.0700335e-05
0,0,1.3614249e-05
0,0,6.7774417e-06
0,0,6.4683218e-06
0,0,1.0817446e-05
0,0,9.4594125e-06
1,1,0.9999882
0,0,1.15576695e-05
0,0,7.742296e-06
0,0,1.27263165e-05
0,0,1.2176873e-05
0,0,7.3664355e-06
0,0,3.4704248e-05
0,0,5.8689457e-06
1,1,0.99998486
0,0,9.773038e-06
0,0,1.9714078e-05
1,1,0.99999034
0,0,5.5569094e-06
0,0,8.3657615e-06
0,0,1.3924183e-05
0,0,1.0642724e-05
0,0,1.2030121e-05
0,0,1.8061015e-05
0,0,1.1539618e-05
0,0,1.4339445e-05
0,0,1.5903886e-05
0,0,3.5757686e-05
0,0,6.723385e-06
0,0,1.5292091e-05
0,0,7.866469e-06
1,0,0.0007933726
0,0,1.0633776e-05
0,0,1.3672342e-05
0,0,6.4629944e-06
0,0,3.2412343e-05
0,0,6.8478753e-06
0,0,7.2052917e-06
0,0,1.4527204e-05
0,0,6.921027e-06
0,0,1.2233953e-05
0,0,2.467201e-05
0,0,8.542043e-05
0,0,1.1349453e-05
0,0,1.0134581e-05
0,0,8.4090934e-05
0,1,0.99987626
0,0,1.8559356e-05
0,0,7.044949e-06
0,0,0.0010337172
1,0,7.7204095e-05
0,0,6.33347e-06
0,0,0.047124896
0,0,0.006893208
0,0,7.263589e-06
0,0,6.7462624e-06
0,0,1.8322262e-05
0,0,1.0863472e-05
0,0,3.8125203e-05
0,0,7.301649e-06
0,0,0.0011112478
0,0,1.4488435e-05
0,0,1.3308431e-05
0,0,1.146013e-05
0,0,0.20563126
0,0,1.2522673e-05
0,0,9.539577e-06
0,0,9.163833e-06
0,0,2.2032602e-05
0,0,7.0521487e-06
1,1,0.9999931
0,0,6.862918e-06
0,0,2.2362148e-05
0,0,7.2698053e-06
0,0,2.0605492e-05
0,0,6.303407e-06
0,0,1.10110295e-05
0,0,0.0043999017
0,0,9.471761e-06
0,0,5.4107104e-06
0,0,8.0742735e-05
0,0,1.5033462e-05
0,0,6.983682e-06
0,0,1.1308872e-05
0,0,1.0218967e-05
0,0,1.0788127e-05
0,0,1.1317806e-05
0,0,9.0585145e-06
0,0,2.5135321e-05
0,0,1.3775461e-05
0,0,6.2925665e-06
1,1,0.9999647
0,0,6.189441e-06
0,0,1.4155801e-05
0,0,6.91811e-06
0,0,7.757743e-06
0,0,8.143419e-06
0,0,1.871739e-05
0,0,1.0903349e-05
0,0,3.0609986e-05
0,1,0.9999639
0,0,8.7400085e-06
0,1,0.9993349
0,0,2.4629198e-05
0,0,1.650359e-05
0,0,6.4002293e-06
0,0,7.246036e-06
0,0,1.0706522e-05
0,0,1.05177605e-05
0,0,7.725788e-06
0,0,8.392052e-06
0,0,6.513534e-06
0,0,7.793047e-06
1,1,0.99999464
0,0,8.273986e-06
0,0,6.0735892e-06
0,0,7.794191e-06
0,1,0.999627
0,0,6.264078e-06
0,0,4.3930246e-05
0,0,7.9425745e-06
0,0,7.989584e-06
0,0,0.0006533287
0,0,1.1378693e-05
0,0,5.9809395e-06
0,1,0.9908179
0,0,1.0263474e-05
0,0,1.04308365e-05
0,1,0.9985135
0,0,1.4097804e-05
0,0,9.555721e-06
0,0,2.80087e-05
0,0,1.886205e-05
1,1,0.99993515
1,1,0.99999404
0,0,3.1900174e-05
0,0,6.4174706e-06
0,0,1.0067824e-05
0,0,9.582587e-06
0,0,1.0545078e-05
0,0,1.5836567e-05
0,0,6.0705275e-05
0,0,8.488254e-06
0,0,1.693533e-05
0,0,0.07180892
0,0,7.933671e-06
0,1,0.9999769
0,0,1.2347273e-05
0,1,0.9987878
0,0,2.8289438e-05
0,0,1.3702416e-05
1,1,0.99999094
0,0,1.0316849e-05
0,0,7.3735487e-06
0,0,6.368539e-06
0,0,0.0026266526
1,1,0.9997019
0,0,3.135511e-05
0,0,6.355373e-06
0,0,3.6176174e-05
0,0,0.0034676788
1,0,0.021814827
0,0,7.375462e-06
0,0,8.916707e-06
0,0,6.814754e-06
1,1,0.9999937
0,0,1.2435879e-05
0,0,8.681187e-06
0,0,1.1015367e-05
0,0,8.9196665e-06
1,1,0.99998546
0,0,7.91441e-06
1,1,0.99998426
0,0,9.058791e-06
0,0,7.907733e-06
0,0,9.685376e-06
0,0,9.021925e-06
0,0,2.2184895e-05
0,0,6.8708423e-06
0,0,1.0750188e-05
0,0,6.4924616e-06
0,0,1.9584257e-05
0,0,6.9680823e-06
0,0,3.693112e-05
0,0,1.24344215e-05
0,0,9.756434e-06
0,0,2.596139e-05
0,0,1.48493955e-05
0,0,1.2722155e-05
0,1,0.94786716
0,0,0.00042183656
0,0,1.4307223e-05
1,0,4.250933e-05
0,0,6.84576e-06
0,0,7.678318e-06
0,0,8.6443815e-06
0,0,9.516505e-06
0,0,1.153338e-05
1,1,0.9999925
1,1,0.9999939
0,0,2.7052967e-05
0,0,1.9139683e-05
1,0,2.178851e-05
0,0,6.276624e-06
0,0,4.617924e-05
1,1,0.99994326
0,0,1.176268e-05
0,0,1.3221184e-05
0,0,3.0200114e-05
0,0,6.9912585e-06
0,0,1.0333272e-05
0,0,6.812655e-06
0,0,9.808464e-06
0,0,7.856497e-06
0,0,1.5311529e-05
0,0,7.685432e-06
1,1,0.9997969
0,1,0.9994438
0,0,8.486974e-06
0,0,7.5360786e-06
0,0,7.595147e-06
0,0,8.6402615e-06
0,0,1.0284913e-05
0,0,8.879252e-06
0,0,1.6263697e-05
1,1,0.9999819
0,0,2.2696648e-05
0,0,5.248809e-06
0,0,1.2814709e-05
0,0,6.2588647e-06
0,0,1.5577018e-05
0,0,1.0087468e-05
0,0,1.1793739e-05
0,0,5.948884e-06
0,0,7.5136736e-06
1,1,0.9999639
0,0,8.919546e-06
0,1,0.9998853
0,0,7.1499626e-06
0,0,9.537148e-06
0,0,1.0618007e-05
0,0,5.2925272e-05
0,0,0.00019751413
0,0,2.0741489e-05
0,0,1.1948917e-05
0,0,6.543432e-06
0,0,1.3874106e-05
0,0,1.3085436e-05
0,0,6.523182e-06
0,0,5.4804555e-06
0,0,5.780811e-06
0,0,6.6306225e-06
1,1,0.99999475
0,1,0.999589
0,0,0.00018507126
0,0,5.362505e-06
0,0,8.195447e-06
0,0,1.564243e-05
0,0,7.377516e-06
0,0,4.1426872e-05
0,0,2.232452e-05
0,0,3.706343e-05
0,0,5.771039e-06
0,0,1.3539423e-05
0,0,2.297235e-05
0,0,1.0436369e-05
0,0,7.3347466e-05
0,0,1.2216839e-05
0,0,1.7417506e-05
0,0,7.4826744e-06
0,0,1.570323e-05
0,0,0.0002564564
1,1,0.999887
0,0,2.1735901e-05
0,0,1.587849e-05
0,1,0.99981135
0,0,1.0842419e-05
0,1,0.9251587
1,1,0.9999862
0,0,5.8645087e-06
0,0,1.38714995e-05
0,0,2.143493e-05
0,0,2.4942507e-05
0,0,7.0886003e-06
1,1,0.9999784
0,0,7.707686e-06
0,0,2.6506337e-05
0,0,0.0001749317
0,0,5.740186e-06
0,0,7.81887e-06
0,0,7.2282223e-06
0,0,3.190203e-05
0,0,1.08535105e-05
0,0,5.996056e-06
0,0,2.3254135e-05
0,0,1.1532181e-05
0,0,6.902149e-06
1,1,0.9999925
0,0,1.1313186e-05
0,0,8.231715e-06
0,0,0.007465228
0,0,8.336995e-06
0,0,8.662786e-06
0,0,1.4466072e-05
0,0,7.881036e-06
0,0,2.7956821e-05
0,0,3.304492e-05
0,0,2.5402902e-05
0,0,1.1592144e-05
1,1,0.9995808
0,0,1.4657738e-05
0,0,4.6287045e-05
0,0,7.6146785e-06
0,0,6.564032e-06
0,0,7.890753e-06
0,0,1.5876309e-05
0,0,0.09881553
0,0,1.10600395e-05
0,0,1.15836565e-05
0,1,0.98539644
0,0,7.04798e-06
0,0,9.717379e-06
0,0,7.975973e-06
0,0,9.826458e-06
0,0,6.732021e-06
0,0,7.660391e-06
0,0,1.873759e-05
0,0,1.0760548e-05
0,0,1.1941854e-05
0,0,1.0337905e-05
0,0,1.817067e-05
0,0,9.0367275e-06
0,0,0.0030924706
0,0,3.8065842e-05
0,0,7.704502e-06
0,0,0.0007063104
1,1,0.99998224
1,1,0.99932563
0,0,1.8179091e-05
0,0,2.761532e-05
0,0,6.9130583e-06
0,0,7.455543e-06
1,0,0.00027157657
0,0,1.0457489e-05
0,0,9.708792e-06
1,0,4.9575538e-05
0,0,5.5947485e-06
0,0,1.9933259e-05
0,0,7.128488e-06
0,0,9.937719e-06
0,0,1.9856512e-05
0,0,6.940896e-06
0,0,1.23828495e-05
0,0,1.17143e-05
0,0,6.317243e-06
0,0,0.0012747895
0,0,1.6669868e-05
1,1,0.9999938
0,0,1.13436645e-05
0,0,6.457314e-06
0,0,9.505966e-06
1,1,0.99999475
0,0,9.164304e-05
1,1,0.9877791
0,0,2.1622274e-05
0,0,8.653224e-06
0,0,1.3505894e-05
0,0,8.956764e-05
0,0,1.0117671e-05
0,0,1.5945026e-05
0,0,6.222092e-06
0,0,0.00011161328
0,0,7.2000707e-06
0,0,8.521182e-06
0,1,0.99977297
0,0,5.640346e-05
0,0,2.6151734e-05
0,0,1.387883e-05
0,0,1.0021996e-05
0,0,7.754961e-06
0,0,1.28927195e-05
0,0,1.8019467e-05
0,0,7.3284027e-06
0,0,1.2134166e-05
0,0,9.257415e-06
0,0,1.1789926e-05
0,0,2.5038144e-05
1,1,0.9999944
0,0,1.0730521e-05
0,0,0.0014255715
0,0,1.1165508e-05
1,1,0.9999653
0,0,6.073624e-06
0,0,1.6181624e-05
0,0,5.1763964e-06
0,1,0.9998369
0,0,6.57131e-06
0,0,6.658523e-06
0,0,8.052339e-06
0,0,8.503624e-06
0,0,1.2237921e-05
0,0,1.1475179e-05
0,0,7.9565805e-05
0,0,6.6094985e-06
0,0,6.1177934e-06
0,0,9.208353e-06
0,0,8.608646e-06
0,0,2.742892e-05
0,0,1.2230547e-05
0,0,1.0194486e-05
0,0,1.2116485e-05
0,1,0.9997664
0,0,7.4173506e-05
0,0,8.529866e-06
0,0,7.5031476e-06
1,1,0.99998796
0,0,9.07246e-06
0,1,0.52369386
0,0,9.6218155e-06
1,1,0.9997942
0,0,1.9646923e-05
0,0,2.5840163e-05
0,0,9.706839e-06
1,1,0.9999913
0,0,9.882365e-06
0,0,6.62074e-06
0,0,5.6902873e-06
0,0,9.161282e-06
0,0,5.4906673e-06
0,0,5.274858e-06
0,0,1.0717821e-05
0,0,5.4611563e-05
0,0,8.291007e-06
0,0,7.04589e-06
1,1,0.99998665
1,1,0.9999621
0,0,9.872211e-06
0,0,2.6858219e-05
1,1,0.9999945
0,0,8.980062e-06
0,0,1.6620992e-05
0,0,7.3379833e-06
0,0,1.9166919e-05
0,0,1.1779497e-05
0,0,1.460473e-05
0,0,6.891888e-06
0,0,1.0303793e-05
0,0,7.273578e-06
0,0,1.3443082e-05
0,0,9.498579e-06
0,0,5.734928e-06
0,0,3.8669437e-05
0,0,1.02610375e-05
0,0,9.045601e-06
0,0,0.0015413052
0,0,1.0027301e-05
0,0,1.406403e-05
1,1,0.9999925
0,0,2.5777326e-05
1,1,0.99998164
0,0,6.1741484e-06
0,0,1.746228e-05
1,1,0.99996483
0,0,9.657834e-06
0,0,1.3678941e-05
0,0,9.211656e-06
0,0,1.6097232e-05
1,1,0.9998368
0,0,7.754111e-06
0,0,6.451036e-06
0,1,0.999987
0,0,1.2533725e-05
0,0,1.1186314e-05
0,0,4.3064454e-05
0,0,1.9042933e-05
0,0,6.5576874e-06
0,0,6.3239095e-06
0,0,7.686664e-06
0,0,1.2397466e-05
0,0,6.987839e-06
1,1,0.99999344
0,0,1.1341425e-05
0,0,6.419809e-06
0,0,1.997817e-05
1,1,0.9962997
0,0,2.250697e-05
1,1,0.9999864
0,0,1.2148733e-05
0,1,0.99998784
0,0,6.870587e-06
0,0,6.3134603e-06
0,0,4.6503715e-06
0,1,0.9992036
0,0,7.3495808e-06
0,0,1.0424543e-05
1,1,0.9999912
0,0,7.668709e-06
0,0,1.3373789e-05
0,0,6.01829e-06
0,0,2.3500703e-05
0,0,1.2742128e-05
0,0,1.31662255e-05
0,0,1.0038773e-05
0,0,1.1020379e-05
0,0,1.3490459e-05
0,0,9.071612e-06
0,0,9.2799455e-06
0,0,9.618046e-06
0,0,1.786581e-05
0,0,9.835224e-06
0,0,8.048309e-06
0,0,1.3799168e-05
0,0,2.2079214e-05
0,0,5.6979225e-06
0,0,9.135666e-06
0,0,4.562803e-05
0,0,6.744622e-06
0,0,7.4517116e-06
0,0,1.2326191e-05
0,0,1.826034e-05
0,0,3.8494414e-05
0,0,2.0038924e-05
0,0,2.428949e-05
0,0,1.1036459e-05
0,0,6.739793e-06
0,0,1.6953009e-05
0,0,7.833797e-06
0,0,7.594995e-06
0,0,9.751532e-06
1,1,0.99998593
0,0,9.868154e-06
1,1,0.9999809
0,0,9.915141e-05
0,0,6.6649973e-06
0,0,1.1658373e-05
0,0,1.0571278e-05
0,0,1.8871191e-05
0,0,7.621985e-05
0,0,1.2363132e-05
0,0,7.988457e-06
1,0,0.2612088
0,0,1.040715e-05
0,0,6.6029465e-06
0,0,8.1698045e-06
1,1,0.9999939
0,0,7.213307e-06
0,0,6.8990694e-06
0,0,1.3281896e-05
0,0,4.9601886e-06
0,0,7.5232815e-06
0,0,1.0614858e-05
0,1,0.99998415
0,1,0.99860054
0,0,7.031424e-06
0,0,8.462427e-05
0,0,7.3989427e-06
0,0,7.585324e-06
0,0,1.2539774e-05
1,1,0.9996246
0,0,6.1471515e-06
1,1,0.9999919
1,1,0.99999464
0,0,4.7004437e-06
0,0,0.00012249293
1,1,0.9999068
0,0,1.0546809e-05
0,0,5.6784916e-06
0,0,8.263869e-06
0,0,1.8682971e-05
0,0,6.329775e-06
0,0,6.2273575e-06
0,0,1.4594331e-05
0,0,6.6009698e-06
0,0,8.6663795e-06
0,0,5.3674316e-06
0,0,2.6689013e-05
0,0,7.8071125e-06
0,0,6.943346e-06
0,0,4.1225645e-05
0,0,1.2559259e-05
1,1,0.9996513
0,0,1.0574625e-05
0,0,1.583989e-05
0,0,0.0001550304
0,0,1.9693163e-05
0,0,7.8291e-06
0,0,6.989372e-06
0,0,5.886709e-06
1,1,0.9995721
0,0,1.6717006e-05
0,0,6.0801035e-06
0,0,8.782688e-06
0,0,1.3189901e-05
0,0,9.129761e-06
0,0,1.4146043e-05
0,0,6.963903e-06
0,0,5.8706028e-06
0,0,0.00013557287
0,0,7.591164e-06
1,1,0.99999404
0,0,5.424903e-06
0,0,5.4534635e-06
0,0,1.1212353e-05
0,0,1.4252232e-05
0,0,7.7464165e-06
1,1,0.9999937
0,0,7.2691264e-06
0,0,1.1224657e-05
1,1,0.9999882
0,0,8.736975e-06
0,0,2.3572124e-05
0,0,0.009153347
0,0,5.143721e-06
0,0,2.2435246e-05
0,0,6.921357e-06
0,0,7.3685437e-06
0,0,7.747806e-06
0,0,7.7118166e-05
0,0,1.1888878e-05
0,0,6.503776e-06
0,0,1.4383834e-05
0,0,9.657891e-06
0,0,7.2246726e-06
0,0,9.492595e-05
0,1,0.9513111
1,0,6.229928e-05
0,0,1.1768695e-05
0,0,1.0510381e-05
0,0,0.00015464153
0,0,1.1792221e-05
1,1,0.9999844
0,0,8.539828e-06
0,0,9.0700205e-06
0,0,9.016042e-06
0,0,9.947705e-06
1,1,0.99937636
0,0,2.67938e-05
0,0,6.582795e-06
0,0,1.9666119e-05
0,0,1.4310662e-05
0,0,5.308477e-06
0,0,7.995072e-06
0,0,5.255691e-06
1,1,0.9999813
0,0,2.072494e-05
0,0,2.8590044e-05
0,1,0.9997831
0,0,8.593053e-06
0,0,1.5246803e-05
0,0,7.722753e-06
0,0,1.2149034e-05
0,0,1.9551824e-05
0,0,1.1497108e-05
0,0,1.0104065e-05
1,1,0.9999913
0,0,1.0812742e-05
0,0,2.7815322e-05
0,0,1.1247169e-05
0,0,7.0234555e-06
0,0,4.450413e-05
0,0,1.0404529e-05
0,0,1.2473709e-05
0,0,1.1351067e-05
0,0,1.11110185e-05
0,0,7.400227e-06
0,0,8.44876e-06
0,0,1.662074e-05
0,0,6.5577688e-06
0,0,1.87647e-05
0,0,6.555011e-06
0,0,1.2674854e-05
0,0,5.738008e-06
0,0,0.00014854698
0,0,7.714098e-06
0,0,0.00032570338
1,1,0.9999651
0,0,2.0529724e-05
0,0,8.506714e-06
0,0,1.0292243e-05
0,0,1.5653024e-05
0,0,1.1123253e-05
1,1,0.9999647
1,1,0.9999943
0,1,0.6054149
1,1,0.9999944
0,0,8.537873e-06
0,0,6.6852153e-06
0,0,9.571791e-06
0,0,5.9126338e-05
0,0,5.78753e-06
0,0,7.701292e-06
0,0,3.9819995e-05
0,0,6.4135916e-06
0,0,7.832334e-06
0,0,8.305363e-06
0,0,7.1139957e-06
0,0,9.546412e-06
0,0,1.452316e-05
0,0,1.8577453e-05
0,0,2.5319272e-05
0,0,6.7973588e-06
0,0,2.1545473e-05
0,0,2.113172e-05
0,0,1.2377689e-05
0,0,1.6542903e-05
1,1,0.99999166
0,1,0.9629468
1,0,2.3854707e-05
0,0,9.341471e-06
0,0,1.5492013e-05
0,0,1.0473519e-05
0,0,1.1742685e-05
0,0,2.6796612e-05
1,1,0.9999927
1,1,0.9999399
1,1,0.9999659
0,0,7.2389016e-06
0,0,9.209144e-06
0,0,1.6123704e-05
0,0,7.292282e-06
0,0,6.8746303e-06
0,0,1.0422962e-05
0,0,7.2109356e-06
0,0,7.078535e-06
0,0,8.846541e-06
0,0,0.00010111509
0,0,0.44006273
1,0,1.4977151e-05
0,0,1.0246642e-05
0,0,1.4120516e-05
1,1,0.9999882
0,0,1.7416425e-05
0,0,8.501031e-05
0,0,1.2215489e-05
0,0,7.5871185e-06
0,0,2.219687e-05
0,0,9.250204e-06
0,0,0.00044681874
1,1,0.9999746
0,0,1.2551224e-05
0,0,5.8928144e-06
0,0,2.054416e-05
0,0,8.969928e-06
0,0,9.18801e-06
0,0,6.571473e-06
0,0,7.44696e-06
0,0,9.424312e-06
0,0,6.774624e-06
0,0,9.458131e-06
0,0,1.2340963e-05
0,0,6.488766e-06
0,0,7.579612e-06
1,1,0.99999225
0,0,1.3947308e-05
0,0,1.1990718e-05
0,0,7.0328997e-06
0,0,1.626542e-05
0,0,1.4027475e-05
0,0,6.1433307e-06
0,0,7.70609e-06
0,0,1.442689e-05
1,1,0.99988437
0,0,0.0038298592
0,0,9.6068525e-06
0,0,7.3098217e-06
0,0,6.7457668e-06
0,0,5.7557986e-06
0,0,3.1437507e-05
0,0,7.2075386e-06
0,0,8.323157e-06
0,0,7.477446e-06
0,0,1.0629993e-05
0,0,2.2599044e-05
1,1,0.9999932
0,0,0.00015918518
0,0,2.5461788e-05
0,0,8.268346e-06
0,0,1.010054e-05
0,0,6.728696e-06
1,1,0.99997747
0,0,1.0111845e-05
0,0,1.0716431e-05
0,0,6.802333e-06
0,1,0.9995833
0,0,1.3152547e-05
0,0,9.5696105e-06
0,0,1.081727e-05
0,0,1.1430506e-05
0,0,2.3171166e-05
0,0,5.849779e-06
0,0,9.28084e-06
1,0,1.3016907e-05
0,0,6.274505e-06
1,1,0.9997701
1,1,0.99996614
0,0,2.9834677e-05
0,0,1.0729028e-05
0,0,6.8820955e-06
0,0,1.4895307e-05
0,0,1.3739776e-05
0,0,8.227484e-06
0,0,7.1412396e-06
0,0,6.378421e-06
1,1,0.9838785
1,0,0.18241726
0,0,6.5963e-06
1,0,1.7599334e-05
0,1,0.9998492
0,0,3.000725e-05
1,1,0.9999937
0,0,5.0888957e-05
0,0,9.046186e-06
0,0,1.17679765e-05
0,0,2.0943991e-05
0,0,5.7377092e-05
0,0,1.0081803e-05
0,0,1.0373429e-05
0,0,0.00043074857
0,0,7.879105e-06
0,0,1.5486605e-05
0,0,7.470732e-06
0,0,6.6779508e-06
0,0,1.8697589e-05
1,1,0.9999894
1,1,0.9999875
1,1,0.9999896
0,0,1.7178707e-05
0,0,1.6041158e-05
0,0,6.6143984e-06
0,0,5.4357697e-05
1,1,0.9996561
0,0,3.3708213e-05
1,1,0.9999919
0,0,9.771249e-06
0,0,1.7408904e-05
0,0,1.2004129e-05
0,0,1.0158104e-05
0,0,3.7216225e-05
0,0,8.516195e-06
0,0,2.7843107e-05
0,0,8.986685e-06
0,0,6.631584e-06
0,0,4.620748e-06
0,0,8.691666e-06
0,0,5.911896e-06
0,0,3.2497395e-05
0,0,1.2737159e-05
0,0,8.16113e-06
0,0,1.1083312e-05
0,0,8.908309e-06
0,0,1.0309159e-05
0,0,7.746321e-06
0,0,1.691438e-05
0,0,1.6298678e-05
0,0,2.735369e-05
0,0,6.3614307e-06
0,0,1.9655543e-05
0,0,1.059261e-05
1,1,0.9999949
0,0,2.5067437e-05
0,0,7.412736e-06
0,0,1.05780955e-05
0,0,2.3089304e-05
0,0,4.89082e-06
0,0,9.69434e-06
0,0,8.53749e-06
1,0,0.445858
0,0,8.888622e-06
0,0,7.7096765e-06
0,0,9.631438e-06
0,0,9.327077e-06
0,0,1.3122865e-05
1,1,0.9999869
0,0,1.1732467e-05
0,0,7.354699e-06
0,0,1.2870411e-05
0,0,1.1040364e-05
0,0,6.254077e-05
0,0,8.712879e-06
0,0,3.5480818e-05
0,0,8.896619e-06
0,0,2.1651884e-05
0,0,7.476562e-06
0,0,1.1568951e-05
0,0,3.650833e-05
0,0,6.91939e-06
0,0,6.293719e-06
0,0,4.9945697e-06
0,0,6.034543e-06
0,0,8.256102e-06
0,0,8.490625e-06
0,0,8.007648e-06
0,0,0.00012841004
0,0,1.9138697e-05
0,0,7.414616e-06
0,0,0.00030950733
0,0,9.525113e-06
0,0,1.0571721e-05
0,0,1.2413012e-05
0,0,6.456415e-06
0,0,5.746814e-06
0,0,5.856697e-05
0,0,1.0530768e-05
0,0,0.03928851
1,1,0.99997044
1,1,0.9999747
0,0,2.1623617e-05
1,1,0.99952435
0,0,7.551013e-06
0,0,7.611019e-06
0,0,1.4948343e-05
0,0,9.4105535e-06
0,0,6.90498e-06
0,0,2.1204047e-05
1,0,0.0002272621
0,0,1.0445619e-05
0,0,1.1664512e-05
0,0,1.5291187e-05
1,1,0.9999838
0,0,9.026986e-06
0,0,2.0905778e-05
1,1,0.999969
1,1,0.9999602
1,1,0.99997556
0,0,6.316074e-06
0,0,2.1618089e-05
0,0,2.5987996e-05
0,0,2.302262e-05
1,1,0.99997234
0,0,7.875972e-06
0,0,5.322554e-06
1,1,0.9850503
1,1,0.99998844
0,0,8.652638e-06
0,0,1.3334031e-05
0,0,1.2758787e-05
0,0,0.00014199737
0,0,0.00010505985
0,0,7.365874e-06
0,0,2.8459854e-05
0,0,1.0229128e-05
0,0,2.4690487e-05
0,0,1.5320335e-05
0,0,2.8424163e-05
0,0,1.3765272e-05
0,1,0.96086586
0,0,7.53707e-06
0,0,6.525951e-06
0,0,1.1251385e-05
0,0,6.038054e-06
0,0,9.415293e-06
0,0,6.2523272e-06
0,0,8.093791e-06
0,0,0.00095509563
0,0,5.7796533e-06
0,0,9.626296e-06
0,0,5.5479675e-05
1,1,0.99999285
0,0,6.2033046e-06
0,0,1.329714e-05
0,0,8.023778e-06
0,0,0.00025185634
1,1,0.9999945
0,0,0.0005984922
0,0,0.00028877158
1,0,0.005421531
0,0,7.724219e-06
0,0,1.8675471e-05
0,0,1.2229078e-05
0,0,7.727446e-06
0,0,1.0342185e-05
0,0,7.958937e-06
0,1,0.99993694
1,1,0.99998224
0,0,8.004472e-06
0,0,7.07759e-06
0,0,1.4633351e-05
0,0,1.9993324e-05
0,0,1.0151382e-05
0,0,8.0925865e-06
0,0,7.2958924e-06
0,0,7.1705304e-06
0,0,5.888758e-06
0,0,7.2981193e-06
0,0,5.9746626e-06
0,0,1.4086407e-05
1,1,0.99998033
0,0,6.3116427e-06
0,0,1.6767188e-05
0,0,1.2464801e-05
0,0,1.3524648e-05
0,0,8.162205e-06
0,0,1.31039815e-05
0,0,1.1546906e-05
1,1,0.99999034
0,0,1.1631521e-05
0,0,6.7310966e-06
0,0,5.224603e-06
0,0,7.493837e-06
0,0,2.8829394e-05
0,0,1.0587077e-05
0,0,1.1900732e-05
0,0,7.0659967e-06
0,0,5.4591146e-06
0,0,7.631283e-06
1,1,0.9999926
0,0,6.9672515e-06
0,0,3.8164966e-05
0,0,2.4448684e-05
1,1,0.9999924
0,0,2.1315394e-05
0,0,0.011672468
0,0,0.0024776938
0,0,1.0035988e-05
0,0,5.622171e-06
0,0,5.237354e-06
1,1,0.9999752
0,0,1.5961596e-05
0,0,9.2697655e-06
0,0,2.5585003e-05
0,0,7.900376e-06
0,0,1.0311832e-05
0,0,7.012052e-06
0,0,4.1218256e-05
0,0,1.1533534e-05
0,0,9.431847e-06
0,0,5.8040782e-06
0,0,8.403505e-06
0,0,3.442752e-05
1,1,0.99352866
0,0,7.28629e-06
1,1,0.99986327
0,0,0.0066636675
0,0,3.8591446e-05
0,0,1.649371e-05
0,0,7.589463e-06
0,1,0.9975999
0,0,1.14696095e-05
0,0,1.6890588e-05
0,0,8.56579e-06
0,0,3.0320854e-05
1,1,0.99997234
0,0,5.8510786e-06
0,0,6.1527703e-06
0,0,1.19321785e-05
0,0,2.0668393e-05
0,0,7.1722125e-06
0,0,5.8208852e-06
0,0,1.1222505e-05
0,0,1.3464445e-05
0,0,8.696326e-06
0,1,0.9996985
0,0,1.942135e-05
0,0,7.976871e-06
0,0,6.072616e-06
0,0,7.1461177e-06
0,0,9.75449e-06
0,0,0.0001494121
0,0,1.0434358e-05
0,0,1.0585411e-05
0,0,1.2454821e-05
0,0,1.0871162e-05
0,0,2.4330642e-05
0,0,1.3024606e-05
0,0,6.752654e-06
0,0,9.763555e-06
0,0,9.657228e-06
1,1,0.99989927
0,0,2.2826822e-05
0,0,1.2692308e-05
0,0,5.877297e-05
0,0,1.49519365e-05
0,0,2.1938378e-05
0,0,1.0354956e-05
0,0,0.00017046383
0,0,1.7253014e-05
0,0,0.00023206713
0,0,7.333436e-06
0,0,6.366656e-06
0,0,6.4689325e-06
0,0,6.2736312e-06
0,0,1.4595611e-05
0,0,7.386231e-06
0,0,1.4091378e-05
0,0,6.957398e-06
0,0,2.0423124e-05
0,0,3.9011647e-05
0,0,6.1698515e-06
0,0,1.7516819e-05
0,0,1.2026989e-05
0,0,9.435697e-06
0,0,6.759347e-05
0,0,3.654678e-05
0,0,1.0972444e-05
0,0,1.5721422e-05
0,0,9.588712e-06
0,0,8.506115e-05
0,0,6.530066e-06
0,0,6.1151745e-06
0,0,7.4167665e-06
0,0,8.034888e-06
0,0,1.2220917e-05
0,0,1.188686e-05
0,1,0.9999585
0,0,9.35463e-06
0,0,9.492612e-06
0,0,7.0991235e-05
0,0,7.682676e-06
0,0,1.0879065e-05
0,0,6.4891433e-06
0,1,0.99998057
0,0,1.0301287e-05
0,0,6.707893e-06
0,0,9.2581295e-06
0,0,0.0020662656
0,0,7.430834e-06
0,0,0.00029373358
0,0,1.1301153e-05
0,0,1.8559693e-05
0,0,1.1783733e-05
0,0,9.308133e-06
0,0,1.3840459e-05
0,0,2.3302062e-05
0,0,8.4568865e-06
0,0,6.924969e-05
1,1,0.99997675
0,0,1.2383876e-05
0,0,5.529663e-06
0,0,7.541549e-06
0,0,7.3268657e-06
0,0,6.0554294e-06
1,1,0.9999707
0,0,6.857318e-06
0,0,0.000442374
0,0,5.623469e-06
0,0,6.074974e-06
0,0,1.6965721e-05
0,0,5.7735056e-06
0,0,7.873899e-06
0,0,1.7271632e-05
0,0,6.637671e-06
1,1,0.9999454
0,0,6.2852614e-06
0,0,6.2421605e-05
0,0,5.7968873e-06
0,0,8.683017e-06
0,0,1.1998554e-05
0,0,8.046368e-06
0,0,9.097915e-06
0,0,5.354027e-05
0,0,1.1318098e-05
0,0,4.0257673e-05
0,0,6.685923e-06
1,1,0.99991477
0,0,1.03263765e-05
0,0,9.846552e-06
0,0,9.205245e-06
0,0,8.339539e-06
0,0,6.5889503e-06
0,0,8.002144e-06
0,0,8.185925e-06
0,1,0.999984
0,0,0.016185725
0,0,8.685949e-06
0,0,2.267538e-05
0,0,4.5456483e-05
0,0,5.845139e-06
0,0,5.9627314e-06
0,0,1.4507959e-05
0,0,8.008678e-05
0,0,9.137025e-06
0,0,6.2921704e-06
0,0,7.1143754e-06
0,0,2.1682796e-05
0,0,3.2253025e-05
0,0,6.272818e-06
0,0,6.389276e-06
0,0,1.8808663e-05
0,0,1.6164611e-05
0,0,1.1890897e-05
0,0,5.557376e-06
0,0,1.6413136e-05
0,0,9.254511e-06
0,0,1.627026e-05
0,0,9.726473e-06
0,0,2.1867321e-05
0,0,2.1570144e-05
1,1,0.9999945
0,0,1.8409575e-05
1,1,0.99999344
0,0,6.326992e-06
0,0,1.0530397e-05
0,0,2.9703973e-05
0,0,7.320398e-06
0,0,1.4821142e-05
0,0,6.0307048e-06
0,1,0.78731865
0,0,8.481359e-06
0,0,1.5442345e-05
0,1,0.9999654
0,0,8.713046e-06
0,0,1.0933586e-05
0,0,1.205656e-05
0,0,0.00039006863
1,0,9.400964e-06
0,0,1.1804867e-05
0,0,0.00075007236
1,1,0.9997919
0,0,6.550937e-06
0,0,1.1176609e-05
0,0,7.0755355e-05
0,0,1.0239785e-05
0,0,6.796918e-06
1,0,3.1805645e-05
0,0,1.7505363e-05
0,0,1.5932486e-05
0,0,9.977631e-06
0,0,7.834732e-06
0,0,1.27183575e-05
0,0,2.0481753e-05
0,0,7.813613e-05
0,0,6.356149e-06
1,1,0.99992406
0,0,9.077514e-06
0,0,7.1973386e-06
0,0,8.728655e-06
0,0,1.3972337e-05
0,0,4.20406e-06
0,0,2.8782913e-05
0,0,2.374762e-05
0,0,1.0620144e-05
0,0,1.0346486e-05
1,1,0.999974
0,0,9.423161e-06
0,0,1.0219084e-05
0,0,1.057037e-05
0,0,7.163845e-06
0,0,8.4232095e-05
0,0,1.6203043e-05
0,0,1.3645938e-05
1,1,0.9999062
0,0,6.514559e-06
0,0,3.0373145e-05
1,1,0.9998653
0,0,8.741334e-06
0,0,3.2663058e-05
1,1,0.9999844
0,0,6.47705e-06
0,0,1.4034299e-05
0,0,1.1357651e-05
0,0,5.12617e-06
0,0,7.66403e-06
0,0,3.643202e-05
0,0,5.6349265e-05
0,0,2.8490786e-05
0,0,0.007483509
0,0,9.448261e-05
0,0,6.5217077e-06
0,0,3.207916e-05
0,0,5.6741933e-06
0,0,1.03711645e-05
0,0,0.089234784
0,0,7.665302e-06
0,0,6.65585e-06
0,0,7.602459e-06
1,1,0.99999034
0,0,9.199224e-06
0,1,0.9996842
0,0,1.0546457e-05
0,0,7.464359e-05
1,1,0.9997322
1,1,0.9999877
0,0,1.0513389e-05
0,0,6.0888774e-06
0,0,1.0530246e-05
0,1,0.9946126
0,0,1.0920986e-05
0,0,5.7272923e-06
1,1,0.9997212
1,1,0.99999297
1,0,1.0311832e-05
0,0,7.5651255e-06
0,0,2.285226e-05
0,0,1.0413284e-05
0,0,7.162636e-06
0,0,6.3384673e-06
0,0,2.2632668e-05
0,0,9.942289e-06
1,1,0.9999945
1,1,0.99999416
0,0,2.026135e-05
0,0,1.723236e-05
0,0,6.908201e-06
0,0,1.2880186e-05
0,0,3.338816e-05
0,0,1.1441718e-05
0,0,0.0042515597
0,0,1.8248293e-05
0,0,9.768522e-05
0,0,1.5643041e-05
0,0,1.7060163e-05
0,0,1.082469e-05
1,1,0.9999541
0,0,1.1974151e-05
1,1,0.99998915
0,0,1.3428462e-05
0,0,8.190806e-06
0,0,6.1636943e-06
0,0,1.4900165e-05
1,1,0.9999901
0,0,9.934138e-06
0,0,9.56586e-06
0,0,9.168946e-06
0,0,1.4570911e-05
0,0,7.014366e-06
0,0,6.914911e-06
0,0,1.0427913e-05
0,0,7.095349e-06
0,0,8.491589e-06
0,0,7.0703986e-06
0,0,6.9591633e-06
0,0,9.332941e-06
0,0,1.5469172e-05
0,0,2.0038713e-05
0,0,6.925999e-06
0,0,1.8465751e-05
0,0,5.632808e-06
0,0,6.7692504e-06
0,0,6.9291045e-06
0,0,5.597972e-06
0,0,0.0012839742
0,0,9.693249e-06
0,0,1.40807115e-05
0,0,1.4973811e-05
0,0,1.2693252e-05
1,0,0.008203678
0,0,6.0419884e-06
0,0,7.838977e-06
0,0,1.5957898e-05
0,0,9.485274e-06
0,0,1.1729726e-05
0,0,0.007333844
1,1,0.99999166
0,0,9.04554e-06
0,0,6.884091e-06
0,0,3.7162597e-05
0,0,9.006734e-06
0,0,1.846311e-05
0,0,9.968767e-06
0,0,6.776136e-06
0,0,1.1690015e-05
0,0,2.4785537e-05
0,0,9.307103e-06
0,0,1.1556313e-05
0,0,1.0271396e-05
0,0,8.147273e-06
0,0,3.2516364e-05
1,0,1.823387e-05
0,0,5.8185265e-06
0,0,2.2733146e-05
0,0,1.7374437e-05
0,0,8.513223e-06
0,0,1.1029778e-05
0,0,6.49632e-06
0,0,2.0734806e-05
0,0,9.680612e-06
0,0,1.5823523e-05
0,0,1.328182e-05
0,0,7.444311e-06
0,0,1.9403373e-05
0,0,8.348627e-06
0,0,6.085278e-06
0,0,1.07609385e-05
1,1,0.99997115
0,0,8.781482e-06
0,0,8.195283e-06
0,0,6.2174164e-05
0,0,8.447551e-06
0,0,1.6790022e-05
0,0,1.7314296e-05
0,0,1.2063139e-05
1,1,0.99999225
1,1,0.99999297
0,0,1.3868219e-05
0,0,1.1176278e-05
0,0,4.5834004e-05
0,0,2.3328987e-05
0,0,7.189113e-06
0,0,3.110767e-05
0,0,1.1298124e-05
0,0,1.265397e-05
0,0,1.0845316e-05
0,0,1.1988042e-05
0,0,1.3315858e-05
0,0,2.2996177e-05
0,0,1.0710892e-05
0,0,0.0001707267
0,0,4.81681e-05
0,0,1.0880423e-05
0,0,9.509502e-06
0,0,1.43258185e-05
0,0,1.6073533e-05
0,0,1.0617612e-05
0,0,1.1590905e-05
0,0,7.935199e-06
0,0,6.9986036e-06
0,0,8.982461e-06
0,0,1.1106568e-05
0,0,1.209108e-05
0,0,9.325868e-06
0,0,8.082529e-06
0,0,7.194724e-06
0,0,7.432273e-06
0,0,7.0058954e-06
0,0,5.9087115e-06
0,0,1.9671821e-05
0,0,1.0264933e-05
1,1,0.9999927
0,0,9.687279e-06
0,0,7.052902e-06
0,0,6.5785084e-06
0,0,1.192426e-05
0,0,1.379351e-05
0,0,8.178862e-06
0,0,2.5387671e-05
0,0,7.430898e-06
0,0,6.7191863e-06
0,0,8.849579e-06
0,0,5.167302e-06
0,0,8.2644365e-06
0,0,2.1506903e-05
0,0,8.653537e-06
1,1,0.9999913
0,0,2.3778215e-05
0,0,1.0711076e-05
0,0,1.2115711e-05
0,0,6.532359e-06
0,0,2.296429e-05
0,0,5.509293e-06
0,0,1.731945e-05
1,1,0.9999777
0,0,1.3452739e-05
0,0,5.448608e-06
0,0,8.860058e-06
0,0,1.1769435e-05
0,0,1.0169193e-05
0,0,5.8070345e-06
0,0,1.2985438e-05
0,0,1.4557882e-05
0,0,6.266026e-06
1,1,0.99997795
1,1,0.9999932
0,0,8.581399e-06
0,0,7.1085024e-06
1,1,0.9999927
0,0,6.022337e-06
0,0,1.5570928e-05
0,0,6.3115884e-05
0,0,1.2456889e-05
0,0,3.9740895e-05
0,0,1.191803e-05
0,0,0.00043835863
0,0,1.0252439e-05
1,0,5.9213005e-05
0,0,1.6968568e-05
1,1,0.9999907
0,0,1.3934425e-05
0,0,5.94513e-06
0,0,7.995004e-06
0,0,8.021773e-06
0,0,8.457531e-06
0,0,9.238137e-06
0,0,1.3185927e-05
0,0,1.2064335e-05
1,1,0.9999815
0,0,9.260275e-06
0,0,6.407356e-06
1,1,0.9999094
0,1,0.5261634
0,0,0.000243984
0,0,2.1711227e-05
0,0,7.72696e-06
0,0,6.7021014e-05
0,0,5.921511e-06
0,0,1.0371896e-05
0,0,1.9117011e-05
0,0,6.198497e-05
0,0,7.3742094e-06
0,0,1.4125285e-05
1,1,0.99999154
0,0,1.0327046e-05
0,0,1.7254577e-05
1,1,0.99997973
1,1,0.9998654
0,0,8.878286e-06
0,0,1.351851e-05
0,0,5.81252e-06
0,0,1.1126053e-05
0,0,7.987817e-06
1,1,0.9999931
0,0,5.262146e-06
0,0,9.577946e-06
0,0,9.362393e-06
0,0,0.01808645
0,0,7.5436496e-06
0,0,8.980439e-06
0,0,6.0065067e-06
0,0,8.318649e-06
0,0,6.3205634e-06
0,0,1.0354817e-05
1,1,0.99995255
0,0,7.487264e-06
0,0,1.5923797e-05
0,0,6.007429e-06
0,0,1.00246625e-05
1,0,0.236811
0,0,4.6326604e-05
0,0,7.701682e-06
0,0,5.4632555e-06
0,0,8.056579e-06
0,0,6.0567804e-06
0,0,8.374399e-06
0,0,4.9373234e-06
0,0,8.391284e-06
0,0,1.01072455e-05
0,0,5.804178e-06
0,0,2.927324e-05
0,0,8.784883e-06
0,0,5.017012e-06
0,0,5.807583e-06
1,1,0.99989843
1,1,0.9999906
0,0,1.3062694e-05
0,0,1.0252781e-05
0,0,6.8340055e-06
0,0,1.1773679e-05
0,0,1.6509777e-05
0,0,6.9586854e-06
0,0,1.7296541e-05
0,0,9.5809155e-06
0,0,7.728125e-06
0,0,8.235555e-06
0,0,3.706555e-05
1,1,0.99997604
0,0,2.1408981e-05
0,0,7.145429e-06
0,0,5.8472688e-06
1,0,2.8969063e-05
0,0,3.2352375e-05
0,0,1.2664268e-05
1,1,0.99993944
0,0,9.172357e-06
0,0,5.8492824e-06
0,0,5.5339206e-06
0,0,8.570448e-06
0,0,9.079107e-06
1,0,7.722781e-05
0,0,7.138353e-06
0,0,1.9603203e-05
0,0,7.945044e-06
0,0,0.0001687895
0,0,0.00013778753
0,0,7.3697242e-06
0,0,7.5519056e-06
0,0,7.4444456e-06
0,0,1.3154553e-05
0,0,8.266549e-06
0,0,5.401428e-05
0,0,2.5271049e-05
0,0,6.0550187e-06
0,0,6.5184436e-06
0,0,9.318942e-06
1,1,0.99995327
0,0,1.1001038e-05
1,1,0.99999154
0,0,6.8040385e-06
0,0,6.21462e-06
0,0,1.4624799e-05
0,1,0.9993056
0,0,8.349343e-06
0,0,6.0550938e-06
0,0,6.726957e-06
0,0,9.888521e-06
0,0,5.549273e-06
0,0,1.735197e-05
0,0,2.2297605e-05
0,0,9.58204e-06
0,1,0.9898381
0,0,2.6960815e-05
0,0,1.33117455e-05
0,0,8.511648e-06
0,0,8.182452e-06
1,1,0.9999509
0,0,1.0038687e-05
0,0,6.1700225e-06
0,0,1.8749477e-05
1,0,0.000977045
1,1,0.99999
1,1,0.9999926
1,1,0.99999464
0,0,1.0695704e-05
0,0,7.1977165e-06
0,0,6.52302e-06
0,0,5.9471254e-06
0,0,6.4862356e-06
0,0,9.147775e-06
1,1,0.99992526
0,0,1.4473039e-05
0,0,1.3707134e-05
0,0,1.9246156e-05
0,0,1.4238567e-05
0,0,1.1409726e-05
0,0,9.911784e-06
0,0,2.288528e-05
0,0,7.661224e-06
0,0,1.5505404e-05
0,0,6.839195e-06
0,0,8.1904e-06
0,0,5.905934e-06
0,0,7.4150903e-06
0,0,1.4052809e-05
0,0,2.44e-05
1,1,0.9999913
0,0,4.8036304e-06
0,0,6.046092e-06
1,1,0.9999515
0,0,5.4138177e-06
0,0,1.0144454e-05
0,0,1.10967e-05
0,0,6.9869993e-06
0,0,4.2473148e-05
0,0,1.1147273e-05
0,0,5.753795e-06
1,1,0.99999
0,0,1.0310988e-05
1,1,0.9998685
0,0,7.1210143e-06
0,0,2.4948573e-05
0,0,1.108458e-05
1,1,0.99999154
0,0,0.00014947736
0,0,0.00011204205
0,0,6.7237183e-06
0,0,3.8683338e-05
0,0,1.968982e-05
0,0,7.636598e-06
0,0,1.4298193e-05
0,0,5.3702417e-05
0,1,0.9999914
1,1,0.9998914
0,0,8.715688e-06
0,1,0.97441643
0,0,1.0348489e-05
1,0,0.00045403844
0,0,7.8593375e-06
1,1,0.9999937
0,0,0.00029544515
0,0,4.8759994e-05
0,0,7.1914174e-06
0,0,2.8824554e-05
1,1,0.99999166
0,0,8.307993e-06
0,0,6.0689e-06
0,0,8.989454e-06
0,0,8.145703e-06
0,0,5.3053423e-05
1,1,0.98125964
0,0,1.0104731e-05
0,0,6.315014e-06
1,0,0.00017047994
0,0,2.1452539e-05
0,0,1.4061523e-05
0,0,6.9247376e-06
0,0,1.0486582e-05
0,0,7.529024e-06
0,0,9.428196e-06
0,0,2.887193e-05
0,0,2.2004338e-05
0,0,1.0790276e-05
0,0,3.671705e-05
1,1,0.99999213
1,1,0.9999473
0,0,1.9058085e-05
0,0,8.778234e-06
0,0,1.1268006e-05
0,1,0.99900776
0,0,5.4936054e-06
0,0,7.553923e-06
0,0,7.7560935e-06
0,0,6.90155e-06
0,0,4.7633266e-06
1,0,0.00016657062
0,0,1.6554173e-05
0,0,1.026742e-05
0,0,1.2097425e-05
0,0,9.597173e-06
0,0,1.6866252e-05
0,0,1.2242148e-05
1,1,0.9998124
1,0,0.064152576
0,0,8.599046e-06
0,0,3.7597816e-05
0,0,0.016359024
0,1,0.99904114
0,0,1.112757e-05
0,0,1.0279206e-05
0,0,1.4756196e-05
0,0,1.2603243e-05
0,0,1.337351e-05
1,1,0.99999225
0,0,1.0280883e-05
0,0,1.5899337e-05
0,0,2.2018487e-05
0,0,1.1492438e-05
0,0,0.0005969737
0,0,6.361291e-06
0,0,8.667645e-06
0,0,1.4493991e-05
0,0,1.696535e-05
0,0,1.4788232e-05
0,0,7.767256e-06
0,0,1.5700416e-05
0,0,1.5906253e-05
0,0,7.101469e-06
0,0,6.0975235e-06
0,0,1.631093e-05
0,0,7.997177e-06
0,0,7.117158e-06
0,0,1.3825447e-05
0,0,1.4153303e-05
0,1,0.9998952
0,0,1.2215197e-05
1,1,0.9999889
0,0,1.7019456e-05
0,0,4.865572e-05
0,0,1.7382941e-05
1,1,0.9999404
0,0,0.016491415
0,0,3.316985e-05
0,0,1.3196558e-05
0,0,1.778932e-05
0,0,1.4679337e-05
0,0,1.2912273e-05
0,0,5.9921463e-06
0,0,0.0396473
0,0,9.866272e-06
0,0,1.4909603e-05
0,0,9.310823e-06
0,0,1.0112057e-05
0,0,0.00014387823
0,0,7.3259985e-06
0,0,7.5295266e-06
1,1,0.9997023
0,0,7.4641944e-06
0,0,3.0525654e-05
0,0,8.000313e-05
0,0,5.721282e-06
0,0,3.933816e-05
0,0,2.0437074e-05
0,0,6.5884788e-06
0,0,0.00025642707
0,0,4.4021795e-05
0,0,6.984594e-06
0,0,1.156809e-05
0,0,9.727086e-06
0,0,7.739704e-06
0,0,9.204683e-06
0,0,8.861572e-06
0,0,5.8879273e-06
1,1,0.99997747
0,0,9.777848e-06
0,0,1.1612923e-05
1,1,0.9999931
0,0,5.940494e-06
0,0,8.942032e-06
0,0,8.761824e-06
0,0,1.2079601e-05
0,1,0.9999722
0,0,9.752895e-05
0,0,8.12998e-06
0,0,1.308188e-05
0,0,6.771194e-06
0,0,8.847403e-06
0,0,7.790112e-06
0,0,1.9678126e-05
0,0,6.22107e-05
0,0,2.4497318e-05
0,0,9.078224e-06
0,0,1.4973453e-05
0,0,0.0024507267
0,0,9.459998e-06
0,0,7.6673205e-06
0,0,0.0018949495
0,0,8.092765e-06
0,0,1.3499133e-05
0,0,7.125933e-06
0,0,1.0547935e-05
0,0,7.424339e-06
0,0,1.1861359e-05
0,0,8.079631e-06
0,0,2.7964154e-05
0,0,9.253389e-06
0,0,1.9966667e-05
0,0,7.116977e-05
0,0,7.5124844e-06
0,0,0.0013133717
0,0,1.00145335e-05
0,0,6.8976283e-06
0,0,1.1956417e-05
0,0,3.72136e-05
0,0,2.9025867e-05
0,1,0.9999677
0,0,1.1959747e-05
0,0,6.232085e-05
0,0,9.526594e-06
1,1,0.9999559
0,0,6.1349006e-06
1,1,0.99999416
0,0,8.193181e-06
1,1,0.9999919
0,0,7.229498e-06
0,0,8.791299e-05
1,1,0.99999464
0,0,2.0300227e-05
0,0,8.251473e-06
0,1,0.9255098
0,0,9.328581e-06
0,0,9.869183e-05
0,0,1.0383287e-05
0,0,7.1452114e-06
0,0,0.00020152036
1,1,0.9999471
0,0,2.09053e-05
0,0,6.7427504e-06
1,1,0.9999049
0,0,6.138125e-06
0,0,6.0413895e-06
0,0,8.045638e-06
0,0,1.4465092e-05
0,0,1.5210045e-05
0,0,2.5375977e-05
0,0,6.1046217e-06
0,0,6.5706836e-06
0,0,8.524743e-06
1,1,0.9999924
0,0,8.036965e-06
0,0,1.152864e-05
0,0,1.018141e-05
0,0,5.171911e-06
0,0,8.573448e-06
0,0,1.4594776e-05
0,0,8.826249e-06
0,0,7.843097e-06
0,1,0.9997558
0,0,8.38091e-06
0,0,1.336405e-05
0,1,0.9999125
0,0,6.400223e-06
0,0,9.05683e-06
0,0,8.239355e-06
0,0,1.4727629e-05
0,0,1.064978e-05
0,0,1.9819054e-05
0,0,1.1071733e-05
0,0,8.929428e-06
0,0,6.3581615e-06
0,0,4.4968503e-05
0,0,9.870733e-06
0,0,1.0226942e-05
0,0,1.2830569e-05
0,0,7.1326776e-06
0,0,6.912867e-06
0,1,0.99378854
0,0,5.8990786e-06
0,0,1.182409e-05
0,0,5.539306e-06
0,0,9.012938e-06
0,0,1.460764e-05
0,0,3.8103866e-05
0,0,1.1718265e-05
0,0,9.488088e-06
0,0,4.1038697e-05
0,0,1.3904623e-05
0,0,1.6816608e-05
0,0,8.286218e-06
0,0,7.411732e-06
0,0,1.1591237e-05
1,1,0.9999894
0,0,9.725082e-06
0,0,7.785232e-06
0,0,1.5027743e-05
0,0,6.9375415e-06
0,0,0.00022249843
1,1,0.99969864
0,0,6.846831e-06
0,0,1.3369812e-05
0,0,1.05638e-05
0,0,1.0207026e-05
0,0,1.0555924e-05
0,0,1.3097671e-05
0,0,8.395061e-06
0,0,9.522533e-06
0,0,1.0257046e-05
0,0,1.4029522e-05
0,0,1.1646583e-05
0,0,0.0007817485
0,0,8.707164e-06
0,0,1.0551657e-05
0,0,6.4323112e-06
0,0,5.84849e-06
0,0,1.1106611e-05
0,0,1.2504319e-05
0,0,8.2838005e-06
0,0,7.3602146e-06
0,0,6.7183723e-06
0,0,0.001449651
0,0,7.2843795e-06
0,0,5.890236e-05
0,0,6.7026044e-06
0,1,0.9944583
0,0,8.696641e-06
0,0,3.1042033e-05
0,0,1.7930417e-05
0,0,1.94892e-05
0,0,1.0083582e-05
1,0,4.297317e-05
0,0,7.949864e-06
0,0,8.273994e-06
0,0,1.0121551e-05
0,0,1.5055988e-05
0,0,8.859551e-05
0,0,1.4981923e-05
0,0,7.753645e-06
0,0,7.009999e-06
0,0,1.2004793e-05
0,0,8.379736e-06
1,0,0.00059099955
0,0,9.152741e-06
0,0,8.324665e-06
0,0,6.6147077e-06
0,0,1.0259843e-05
0,0,9.756612e-06
0,0,9.107664e-06
0,0,8.152059e-06
0,0,8.255448e-06
0,0,9.8223545e-06
0,0,1.06328325e-05
0,0,5.634244e-05
0,0,5.905765e-06
0,0,5.609382e-06
0,0,2.0056554e-05
0,0,2.0934787e-05
0,0,5.1761286e-05
0,0,8.4230005e-06
0,0,9.883732e-06
0,0,6.163394e-06
1,1,0.9999894
0,0,2.815731e-05
0,0,8.227413e-06
0,0,1.1996849e-05
0,1,0.84574246
0,0,6.2910544e-06
0,0,8.2830975e-06
0,0,1.3645706e-05
0,0,9.967921e-06
0,0,3.6829548e-05
0,0,5.877022e-06
0,0,1.7318624e-05
0,0,5.8220953e-06
0,0,1.5407984e-05
0,0,1.230018e-05
0,0,9.9812005e-06
1,0,0.0013494543
0,0,1.4596516e-05
0,0,9.50379e-06
1,0,0.013515609
0,0,5.673295e-06
0,0,1.1553394e-05
0,0,2.6888534e-05
0,0,1.1908657e-05
0,0,3.0063049e-05
0,0,1.290411e-05
0,0,1.3331361e-05
0,0,8.161317e-06
0,0,7.1435834e-06
0,0,1.1993212e-05
0,0,5.9958842e-05
0,0,8.500648e-06
0,0,2.8776547e-05
1,1,0.9999796
1,1,0.9999114
1,1,0.9999926
0,0,6.8229215e-06
0,0,8.161021e-06
0,0,1.3262972e-05
0,0,8.452556e-06
0,0,6.8360264e-06
0,0,0.0011810034
0,0,0.0019051061
1,1,0.99999154
0,0,3.5775596e-05
0,0,6.961865e-06
0,0,9.380456e-06
0,0,4.3875985e-05
0,0,7.955522e-06
0,0,7.5056096e-06
0,0,8.652465e-06
0,0,1.9327212e-05
0,0,4.5095312e-05
0,1,0.98916686
0,0,9.192796e-06
0,0,9.777784e-06
0,0,2.3367798e-05
1,1,0.9999616
0,0,3.781583e-05
0,0,2.2542565e-05
0,0,1.0242433e-05
0,0,0.00059553614
0,0,9.138542e-06
0,0,5.66779e-06
0,0,7.663329e-06
0,0,5.1152797e-06
0,0,7.866123e-06
0,0,0.000112406
0,0,7.249949e-06
1,1,0.9999931
0,0,5.3614916e-05
0,0,1.7421526e-05
1,1,0.99995494
1,0,3.352887e-05
0,0,5.4584643e-06
0,0,1.5060957e-05
0,0,9.9176095e-06
0,1,0.99997485
0,0,7.763235e-06
0,0,7.777047e-06
0,0,6.9683147e-06
0,0,8.038763e-05
0,0,3.2275268e-05
0,0,3.4366018e-05
0,0,1.44419755e-05
0,0,7.939724e-05
1,0,0.0004364706
0,0,1.0408578e-05
0,0,6.7292867e-06
0,0,1.0904763e-05
0,0,0.00076941954
0,0,9.599983e-06
0,0,2.0141772e-05
0,0,6.832552e-06
0,0,5.833912e-06
0,0,1.2487122e-05
0,0,7.3617375e-06
0,0,1.3576493e-05
0,0,9.973379e-06
0,0,8.191337e-06
1,1,0.99999213
0,0,7.08762e-06
0,0,6.154883e-06
0,0,1.5583066e-05
0,0,4.8632337e-05
0,0,1.005162e-05
1,1,0.99999046
0,0,0.06524342
0,0,1.40280645e-05
0,0,7.588247e-06
0,0,7.678062e-06
0,0,0.00039805367
0,0,2.0999192e-05
0,0,1.2757351e-05
0,0,5.8764895e-06
0,0,9.477398e-06
0,0,2.1689122e-05
0,0,5.669347e-06
0,0,0.00014680707
0,0,1.1120474e-05
0,0,6.6034377e-06
0,0,4.1553245e-05
0,0,1.1333338e-05
0,0,0.13993706
0,0,1.5098894e-05
0,0,9.669539e-06
1,1,0.9999627
0,0,8.567858e-06
0,0,1.2101866e-05
0,1,0.9997192
1,1,0.9999945
0,0,0.0005114994
0,0,6.135497e-06
0,0,0.0018788832
0,0,7.5189632e-06
0,0,5.5614896e-06
0,0,1.367405e-05
0,0,7.0765777e-06
0,0,6.282984e-06
1,0,4.2737684e-05
0,0,1.2858032e-05
0,0,3.7373742e-05
0,0,1.2136527e-05
0,0,1.034839e-05
0,0,1.0418271e-05
0,0,3.4283166e-05
0,0,1.4390613e-05
1,0,0.021970203
0,0,1.3837384e-05
0,0,1.757978e-05
0,0,6.552156e-06
0,0,5.507323e-06
1,1,0.99999344
0,0,8.224393e-06
0,0,8.015297e-06
0,0,1.222326e-05
0,0,2.6661768e-05
0,0,5.9884674e-06
0,0,6.344097e-06
1,1,0.99999
1,1,0.9744741
0,0,1.1519783e-05
0,0,1.4501541e-05
0,0,8.695912e-06
0,0,2.1962767e-05
0,0,8.684425e-06
0,0,5.281949e-05
0,0,7.6012024e-05
0,0,1.15667435e-05
0,0,1.9241788e-05
0,0,6.855703e-06
0,0,1.41935025e-05
1,0,5.7099372e-05
0,0,1.5677268e-05
0,0,1.3693599e-05
0,0,7.1343643e-06
0,0,1.255448e-05
0,0,1.0218938e-05
0,1,0.99977773
0,0,8.584002e-06
0,0,7.877595e-06
0,0,2.6851969e-05
0,0,5.9697472e-06
0,0,9.076423e-06
0,0,7.1613995e-06
0,0,5.4078473e-06
0,0,1.0388229e-05
0,0,1.7671739e-05
0,0,7.562731e-06
0,0,1.478795e-05
0,0,2.9793251e-05
0,0,5.268297e-06
0,0,7.2106877e-06
0,0,1.0990247e-05
0,0,8.809162e-06
0,0,5.894428e-06
0,0,1.9997271e-05
1,1,0.9997365
0,0,1.623057e-05
0,0,1.1070001e-05
1,1,0.9999651
0,1,0.99989593
0,0,7.5361213e-06
0,0,1.4308396e-05
0,0,1.0868715e-05
0,0,4.747449e-06
0,0,1.1958744e-05
0,0,2.9463099e-05
0,0,6.7269257e-06
0,0,6.462563e-06
0,0,0.016308453
0,0,8.018745e-06
0,0,1.5693888e-05
0,0,9.776674e-06
0,0,9.170678e-06
0,0,1.1709039e-05
0,0,9.882846e-06
0,0,7.745368e-06
0,0,0.16796653
0,0,0.00018884768
0,0,0.0003583745
0,0,1.4425816e-05
0,0,1.1292878e-05
0,0,1.396469e-05
0,0,6.3055054e-06
0,0,9.539591e-05
0,1,0.9997073
1,1,0.99999094
0,0,1.1191286e-05
0,1,0.999627
0,1,0.99980205
0,0,1.4337081e-05
0,0,1.1180426e-05
0,0,8.150505e-06
1,1,0.99999416
0,0,2.252707e-05
0,0,1.1477565e-05
1,1,0.99999356
0,0,1.3854643e-05
0,0,8.671043e-06
0,0,5.8806772e-06
0,0,1.4760995e-05
0,0,1.8418863e-05
0,0,6.2638633e-06
0,0,8.129221e-06
0,0,1.5912929e-05
0,0,3.6332236e-05
0,0,1.67689e-05
0,0,2.2871229e-05
0,0,1.5846312e-05
0,0,8.959173e-06
0,0,1.2663218e-05
1,1,0.9999746
0,0,9.594072e-06
0,0,9.9255385e-06
0,0,1.2433354e-05
0,0,8.248963e-06
0,0,5.224734e-05
0,0,1.1840768e-05
0,0,6.086793e-06
0,0,0.00012427274
0,0,1.5631707e-05
0,0,8.537629e-06
1,1,0.99990046
0,0,1.4340635e-05
0,0,2.6605687e-05
0,0,0.00013190896
0,0,4.2844935e-05
0,0,8.76017e-06
0,0,1.2130359e-05
0,1,0.99964404
0,0,7.2092025e-06
0,0,1.0084207e-05
0,0,8.144553e-06
0,0,7.0432093e-06
0,0,9.063137e-06
1,0,0.005527551
0,0,9.200558e-06
0,0,1.7591716e-05
0,0,1.3365018e-05
0,0,1.0067507e-05
0,0,6.551912e-06
0,0,1.4614134e-05
0,0,9.78926e-06
0,0,1.09518905e-05
0,0,0.00035318933
0,0,1.7274911e-05
0,0,2.504335e-05
0,0,1.00652605e-05
0,0,6.3705065e-06
0,0,8.666256e-06
0,0,7.715944e-06
0,0,3.7529895e-05
0,0,1.140607e-05
0,0,2.7043887e-05
0,0,9.524604e-06
0,0,1.00101415e-05
0,0,1.6947544e-05
0,0,3.2402946e-05
0,0,7.909015e-06
0,0,1.9106896e-05
0,0,7.456595e-06
0,0,1.5908954e-05
0,0,9.052616e-06
0,0,1.2905022e-05
0,0,7.801918e-06
0,0,2.8966357e-05
0,0,7.861339e-06
0,0,1.9037521e-05
0,0,1.0913688e-05
0,0,1.4103828e-05
0,0,1.3708167e-05
0,0,1.4204158e-05
0,0,6.9053485e-06
0,0,1.9107569e-05
0,0,1.3353539e-05
0,0,5.898273e-05
0,0,1.0717023e-05
0,0,6.595828e-06
0,0,0.00042783757
0,0,9.150785e-06
0,1,0.9975145
0,0,3.4195822e-05
0,0,7.299052e-06
0,0,8.235703e-06
0,0,6.365636e-06
0,0,6.2104964e-06
0,0,7.5093035e-06
0,0,1.0526572e-05
0,0,4.1962252e-05
0,0,1.4140944e-05
0,0,9.631217e-06
0,0,9.810522e-06
0,0,8.807801e-06
0,0,5.747192e-06
0,0,5.8781147e-06
0,0,1.367735e-05
0,0,5.5744513e-06
0,1,0.9927429
0,0,5.4890647e-06
0,0,2.4067927e-05
0,0,0.0010735773
0,0,7.839388e-06
0,0,8.1807975e-06
0,0,7.1720483e-06
0,0,1.706428e-05
0,0,8.880692e-06
0,0,7.4965033e-06
0,0,8.820048e-06
0,0,5.3333774e-06
0,0,9.768342e-06
0,0,0.008275167
0,0,2.146279e-05
0,0,1.3765311e-05
1,1,0.99985385
0,0,1.9477755e-05
1,1,0.9999925
0,0,6.6354173e-06
0,0,6.1549536e-06
0,0,9.459881e-06
0,0,9.016858e-06
0,0,9.830001e-06
0,0,1.4369055e-05
0,0,7.789339e-06
1,1,0.9999895
0,0,1.0566802e-05
1,0,4.8410326e-05
0,0,1.3184393e-05
0,0,8.106506e-06
0,0,1.2178498e-05
0,0,9.0381145e-06
1,1,0.9999794
0,0,5.8247724e-06
0,0,2.7075266e-05
0,0,6.318255e-06
0,0,4.9672646e-05
0,0,1.0090517e-05
0,0,3.2528522e-05
0,0,6.799216e-05
0,0,1.5402416e-05
0,0,4.0859766e-05
0,0,1.2221558e-05
0,0,7.292322e-05
1,1,0.9999262
0,0,7.742392e-06
0,0,2.0677679e-05
0,0,1.761895e-05
0,0,1.7324934e-05
1,1,0.9999945
0,0,2.0185364e-05
0,1,0.9993788
0,0,9.26107e-06
0,0,1.3549124e-05
0,0,2.6218355e-05
0,0,6.78037e-06
0,0,1.0113059e-05
0,0,8.674103e-06
0,0,3.1354153e-05
0,0,1.6272896e-05
0,0,8.341909e-06
0,0,1.14886025e-05
0,0,7.4884356e-06
0,0,7.6034157e-06
0,0,0.01158155
0,0,7.385421e-06
0,0,1.1969116e-05
0,0,6.1304027e-06
0,0,7.941423e-06
0,0,1.4009294e-05
1,1,0.99993587
0,0,7.960091e-06
1,1,0.9999914
0,0,2.8584156e-05
0,0,7.5854978e-06
0,0,2.7751888e-05
0,0,8.459064e-06
1,1,0.99999344
0,0,6.2100285e-06
0,1,0.997696
0,0,9.097438e-06
0,0,5.293968e-06
0,0,1.8350243e-05
0,0,2.0803334e-05
0,0,7.499342e-06
0,0,9.7631455e-06
0,0,2.046022e-05
0,0,0.0012451932
0,0,5.975746e-05
0,0,5.4883008e-06
0,0,5.633125e-06
0,0,7.107499e-06
0,0,1.2082321e-05
0,0,1.5941849e-05
0,0,0.00012696565
0,0,2.2357928e-05
0,0,1.8126932e-05
1,1,0.9999945
0,0,8.097798e-06
0,0,7.117511e-06
0,0,8.517445e-06
0,0,6.1564797e-06
0,0,1.7977278e-05
0,0,1.2762633e-05
0,0,5.420947e-06
0,0,8.149557e-06
0,0,1.3494602e-05
0,0,1.178534e-05
0,0,8.547357e-06
0,0,1.7054648e-05
0,0,1.6508377e-05
0,0,1.37087945e-05
0,0,9.707533e-06
0,1,0.9997329
0,0,7.388838e-06
0,0,6.4567844e-06
0,0,1.0390201e-05
1,1,0.99998593
0,0,5.6210774e-06
0,0,5.939726e-05
1,1,0.9999937
0,0,8.542956e-06
0,0,7.835987e-06
0,0,8.736559e-06
1,1,0.9999949
0,0,6.792473e-06
0,0,0.01415383
0,0,2.5303629e-05
1,1,0.9999945
0,0,1.273739e-05
0,0,9.0012045e-06
0,1,0.5691498
0,0,4.7414537e-06
0,1,0.9998317
0,0,8.596586e-06
0,0,8.668306e-06
0,0,2.2768838e-05
0,0,1.1407333e-05
0,0,3.0605403e-05
0,0,1.5994998e-05
0,0,1.1553712e-05
0,0,6.2729855e-06
0,0,2.4019275e-05
0,0,3.4214347e-05
0,0,1.0086342e-05
0,0,6.83336e-06
0,0,7.416017e-06
0,0,2.0057549e-05
0,0,7.19832e-06
0,0,4.5096473e-05
0,0,8.219406e-06
0,0,3.9265153e-05
0,0,9.33376e-06
0,0,8.655287e-06
0,0,1.0829977e-05
0,0,4.511553e-05
0,0,7.187811e-06
0,0,1.2204788e-05
0,0,6.1454166e-06
0,0,6.975322e-06
0,0,1.0890006e-05
0,0,7.767397e-06
0,0,7.29505e-06
0,0,7.0088895e-06
0,0,1.2948266e-05
0,0,1.1308483e-05
0,0,2.0566073e-05
0,0,7.8259645e-06
0,0,7.2348566e-06
1,1,0.9999925
0,0,1.4113072e-05
0,0,5.447186e-05
0,0,7.675858e-06
0,0,1.16189385e-05
0,0,0.0035871272
0,0,9.366305e-06
1,1,0.99996984
0,0,1.1843647e-05
0,0,9.9747485e-06
0,0,1.4284699e-05
0,0,2.7544806e-05
0,0,8.3647565e-06
0,0,0.00053001655
0,0,1.1279252e-05
0,0,5.738183e-06
0,0,1.0036753e-05
0,0,1.4518894e-05
0,0,7.1713303e-06
0,0,6.8128757e-06
0,0,2.5923047e-05
0,0,7.3398237e-06
0,0,1.2330846e-05
0,0,1.2165834e-05
0,0,6.751224e-06
0,0,1.3967274e-05
0,0,7.893658e-06
0,0,0.00022436993
0,0,1.851022e-05
0,0,1.1929697e-05
1,1,0.99995244
0,0,0.019711444
0,0,7.1728145e-06
0,0,1.4913344e-05
0,0,0.0002781174
0,0,9.951196e-06
0,0,2.2463464e-05
0,0,1.0726572e-05
0,0,1.1989804e-05
0,0,7.4681816e-06
0,0,9.491199e-06
0,0,1.1401884e-05
0,0,1.2408041e-05
0,0,6.0951634e-06
0,0,2.6463298e-05
0,0,3.1455562e-05
0,0,1.04358805e-05
0,0,1.0058678e-05
0,0,9.031421e-06
0,0,8.014256e-06
0,0,0.035670586
0,0,6.9667135e-06
0,0,1.25006345e-05
0,0,7.94906e-06
0,0,4.993422e-06
0,0,7.689859e-06
0,0,1.2313161e-05
0,0,1.4795356e-05
1,1,0.99999106
1,1,0.99998236
1,0,2.0727213e-05
0,0,1.3746356e-05
0,0,6.269953e-06
0,0,9.310627e-06
0,0,4.8365706e-05
0,0,7.3658953e-06
0,0,9.529675e-06
0,0,7.3559336e-06
1,1,0.99999464
0,0,8.907935e-06
0,0,1.2596286e-05
0,0,4.1772408e-05
0,0,7.5391686e-06
0,0,8.549851e-06
1,1,0.9999933
0,0,1.0153503e-05
1,1,0.9999925
0,0,7.1363515e-06
0,0,9.506545e-06
0,0,4.28764e-05
0,0,8.631499e-06
0,0,1.745249e-05
0,0,7.4591912e-06
1,1,0.99999356
0,0,1.1876617e-05
0,0,7.002289e-06
0,0,6.108081e-06
0,0,4.9481787e-06
0,0,1.5676267e-05
0,0,8.89041e-06
1,1,0.9999163
0,0,9.741484e-06
0,1,0.99929965
0,0,2.2348677e-05
0,0,9.931171e-05
0,0,1.6697377e-05
0,0,5.5822666e-06
0,0,6.930836e-06
0,0,7.981839e-06
0,0,7.8936955e-06
0,0,1.9523724e-05
0,0,1.7953667e-05
0,0,6.07717e-06
0,0,7.5021817e-06
0,0,7.0393417e-06
0,0,9.135503e-05
0,0,1.1659997e-05
0,0,1.667707e-05
0,0,9.85683e-06
0,0,1.0000246e-05
0,0,1.3126557e-05
0,0,6.2536274e-06
0,0,8.113722e-06
0,0,2.5546675e-05
0,0,1.6446227e-05
0,0,6.644067e-06
0,0,6.2812346e-06
0,0,1.4418498e-05
0,0,3.141979e-05
0,0,0.00010288782
0,0,1.4484071e-05
0,0,7.36905e-06
0,0,0.0023789543
0,0,5.9896493e-06
0,0,8.106831e-06
1,1,0.99997616
0,0,1.7821108e-05
0,0,1.4218022e-05
0,0,9.464375e-06
1,1,0.9999939
0,0,8.854425e-06
0,0,3.0143947e-05
0,0,5.738347e-06
0,0,7.4588784e-06
0,0,9.207809e-06
0,0,0.00012202649
0,0,6.8896934e-06
0,0,5.5800574e-05
0,0,4.569067e-06
0,0,5.582655e-06
0,0,1.1673705e-05
0,0,5.153718e-05
0,0,1.2998213e-05
0,0,6.500664e-06
0,0,1.3707396e-05
0,0,1.895589e-05
0,0,2.0192007e-05
0,0,7.2090584e-06
0,0,1.3472871e-05
0,0,1.0916228e-05
0,0,1.4833883e-05
0,0,8.795194e-06
0,0,8.2869765e-06
1,1,0.99998355
0,0,5.6043127e-06
0,0,1.2306164e-05
1,1,0.9999945
0,0,5.275713e-06
0,0,1.292855e-05
0,0,1.3234329e-05
0,0,7.655184e-06
0,0,2.813989e-05
0,0,1.00829575e-05
0,0,1.00858315e-05
0,0,7.885186e-06
0,0,1.0221755e-05
0,0,2.4312365e-05
0,0,4.036959e-05
0,0,5.8619034e-06
0,0,3.403173e-05
0,0,9.344625e-06
1,0,0.0009850009
0,0,8.116787e-06
0,0,6.328054e-06
0,0,1.1813495e-05
0,0,1.1726057e-05
0,0,6.5968097e-06
0,0,6.5780882e-06
0,0,1.0649749e-05
0,0,7.236658e-06
1,1,0.99998844
0,0,1.8161592e-05
0,0,5.187603e-05
0,0,1.1127772e-05
0,0,9.227237e-06
0,0,3.1835385e-05
0,0,1.945941e-05
0,0,1.2382389e-05
1,1,0.99999523
0,0,1.3248358e-05
0,0,8.014226e-06
0,0,5.708218e-06
1,0,3.607592e-05
0,0,1.2203019e-05
0,1,0.96306
0,0,2.5453875e-05
0,0,1.2048194e-05
0,0,0.000110568355
0,0,8.003685e-06
1,1,0.9999443
0,0,9.301113e-06
0,0,6.996161e-06
0,0,6.522473e-06
0,0,6.9682214e-06
0,0,1.0814991e-05
0,0,4.859614e-06
0,0,5.9595704e-06
0,0,1.6233342e-05
0,0,1.8999635e-05
0,0,6.598145e-05
0,0,1.0419185e-05
0,0,8.68676e-06
0,0,8.929334e-06
0,0,1.105034e-05
0,0,6.3140265e-06
0,0,6.5371823e-06
0,0,1.7021825e-05
0,0,1.8768298e-05
0,0,9.0124395e-06
0,0,9.240189e-06
0,0,1.9837e-05
0,0,8.780142e-06
0,0,1.7924518e-05
0,0,6.7787023e-06
1,1,0.9999913
0,1,0.99993145
0,0,1.1444119e-05
0,0,7.635112e-06
0,0,1.3801261e-05
0,0,7.4628274e-06
1,0,1.3722202e-05
0,0,1.6139518e-05
0,0,7.792475e-06
0,0,7.979837e-06
0,0,1.1342356e-05
0,0,6.055435e-06
1,1,0.99999166
0,0,1.4366753e-05
0,0,6.3029383e-06
0,0,1.00704065e-05
0,0,1.014369e-05
1,1,0.99999225
0,0,1.2687503e-05
0,0,1.4473758e-05
0,0,7.466203e-05
0,0,6.621182e-06
0,0,6.691179e-06
0,0,5.234273e-06
0,0,6.8900945e-06
0,0,1.0763504e-05
0,0,7.694018e-06
1,1,0.9999548
0,0,1.1801289e-05
0,0,1.5709942e-05
0,0,0.0045970106
1,1,0.9658071
0,0,1.3581854e-05
1,1,0.9997588
0,0,5.9870113e-06
0,0,1.3590924e-05
0,0,1.0377596e-05
0,0,9.453892e-06
0,0,1.7404853e-05
0,0,1.4429008e-05
0,0,0.0014641379
0,0,1.3066431e-05
0,0,1.0892893e-05
0,1,0.9998913
0,0,8.592455e-06
0,0,7.7906025e-06
1,1,0.9990608
0,0,7.3550636e-06
1,1,0.9999919
1,0,0.0036782084
0,0,1.998888e-05
0,0,8.816775e-06
1,0,8.5430365e-05
0,0,1.4750259e-05
0,0,7.791613e-06
0,0,9.322106e-06
0,0,8.063643e-06
0,0,9.910311e-06
0,0,6.6972752e-06
0,0,1.230985e-05
0,0,2.7952798e-05
0,0,9.656508e-06
1,1,0.9999871
0,0,9.939804e-06
1,1,0.9999628
0,0,8.30218e-06
0,0,7.225417e-06
1,1,0.99996793
1,1,0.98178136
0,0,1.3453432e-05
0,0,7.858581e-06
0,0,8.925061e-06
0,0,1.7830813e-05
0,0,9.515398e-06
0,0,7.0910726e-05
0,0,2.2900782e-05
0,0,1.7322158e-05
0,0,8.851233e-06
0,0,9.852507e-06
0,0,8.404899e-06
0,0,7.690034e-06
0,0,5.959639e-06
0,0,7.5750154e-06
1,1,0.99999416
0,0,1.33645335e-05
0,1,0.9999875
0,0,8.2024135e-06
1,1,0.99998
1,0,0.00042210572
0,0,7.0565015e-06
0,0,8.044258e-06
0,0,1.6411444e-05
0,0,3.2446085e-05
0,0,1.0458706e-05
1,1,0.9725706
0,0,9.445187e-06
0,0,2.6420255e-05
0,0,1.1410182e-05
0,0,9.023104e-06
0,0,0.02084015
1,0,6.294182e-05
1,1,0.9999888
1,1,0.9999865
0,0,3.6901158e-05
0,0,0.30163786
0,0,6.9875396e-06
0,0,6.7140236e-06
0,0,1.0051025e-05
0,0,1.1847748e-05
0,0,1.3169666e-05
0,0,0.18606746
0,0,1.2446735e-05
0,1,0.99998355
1,1,0.99999106
0,0,1.2162992e-05
1,0,0.00087558536
0,0,1.3196079e-05
0,0,8.7492745e-06
1,1,0.9999908
0,0,2.1101734e-05
0,0,3.2009575e-05
0,0,1.1298674e-05
0,0,3.5726738e-05
1,1,0.99999416
0,0,1.162172e-05
0,0,1.7645132e-05
0,0,1.3109093e-05
0,0,5.8418564e-06
0,0,2.4950856e-05
0,0,5.3694494e-06
0,0,1.4832271e-05
0,0,1.4370233e-05
0,0,1.7786388e-05
0,1,0.97123444
0,0,1.9895957e-05
0,0,0.00010403321
0,0,8.8837905e-06
0,0,1.0707134e-05
0,0,8.805701e-06
0,0,9.5526775e-06
0,0,8.983729e-06
0,0,5.436914e-06
1,1,0.9999932
1,0,9.703265e-05
0,0,1.3913749e-05
0,0,3.1484073e-05
0,0,1.0090306e-05
0,0,1.2361811e-05
0,0,1.0350533e-05
0,0,1.0199514e-05
0,0,6.8096347e-06
0,0,8.411786e-06
0,0,2.1884154e-05
0,0,6.822668e-06
0,0,9.449512e-06
0,0,1.8203187e-05
0,0,2.0969932e-05
1,1,0.9999937
0,0,1.9781892e-05
0,0,1.8607456e-05
0,0,0.030606644
1,1,0.99998784
0,0,9.084442e-06
0,0,7.589492e-06
0,0,1.42209665e-05
0,0,4.666403e-05
0,1,0.9991903
0,0,9.819676e-06
0,0,1.0767734e-05
0,0,8.534332e-06
0,0,8.497235e-06
0,0,1.5851707e-05
0,0,8.375876e-06
0,0,8.153273e-06
0,0,1.6539907e-05
0,0,1.0523399e-05
0,0,1.6830034e-05
0,0,7.659822e-06
1,1,0.9999949
0,0,1.00065145e-05
0,0,1.0488611e-05
0,0,2.1305112e-05
0,0,6.525385e-05
0,0,1.3527899e-05
0,0,2.3030196e-05
0,0,1.2120472e-05
0,0,1.6377051e-05
0,1,0.9987734
0,0,6.986413e-06
0,0,7.2025914e-06
0,0,5.925409e-06
0,0,1.4171226e-05
0,0,1.772492e-05
0,0,1.0798274e-05
0,0,4.1201278e-05
0,0,8.425041e-06
0,0,1.3688951e-05
0,0,1.7314296e-05
0,0,2.05499e-05
0,0,7.945809e-06
0,0,8.505675e-06
0,0,1.8231505e-05
0,0,2.6233989e-05
0,0,3.1815536e-05
0,0,1.1060736e-05
0,0,1.0530498e-05
0,0,7.68212e-06
0,0,1.1003607e-05
0,0,1.6342507e-05
0,0,1.961259e-05
0,0,1.2408491e-05
0,0,1.06329735e-05
0,0,1.5243807e-05
0,0,6.699622e-05
0,0,2.6946165e-05
0,0,1.0106572e-05
0,0,1.9232046e-05
0,0,1.744352e-05
0,0,9.851041e-06
0,0,9.24928e-05
0,0,0.0002469292
1,1,0.99997723
0,0,1.2797491e-05
0,0,2.4122595e-05
0,0,9.255578e-06
0,0,7.698451e-05
0,0,1.4309733e-05
0,0,6.791644e-06
0,0,3.541956e-05
0,0,0.0004411816
0,0,1.2127642e-05
0,0,9.729637e-06
0,0,2.1006463e-05
0,0,3.5696467e-05
0,0,4.105228e-05
0,0,1.6433778e-05
0,0,1.8913133e-05
0,0,1.3211026e-05
0,0,1.1897056e-05
1,0,0.00014173426
0,0,1.5374371e-05
0,0,6.2632653e-06
0,0,8.340699e-06
0,0,3.66473e-05
0,0,1.7787082e-05
0,0,6.908886e-06
0,0,1.0344887e-05
0,0,1.074201e-05
0,0,9.101734e-06
0,0,1.370933e-05
0,0,7.0444185e-06
0,0,9.711061e-06
0,0,1.619209e-05
0,0,6.652144e-06
0,0,1.33195545e-05
0,0,7.2223174e-06
0,0,9.942806e-05
0,0,1.0760548e-05
0,1,0.99955827
0,0,1.7404254e-05
0,0,8.049805e-06
1,1,0.99999416
0,0,6.004982e-05
0,0,1.269618e-05
0,0,8.952784e-06
0,0,9.349456e-06
1,1,0.88775486
0,0,7.949591e-06
0,0,8.732935e-06
0,0,1.5350271e-05
1,1,0.9999938
0,0,5.1609486e-06
0,0,7.977387e-06
1,1,0.9999783
0,0,9.552759e-06
0,0,1.42112995e-05
0,0,7.817051e-06
0,0,1.2191363e-05
0,0,1.0623872e-05
0,0,1.1658796e-05
0,0,0.00017128582
0,0,7.901943e-06
0,0,1.1237885e-05
0,0,6.6212388e-06
0,0,9.079116e-06
0,1,0.9998529
0,0,1.48095005e-05
0,0,1.5090358e-05
0,0,4.9172913e-06
0,0,7.0570195e-06
0,0,1.0288396e-05
0,0,2.912713e-05
0,0,8.6307255e-06
0,0,1.9210487e-05
0,0,1.6200835e-05
0,0,9.823834e-06
0,0,1.1182729e-05
0,0,1.2254623e-05
0,0,6.0206835e-06
0,0,9.940885e-06
0,0,6.7054684e-06
0,0,1.1229282e-05
0,0,0.00011795394
0,0,7.5084804e-06
0,0,9.566344e-06
0,0,7.398463e-06
0,0,9.85075e-06
0,1,0.9997409
0,0,0.006059535
0,0,6.601662e-06
0,0,6.5053086e-06
0,0,8.892437e-06
0,1,0.9999875
0,0,4.482862e-05
0,0,5.1712404e-06
0,0,6.5023996e-06
0,0,7.463468e-06
1,1,0.9999435
1,1,0.999948
0,0,6.464831e-06
0,0,5.3030235e-06
0,0,8.786357e-06
0,0,1.0817921e-05
0,0,2.1008847e-05
1,1,0.99998724
1,1,0.9999944
0,0,5.5819523e-06
0,0,8.001709e-06
0,0,1.5441432e-05
0,0,1.1928446e-05
0,0,1.0757265e-05
0,0,6.3573184e-06
0,0,1.4689393e-05
1,0,4.147462e-05
0,0,1.26065615e-05
0,0,9.117597e-06
0,0,7.278574e-06
0,0,1.7327066e-05
1,1,0.9999815
0,0,7.3393267e-06
0,0,9.86567e-06
0,0,6.390233e-06
0,0,1.2672278e-05
1,1,0.9999149
0,0,1.2628413e-05
0,0,7.1297186e-06
0,0,1.125615e-05
0,0,8.182607e-06
0,0,1.8563285e-05
0,0,7.925746e-06
0,0,1.1802391e-05
0,0,7.2755065e-06
0,0,1.1993349e-05
0,0,1.5968584e-05
0,0,2.512708e-05
0,0,1.1313683e-05
0,0,7.750023e-06
1,1,0.99999344
0,0,3.866586e-05
0,0,5.97452e-06
0,0,7.843351e-06
1,1,0.9999789
0,0,1.8987661e-05
0,0,1.1956555e-05
0,0,2.2001108e-05
0,0,1.1958926e-05
0,0,6.691593e-06
0,0,1.9677636e-05
1,0,4.2227235e-05
0,0,7.3684732e-06
0,0,1.2226513e-05
0,0,1.1217808e-05
0,0,8.886917e-06
0,0,6.7498277e-06
0,0,1.0816084e-05
0,0,6.0040043e-06
0,0,1.515689e-05
0,0,1.1031346e-05
0,0,4.473966e-05
0,0,2.295343e-05
1,0,0.2543626
0,0,3.2102264e-05
0,0,1.2547406e-05
0,0,6.118803e-06
0,0,2.8357339e-05
0,0,8.830703e-06
0,0,1.377985e-05
0,0,2.3216993e-05
1,1,0.9995172
0,0,3.1006613e-05
0,0,1.1308581e-05
0,0,4.4391636e-05
0,0,7.723299e-06
0,0,7.6679635e-06
0,0,6.9198786e-06
0,0,3.1739288e-05
0,0,9.056157e-06
0,0,5.6887243e-06
0,0,8.7704175e-06
0,1,0.97813785
0,0,8.744986e-06
0,0,6.286304e-06
1,1,0.99999416
1,1,0.99916613
0,0,9.0578405e-06
0,0,8.740425e-06
0,0,5.936133e-06
0,0,7.1518584e-06
0,0,1.0098363e-05
0,0,2.2880828e-05
0,0,1.2210015e-05
0,0,5.9052754e-06
0,0,2.3640854e-05
0,0,8.704234e-06
0,0,6.4780756e-06
0,0,1.7741933e-05
0,0,1.083411e-05
0,0,7.514978e-06
0,0,5.019534e-06
0,0,2.231571e-05
1,0,0.0006998946
1,1,0.9999857
0,1,0.99331963
0,0,8.128399e-06
1,1,0.99999356
0,0,9.3464705e-06
0,0,1.0155295e-05
0,0,6.370136e-06
0,0,2.9246257e-05
0,0,1.2335456e-05
0,0,0.3714973
0,0,1.2439591e-05
0,0,6.586374e-06
0,0,1.41911205e-05
0,0,7.435392e-06
0,0,1.178171e-05
0,0,1.5076334e-05
0,0,0.0004259753
0,0,3.564126e-05
0,0,1.1246569e-05
0,0,3.1332125e-05
0,0,1.8914378e-05
0,0,8.736225e-06
0,0,1.0758927e-05
0,0,1.1066834e-05
1,1,0.99998987
0,0,5.982845e-06
0,0,2.4703299e-05
0,0,1.6884982e-05
0,0,1.0829843e-05
0,0,1.2562757e-05
0,0,6.819799e-06
0,0,1.4176146e-05
0,0,8.31565e-06
0,0,1.7108356e-05
0,0,1.6040822e-05
0,0,1.2422497e-05
0,0,7.634966e-06
1,1,0.99930584
0,0,9.76039e-06
0,0,4.518382e-06
0,0,9.573453e-06
0,0,9.9028375e-06
0,0,5.4969278e-06
0,0,9.903876e-06
0,0,1.0617977e-05
1,1,0.99999154
0,0,2.1861191e-05
0,0,8.325419e-06
0,1,0.9995797
0,0,1.856835e-05
0,0,6.6465764e-06
1,1,0.9999881
0,0,8.969817e-06
1,0,1.7751885e-05
0,0,4.8058533e-05
0,0,3.186111e-05
0,0,8.993415e-06
1,1,0.9999931
0,0,6.264331e-05
0,0,8.322506e-06
0,0,9.342736e-06
0,0,6.1198944e-06
0,0,9.3948955e-05
0,0,6.6408875e-06
0,1,0.99981874
0,0,7.484266e-06
1,1,0.9999931
0,0,1.3874834e-05
0,0,9.369574e-06
0,0,2.0131576e-05
0,0,2.2290991e-05
0,0,1.6300668e-05
0,0,7.814368e-06
1,0,1.2689573e-05
0,0,8.346286e-06
0,0,1.4964032e-05
0,0,5.798457e-05
0,0,1.8590854e-05
0,0,1.3858793e-05
0,0,5.419605e-05
0,0,6.7894553e-06
0,0,5.8491037e-06
1,1,0.9999937
1,1,0.9999949
0,0,9.09611e-06
0,0,6.703346e-06
0,0,6.341998e-06
0,0,9.984418e-06
0,0,7.489978e-06
0,0,1.6725491e-05
0,0,1.2224821e-05
0,0,9.092883e-06
0,0,1.7050126e-05
0,0,9.410104e-06
0,0,1.1963056e-05
1,1,0.9999927
0,0,7.3396695e-06
1,1,0.99996555
1,1,0.9999764
0,0,7.5285784e-06
0,0,2.1259142e-05
1,1,0.8243412
0,0,1.7793309e-05
0,0,8.338823e-06
0,0,2.9621713e-05
0,0,1.7781622e-05
0,0,8.6769e-06
1,1,0.9999168
0,0,8.543086e-06
0,0,8.064004e-06
0,0,6.5352747e-06
0,0,1.4988025e-05
0,0,1.0800684e-05
0,0,2.6397465e-05
0,0,1.2057571e-05
0,0,7.882163e-06
0,0,7.311272e-06
0,0,2.5805099e-05
0,0,1.0925685e-05
1,1,0.9998355
0,0,7.997032e-06
0,0,1.1001258e-05
0,0,3.1161322e-05
0,0,8.4644225e-06
0,0,1.07212345e-05
1,1,0.99974626
0,0,7.4270015e-06
0,0,1.3173332e-05
0,0,1.35311875e-05
0,0,6.3287966e-06
1,1,0.99998724
0,1,0.9980818
0,0,5.9438594e-06
0,0,7.1247778e-06
0,0,9.133427e-06
1,1,0.9999331
0,0,9.607017e-06
0,0,6.7920196e-06
0,0,2.5877895e-05
0,0,1.6280068e-05
0,0,5.664342e-06
0,0,1.6340698e-05
1,1,0.9999933
0,0,1.2632725e-05
0,0,3.5765224e-05
0,0,8.954219e-06
0,0,1.2239859e-05
0,0,1.0626313e-05
0,0,2.278787e-05
0,0,8.849664e-06
0,0,9.104494e-06
0,0,9.097403e-06
1,1,0.99999154
0,0,5.403017e-06
0,0,1.424017e-05
0,0,1.44429e-05
0,0,5.3024364e-06
0,0,7.191575e-06
0,0,6.5725703e-06
0,0,6.0579478e-06
0,0,2.3041906e-05
0,0,1.3392551e-05
0,0,1.668687e-05
0,0,0.00016176284
0,0,1.1638944e-05
0,0,6.932356e-06
0,0,1.1673716e-05
1,0,0.00029653162
0,0,9.28516e-06
0,0,5.9053486e-06
0,0,6.4639557e-06
0,0,6.8905997e-06
0,0,2.7152812e-05
1,1,0.999984
0,0,6.831184e-06
0,0,4.437221e-05
0,0,1.5775775e-05
0,0,7.389219e-06
0,0,1.6398773e-05
0,0,6.824009e-06
0,0,7.3853065e-05
0,0,7.0703645e-06
0,0,1.337925e-05
0,0,5.846951e-06
0,0,1.7470324e-05
0,0,6.1675396e-06
0,0,7.4976115e-06
0,0,0.1394591
0,0,9.90653e-06
0,0,1.02975055e-05
1,1,0.9998129
0,0,5.024319e-06
0,1,0.99979764
0,0,4.9843748e-05
0,0,6.642052e-06
0,0,8.534983e-06
0,0,5.3358954e-06
0,1,0.9985812
0,0,1.1661243e-05
0,0,7.530101e-06
0,0,6.1339233e-06
0,0,9.765957e-06
1,1,0.9999919
0,0,9.089745e-06
0,0,8.693457e-06
0,0,8.004717e-06
0,0,5.916047e-06
0,0,6.223481e-06
0,0,3.1584696e-05
0,0,1.1259328e-05
0,0,0.017845862
1,0,1.9552494e-05
0,0,7.688196e-06
0,0,5.981812e-06
0,0,9.109088e-06
0,0,7.1591394e-06
0,0,8.741851e-06
0,0,7.051866e-06
0,0,1.8584878e-05
0,0,7.975334e-06
1,1,0.99999213
0,0,8.746996e-06
0,0,1.4330711e-05
0,0,8.618997e-06
0,0,7.533549e-06
0,0,1.2773092e-05
0,0,8.13589e-06
0,0,1.1836726e-05
0,0,5.508121e-06
0,0,7.714112e-06
0,0,5.919693e-06
0,0,1.3096048e-05
0,0,8.916051e-06
0,0,2.5865014e-05
1,1,0.99999416
0,0,1.2817251e-05
0,0,2.0789672e-05
0,0,1.1192801e-05
0,0,1.095446e-05
1,0,0.0061054016
0,0,6.35447e-06
0,0,8.422776e-06
0,0,5.8365836e-06
0,0,9.084598e-06
0,0,2.4519733e-05
0,0,2.204326e-05
0,0,1.4774939e-05
1,1,0.9999708
0,0,6.9838084e-06
0,0,0.00034337596
0,0,1.8383065e-05
0,0,1.2629738e-05
0,0,7.9719275e-06
0,0,9.648004e-06
0,0,6.6187954e-06
0,0,6.7082256e-06
0,0,0.00016442813
0,0,1.0249067e-05
0,0,1.0610021e-05
0,0,2.3113782e-05
0,0,6.458749e-06
0,0,2.1138068e-05
1,1,0.99995947
0,0,9.175052e-06
0,0,1.3166917e-05
0,0,8.708444e-06
0,0,0.0001293122
1,1,0.9999778
0,0,6.273141e-06
0,0,6.695066e-06
0,0,6.084123e-06
0,0,1.0251784e-05
0,0,1.3884986e-05
1,1,0.9999925
0,0,7.4773034e-06
0,1,0.9994837
0,0,7.248932e-06
0,0,1.0008709e-05
0,0,1.3664378e-05
0,0,1.221897e-05
0,0,5.8906007e-06
0,0,9.167591e-06
0,0,7.9671545e-06
0,0,9.568396e-06
0,0,6.5521745e-06
0,0,1.3043562e-05
0,0,8.727266e-06
0,0,1.1779823e-05
1,1,0.99996185
0,0,1.0877218e-05
1,0,4.214677e-05
0,0,8.7327935e-06
0,0,6.425622e-06
1,1,0.99999404
0,0,6.2249824e-06
0,0,7.998428e-06
0,0,2.4181049e-05
0,0,4.9646125e-05
0,0,8.384788e-06
0,0,7.7724135e-06
0,0,8.095435e-06
0,0,9.302072e-06
0,0,8.783207e-06
0,0,1.834704e-05
0,0,9.153247e-06
0,0,1.2087104e-05
0,0,1.4596251e-05
0,0,8.459693e-06
0,0,1.0358768e-05
0,0,1.1037785e-05
0,0,1.7176562e-05
0,0,6.989892e-06
0,0,1.1513654e-05
0,0,2.470198e-05
1,1,0.9999945
0,0,7.747629e-06
0,0,6.4950627e-06
0,0,1.3377567e-05
0,0,1.0000771e-05
0,0,1.6646149e-05
1,1,0.99998486
0,0,2.0225212e-05
0,0,7.0029564e-06
0,0,1.0069485e-05
0,0,2.7141186e-05
0,0,1.6743252e-05
0,0,1.211555e-05
0,0,7.4494387e-06
0,0,9.296537e-06
0,0,1.3065086e-05
0,0,7.2065973e-06
1,1,0.99999154
0,0,6.9736593e-06
0,0,0.00010387135
0,0,4.721307e-05
1,1,0.9999896
0,0,2.5125377e-05
0,0,7.920668e-06
0,0,5.383359e-06
0,0,1.9659441e-05
0,0,1.33300755e-05
0,0,7.507769e-05
0,0,1.2715301e-05
0,0,8.342028e-06
0,0,1.614574e-05
0,0,7.259054e-05
0,0,1.0931375e-05
0,0,3.676302e-05
0,0,6.5368763e-06
0,0,1.2972789e-05
0,0,9.3523995e-06
0,0,7.170823e-05
0,0,1.4600762e-05
0,0,1.0130058e-05
0,0,8.25056e-06
0,0,1.5143135e-05
0,0,1.5196954e-05
0,0,6.761682e-06
0,0,1.7745842e-05
0,0,0.38496366
0,0,7.115495e-06
0,0,7.004833e-06
0,0,2.1806365e-05
0,0,1.015057e-05
0,0,9.360626e-06
0,0,1.04760065e-05
0,0,7.430338e-06
0,0,6.8541867e-06
0,0,1.0063821e-05
0,0,6.9325147e-06
0,0,2.8714207e-05
0,0,7.689265e-06
0,0,9.424725e-06
0,0,1.1041017e-05
0,0,7.2290704e-06
0,0,5.211992e-06
0,0,1.2232111e-05
0,0,6.089516e-06
0,0,6.2550052e-06
0,0,2.3778579e-05
0,0,6.898157e-05
0,0,2.4315124e-05
0,0,1.5368318e-05
0,0,9.831088e-06
0,0,7.628914e-05
0,0,1.1388495e-05
1,0,0.0015999997
0,0,6.8483782e-06
0,0,1.0727104e-05
1,0,4.1742696e-05
0,0,0.03939143
0,0,5.6858607e-06
1,0,1.1237553e-05
0,0,8.938238e-06
0,0,5.678215e-05
0,0,5.779687e-06
0,0,1.7535522e-05
0,0,1.5288255e-05
0,0,1.4968998e-05
0,0,6.383624e-06
0,0,1.2675131e-05
0,0,7.340825e-06
0,0,6.242782e-06
0,0,2.2967268e-05
0,0,6.0586294e-06
0,0,1.492104e-05
0,0,6.5108266e-06
0,0,8.1528215e-06
0,0,9.003059e-06
0,0,6.64844e-06
0,0,1.0572165e-05
0,0,6.201098e-06
0,0,8.0389345e-06
0,0,2.2486094e-05
0,0,1.1020348e-05
0,0,1.1601587e-05
0,0,7.0031697e-06
0,0,1.4307059e-05
0,0,9.0561225e-06
0,0,7.84793e-06
0,0,5.3233207e-06
0,0,8.056e-05
1,1,0.999992
0,0,8.5682905e-06
0,0,6.7744495e-06
0,0,1.5637701e-05
0,0,5.942057e-06
0,0,7.2201415e-06
0,0,1.2675506e-05
0,0,7.740251e-06
0,0,3.333484e-05
0,0,1.6863114e-05
1,1,0.99992394
0,0,7.680398e-06
0,0,6.6528673e-06
0,0,1.1940464e-05
0,0,1.0552945e-05
0,0,1.2075363e-05
0,0,0.00019205731
0,0,5.355549e-06
1,0,7.377093e-05
0,0,8.722406e-06
0,0,5.734944e-06
0,0,1.9379331e-05
0,0,7.992488e-06
0,0,6.824471e-06
0,0,7.5977628e-06
0,0,9.121145e-06
0,0,8.667545e-06
0,0,2.0152956e-05
0,0,7.3146753e-06
1,1,0.99998116
0,0,0.0013509903
1,0,1.5872327e-05
0,0,8.515854e-06
0,0,4.4676344e-05
0,0,9.222987e-06
0,0,5.8987976e-06
0,0,8.243427e-06
0,0,1.2602353e-05
1,1,0.9999676
0,0,1.345682e-05
0,0,1.16222745e-05
0,0,9.623395e-06
0,0,6.3664866e-06
0,0,6.843801e-05
0,0,1.1971365e-05
0,0,1.6670963e-05
0,0,5.74017e-06
0,0,5.442579e-06
0,0,6.0530156e-06
0,0,1.0314055e-05
0,0,1.8646217e-05
0,0,1.7957982e-05
0,0,1.0201908e-05
0,0,8.938613e-06
0,0,1.689916e-05
0,0,3.214319e-05
0,0,1.9861607e-05
0,0,1.05806375e-05
0,1,0.9996164
0,0,1.0042786e-05
0,0,0.00018892063
0,0,9.560169e-06
0,0,5.187268e-06
0,0,1.2472031e-05
0,0,2.0004518e-05
0,0,1.554704e-05
0,0,0.00045719542
0,0,1.3787014e-05
0,0,4.71508e-06
0,0,2.0909925e-05
1,1,0.9998242
1,1,0.9999933
0,0,4.818804e-06
1,1,0.99994874
0,0,8.43238e-06
0,0,9.905567e-06
0,0,1.4093636e-05
0,0,9.799282e-06
0,0,0.000116008254
0,0,8.473629e-06
0,0,4.9752634e-06
0,0,1.626213e-05
0,0,7.636131e-06
0,0,7.1218565e-06
0,0,1.3127058e-05
0,0,0.00011355974
0,0,7.6992656e-05
0,0,1.4113597e-05
0,0,9.121797e-06
0,0,6.4565565e-06
1,1,0.9999877
0,0,7.5951257e-06
0,0,7.2264233e-06
0,0,8.683828e-06
0,0,1.828261e-05
0,0,7.2714834e-06
0,0,6.8674426e-06
1,1,0.9999894
0,0,1.6523163e-05
0,0,1.3221588e-05
0,0,5.411154e-06
0,0,1.3254639e-05
0,0,6.411292e-06
0,0,6.3849575e-06
0,0,1.6469583e-05
0,0,7.175722e-06
0,0,1.1982762e-05
0,0,6.6326206e-06
0,0,8.023426e-06
0,0,8.71612e-06
0,0,3.2103642e-05
0,0,5.8598016e-06
0,0,7.735823e-06
0,0,5.126747e-06
0,0,1.0708114e-05
0,0,8.745845e-06
0,0,0.00014678441
0,0,0.034363467
0,0,1.7065078e-05
0,0,8.008756e-06
0,0,7.438031e-06
0,0,1.2003327e-05
1,1,0.9999682
0,0,1.951008e-05
0,0,6.180399e-06
0,0,7.3690567e-06
0,0,5.8395344e-06
0,0,2.6429223e-05
1,1,0.9999933
0,0,9.120901e-06
0,0,9.979992e-06
0,0,4.7014666e-05
0,0,1.0712772e-05
0,0,5.722242e-06
0,0,0.019596417
0,0,1.0206345e-05
0,0,6.2443605e-06
0,0,1.562381e-05
0,0,1.0172064e-05
0,0,1.3538106e-05
0,0,2.3714036e-05
0,1,0.8778113
0,0,0.0018779249
0,0,8.782235e-06
0,0,7.234194e-06
1,1,0.99981195
0,0,7.896587e-06
1,1,0.99999297
0,0,8.485777e-06
0,0,1.26977175e-05
0,0,1.5409176e-05
0,0,2.4000521e-05
0,0,1.9097859e-05
0,0,2.2557275e-05
0,0,3.365734e-05
0,0,5.601673e-06
0,0,0.0001296819
0,0,3.7015743e-05
1,1,0.9999857
1,1,0.9999939
1,1,0.9999907
1,1,0.99999475
0,0,1.1885069e-05
0,0,1.5513066e-05
0,0,5.4079455e-06
0,0,1.6622578e-05
0,0,3.188619e-05
0,0,0.00038969246
0,0,1.5044018e-05
1,1,0.99999404
0,0,8.144926e-06
1,1,0.9999598
1,1,0.9999931
0,0,1.0679864e-05
1,0,7.545306e-05
0,0,1.9095673e-05
0,0,1.4462954e-05
1,1,0.999995
0,0,5.8609808e-06
0,0,0.00024138119
1,1,0.9999585
0,0,9.464519e-06
0,0,1.05516465e-05
0,0,6.0956286e-06
0,0,1.1329512e-05
0,0,9.116636e-05
0,0,1.783634e-05
1,1,0.99998796
0,0,1.3584355e-05
0,1,0.50746995
1,1,0.99992836
0,0,8.991306e-06
0,0,1.0294363e-05
0,0,1.9284866e-05
0,0,8.247068e-06
0,0,7.542937e-06
0,0,1.25880715e-05
0,0,8.367724e-06
0,0,7.166845e-06
0,0,8.009329e-06
0,0,8.103306e-06
0,0,8.463992e-05
0,0,9.341525e-06
0,0,1.8749262e-05
0,0,7.0681467e-06
0,0,8.246156e-06
0,0,7.074756e-06
0,0,1.2678964e-05
0,0,1.060829e-05
0,0,1.4174497e-05
0,0,9.795479e-06
0,0,2.3988254e-05
0,0,7.715113e-06
0,0,7.996705e-06
0,0,1.093149e-05
0,0,8.999558e-06
0,0,1.5837004e-05
0,0,8.298253e-06
1,1,0.9999949
0,0,2.511366e-05
0,0,8.9868045e-06
0,0,2.624172e-05
0,0,2.9409006e-05
0,0,9.68052e-06
0,0,1.595041e-05
0,0,1.6874295e-05
0,0,7.3108395e-06
0,0,1.0731412e-05
0,0,1.0210199e-05
0,0,1.2389973e-05
0,0,8.777798e-06
0,0,8.324951e-06
0,0,1.7422855e-05
0,0,6.461565e-06
0,0,1.7873273e-05
0,0,7.5004714e-06
0,0,1.4702034e-05
0,0,1.5041694e-05
0,0,8.552101e-05
0,1,0.9998981
0,0,4.0303963e-05
0,0,6.3004445e-06
0,0,8.336851e-06
0,0,1.242431e-05
0,0,2.893549e-05
1,0,1.6431537e-05
0,0,2.8464172e-05
0,0,2.0028378e-05
0,0,6.2266745e-06
0,0,9.051969e-06
0,0,1.262131e-05
0,0,5.6234044e-06
0,0,5.397393e-06
0,0,6.929666e-06
0,0,8.585737e-06
0,0,1.1885602e-05
0,0,1.2350088e-05
1,1,0.9999306
0,0,4.6127876e-05
0,0,9.848308e-06
0,0,1.0729345e-05
0,0,1.0817921e-05
0,0,1.0617429e-05
0,0,1.8445688e-05
0,0,1.2296251e-05
0,0,9.223523e-06
0,0,1.3094836e-05
0,0,1.1617077e-05
0,0,9.976566e-06
0,0,8.944821e-06
0,0,0.00013226703
0,0,0.007945463
0,0,7.397715e-06
1,1,0.9999918
0,0,6.939261e-06
0,0,7.0667447e-06
1,1,0.99998844
0,0,2.0440037e-05
0,0,1.0626598e-05
0,0,1.1849534e-05
0,0,1.538841e-05
0,0,9.608455e-06
0,0,7.2394537e-06
0,0,2.2776981e-05
0,0,5.2977157e-06
0,0,5.5731593e-06
0,0,1.4437294e-05
0,0,1.030617e-05
0,0,2.6930287e-05
0,0,1.0022139e-05
0,0,6.811635e-06
0,0,2.3476265e-05
0,0,6.180641e-06
0,0,8.005732e-06
0,0,1.0076824e-05
0,0,1.1710714e-05
0,0,1.0453481e-05
0,0,6.126259e-06
0,0,5.6397203e-06
0,0,1.1958036e-05
0,0,1.22755355e-05
0,0,8.881217e-06
0,0,1.8335617e-05
0,0,7.853785e-06
0,0,8.574773e-06
0,0,1.3321917e-05
0,0,7.349784e-06
0,0,8.015341e-05
0,0,0.00079235196
0,0,7.4533746e-06
0,0,1.4301821e-05
0,0,8.193102e-06
0,0,3.6984908e-05
0,0,8.0024265e-06
0,0,9.839286e-06
1,0,0.0001261981
0,0,7.0714505e-06
0,0,1.3757083e-05
0,0,1.0887431e-05
0,0,1.1665314e-05
0,0,1.9007555e-05
0,0,1.4153074e-05
0,0,9.868757e-06
1,0,0.00036878415
0,0,1.6503733e-05
0,0,2.178261e-05
0,0,7.6656315e-06
0,0,2.1269587e-05
0,0,6.1900378e-06
0,0,6.7526094e-06
0,0,8.3610885e-06
0,0,6.725495e-06
0,0,2.1329324e-05
0,0,6.497022e-05
1,1,0.9998678
0,0,1.1904966e-05
0,0,1.2912457e-05
0,0,3.470223e-05
1,1,0.9999881
0,1,0.9998753
0,0,1.5126882e-05
0,0,5.034881e-06
0,0,9.211375e-06
0,0,7.848818e-05
0,0,7.503978e-06
1,1,0.9999862
0,0,1.2349687e-05
0,0,7.529778e-06
0,0,1.0518925e-05
0,1,0.9998202
1,1,0.9999938
0,0,1.831737e-05
0,0,6.5420218e-06
0,0,0.00021268366
1,1,0.9999939
0,0,1.3728877e-05
0,0,2.7829783e-05
1,1,0.9999833
0,0,1.1336451e-05
0,0,2.336635e-05
1,1,0.99938
0,0,1.5692092e-05
0,0,1.464628e-05
0,0,4.605931e-05
0,0,1.35491755e-05
0,0,6.859862e-06
0,0,2.3905537e-05
0,0,9.349376e-06
0,0,2.17004e-05
0,0,6.4328938e-06
0,0,1.1793997e-05
0,0,9.545411e-06
0,0,8.39302e-06
0,1,0.9998103
0,0,7.5593853e-06
0,0,7.856849e-06
0,0,6.2388362e-06
0,0,1.4282193e-05
0,0,5.694728e-06
0,0,7.308302e-06
0,0,1.3308978e-05
0,1,0.99927217
0,0,2.1144884e-05
0,0,4.34761e-05
0,0,6.7059677e-06
0,0,9.866272e-06
1,1,0.9999932
0,0,5.0705996e-05
0,0,1.1640886e-05
0,1,0.9998079
0,0,5.789086e-06
0,0,5.631712e-06
0,0,1.1869392e-05
0,0,1.4658605e-05
0,0,1.1727309e-05
0,0,5.4153306e-06
0,0,4.3905748e-05
0,0,1.2332941e-05
0,1,0.9998586
1,1,0.99999046
0,0,4.4922766e-05
0,0,1.9464811e-05
0,0,2.1287564e-05
0,0,6.708833e-06
0,0,7.864608e-06
0,0,3.0316169e-05
0,0,9.951035e-06
0,0,9.172681e-06
0,0,9.937662e-06
1,0,0.00011892102
0,0,6.195117e-06
0,0,2.5133428e-05
0,0,7.0108013e-06
0,0,1.3191286e-05
0,0,2.1298367e-05
0,0,1.6801201e-05
0,0,8.155544e-06
0,0,6.7501683e-06
0,0,2.9411249e-05
0,0,7.977174e-06
0,0,1.0767343e-05
0,0,7.1221552e-06
0,0,5.3588237e-06
0,0,5.7838656e-06
0,0,3.6623438e-05
1,1,0.9999807
0,0,4.4413246e-06
0,0,6.4501005e-06
0,0,6.630243e-06
0,0,0.0018293172
0,0,7.958429e-06
0,0,9.96755e-06
0,0,1.1404961e-05
0,0,6.7410724e-06
0,0,7.9544525e-06
0,0,7.4746513e-06
0,0,8.255047e-06
0,0,7.0750325e-06
0,0,9.771631e-06
0,0,1.7697255e-05
0,0,7.342407e-06
0,0,6.4295327e-06
0,0,9.298222e-06
1,1,0.9999789
0,0,1.1353156e-05
0,0,2.7013728e-05
0,0,0.030746065
0,0,1.2221838e-05
0,0,8.7883855e-06
0,0,8.466634e-06
0,0,1.0813206e-05
0,0,3.1153806e-05
1,1,0.9999945
0,0,1.3696929e-05
1,1,0.9999895
0,0,7.6235137e-06
1,1,0.99985385
0,0,9.731521e-06
0,0,4.989211e-05
0,0,6.2770546e-06
0,0,6.849548e-06
0,0,6.9551825e-06
0,0,8.075179e-06
0,0,6.8640834e-06
0,0,8.4073035e-06
0,0,9.327024e-06
0,0,6.541485e-06
0,0,6.135755e-06
1,1,0.9999174
0,0,1.3938771e-05
0,0,8.9974465e-06
0,0,1.2239579e-05
0,0,1.6981585e-05
1,0,5.3376014e-05
1,1,0.9999827
0,0,1.4390558e-05
0,0,9.686836e-06
0,0,6.720827e-06
0,0,9.572047e-06
0,0,1.2557473e-05
0,0,7.964825e-05
1,1,0.9999558
0,0,1.1176332e-05
0,0,9.130152e-06
0,0,1.285178e-05
0,0,6.967515e-05
0,0,1.0225421e-05
0,0,1.0450281e-05
0,0,1.6686186e-05
0,0,1.1660464e-05
0,0,8.288202e-06
0,0,2.1431557e-05
0,0,1.5704114e-05
0,0,1.114503e-05
0,0,1.9629111e-05
0,0,1.2724933e-05
0,0,7.68146e-06
0,0,8.258717e-06
0,0,5.1984527e-05
0,0,1.2041692e-05
0,0,7.837788e-06
0,0,4.6720757e-05
0,0,6.8395602e-06
0,0,9.869491e-06
0,0,8.462583e-06
0,0,7.7881805e-06
0,0,7.707038e-06
0,0,1.4545724e-05
0,0,8.055273e-06
0,0,0.000490486
1,1,0.99997556
0,1,0.9966534
0,0,9.838291e-06
0,0,6.5067607e-06
0,0,1.3461287e-05
0,0,8.438187e-06
0,0,1.0410872e-05
0,0,6.2924823e-06
0,0,1.6249822e-05
0,0,1.6158121e-05
0,0,6.8909944e-06
0,0,8.131244e-06
0,0,7.482389e-06
0,0,8.287735e-06
0,0,7.215653e-06
0,0,0.00011092562
0,0,8.505895e-06
1,1,0.99989533
0,0,7.328724e-06
0,0,1.0388071e-05
0,0,9.647129e-06
1,1,0.99999356
0,0,7.073663e-06
0,0,5.3883155e-06
0,0,1.8616154e-05
0,0,6.473339e-06
0,0,9.8962755e-06
0,0,5.221435e-06
1,1,0.9999943
0,0,1.7265062e-05
0,0,9.894285e-06
0,0,1.5782713e-05
0,0,6.6279927e-06
0,0,1.1632076e-05
0,0,6.771323e-06
0,0,7.685286e-06
0,0,7.3423794e-06
0,0,7.3504643e-06
0,0,7.3998954e-06
0,0,8.26852e-06
0,0,9.306446e-06
0,0,1.903135e-05
0,0,7.129855e-06
0,0,1.01369005e-05
0,0,5.6239696e-05
0,0,1.8678767e-05
0,0,5.6149374e-06
0,0,0.00018971942
0,0,7.996384e-06
0,0,9.761395e-06
0,0,2.0594925e-05
1,1,0.99998605
0,0,6.2143113e-06
1,1,0.99997175
1,1,0.999967
1,1,0.9999707
0,0,7.759193e-06
0,0,6.0340767e-06
0,0,1.0217272e-05
0,0,6.1810474e-06
0,0,6.818583e-06
0,0,5.1055126e-06
0,0,0.000106532534
1,1,0.99998295
0,0,9.425526e-06
0,0,9.55305e-06
0,0,0.00011470214
0,0,6.403972e-06
0,0,1.8107909e-05
0,0,8.255141e-06
0,0,1.3960282e-05
1,0,3.6931895e-05
0,0,1.14449485e-05
0,0,2.2044458e-05
0,0,0.00016393063
0,0,2.7604074e-05
0,0,6.166669e-06
0,0,8.698466e-06
0,0,1.4692195e-05
0,0,1.2112326e-05
1,0,0.48877603
0,1,0.9998895
0,0,1.0480183e-05
0,0,6.730108e-06
1,1,0.99999416
0,0,1.29778e-05
0,0,4.679226e-06
0,0,1.0754947e-05
0,0,7.824494e-06
1,1,0.9998977
0,0,9.070989e-06
0,0,8.375373e-06
0,0,7.419851e-06
0,0,9.7086995e-06
0,0,9.898125e-06
0,0,1.3579419e-05
0,0,1.516542e-05
0,1,0.99981064
0,0,2.3205483e-05
0,0,8.231447e-06
0,0,1.0107044e-05
0,0,2.371883e-05
0,0,8.602261e-06
1,0,0.008040593
0,0,2.04361e-05
0,0,1.6526095e-05
1,1,0.9999937
0,0,1.0852972e-05
0,0,6.4161e-06
0,0,8.632784e-06
0,0,1.580054e-05
0,0,9.167102e-06
0,0,4.5736808e-05
0,0,3.115054e-05
0,0,8.652316e-06
0,0,0.0053114747
0,0,4.6502155e-05
0,0,1.8189496e-05
1,0,1.4518327e-05
0,0,7.275091e-06
0,0,6.172765e-06
0,0,1.994094e-05
0,0,2.7888602e-05
0,0,1.4287656e-05
0,0,5.6346776e-06
0,0,1.0239054e-05
0,0,0.23399645
0,0,1.674822e-05
0,0,1.2239964e-05
0,0,2.5514002e-05
0,0,1.4503366e-05
0,0,2.7042777e-05
0,0,9.699464e-06
0,0,5.807356e-06
0,0,8.073269e-06
0,0,7.188606e-06
0,0,1.0379733e-05
0,0,1.6166847e-05
0,0,1.1834964e-05
0,0,0.000162158
0,0,7.369598e-06
0,0,3.8823775e-05
0,0,5.756902e-06
0,0,1.3092152e-05
0,0,0.0004718873
0,0,1.4594679e-05
0,0,8.853682e-06
0,0,1.0801735e-05
1,0,3.8597445e-05
0,0,1.16068995e-05
0,0,1.1177228e-05
0,0,1.6906075e-05
0,0,8.021872e-06
0,0,3.2256932e-05
0,0,8.163652e-06
0,0,6.790776e-06
0,0,1.2126531e-05
0,0,9.904897e-06
0,0,1.8858651e-05
0,0,1.3784476e-05
0,0,8.814523e-06
0,0,8.9278365e-06
0,0,0.00032299524
0,0,9.437137e-06
0,0,9.265999e-06
0,0,1.0402961e-05
0,0,1.5126522e-05
0,0,1.7492695e-05
1,1,0.9999931
0,0,1.0735845e-05
0,1,0.99993217
0,0,1.45158065e-05
0,0,1.062525e-05
0,0,1.0430131e-05
0,0,1.547686e-05
0,0,1.505573e-05
0,0,1.9466797e-05
1,1,0.99997663
0,0,2.2467684e-05
0,0,9.394484e-06
0,0,2.987841e-05
0,0,6.4505434e-06
0,0,9.660617e-06
0,0,1.4729596e-05
0,0,8.311845e-06
0,0,7.147672e-06
0,0,5.5679902e-06
0,0,7.915822e-06
1,1,0.99999344
1,0,0.3304909
0,1,0.9999076
0,0,5.185596e-06
0,0,2.062425e-05
0,0,6.5662985e-06
0,0,1.4969327e-05
0,0,6.0088505e-06
0,0,6.648884e-06
0,0,7.348404e-06
0,0,8.768017e-06
0,0,5.2051146e-05
0,0,4.268685e-05
0,0,7.352098e-06
0,0,6.597924e-05
0,0,4.412969e-05
0,0,8.637707e-06
0,0,1.1035418e-05
0,0,1.7837923e-05
1,1,0.9999863
0,0,8.703793e-06
0,0,0.00082797423
0,0,4.818317e-05
0,0,9.516342e-06
0,0,6.6594503e-06
0,0,8.092046e-06
1,1,0.999992
0,0,5.2197324e-06
0,0,2.5410898e-05
0,0,9.940184e-06
0,0,1.1678058e-05
0,0,1.299463e-05
0,0,5.2574454e-05
0,0,1.1586948e-05
0,0,1.1701425e-05
0,0,0.001071145
0,0,1.1012016e-05
0,0,6.279007e-06
0,0,1.3119737e-05
0,0,1.27800995e-05
0,0,1.147971e-05
0,0,1.285829e-05
0,0,9.532547e-06
0,0,7.686664e-06
0,0,7.1259215e-05
0,0,1.4796486e-05
0,0,1.3323035e-05
0,0,1.5163902e-05
0,0,1.5443096e-05
1,1,0.9999938
0,0,1.1785778e-05
0,0,7.5697017e-06
0,0,7.703893e-06
0,0,7.710464e-06
0,0,9.9380795e-06
0,0,1.6181162e-05
0,0,7.805826e-06
0,0,9.249331e-06
0,0,1.7741004e-05
0,0,2.9469591e-05
0,0,1.4215528e-05
0,0,1.4303949e-05
0,0,8.052078e-06
0,0,5.691883e-06
0,0,0.0013036049
0,0,1.3861886e-05
0,0,1.2452589e-05
1,1,0.9999206
0,0,1.29789505e-05
0,0,6.636898e-06
0,0,7.321626e-06
0,0,9.482832e-06
0,0,3.6616977e-05
0,0,1.0286022e-05
0,0,2.3856552e-05
0,0,1.483677e-05
0,0,1.2557929e-05
0,0,0.00020140686
1,1,0.9999951
0,0,9.414611e-06
0,0,7.3407828e-06
0,0,7.709479e-06
0,0,9.16088e-06
0,0,1.48039935e-05
0,0,1.658535e-05
0,0,8.022049e-06
0,0,7.409542e-06
0,0,8.8733e-06
0,0,5.0357932e-05
0,0,4.555851e-05
0,0,2.1264192e-05
0,0,1.3204401e-05
0,1,0.9966543
0,0,7.2412554e-06
0,0,8.327841e-06
0,0,1.0520148e-05
0,0,1.1884073e-05
0,0,9.468004e-06
0,0,6.7286765e-06
0,0,5.245321e-06
0,0,9.087006e-06
0,0,1.2637376e-05
0,0,0.026380472
0,0,9.883364e-06
0,0,1.2220544e-05
1,1,0.9999943
0,0,1.1413012e-05
0,0,8.036513e-06
0,0,8.252882e-06
0,0,8.021689e-06
0,0,7.075714e-06
0,0,1.0218031e-05
1,1,0.99999094
0,0,1.4070429e-05
0,0,1.0775377e-05
0,0,2.0059022e-05
0,0,5.6955864e-06
0,0,7.077102e-05
0,0,1.4129944e-05
1,1,0.999982
0,0,1.1103709e-05
0,0,8.110589e-06
0,0,6.7270535e-06
0,0,1.775761e-05
0,0,7.768256e-06
0,0,5.86772e-06
0,0,6.8731424e-06
0,0,7.247792e-06
0,0,6.8195195e-06
0,0,6.663878e-06
0,0,8.320958e-06
0,0,8.2035485e-06
0,0,6.6176217e-06
0,0,3.6208545e-05
1,1,0.9999943
0,0,6.8476147e-06
0,0,6.077506e-06
0,1,0.9600608
0,0,5.9199187e-06
0,0,9.495472e-06
0,0,1.6081322e-05
0,0,5.929326e-06
0,0,6.073103e-06
0,0,0.0024771797
0,0,5.7551348e-05
0,0,2.222144e-05
0,0,1.0924892e-05
0,0,7.139224e-06
0,0,1.3566863e-05
0,0,5.484574e-05
0,0,6.0888306e-06
0,0,8.158966e-06
0,0,5.458475e-06
0,0,8.936832e-06
0,0,1.69737e-05
0,0,7.0589044e-06
1,1,0.9999925
0,0,0.0044088215
0,0,2.4246005e-05
0,0,6.5899744e-06
0,0,0.0012699441
0,0,1.1137518e-05
0,0,1.6778129e-05
0,0,5.69349e-06
1,1,0.9999491
0,0,8.561895e-06
0,0,1.4259221e-05
0,1,0.9947009
1,1,0.99999106
0,0,6.655558e-06
0,0,2.3752467e-05
0,0,7.667298e-06
0,0,2.1491915e-05
0,0,9.261556e-06
0,0,9.301725e-06
0,0,0.0028904246
0,0,7.675968e-06
0,0,6.7180267e-06
0,0,2.6692958e-05
0,0,8.581129e-06
0,0,7.117443e-06
0,0,9.177248e-06
0,0,2.917884e-05
0,0,8.799724e-06
0,0,7.0451842e-06
0,0,6.610526e-06
0,0,1.346912e-05
0,0,1.7433409e-05
0,0,2.3365548e-05
0,0,8.383061e-06
0,0,1.4304385e-05
0,0,8.141766e-06
0,0,1.6467571e-05
0,0,5.651975e-06
0,0,1.7030821e-05
0,0,7.371805e-06
0,0,7.3675387e-06
0,0,8.610288e-06
0,0,7.549364e-06
0,0,1.945659e-05
0,0,2.286691e-05
0,0,1.1580563e-05
0,0,1.9878433e-05
0,0,6.920499e-06
0,0,7.6308825e-06
0,0,6.2947934e-06
0,0,0.00015199925
0,0,6.250148e-05
0,0,7.495209e-06
0,0,8.814887e-05
1,1,0.99999106
0,0,7.798237e-06
0,0,8.551523e-06
0,0,5.518168e-06
1,1,0.9999846
0,0,2.6208056e-05
0,0,8.910483e-06
0,0,2.9084938e-05
0,0,9.044453e-06
0,0,7.868194e-06
0,0,1.4659445e-05
0,0,7.175784e-06
1,1,0.9999865
0,0,6.30137e-06
0,0,6.5339473e-06
0,0,1.5605032e-05
0,0,1.7184213e-05
0,0,9.92942e-06
0,0,1.0505611e-05
0,0,4.074288e-05
0,0,6.0983375e-06
0,0,2.807657e-05
0,0,1.5865622e-05
0,0,0.0009359083
0,0,7.0395095e-06
0,0,1.0391955e-05
0,0,5.8674455e-06
0,0,5.981949e-06
0,0,2.2313283e-05
0,0,0.003132576
0,0,1.28151005e-05
0,0,6.2587214e-06
0,0,5.5756e-06
0,0,1.0999306e-05
0,0,2.7727896e-05
0,0,1.0461021e-05
0,0,1.5933778e-05
0,0,1.22589e-05
0,1,0.99779344
0,0,1.4930391e-05
0,0,9.793658e-05
0,0,1.0981552e-05
0,0,1.2404396e-05
0,0,1.4773515e-05
0,0,7.367665e-06
1,1,0.99997807
0,0,8.516926e-06
1,1,0.99999106
0,0,9.905218e-06
0,0,2.1184402e-05
1,1,0.99992776
0,0,1.4475841e-05
0,0,1.1763779e-05
0,0,1.0985678e-05
0,0,2.826018e-05
0,0,1.6437241e-05
0,0,1.0387239e-05
0,0,5.6461026e-06
0,0,8.657573e-05
0,0,9.782876e-06
0,0,3.8011032e-05
0,0,6.9045345e-05
0,0,0.00020737707
0,0,1.26949835e-05
1,1,0.99999213
1,1,0.99999464
0,0,6.2879235e-06
0,0,1.4449484e-05
0,0,4.5765983e-06
0,0,8.786307e-06
0,0,5.0244194e-05
0,0,3.5257868e-05
0,0,6.118237e-06
0,0,1.0757245e-05
0,0,2.8653509e-05
0,0,0.00012302496
0,0,8.644002e-06
1,1,0.99978715
0,0,1.4395664e-05
0,0,9.012371e-06
0,0,1.00881125e-05
0,0,6.1112155e-06
0,0,6.8875383e-06
0,0,6.0006328e-06
0,1,0.99976367
0,0,1.2665609e-05
0,0,2.431619e-05
0,0,8.987936e-06
1,1,0.9999646
0,0,1.7895209e-05
0,0,6.8202935e-06
0,0,4.780941e-05
0,0,8.895041e-06
0,0,8.843986e-05
0,0,1.3192065e-05
0,0,6.7884575e-06
0,0,9.673506e-06
0,0,1.8936378e-05
0,0,5.2875043e-06
1,1,0.9998323
0,0,8.913068e-06
0,1,0.9995869
0,0,1.0035567e-05
0,0,9.237238e-06
0,0,2.6618913e-05
0,0,1.1295302e-05
0,0,7.5591042e-06
0,0,5.126601e-05
0,0,0.0014064595
0,0,8.4636795e-06
1,1,0.99999416
0,0,5.799713e-06
0,0,2.0243562e-05
0,0,1.9580186e-05
0,0,1.0051715e-05
0,0,5.0101075e-06
0,0,1.8267672e-05
0,0,7.4363143e-06
0,0,0.00013684909
0,0,1.0090036e-05
0,0,9.536475e-06
1,1,0.9999943
0,0,7.0349793e-06
0,0,4.6875528e-05
0,0,9.047067e-06
0,0,7.659179e-06
0,0,8.5563115e-06
0,0,1.0081937e-05
0,0,7.2137545e-06
0,0,6.1128594e-06
0,0,5.4960474e-06
0,0,1.0555582e-05
0,0,1.3206378e-05
0,0,1.6247714e-05
0,0,9.629104e-06
0,0,6.896865e-06
0,0,0.0003077126
0,0,7.674885e-06
0,0,7.479941e-05
0,0,8.106182e-06
0,0,8.471093e-06
0,0,9.048715e-06
0,0,6.7038322e-06
0,0,6.419368e-06
0,0,0.00044635133
1,1,0.9998745
0,0,1.2205636e-05
0,0,8.73276e-06
1,1,0.9999931
0,0,1.1804553e-05
0,0,1.0147802e-05
0,0,1.9493491e-05
0,0,1.1861733e-05
0,0,0.0004926062
0,0,1.0600048e-05
0,0,0.002455942
1,1,0.99999094
1,1,0.99994886
0,0,1.3050344e-05
0,0,1.1380755e-05
0,1,0.9692541
0,0,6.4329674e-06
0,0,0.00028724218
0,0,2.0551253e-05
0,0,8.387379e-06
0,0,1.2758495e-05
0,1,0.9999502
0,0,0.00052902824
0,0,7.2815596e-06
1,1,0.99999356
1,1,0.9999944
0,0,9.787971e-06
0,0,7.566266e-06
0,0,1.2993241e-05
1,1,0.99888366
0,0,1.3820332e-05
0,0,2.3882685e-05
0,0,9.9820945e-06
0,0,9.310823e-06
0,0,8.241438e-06
0,0,1.2415143e-05
0,0,2.6974034e-05
0,0,7.843321e-06
0,0,1.25313345e-05
0,0,1.0169454e-05
0,0,7.3017322e-06
0,0,7.341021e-06
0,0,8.792526e-06
0,0,6.034974e-06
0,0,2.3703364e-05
0,0,6.508194e-06
0,0,6.92378e-06
0,0,1.226815e-05
0,0,1.31758825e-05
0,0,7.556913e-06
0,0,1.1394959e-05
0,0,7.973295e-06
0,0,9.187231e-06
1,1,0.8825895
0,0,1.3976148e-05
0,0,1.804294e-05
0,0,1.5829968e-05
0,0,1.2856377e-05
0,0,1.6362936e-05
0,0,5.0038776e-05
0,0,1.2280359e-05
0,0,1.5708534e-05
1,1,0.9999931
0,0,6.4502856e-06
0,0,0.0027929738
1,1,0.999949
0,1,0.9999243
0,0,1.016481e-05
0,0,1.8009847e-05
0,0,1.2180763e-05
0,0,9.344982e-06
0,0,7.376728e-06
0,0,1.4918706e-05
0,0,1.9638737e-05
0,0,7.481825e-05
0,0,9.4498e-06
0,0,7.590896e-06
1,1,0.99994385
1,1,0.99995065
0,0,4.7815338e-05
0,0,3.0536135e-05
0,0,8.63863e-06
1,1,0.99999094
0,0,9.760557e-06
0,0,8.463421e-06
0,0,0.0010703494
0,0,1.14208515e-05
0,0,5.108396e-06
0,0,1.0056434e-05
0,0,7.3077586e-06
0,0,7.155591e-05
0,0,7.8754465e-06
0,0,2.1407064e-05
0,0,6.977962e-05
0,1,0.9998204
0,0,9.386728e-06
0,0,5.53578e-05
0,0,6.8411655e-06
0,0,0.00023700712
0,0,7.001387e-06
1,1,0.9999875
0,0,7.819697e-06
1,1,0.99978286
0,0,5.631642e-06
0,0,6.948062e-06
0,0,2.1513057e-05
0,0,0.0003710132
0,0,6.8889967e-06
0,0,1.0926914e-05
0,0,5.711867e-06
0,0,0.0002196101
0,0,5.0538674e-05
0,0,1.6465216e-05
0,0,8.652968e-06
0,0,1.5012788e-05
0,0,6.1892583e-06
0,0,0.00030624573
0,0,0.0010879636
0,0,3.5667712e-05
0,0,0.000109754146
0,0,7.628619e-06
0,0,7.165881e-06
0,0,0.00083219836
0,0,1.670292e-05
0,0,1.9897665e-05
0,0,6.629453e-06
0,0,7.627863e-06
0,0,1.1700332e-05
0,0,8.772183e-06
0,0,7.2854427e-06
0,0,5.701971e-05
1,1,0.9999883
0,0,8.466995e-05
1,1,0.99999475
0,0,1.21716475e-05
0,0,6.4523897e-06
0,0,4.377614e-05
1,1,0.9999907
0,0,5.688041e-06
0,0,1.3282682e-05
1,1,0.99960357
0,0,6.562267e-06
0,0,3.0477748e-05
0,0,6.337228e-06
0,0,6.496945e-06
0,0,8.065596e-06
0,0,8.5445035e-06
0,0,3.8634385e-05
0,0,1.0817921e-05
1,1,0.99997425
0,0,8.420431e-06
0,0,8.602704e-06
0,0,3.199374e-05
0,0,8.45858e-06
0,0,6.572325e-06
0,0,1.2173645e-05
0,0,7.639977e-06
0,0,7.6908855e-06
0,0,5.4895204e-06
0,0,6.532888e-06
0,0,1.71782e-05
0,0,8.674707e-06
1,1,0.9999893
0,0,6.1087276e-06
0,0,1.1526793e-05
0,0,2.4961375e-05
0,0,2.0562407e-05
1,0,0.0036231515
1,1,0.99999344
0,0,5.9459007e-06
0,0,8.817112e-06
0,0,2.0368077e-05
0,0,9.376807e-06
0,0,2.0813792e-05
1,1,0.9999932
0,0,3.861803e-05
0,0,7.4349314e-06
0,0,8.178613e-06
0,0,4.1873587e-05
0,0,5.90089e-06
0,0,8.133951e-06
0,0,9.206966e-06
0,0,2.5370025e-05
0,0,9.775667e-06
0,0,1.18262e-05
0,0,1.5336253e-05
0,0,9.937113e-06
0,0,1.6699989e-05
0,0,6.317882e-06
0,0,3.2728192e-05
0,0,1.0419126e-05
0,0,8.019433e-06
1,1,0.9999683
0,0,5.195967e-06
0,0,9.595234e-06
0,0,1.1687373e-05
0,0,7.0618403e-06
0,0,9.411684e-06
0,0,1.2444374e-05
0,0,1.7251401e-05
0,0,8.241454e-06
0,0,1.5043617e-05
0,0,8.1438775e-06
0,0,1.0991347e-05
0,0,1.0710198e-05
0,0,1.1591591e-05
0,0,1.2491363e-05
0,0,8.096061e-06
1,1,0.99998784
0,0,7.219758e-05
0,0,0.1390695
1,0,2.2742319e-05
0,0,6.328326e-06
0,0,1.3920081e-05
0,0,5.746655e-06
0,0,9.447456e-06
0,0,1.0006e-05
0,0,3.4330573e-05
0,0,6.95844e-06
0,0,6.305674e-06
0,0,7.677066e-06
0,0,9.379042e-06
0,0,7.429977e-06
0,0,1.1529453e-05
0,0,7.850221e-06
0,0,5.5999426e-06
0,0,1.5386606e-05
0,0,9.554892e-06
0,0,9.469711e-06
0,0,1.0123221e-05
0,0,7.928482e-06
0,0,9.63991e-06
0,0,1.5377995e-05
0,0,7.4512777e-06
0,0,1.0634313e-05
0,0,1.3028183e-05
0,0,6.976679e-06
1,1,0.99998415
0,0,1.5027686e-05
0,0,1.0283511e-05
0,0,1.0111382e-05
0,0,1.1818216e-05
0,0,1.1348956e-05
0,0,1.0455735e-05
0,0,7.0003452e-06
0,0,1.2358806e-05
0,0,1.6114265e-05
0,0,8.260638e-06
0,0,9.902487e-06
0,0,7.1181084e-06
0,0,8.965318e-06
0,0,5.3493977e-06
0,0,8.609253e-06
0,0,1.37515735e-05
0,0,1.2276566e-05
0,0,8.66495e-06
0,0,2.7557338e-05
0,0,1.1275381e-05
0,0,1.443242e-05
0,0,9.462669e-06
0,0,7.5423477e-06
0,0,0.047951017
0,0,3.46327e-05
0,0,1.2299723e-05
0,0,1.3120538e-05
0,0,5.8826963e-06
0,1,0.99946517
0,0,5.4581938e-06
0,0,5.6923495e-06
0,0,1.6168266e-05
0,0,5.636447e-05
0,0,4.2661257e-05
0,0,6.4614783e-06
0,0,7.8325875e-06
0,0,3.0677205e-05
0,0,9.186881e-06
0,0,5.570179e-06
1,0,0.004980528
0,0,5.8940454e-06
0,0,1.882645e-05
0,0,7.1514696e-06
1,1,0.9999467
0,0,1.0243791e-05
0,0,6.8679976e-05
0,0,6.836489e-06
0,0,1.9510937e-05
1,1,0.9999907
0,0,1.2322101e-05
0,0,8.778568e-06
0,0,5.5374207e-06
0,0,8.330034e-06
0,0,5.4663824e-06
0,0,5.6376825e-06
0,0,2.1390515e-05
0,0,7.8147405e-06
0,0,1.1166744e-05
0,0,1.941009e-05
0,0,1.1474544e-05
0,0,1.3494911e-05
0,0,9.071673e-06
0,0,2.5549234e-05
0,0,6.292806e-06
0,0,2.1103264e-05
1,1,0.99999416
1,1,0.85844135
0,0,9.273567e-06
0,0,0.0001836791
1,0,0.00013455134
0,0,6.283565e-06
0,0,5.98066e-06
0,0,7.4489913e-06
0,1,0.9998123
0,0,0.003008834
0,0,8.2720086e-05
0,0,4.1099793e-05
0,0,0.00020988227
0,0,1.734664e-05
0,0,9.975158e-06
0,0,6.0450548e-06
0,0,1.5898731e-05
0,0,1.0102726e-05
0,0,9.076337e-06
0,0,1.6728314e-05
0,1,0.9994779
0,0,9.995155e-06
0,0,1.67594e-05
0,0,7.836443e-06
0,0,8.155544e-06
0,0,6.1889277e-06
0,0,7.448267e-06
0,0,8.931515e-06
0,0,1.0212615e-05
0,0,1.123991e-05
0,0,1.0752834e-05
1,1,0.9999659
0,0,8.953058e-06
1,1,0.99998343
0,0,8.513563e-06
0,0,6.0690386e-06
1,1,0.9999949
0,0,1.7398183e-05
0,0,0.00013543217
1,0,0.00017755694
0,0,4.5205197e-05
0,0,1.4233299e-05
0,0,1.1302942e-05
0,0,6.7592455e-06
0,0,7.4867794e-06
0,0,1.0882873e-05
0,0,0.010575523
0,0,6.052987e-06
0,0,1.6779248e-05
0,0,9.190859e-06
0,0,3.6322916e-05
0,1,0.9999422
0,0,1.3691431e-05
0,0,1.864924e-05
0,0,6.4192514e-05
0,0,8.312923e-06
0,0,8.030169e-06
0,0,3.3020217e-05
0,0,5.58437e-06
1,1,0.99999154
0,0,2.0367457e-05
0,0,1.1913166e-05
0,0,0.003149636
0,0,9.324952e-06
0,0,1.0675068e-05
0,0,0.00010898876
0,0,1.7953325e-05
0,0,0.037697975
0,0,1.0804599e-05
0,0,8.143248e-06
0,0,5.704777e-05
0,0,1.852449e-05
0,0,9.359323e-06
0,0,8.692147e-06
0,0,5.948861e-06
0,0,1.0347946e-05
0,0,1.1272565e-05
0,0,1.1986899e-05
1,1,0.9999927
0,0,7.413712e-06
0,0,4.0799107e-05
0,0,3.0095864e-05
0,0,2.5169744e-05
0,0,1.1225352e-05
0,0,8.9883215e-06
0,0,1.2272621e-05
0,0,7.4049426e-06
0,0,6.2545996e-06
0,0,1.354238e-05
1,1,0.9999862
0,0,2.2077487e-05
0,0,1.5034036e-05
0,0,9.156801e-06
0,0,5.4070348e-05
0,0,1.0312559e-05
0,0,6.2539075e-06
0,0,1.510742e-05
0,0,8.694004e-06
0,0,0.00010796242
0,0,1.1648871e-05
0,0,4.403687e-05
0,0,5.913881e-06
0,0,1.3864755e-05
0,0,1.26694995e-05
0,0,1.3663335e-05
0,0,9.54339e-06
0,0,6.4118854e-06
0,0,4.8221827e-05
0,0,2.3913426e-05
0,0,7.3503797e-06
0,0,7.125933e-06
0,0,6.2996937e-06
0,0,1.0361831e-05
0,0,1.9051726e-05
0,0,9.617431e-06
0,0,7.759281e-06
1,1,0.99992716
0,0,1.3944275e-05
1,1,0.9999206
0,0,2.5599107e-05
0,0,5.885126e-05
0,0,1.1626032e-05
0,0,1.0301454e-05
0,0,6.07004e-06
0,0,1.735374e-05
0,0,6.8068684e-06
0,0,9.544573e-06
0,0,1.5247617e-05
0,0,1.4885522e-05
0,0,6.6820216e-06
0,0,2.3583749e-05
0,0,1.8858776e-05
1,1,0.9999925
0,0,1.4069867e-05
0,0,8.530784e-06
1,1,0.9999933
0,0,7.3363385e-06
0,0,6.603338e-05
0,0,3.7123427e-05
0,0,2.0597181e-05
0,0,6.799388e-06
0,0,7.0843357e-06
0,0,1.210639e-05
0,0,7.576641e-06
0,0,5.219618e-06
0,0,1.4285517e-05
0,0,5.8061487e-06
0,0,0.0001287256
0,0,1.0411676e-05
0,0,9.042814e-06
0,0,1.6754384e-05
0,0,8.069397e-06
0,0,6.677989e-06
0,0,1.4640834e-05
0,0,8.585427e-06
0,0,6.4127476e-06
0,0,7.3370034e-06
0,0,3.2410117e-05
0,0,1.05089775e-05
0,0,9.855166e-06
0,0,0.0007088053
0,0,8.327142e-06
0,0,0.0013603515
0,0,5.4813336e-06
0,1,0.9997707
1,0,1.6485674e-05
0,0,2.6704161e-05
0,0,2.8554077e-05
0,0,3.6074955e-05
1,1,0.99999356
0,0,7.982076e-06
0,1,0.99883443
0,0,6.1043074e-06
0,0,1.4423863e-05
0,0,9.785853e-06
0,0,8.214242e-06
0,0,7.3891906e-06
0,0,1.1019097e-05
0,0,1.9131327e-05
0,0,1.007081e-05
0,0,6.672635e-06
0,0,9.699675e-05
0,0,7.122943e-06
1,1,0.99996567
0,0,1.4494269e-05
0,0,2.5941294e-05
0,0,6.3889775e-06
0,0,8.804123e-06
0,0,1.678525e-05
0,0,7.881713e-06
0,0,1.1386953e-05
0,0,3.1085427e-05
0,1,0.9999696
0,0,1.4192758e-05
0,0,1.16449055e-05
0,0,7.89265e-06
0,0,8.07769e-06
0,0,2.3682665e-05
1,1,0.9999833
0,0,6.7161886e-06
0,0,7.4332515e-06
0,0,1.0084918e-05
0,0,6.6235752e-06
0,0,6.504347e-06
0,0,1.4961891e-05
0,0,8.894914e-06
0,0,1.13919605e-05
1,1,0.9999908
0,0,6.5156714e-06
1,1,0.999987
0,0,1.2229754e-05
0,0,1.4784339e-05
0,0,1.1204635e-05
0,0,1.3496277e-05
0,0,6.614897e-06
0,0,1.7547534e-05
0,0,6.2456106e-06
0,0,8.627845e-06
1,1,0.9999907
1,1,0.999977
0,0,1.5263155e-05
0,0,1.0553076e-05
0,0,1.02423255e-05
0,0,7.3972283e-06
0,0,1.1154036e-05
0,0,9.745415e-06
0,0,1.5474528e-05
0,0,4.3305576e-05
0,0,8.514148e-06
0,0,2.1502186e-05
0,0,6.5708964e-06
0,0,7.861129e-06
0,0,1.0503777e-05
0,0,1.0634921e-05
0,0,7.019886e-06
0,0,6.957345e-06
0,0,6.5045147e-06
1,1,0.9999944
0,0,6.4576097e-06
0,1,0.9999466
0,0,5.4099128e-05
0,0,9.01201e-06
0,0,0.000479731
0,0,6.5915897e-06
0,0,2.3308261e-05
0,0,1.770333e-05
1,1,0.9999888
0,0,0.000111189416
0,0,7.496131e-06
0,0,1.0123327e-05
1,1,0.99999356
1,1,0.9997619
0,0,1.09652265e-05
0,0,6.5781824e-06
0,0,1.2100653e-05
0,0,1.0917581e-05
0,0,1.0929926e-05
0,0,1.8105318e-05
0,0,1.07176365e-05
0,0,1.0463075e-05
0,0,1.089414e-05
0,0,6.827413e-06
0,1,0.9969553
0,0,2.5637073e-05
1,1,0.99998355
0,0,6.2529775e-06
0,0,6.391434e-06
0,0,2.6370491e-05
0,0,9.324053e-06
0,0,8.417765e-06
0,0,1.3496277e-05
0,0,4.6565074e-05
0,0,5.3761255e-06
0,0,5.805213e-06
0,0,3.4346227e-05
0,0,1.021094e-05
0,0,1.7226905e-05
0,0,4.3936902e-06
0,0,0.119814426
0,0,8.931003e-06
0,0,8.647251e-06
0,0,1.0087554e-05
0,0,1.049863e-05
0,0,1.2915105e-05
1,1,0.99999213
1,1,0.9999945
0,0,2.624177e-05
0,0,9.288845e-06
0,0,6.4509372e-06
0,0,5.605275e-06
0,0,5.97301e-06
0,0,2.2083635e-05
0,0,9.089867e-06
0,0,2.0638081e-05
0,0,1.2772752e-05
0,0,8.452281e-05
0,0,7.245601e-06
0,0,1.3053478e-05
0,0,7.964799e-06
1,0,0.00021910357
0,0,0.000107600645
0,0,2.2052154e-05
0,0,1.02276645e-05
0,0,8.941572e-06
0,0,8.535772e-06
0,0,1.5010626e-05
0,0,8.778819e-06
0,0,5.844244e-05
0,0,2.1235152e-05
0,0,2.638707e-05
0,0,7.803578e-06
0,0,6.2234744e-06
0,0,5.4758362e-05
1,1,0.99956685
0,0,7.810582e-06
0,0,1.0583917e-05
0,0,1.5041694e-05
0,0,8.415598e-06
0,0,6.0836005e-06
0,0,6.483236e-06
0,0,7.4399886e-06
0,0,6.2557806e-06
0,0,1.423968e-05
0,0,8.889898e-05
0,0,1.3099358e-05
1,1,0.5397024
0,0,1.3699947e-05
0,0,7.6691485e-06
0,0,8.594799e-06
0,0,5.7535703e-06
0,0,8.688576e-06
0,0,5.4597607e-05
0,0,1.0924309e-05
0,0,6.245748e-06
0,0,8.137807e-06
0,0,1.564437e-05
0,0,9.401458e-06
0,0,8.589751e-06
0,0,9.531055e-06
0,0,1.6598628e-05
0,1,0.9995086
0,0,8.80162e-06
0,0,1.1029095e-05
0,0,9.562905e-06
0,0,0.00032178208
1,1,0.9999646
0,0,0.04103406
0,0,2.1427673e-05
0,0,1.1771367e-05
0,0,9.984913e-06
0,0,2.4925408e-05
0,0,9.375062e-06
0,0,2.6096599e-05
0,0,6.1658693e-06
0,0,1.712873e-05
0,0,8.11486e-06
0,0,7.108068e-06
0,0,9.543408e-06
0,0,2.2289207e-05
0,0,2.1849748e-05
0,0,7.4868644e-06
0,0,7.712295e-06
1,1,0.9999931
0,0,1.3982454e-05
0,0,8.892878e-06
1,1,0.9999808
0,0,7.235333e-06
0,0,1.0248725e-05
0,0,9.070055e-06
0,0,1.7584569e-05
0,0,6.7554624e-06
1,1,0.99998295
0,0,9.4364485e-05
0,0,7.817438e-06
0,0,8.5987995e-06
0,0,1.0788876e-05
0,0,5.117809e-05
0,0,5.793582e-06
0,0,8.462219e-06
0,0,1.0176003e-05
0,0,6.3839107e-06
0,0,6.918902e-06
0,0,1.5393767e-05
1,1,0.999992
0,0,3.8592e-05
0,0,8.290913e-06
0,0,6.7540645e-06
0,0,1.1830879e-05
0,0,4.5642566e-05
0,0,1.0229147e-05
0,0,1.0527876e-05
1,1,0.99998283
0,0,8.511071e-06
0,0,2.1638754e-05
0,0,6.669104e-06
0,0,5.867524e-06
0,0,9.493101e-06
0,0,9.434977e-06
0,0,9.614239e-06
0,0,1.9019884e-05
0,0,1.4208941e-05
0,0,1.04774945e-05
0,0,8.799187e-06
0,0,8.7750195e-06
0,0,9.226074e-06
0,0,6.2513077e-06
1,1,0.999696
0,0,0.00063917955
0,0,2.6711601e-05
0,0,8.475893e-06
0,0,6.471061e-06
0,0,1.1119158e-05
0,0,1.1712803e-05
0,0,1.2551811e-05
0,0,3.451058e-05
0,0,1.0985009e-05
0,0,0.00024427797
0,0,7.0403353e-06
1,1,0.9996705
0,0,5.205822e-06
0,0,6.1011997e-06
0,0,8.8853565e-05
0,0,6.7198594e-06
0,1,0.7382254
0,0,1.352034e-05
0,0,5.965291e-06
0,0,1.4971311e-05
1,1,0.9999882
0,0,1.12595e-05
1,1,0.9999883
1,1,0.9999924
0,0,8.653843e-06
0,0,9.6606445e-06
0,0,6.81311e-06
1,1,0.9999937
0,0,0.00015098967
0,0,6.5359227e-06
0,0,6.4499595e-06
0,0,1.4733922e-05
0,1,0.9992638
0,0,5.2810997e-06
1,1,0.9999943
0,0,2.8825049e-05
0,0,7.77503e-06
0,0,7.4421746e-06
0,0,1.1111082e-05
0,0,6.714677e-06
0,0,1.00168545e-05
0,1,0.99988174
0,0,9.377978e-06
0,0,7.477746e-06
0,0,5.7140333e-05
0,0,8.3274035e-06
0,0,1.2184749e-05
0,0,5.8743994e-06
0,0,3.299749e-05
0,0,1.0208136e-05
0,0,8.381398e-06
0,0,8.037915e-06
0,1,0.9999348
0,0,9.452215e-06
0,0,6.7804153e-06
1,1,0.9999943
1,1,0.9999945
0,0,2.259747e-05
0,0,1.621176e-05
0,0,8.843893e-06
0,0,9.318178e-06
0,0,1.3516627e-05
0,1,0.5318888
0,0,2.4394927e-05
0,0,3.52203e-05
0,0,8.534112e-06
0,0,8.54853e-06
0,0,8.744061e-06
0,0,7.1657514e-06
0,0,9.496233e-06
0,0,1.014398e-05
0,0,7.990575e-06
0,0,4.4567496e-05
0,0,6.6466905e-06
0,0,9.111469e-06
0,0,8.483867e-06
0,0,1.5218534e-05
0,0,8.706167e-06
0,0,6.494053e-06
0,0,9.067738e-06
0,0,1.3941802e-05
0,0,1.5886955e-05
0,0,6.492146e-06
0,0,1.0880122e-05
0,0,5.479785e-05
0,0,1.433935e-05
0,0,1.5351765e-05
0,0,2.1048954e-05
0,0,6.7390856e-06
0,0,7.714251e-06
0,0,3.2736774e-05
0,0,1.9435856e-05
0,0,7.968157e-06
1,0,0.20253715
0,0,1.4263913e-05
0,0,7.899743e-06
0,0,1.3474746e-05
0,0,8.359605e-06
0,0,7.1988006e-06
0,0,1.0727494e-05
0,0,1.4300348e-05
1,1,0.99998856
0,0,8.307835e-06
0,0,1.4180189e-05
0,0,1.712419e-05
0,0,1.3909185e-05
1,1,0.9999919
0,0,5.3010128e-05
0,0,6.4493875e-06
0,0,2.494555e-05
1,1,0.99998486
0,0,9.153684e-06
0,0,7.479344e-05
0,0,8.940276e-06
0,0,6.154675e-05
0,0,1.7395596e-05
0,0,1.2471174e-05
0,0,1.4328264e-05
0,0,0.43172702
0,0,9.592278e-06
0,0,6.4587734e-06
0,0,6.797067e-06
0,0,9.0255264e-05
0,0,7.8095245e-06
0,0,8.736009e-06
0,0,1.6040929e-05
0,0,8.11503e-06
0,0,1.3011173e-05
1,1,0.99999475
1,1,0.9999937
0,0,8.388851e-06
0,0,5.807411e-06
0,0,1.44295445e-05
0,0,8.686918e-06
0,0,1.3351527e-05
0,0,1.1293385e-05
0,0,9.612204e-06
0,0,8.400427e-06
0,0,7.339481e-06
0,0,7.4516333e-06
0,0,8.711915e-06
1,1,0.57168305
0,0,8.614674e-06
0,0,9.4488e-06
1,0,0.00019867005
0,0,9.39599e-06
0,0,2.2049755e-05
0,1,0.9999659
0,0,6.456058e-06
0,0,1.2035882e-05
0,0,1.2109936e-05
0,0,7.925391e-06
0,0,1.7111604e-05
0,0,8.121401e-05
0,0,7.334331e-06
0,0,7.200284e-06
0,0,8.435702e-06
0,0,0.002203393
0,0,1.1863611e-05
0,0,7.1371073e-06
0,0,1.7066493e-05
0,0,7.743222e-05
0,0,7.5448506e-06
0,0,8.1615035e-06
0,0,2.7588998e-05
0,0,9.019688e-06
0,0,7.3750393e-06
1,1,0.99995494
0,0,8.790163e-06
1,1,0.99998116
0,0,2.3665958e-05
0,0,1.9902847e-05
0,0,3.0755033e-05
1,1,0.99994814
0,0,7.919853e-06
0,0,7.8434105e-06
0,0,7.825927e-06
0,0,6.9187568e-06
0,0,1.751398e-05
0,0,2.7705271e-05
0,0,7.0858764e-06
0,0,5.657001e-06
0,0,1.09053035e-05
0,0,2.5656884e-05
0,0,0.028918413
0,0,6.6169905e-06
0,0,6.1566325e-06
0,0,1.3762227e-05
0,0,6.7040874e-06
0,0,6.7199304e-05
0,0,2.5509085e-05
0,0,2.4725598e-05
0,0,1.744377e-05
0,0,1.6179773e-05
0,0,1.2725382e-05
0,0,2.772155e-05
0,0,7.859053e-06
0,0,7.1360387e-06
1,1,0.9999882
0,0,1.1486828e-05
0,0,9.419244e-06
0,0,1.4304399e-05
0,0,7.5686908e-06
0,0,7.5331536e-06
0,0,1.3070844e-05
0,0,7.460949e-06
0,0,1.0208408e-05
1,1,0.99996424
0,0,1.8442364e-05
0,0,9.434437e-06
0,0,3.4785957e-05
0,0,1.40047805e-05
0,0,2.0203412e-05
0,0,8.189837e-06
0,0,1.214477e-05
0,0,5.9543668e-06
0,1,0.9991227
0,0,7.955636e-06
1,1,0.999866
0,0,7.76967e-06
0,0,7.5006146e-06
0,0,2.2109092e-05
0,1,0.998458
0,0,6.4849614e-06
1,1,0.999992
0,0,1.47187275e-05
1,1,0.99999416
0,0,1.192542e-05
0,0,1.3192028e-05
0,0,1.7026923e-05
0,0,7.3083575e-06
0,0,1.727165e-05
0,0,2.3384408e-05
0,0,1.1613189e-05
0,0,1.1156951e-05
0,0,0.00030985393
0,0,1.8115994e-05
0,0,2.0162895e-05
0,0,8.400668e-06
0,0,7.518103e-06
0,0,1.0585724e-05
0,0,7.81623e-06
0,0,2.0815836e-05
1,1,0.9999902
0,0,1.7419865e-05
0,0,5.4743225e-05
0,0,9.055881e-06
1,1,0.9998808
0,0,6.4893043e-06
0,0,1.2443947e-05
0,0,1.2465455e-05
1,0,0.005755718
0,0,7.421368e-05
0,0,7.3030765e-06
0,0,5.2386126e-06
0,0,1.3247891e-05
0,0,6.638215e-06
0,0,1.9530691e-05
0,0,9.564638e-06
0,0,1.0546085e-05
0,0,1.024553e-05
0,0,3.2767763e-05
0,0,8.486472e-06
1,1,0.9999759
0,0,6.5520744e-06
0,0,9.336466e-06
0,0,1.0671831e-05
1,1,0.9999907
1,1,0.9999927
0,0,8.621718e-06
0,0,2.4994364e-05
0,0,0.0001231961
0,0,9.463706e-06
0,0,7.5123626e-06
0,0,1.5024261e-05
0,0,1.7281289e-05
0,0,7.100385e-06
1,1,0.9999945
0,0,2.2413435e-05
0,0,2.1929845e-05
0,0,6.142346e-06
0,0,1.2742808e-05
0,0,7.958694e-06
0,0,6.2224476e-06
0,0,1.7805802e-05
1,1,0.99999464
0,0,1.350033e-05
0,0,1.2257147e-05
0,0,1.036031e-05
0,0,1.2294586e-05
0,0,9.244058e-06
0,0,8.1967055e-06
0,1,0.52414393
0,0,7.1993295e-06
0,0,8.247682e-06
0,0,1.0883029e-05
0,0,6.0138307e-05
0,0,8.235311e-06
0,0,6.518239e-05
0,0,7.62507e-06
0,0,1.7460881e-05
1,0,0.00065616076
0,0,9.505394e-06
0,0,0.00012192844
0,0,1.301466e-05
0,0,7.953261e-06
0,0,8.093783e-06
0,0,7.674167e-06
0,0,1.0262976e-05
0,0,7.5254916e-06
0,0,3.5501293e-05
0,0,1.7494898e-05
1,0,3.8127313e-05
0,0,1.1624968e-05
0,0,9.166122e-06
0,0,6.0062835e-06
0,1,0.9996346
1,0,0.48002335
0,0,0.00010775611
0,0,2.5556814e-05
0,0,4.6860914e-05
0,0,8.287268e-06
0,0,9.768454e-06
0,1,0.9999691
1,1,0.9999443
0,0,6.991585e-06
0,0,7.524365e-06
0,0,6.3861025e-06
0,0,5.709857e-06
0,0,8.3732055e-05
0,0,1.4687404e-05
0,0,8.228472e-06
0,0,9.852093e-06
1,0,1.1115894e-05
0,0,1.3980041e-05
0,0,1.4031409e-05
0,0,7.710272e-06
0,0,1.3091964e-05
0,0,1.4194843e-05
0,0,5.856416e-06
1,1,0.99959546
0,1,0.9998641
0,0,8.359652e-06
0,0,7.971213e-06
0,0,0.30101654
0,0,7.991994e-05
0,0,1.0995572e-05
0,0,2.3354052e-05
0,0,9.82065e-06
0,0,1.1174882e-05
0,0,1.5377876e-05
0,0,0.0001430498
0,0,2.962465e-05
0,0,3.5415847e-05
0,0,1.3968713e-05
0,0,5.4759e-06
0,0,6.817497e-06
0,0,1.0981457e-05
0,1,0.99958605
1,1,0.9999455
0,0,1.0810516e-05
0,0,0.00026980127
0,0,1.7104394e-05
0,0,2.2879214e-05
0,0,0.00012925956
0,0,6.141286e-06
0,1,0.99978787
0,0,9.878738e-06
1,1,0.9999938
1,1,0.9999913
1,1,0.99999094
0,0,2.7065997e-05
0,0,2.3580982e-05
0,0,7.899864e-06
1,0,0.005474509
0,0,1.2904271e-05
0,0,4.2436586e-05
0,0,1.08573195e-05
1,1,0.99999464
0,0,2.0828347e-05
0,0,5.8693047e-05
0,0,8.0209475e-06
0,0,8.368994e-06
0,0,3.3650922e-05
0,0,2.269708e-05
0,0,1.6643768e-05
0,0,7.130079e-06
0,1,0.9998864
0,0,8.486327e-06
0,0,1.9974817e-05
0,0,7.0453725e-06
0,1,0.99785846
0,0,7.886841e-06
0,0,7.854077e-06
1,1,0.99990404
0,0,1.9708568e-05
0,0,9.171587e-06
0,0,8.543526e-06
0,0,1.059839e-05
0,0,2.8299339e-05
0,0,6.2083527e-06
0,0,1.4332542e-05
0,0,7.651952e-05
0,0,1.2558444e-05
0,0,1.3558261e-05
1,1,0.99998736
0,0,8.85689e-06
0,0,2.0463203e-05
0,0,6.3710777e-06
0,0,1.5903704e-05
0,0,6.1006936e-06
0,0,1.7813105e-05
0,0,1.1052163e-05
0,0,1.1757802e-05
0,0,8.151252e-06
1,1,0.9999751
0,0,1.37704055e-05
0,0,9.30688e-06
0,0,7.0741353e-06
0,0,9.203463e-06
0,0,1.0243791e-05
0,0,7.528406e-06
0,0,5.7793945e-06
0,0,7.552158e-06
0,0,4.9587925e-05
1,1,0.99972874
0,0,0.0011242904
0,0,6.6688685e-06
0,0,9.767336e-06
0,0,8.689586e-06
0,0,6.6995766e-05
0,0,8.610797e-06
0,0,1.8920096e-05
1,1,0.99996066
0,0,1.4724174e-05
0,0,6.975754e-06
0,0,1.2132119e-05
0,0,9.520717e-06
0,0,0.0030204887
0,0,6.4902947e-06
0,0,1.0920747e-05
0,0,6.6809635e-06
0,0,5.5449664e-06
0,0,6.9189678e-06
1,1,0.99999046
0,1,0.99998426
0,0,8.452774e-06
0,0,7.1070244e-06
0,0,6.638994e-06
0,0,0.00018378666
0,0,8.120744e-06
0,0,6.008191e-06
0,0,7.657433e-06
0,0,4.6703204e-05
0,0,4.6407436e-05
0,0,2.27305e-05
0,0,7.511825e-06
0,0,2.1084956e-05
0,0,9.465801e-06
0,0,1.3024506e-05
0,0,7.908518e-06
0,0,8.733559e-06
0,0,8.394725e-06
0,0,9.323707e-06
0,0,1.138805e-05
0,0,1.0267126e-05
0,0,2.0288207e-05
0,0,6.24648e-06
0,0,5.9470744e-06
0,0,8.860963e-06
0,0,7.4000645e-06
1,1,0.9998548
0,0,6.13238e-06
0,0,7.4534814e-06
0,0,3.2837146e-05
0,0,7.574091e-06
0,0,1.2664402e-05
0,0,1.4964032e-05
0,0,5.8678374e-06
1,1,0.9999875
0,0,8.207101e-06
0,0,8.872353e-06
0,0,1.5348105e-05
0,0,7.528593e-06
0,0,1.2030856e-05
0,0,6.6215607e-06
0,0,8.120272e-06
0,0,8.555838e-06
0,0,7.4008835e-06
1,0,1.4817524e-05
0,0,1.1192268e-05
0,0,7.1063873e-06
0,0,9.856877e-06
0,0,2.1135347e-05
0,0,4.605786e-05
0,0,1.6476086e-05
0,0,9.322337e-06
0,0,6.5505433e-06
0,0,8.260111e-06
0,0,2.4055515e-05
0,0,8.86103e-06
0,0,6.8441345e-06
0,0,7.1005816e-06
1,1,0.9976907
0,0,6.6378097e-06
0,0,0.0596775
0,0,4.5480763e-05
0,0,4.073286e-05
0,0,6.4393203e-06
0,0,1.1373399e-05
0,0,1.2447602e-05
0,0,7.6178017e-06
0,0,3.480447e-05
0,0,6.5186423e-06
0,0,6.2507947e-06
0,0,1.5696522e-05
1,1,0.9995944
0,0,9.836415e-06
0,0,1.0334159e-05
0,0,1.1302931e-05
0,0,7.983567e-06
0,0,5.978732e-06
0,0,1.1874205e-05
0,0,6.818121e-06
1,1,0.99974793
0,0,8.598423e-06
0,0,6.2352556e-06
1,1,0.9999951
1,0,0.00015257909
0,0,1.03590055e-05
0,0,6.5317354e-06
1,1,0.9999794
0,0,9.662146e-06
0,0,1.1377336e-05
0,0,7.9968795e-06
0,0,6.8436907e-06
0,0,7.4066593e-06
0,0,2.1738535e-05
0,0,7.319309e-06
0,0,1.7085678e-05
0,0,2.950724e-05
0,0,1.0042172e-05
0,0,3.2705884e-05
0,0,1.5882124e-05
0,0,6.7497504e-06
0,0,1.6017497e-05
0,0,5.253812e-05
1,1,0.9999511
0,0,2.2474605e-05
0,0,1.2979545e-05
0,0,7.671321e-06
0,0,7.913164e-06
0,0,7.057181e-06
0,0,1.1904626e-05
0,0,5.4617653e-06
0,0,1.0984663e-05
0,0,7.896504e-06
0,0,7.4217405e-06
0,0,1.5207913e-05
0,0,9.5318655e-06
0,0,1.0891221e-05
0,0,1.2973309e-05
0,0,1.9811325e-05
0,0,7.1787413e-06
0,0,1.5552085e-05
0,0,4.6105975e-05
0,0,7.631632e-06
0,0,6.85386e-06
1,1,0.99997663
0,0,4.246019e-05
0,0,1.3495658e-05
0,0,3.0299407e-05
0,0,1.1343707e-05
0,0,7.7077e-06
0,0,8.878286e-06
0,0,1.165933e-05
0,0,9.22838e-06
0,0,4.6530808e-05
1,1,0.9999927
0,0,1.6073303e-05
0,0,1.35617665e-05
0,0,7.2290977e-06
0,0,1.6103913e-05
0,0,0.005629294
0,0,9.818046e-06
0,0,4.614583e-05
0,0,1.7321532e-05
0,0,1.3640618e-05
0,0,6.4577084e-06
0,0,7.665156e-06
0,0,5.874534e-06
0,0,0.00030063096
0,0,1.0719476e-05
0,0,2.6678248e-05
0,0,7.249015e-06
0,0,1.0662789e-05
0,0,7.144632e-06
0,0,2.2236996e-05
0,0,2.6574575e-05
0,0,1.0730645e-05
0,1,0.9999176
0,0,8.3165705e-06
0,0,1.1429558e-05
0,0,8.1787184e-05
0,0,2.284614e-05
0,0,2.203958e-05
0,0,2.1603828e-05
0,0,6.3039906e-06
0,0,8.850052e-06
0,0,6.460302e-06
0,0,6.442416e-06
0,0,1.64209e-05
0,0,1.60695e-05
0,0,9.442143e-06
0,0,6.938706e-06
0,0,4.0243358e-05
0,0,5.749736e-06
0,0,1.4390613e-05
0,0,9.340741e-06
0,0,7.89006e-06
0,0,9.66611e-06
0,0,6.4393203e-06
0,0,8.039717e-06
0,0,7.207642e-06
0,0,8.153436e-06
0,0,4.9057977e-05
1,1,0.99997807
0,0,1.0135934e-05
0,0,9.439127e-06
0,0,6.7088845e-06
0,0,7.1428067e-06
0,0,9.293612e-06
0,0,5.860964e-06
0,0,1.2799272e-05
0,0,2.155612e-05
0,0,3.3516375e-05
0,0,8.252772e-06
0,0,9.046972e-06
0,0,1.1400199e-05
0,0,1.4386743e-05
0,0,1.0337767e-05
0,0,7.142282e-06
0,0,7.164706e-06
0,0,2.5950822e-05
0,0,1.09097755e-05
0,0,7.792118e-06
0,0,0.00013305056
0,0,0.018279431
0,0,1.1139686e-05
0,0,7.7892055e-06
0,0,7.6172278e-06
0,0,1.1790714e-05
0,0,1.1172432e-05
0,0,1.1148718e-05
0,0,1.2319139e-05
0,0,1.03375105e-05
0,0,1.0726951e-05
0,0,6.0561683e-06
0,0,0.0015072188
0,0,1.0683776e-05
0,0,1.5960804e-05
0,0,2.0535657e-05
1,1,0.9999932
0,0,8.305997e-06
0,0,2.7552924e-05
0,0,6.2094364e-06
0,0,3.034405e-05
0,0,1.7374472e-05
0,0,7.3633455e-06
0,0,9.905416e-06
0,0,1.6020123e-05
0,0,1.1305669e-05
0,0,1.4073865e-05
0,0,3.2046595e-05
0,0,8.439878e-06
0,0,9.046488e-06
0,0,3.2574033e-05
0,0,1.2519891e-05
0,0,5.3026106e-05
1,0,0.00015312403
0,0,3.310939e-05
0,0,8.329747e-06
0,0,7.451307e-06
0,0,5.0481217e-06
0,0,1.5157729e-05
0,0,7.0736223e-06
0,0,9.262271e-06
0,0,1.4596391e-05
0,0,9.235723e-06
1,0,0.00015888707
0,0,8.644843e-06
0,0,6.6780276e-06
0,0,2.1310536e-05
0,0,6.531723e-06
1,1,0.99996305
0,0,1.0894047e-05
0,0,7.900692e-06
1,1,0.9999722
0,0,7.182e-06
0,0,1.6029553e-05
0,0,2.1639868e-05
0,0,7.1009e-06
0,0,2.966499e-05
0,0,1.15035355e-05
0,0,2.0742715e-05
0,0,6.161343e-06
0,0,0.00010102728
0,0,1.029611e-05
0,0,8.672556e-06
0,0,1.4578208e-05
0,0,6.324778e-06
0,0,8.98366e-06
0,1,0.9998561
0,0,7.922557e-06
0,0,8.1065755e-06
0,0,1.2339538e-05
1,1,0.9999919
0,0,1.0139598e-05
0,0,6.8614263e-06
0,0,0.0032469402
0,1,0.9997212
0,0,6.4096293e-06
0,0,7.66792e-06
0,0,6.512565e-06
0,0,6.8065833e-06
0,0,1.5337891e-05
0,0,0.012466098
0,0,8.231118e-06
0,0,8.388435e-06
0,0,2.002668e-05
0,0,1.6189002e-05
0,0,4.9664272e-06
0,0,7.3347715e-06
0,0,5.201222e-06
0,0,2.7217706e-05
0,0,1.4194233e-05
0,0,1.2198678e-05
0,0,1.0104519e-05
0,0,1.3468851e-05
1,0,0.00023444589
0,0,7.652987e-06
0,0,0.019348005
0,0,9.3235285e-06
0,0,1.16074525e-05
0,0,1.3193901e-05
0,0,3.310797e-05
0,0,1.4133989e-05
0,0,1.0543942e-05
0,0,7.487857e-06
0,0,8.483527e-06
0,0,8.208009e-06
0,0,1.3172128e-05
0,0,1.2601645e-05
0,0,2.596092e-05
0,0,7.1865707e-06
0,0,2.1142303e-05
0,0,1.04872015e-05
0,0,9.0847025e-06
1,1,0.99999297
0,0,7.523153e-06
0,0,5.529665e-05
0,0,1.064653e-05
0,0,7.751124e-06
0,0,1.6343956e-05
0,0,9.558474e-06
0,0,7.3255185e-05
0,0,1.0195478e-05
0,0,8.1150765e-06
0,0,5.387605e-05
0,0,1.3658385e-05
0,0,0.0003508081
0,0,9.619302e-06
0,0,5.4275065e-06
0,0,1.9119218e-05
0,0,1.8990413e-05
0,0,7.3252863e-06
0,0,2.0387415e-05
0,0,1.5087307e-05
0,0,8.337377e-06
1,0,0.00588413
0,0,2.0141159e-05
1,1,0.99990416
1,1,0.99999464
0,0,8.958096e-06
0,0,5.8722935e-06
0,0,1.046582e-05
0,0,2.8370485e-05
0,0,1.4678889e-05
0,0,1.2199004e-05
0,1,0.99536467
0,0,1.01823325e-05
0,0,6.8977533e-06
0,0,5.2161155e-05
0,0,1.1634805e-05
0,0,1.2121121e-05
0,0,1.33696585e-05
0,0,9.828183e-06
1,1,0.9968054
0,0,7.842057e-06
0,0,8.5898655e-06
0,0,8.853015e-06
0,0,7.845595e-06
0,0,4.8461093e-06
0,0,6.6315456e-06
0,0,1.0941576e-05
0,0,7.851209e-06
0,0,1.2254517e-05
0,0,9.7213915e-06
0,0,7.926555e-06
0,0,5.4172233e-05
0,0,6.9079574e-06
0,0,6.0857015e-05
0,0,1.08368995e-05
0,0,6.910665e-06
0,0,8.581096e-06
0,0,7.986629e-06
0,0,5.3516633e-06
0,0,9.808483e-06
0,0,9.738316e-06
1,1,0.99999464
0,0,1.0863844e-05
0,1,0.9999347
0,0,8.528312e-06
0,0,6.2951476e-06
0,0,1.5309983e-05
0,0,1.977346e-05
0,0,6.805493e-06
0,0,8.469251e-06
1,1,0.9999716
0,0,5.720701e-05
0,0,5.871935e-06
0,0,1.0747789e-05
0,0,1.3541631e-05
0,0,6.175244e-06
0,0,9.007895e-06
1,1,0.99998975
0,0,6.1104934e-06
0,0,1.0245148e-05
0,0,5.809394e-06
0,0,0.00018773977
0,0,1.0578862e-05
0,0,8.33868e-06
0,0,1.4237399e-05
0,1,0.9996146
0,0,5.699172e-06
0,0,1.4235906e-05
1,1,0.999979
0,0,1.70662e-05
0,0,6.2736376e-06
0,0,9.931362e-06
0,0,1.8289724e-05
0,0,6.261832e-06
0,0,8.8009665e-06
1,1,0.9999876
0,0,6.5143045e-06
0,0,7.889579e-06
1,1,0.99998903
1,1,0.9999907
0,0,1.05616045e-05
0,0,1.625999e-05
0,0,1.4919873e-05
0,0,1.3215159e-05
0,0,1.4871389e-05
0,0,1.0331124e-05
0,0,1.3187863e-05
0,0,8.132478e-06
0,0,5.418125e-06
0,0,6.8930453e-06
0,0,1.0873712e-05
0,0,6.1626715e-06
1,0,0.00017019374
0,0,1.2983172e-05
0,0,1.4148916e-05
1,0,3.262091e-05
0,0,9.867571e-06
0,0,1.4661024e-05
0,0,1.9253846e-05
0,0,8.67997e-06
1,1,0.9999927
0,0,0.46808907
0,0,7.947332e-06
0,0,7.821197e-06
0,0,8.351827e-06
0,0,7.729871e-06
0,0,7.078265e-06
0,0,2.2568096e-05
0,0,7.4369455e-06
0,0,6.771168e-06
0,0,0.0003381143
0,0,2.8900386e-05
0,0,6.591697e-06
0,0,8.737725e-06
0,0,2.5024967e-05
0,0,5.8464548e-06
0,0,7.214525e-06
0,0,6.28697e-06
0,0,7.8469275e-06
0,0,9.913014e-06
0,0,4.99008e-06
0,0,7.6244155e-06
0,0,1.4512222e-05
0,0,1.0818632e-05
0,0,1.9871422e-05
0,0,1.654808e-05
0,0,1.2897245e-05
0,0,1.0499491e-05
0,0,9.475483e-06
0,0,1.1723597e-05
1,1,0.9999852
0,0,4.7219557e-05
0,0,7.7770404e-05
1,1,0.9999943
0,0,8.975919e-06
0,0,1.5714602e-05
0,0,1.8232531e-05
0,0,6.056515e-06
0,0,4.7371013e-05
0,0,1.4091378e-05
0,0,1.2472055e-05
0,0,8.115309e-06
0,0,8.268915e-06
0,0,1.2814612e-05
1,1,0.99994993
0,0,6.107359e-06
0,0,8.027459e-06
0,0,5.3824544e-05
0,0,1.3444031e-05
0,0,0.000118958684
0,0,3.9109465e-05
0,0,1.7972683e-05
0,0,8.164392e-06
0,0,7.878977e-06
0,0,0.0002073237
0,0,1.1595251e-05
0,0,1.8937426e-05
0,0,7.571722e-06
0,0,2.2125225e-05
1,0,4.802152e-05
0,0,1.815927e-05
0,0,6.2370395e-06
0,0,7.4595687e-06
0,0,3.111129e-05
0,0,1.3041945e-05
1,1,0.9999602
0,0,4.5220936e-06
0,0,9.185216e-06
0,0,7.714111e-05
0,0,3.639938e-05
0,0,5.480497e-06
0,0,1.449377e-05
1,1,0.99999464
0,0,5.642399e-06
0,0,6.363263e-06
0,0,1.660575e-05
0,0,1.2340939e-05
0,0,8.217588e-06
0,0,1.6772256e-05
0,0,1.205333e-05
0,0,9.247179e-06
0,0,3.892684e-05
0,0,1.0566862e-05
0,0,5.530196e-06
0,0,5.367908e-06
0,0,5.9492668e-05
0,0,1.617101e-05
0,0,9.703137e-06
0,0,1.0501984e-05
0,0,8.192167e-05
0,0,1.2276285e-05
1,1,0.99999404
0,0,2.2777287e-05
0,0,2.0118026e-05
0,0,1.0841521e-05
1,1,0.9999883
0,0,5.5288724e-06
0,0,1.08405175e-05
0,0,1.9316654e-05
0,0,2.2662885e-05
0,0,8.585673e-06
0,0,7.096188e-06
0,0,6.075768e-06
1,1,0.9999373
0,0,3.689824e-05
0,0,3.1190368e-05
0,0,7.095052e-06
0,0,6.9203797e-06
0,0,7.5480915e-05
1,1,0.99996006
0,0,6.1100795e-06
0,0,7.589159e-06
0,0,2.5212192e-05
0,0,6.852651e-06
0,0,2.4799983e-05
0,0,1.38205705e-05
0,0,7.797545e-06
0,0,5.722171e-06
0,0,8.604312e-06
0,0,7.955356e-06
0,0,3.6532292e-05
0,0,9.779836e-06
0,0,2.372675e-05
0,0,0.00011696808
0,0,7.754252e-06
0,0,1.3340492e-05
0,0,6.5958347e-06
0,0,7.7057375e-06
0,0,1.01823325e-05
0,0,0.002501654
0,0,1.0352437e-05
0,0,1.568162e-05
0,0,6.0486645e-06
0,0,2.5427917e-05
0,0,6.6193884e-06
1,1,0.99999416
0,0,6.2134227e-06
0,0,6.734506e-06
0,0,9.554773e-06
0,0,1.4985968e-05
0,0,6.628296e-06
0,0,6.8951754e-06
0,0,1.745682e-05
0,0,6.818486e-06
0,0,1.1003838e-05
1,1,0.99999416
0,0,9.657319e-06
0,0,1.2053363e-05
0,0,1.1493633e-05
0,0,6.336841e-06
0,0,7.4727127e-06
0,0,5.575504e-06
0,0,5.3229046e-06
0,0,5.48445e-06
0,0,8.883656e-06
0,0,5.9218837e-06
0,0,1.41195205e-05
0,0,7.952367e-06
0,0,2.1472679e-05
0,0,8.486716e-06
0,0,1.1989918e-05
0,0,1.5480877e-05
0,0,2.6003116e-05
0,0,1.8018318e-05
0,0,1.0756321e-05
0,0,0.000108883316
0,0,2.7760543e-05
0,0,9.711478e-06
0,0,1.781489e-05
0,0,4.910501e-06
0,0,7.304066e-06
0,0,4.8239952e-05
0,0,9.055983e-06
0,1,0.99653935
0,0,8.509423e-06
0,0,1.0234006e-05
1,1,0.9999944
1,1,0.999995
0,0,8.272993e-06
0,0,2.0561838e-05
0,0,7.3555548e-06
0,0,2.6955597e-05
0,0,1.544286e-05
0,0,8.196463e-06
0,0,5.938228e-06
0,0,6.6028397e-06
0,0,7.0378126e-05
0,0,9.516796e-06
0,0,2.0792546e-05
0,0,9.330129e-06
0,0,1.2485741e-05
0,0,1.7460083e-05
0,0,1.0760856e-05
0,0,1.0413175e-05
0,0,1.7171697e-05
0,0,1.343242e-05
0,0,1.06695925e-05
0,0,8.389131e-06
0,0,9.737824e-06
0,0,2.8586364e-05
0,1,0.99969494
1,1,0.9999887
0,0,1.1651726e-05
0,0,5.8550927e-06
0,0,9.409387e-06
0,0,2.631123e-05
0,0,1.2479741e-05
0,1,0.9975216
0,0,1.10077435e-05
0,0,6.7752767e-06
0,0,1.3212236e-05
0,0,1.0101127e-05
0,0,7.401378e-06
0,0,8.805366e-06
0,0,2.2552586e-05
0,0,7.815254e-06
0,0,1.1082868e-05
0,0,1.1453858e-05
0,0,9.58245e-06
0,0,6.6478555e-05
0,0,1.10829205e-05
0,0,5.1923607e-06
0,0,7.2411867e-06
0,0,6.070891e-06
0,0,4.388938e-05
0,0,1.2761818e-05
0,0,1.0060481e-05
0,0,6.4761484e-06
0,0,7.95443e-06
0,0,3.764391e-05
0,0,8.9928544e-05
0,0,0.00031857853
0,0,8.258377e-06
0,0,1.39452595e-05
0,0,5.6210242e-06
0,0,7.2876314e-06
0,0,9.334187e-06
0,0,0.00024229799
0,0,8.989265e-06
0,1,0.9997795
1,1,0.9999943
0,0,2.0327909e-05
0,0,1.9187364e-05
1,1,0.99999285
0,0,9.632117e-06
0,0,1.225107e-05
0,0,1.2158875e-05
0,0,0.00022079973
0,0,7.2732732e-06
0,0,1.8110706e-05
0,0,1.834746e-05
0,0,1.4377676e-05
0,0,6.0955936e-06
0,0,6.394671e-06
0,0,4.9831942e-06
0,0,0.00016306789
0,0,6.233317e-06
0,0,6.2843083e-06
0,0,2.2222986e-05
1,1,0.99997413
0,0,6.681697e-06
0,0,9.402334e-05
0,0,6.564912e-05
0,0,2.4137758e-05
0,0,7.5850926e-06
1,1,0.99998367
0,0,9.0094145e-06
0,0,7.309083e-06
1,1,0.99999285
0,0,5.717707e-05
0,0,7.993884e-06
0,0,2.5792107e-05
0,0,0.0002603569
0,0,2.8566797e-05
0,0,4.7336056e-05
0,0,8.516804e-06
0,0,7.3121228e-06
1,1,0.9998129
0,0,8.652118e-06
0,0,1.6125396e-05
0,0,6.1690457e-06
0,0,9.589498e-06
0,0,6.7661204e-06
0,0,6.773843e-06
0,0,6.0752113e-06
0,0,1.2010324e-05
1,0,0.036344524
1,1,0.99999297
0,0,7.129658e-06
0,0,7.636423e-06
0,0,8.016282e-06
0,0,1.1584274e-05
0,0,1.022941e-05
0,0,1.3279312e-05
0,1,0.94703054
0,0,7.771976e-06
1,1,0.9999852
0,0,9.072088e-06
0,0,0.09944608
0,0,8.88769e-06
0,1,0.8894044
0,0,2.5200994e-05
0,0,7.157549e-06
0,0,1.2412077e-05
1,1,0.9999441
0,0,8.954321e-06
0,0,1.09710945e-05
0,0,8.438244e-06
0,0,1.7444436e-05
0,0,7.594104e-06
0,0,2.7160064e-05
0,0,7.607369e-06
1,0,1.6041604e-05
0,0,1.8348475e-05
0,1,0.98427343
0,0,7.749542e-06
0,0,9.38025e-06
0,0,7.956502e-06
0,0,2.345865e-05
1,1,0.99999046
0,0,7.001948e-06
1,1,0.99991035
1,1,0.9999856
1,0,2.3031273e-05
0,0,9.436966e-06
0,0,5.6657577e-06
0,0,1.4610998e-05
0,0,1.17535865e-05
0,0,8.649329e-06
0,0,1.5994907e-05
0,0,8.7209755e-06
0,0,6.4298824e-06
0,0,2.973569e-05
0,0,6.740539e-06
0,0,7.986416e-06
0,0,1.0126417e-05
0,0,1.0636352e-05
0,0,9.744657e-05
0,0,1.1698491e-05
0,0,7.992892e-06
0,0,1.8164536e-05
0,0,0.00089718465
0,0,8.747063e-06
1,0,3.4669116e-05
0,0,7.073312e-06
1,1,0.9999707
0,0,1.920895e-05
1,1,0.9999677
0,0,7.775594e-06
1,1,0.99982953
0,0,1.30020435e-05
0,0,8.969141e-06
0,0,9.709784e-06
0,0,6.2403237e-06
0,0,6.3842876e-06
0,0,2.6565933e-05
0,0,2.4154637e-05
0,0,6.421254e-06
0,0,7.0532788e-06
1,1,0.9999926
0,0,6.617748e-06
0,0,5.625695e-06
0,0,6.3342554e-06
0,0,7.291469e-06
0,0,2.1614234e-05
1,1,0.99998856
0,0,1.1766888e-05
0,0,2.5637391e-05
0,0,2.5565685e-05
0,0,9.137295e-06
1,1,0.9999808
0,0,6.8292497e-06
0,0,5.7866464e-06
1,1,0.9997825
0,0,1.1934113e-05
0,0,8.185769e-06
1,1,0.99999213
0,0,1.0537016e-05
0,0,1.9089628e-05
0,0,7.702299e-06
0,0,1.4397435e-05
0,0,1.171144e-05
1,1,0.99994767
0,0,8.211219e-06
0,0,0.00019421316
0,0,1.0174102e-05
0,0,2.1619244e-05
1,1,0.99999416
0,0,3.3689514e-05
0,0,7.3604184e-05
0,0,7.2347393e-06
0,0,7.3928345e-06
0,0,6.2283316e-06
0,0,9.748408e-06
0,0,8.937437e-06
0,0,1.5213657e-05
0,0,9.236527e-05
0,0,0.010841952
0,0,6.221356e-06
0,0,9.414697e-05
1,1,0.99999356
0,0,9.056934e-06
1,1,0.99998796
1,0,0.00010092358
0,0,8.161753e-06
0,0,6.606688e-06
0,0,1.1022029e-05
0,0,1.184646e-05
0,0,1.50617325e-05
0,0,8.257535e-06
0,0,5.573218e-06
1,1,0.99993086
0,0,1.0514982e-05
0,0,1.2806598e-05
0,0,1.4214742e-05
0,0,6.919661e-06
0,0,8.232193e-06
1,1,0.9995353
0,0,9.073239e-06
0,0,8.478577e-06
1,1,0.99997365
0,0,6.384726e-06
0,0,1.6517524e-05
1,1,0.9999939
0,0,1.7090877e-05
0,0,8.692702e-06
0,0,1.0036495e-05
1,0,0.0029580658
0,0,9.811317e-06
0,0,9.484124e-06
0,0,1.3655129e-05
0,0,1.1601368e-05
0,0,1.4315521e-05
1,1,0.9999888
0,0,7.573751e-06
0,0,1.0611781e-05
0,0,1.354685e-05
0,0,2.1141153e-05
0,0,1.8632922e-05
0,0,1.7432496e-05
0,0,6.4092687e-06
0,0,3.671572e-05
0,1,0.9999138
0,0,5.563484e-06
0,0,9.7914635e-06
0,0,6.2198374e-06
0,0,0.00028825775
0,0,6.850939e-06
0,0,3.9427505e-05
0,0,6.551937e-06
0,0,8.321093e-06
0,0,9.10868e-06
0,0,7.791807e-06
1,1,0.99977523
0,0,6.7563387e-06
0,0,6.715426e-06
0,0,9.117527e-06
0,0,1.3167606e-05
0,0,2.4140727e-05
0,0,7.174653e-05
1,1,0.9999318
0,0,7.0649926e-06
0,0,9.692685e-06
0,0,9.148796e-06
0,0,1.1607409e-05
0,0,1.0336742e-05
0,0,7.0590927e-06
0,0,1.2913615e-05
0,0,2.0166088e-05
0,0,6.3500775e-06
0,0,6.6828184e-06
0,0,8.9480214e-05
0,1,0.99978966
0,1,0.7361009
0,0,4.9746377e-06
0,0,1.9433779e-05
0,0,5.4998645e-06
0,0,1.0350828e-05
0,0,6.458681e-06
0,0,3.5273337e-05
0,0,1.3078462e-05
0,0,5.9505633e-06
0,0,5.4851403e-06
0,0,7.6184697e-06
0,0,1.9491374e-05
0,0,1.049826e-05
0,0,1.655253e-05
0,0,0.007871417
0,0,8.09126e-06
0,0,1.3049709e-05
0,0,5.5728196e-06
0,0,7.24558e-06
1,1,0.99997544
0,0,9.846608e-06
0,0,6.6744747e-06
0,0,1.1558904e-05
0,0,1.8955636e-05
0,0,1.9954923e-05
0,0,9.06721e-06
0,0,7.357098e-06
0,0,1.774058e-05
0,0,2.2671598e-05
0,0,1.706804e-05
0,0,8.172174e-06
0,0,1.25711695e-05
0,0,1.2372261e-05
0,0,6.517847e-06
0,0,1.1900744e-05
0,0,9.252789e-06
0,0,7.279364e-05
0,0,9.2324035e-06
0,1,0.99713385
0,0,6.805642e-06
0,0,5.7106736e-06
0,0,5.9548665e-06
0,0,1.4341976e-05
0,0,0.12581694
1,1,0.999987
0,0,1.3610381e-05
0,0,2.2647804e-05
0,0,0.0012444343
0,0,5.533268e-05
0,0,6.6568405e-06
0,0,4.5364504e-05
0,0,6.9754947e-06
0,0,9.670516e-06
0,0,7.369471e-06
1,1,0.99999106
1,1,0.9999528
0,0,1.1787273e-05
0,0,1.49240705e-05
0,0,1.604575e-05
0,0,1.0110996e-05
0,0,7.154962e-06
0,0,2.1195881e-05
0,0,6.719347e-06
1,1,0.9999938
0,0,5.7014117e-06
0,0,0.00015621395
0,0,1.0720304e-05
0,0,2.6289359e-05
0,0,1.0644967e-05
0,0,9.826824e-06
0,0,9.051088e-06
0,0,6.330129e-05
0,0,1.3198886e-05
0,0,1.3050891e-05
0,0,0.0002536826
0,1,0.9999175
1,1,0.9998361
0,0,7.3562983e-06
0,0,8.551751e-06
0,0,5.705589e-06
1,1,0.9999844
1,0,0.000101040285
0,0,3.1603497e-05
0,0,7.25203e-06
0,0,9.513847e-06
0,0,9.590102e-06
0,0,1.161444e-05
0,0,5.6676927e-06
1,1,0.9999932
0,0,2.9158839e-05
0,0,3.5307872e-05
1,1,0.99998915
0,0,8.507898e-06
0,0,1.4521649e-05
0,0,1.0288494e-05
0,0,8.4140975e-06
0,0,7.133208e-06
0,0,0.00013063494
1,0,9.9395074e-05
0,0,1.485176e-05
0,0,1.3487527e-05
0,0,1.13747865e-05
0,0,8.998176e-06
0,0,1.6800079e-05
0,0,1.2148594e-05
0,0,7.149629e-06
1,0,0.0002540762
0,0,1.3593167e-05
0,0,1.5853371e-05
0,0,1.1947071e-05
0,0,5.8994046e-06
0,0,9.7094035e-06
0,0,1.02808235e-05
0,0,8.420696e-06
0,0,2.6977634e-05
0,0,6.9477833e-06
0,0,1.0202977e-05
0,0,1.3305742e-05
0,0,8.900887e-06
0,1,0.999984
0,0,1.1392286e-05
0,0,8.464624e-06
0,0,1.2335633e-05
0,0,8.4457e-06
0,0,1.5884365e-05
0,0,6.1323854e-06
0,0,0.08454436
0,0,7.5374583e-06
0,0,1.338433e-05
0,0,8.268481e-06
0,0,4.786811e-06
0,0,3.2472675e-05
0,0,9.6181e-06
0,0,6.419577e-06
0,0,1.03085395e-05
0,0,1.680367e-05
0,0,2.4063635e-05
1,1,0.99999034
0,0,1.7682627e-05
0,0,0.00017533082
0,0,1.9030533e-05
0,0,2.7683931e-05
0,0,9.763285e-06
0,0,6.7278875e-06
0,0,7.0000583e-06
0,0,1.0010361e-05
0,0,6.5790923e-06
0,0,7.1971945e-06
0,0,6.1115543e-06
0,0,7.0683086e-06
0,0,1.04143965e-05
0,0,6.8494496e-06
0,0,1.3854062e-05
0,0,1.4651366e-05
0,0,1.1845523e-05
0,0,1.0344118e-05
0,0,1.5614914e-05
0,0,2.2947717e-05
0,0,7.023355e-06
0,0,4.8926562e-05
0,0,9.225344e-06
0,1,0.9996836
0,0,1.884238e-05
0,0,7.622961e-06
0,0,7.275229e-06
0,0,6.3617704e-06
0,0,2.138144e-05
0,0,3.92577e-05
0,0,3.433352e-05
0,0,1.0583271e-05
0,0,1.4449058e-05
1,1,0.9999949
0,0,7.0637193e-06
0,0,6.610129e-06
0,0,0.00025238947
1,1,0.99999154
0,0,1.0789791e-05
0,0,1.5539777e-05
0,0,1.1694163e-05
0,0,8.945751e-06
0,0,6.6826146e-06
0,0,6.3042066e-06
0,0,1.1755167e-05
0,0,2.2645601e-05
0,0,9.1835345e-06
0,0,9.408265e-06
0,0,8.619251e-06
0,0,1.2692646e-05
0,0,0.00015769679
0,0,6.3855423e-06
0,0,8.621906e-06
0,0,6.276278e-05
0,0,2.0471969e-05
0,0,6.002882e-06
0,0,2.5882115e-05
0,0,1.2391131e-05
1,1,0.9998406
0,0,8.674533e-06
0,0,2.6029018e-05
0,0,1.4913899e-05
0,0,0.00024176858
0,0,8.067866e-06
0,0,1.3015095e-05
0,0,6.977304e-06
0,0,7.7496825e-06
0,0,1.0744777e-05
0,0,1.0575553e-05
0,0,2.4675326e-05
0,0,6.26372e-06
0,0,7.5871044e-06
0,0,7.103542e-06
0,0,5.815986e-06
0,0,9.174535e-06
0,0,3.170825e-05
0,0,1.5332304e-05
0,0,0.0019324918
0,0,6.0752286e-06
0,0,1.5518985e-05
0,0,8.428867e-06
0,0,1.0122593e-05
0,0,6.7598e-06
0,0,8.621117e-06
0,0,2.9974562e-05
0,0,1.8804556e-05
0,0,7.965133e-06
0,0,5.678984e-06
0,0,4.963605e-06
1,1,0.99998987
0,0,1.0424174e-05
1,1,0.9999627
1,1,0.999876
0,0,0.00041799498
0,0,8.540821e-05
0,0,6.403373e-06
0,0,1.3510867e-05
0,0,6.8324543e-06
0,0,1.0050355e-05
0,0,1.1759294e-05
1,1,0.9995937
0,0,9.290847e-06
0,0,6.5425456e-06
0,0,6.369122e-06
0,0,1.5359761e-05
0,0,7.520965e-06
0,0,2.4871057e-05
0,0,2.930416e-05
0,0,9.961801e-06
0,0,9.331232e-06
0,0,4.733678e-05
0,0,4.1722597e-05
0,0,0.0004662926
0,1,0.99853945
0,0,8.102255e-06
0,0,1.64101e-05
0,0,6.1034343e-06
0,0,0.002376016
0,0,2.1526252e-05
0,0,6.23428e-06
0,0,1.1070212e-05
1,1,0.9994056
0,0,8.945871e-06
0,0,5.336588e-06
0,0,9.615083e-06
0,0,5.81654e-06
0,0,0.0048914365
0,0,5.945436e-06
0,0,1.2295924e-05
0,0,3.9118346e-05
0,0,1.0371005e-05
0,0,0.000858323
0,0,5.0927774e-06
0,0,8.154906e-06
0,0,1.0297819e-05
0,0,8.892081e-06
0,0,1.14888435e-05
0,0,7.4502695e-06
0,0,0.00019782851
0,0,0.043410905
0,0,2.7750168e-05
0,0,1.7532897e-05
0,0,9.398553e-06
0,0,8.53898e-06
0,0,1.1571952e-05
0,0,2.2017879e-05
0,0,7.2772696e-06
0,0,1.1463168e-05
0,1,0.99996686
0,0,9.795573e-06
0,0,2.5232466e-05
0,0,1.0779283e-05
0,0,1.0685253e-05
0,0,2.080752e-05
0,0,3.6199293e-05
0,0,8.979206e-06
0,0,1.664969e-05
0,0,6.326926e-06
1,0,0.00040089342
0,0,4.6739056e-06
0,0,6.4259834e-06
0,0,7.401434e-06
0,0,1.2466228e-05
0,0,7.972832e-06
0,0,1.4190633e-05
0,0,0.00011462297
0,0,3.9746013e-05
0,0,7.433818e-06
0,0,1.1013676e-05
0,0,7.109964e-05
0,0,8.049606e-06
0,0,7.832976e-06
0,0,9.5372256e-05
0,0,7.597154e-06
0,0,8.234133e-06
0,0,1.551024e-05
0,0,1.2569467e-05
0,0,1.4154895e-05
0,0,1.0156845e-05
0,0,5.984905e-06
1,0,0.00048458733
0,0,2.0513442e-05
0,0,9.684989e-06
0,0,8.864344e-06
0,0,8.2297365e-06
0,0,1.8695537e-05
0,0,7.812571e-06
0,0,1.8891033e-05
0,0,1.9017616e-05
0,0,1.6963295e-05
0,0,1.1546664e-05
0,0,2.6859601e-05
0,0,5.723525e-06
0,0,1.4894099e-05
0,0,2.850432e-05
0,0,0.000104405204
0,0,3.6523303e-05
1,1,0.9999944
0,0,1.0746037e-05
1,1,0.99998295
0,0,1.2639329e-05
0,0,7.4275254e-06
0,0,1.159336e-05
0,0,3.1415297e-05
0,0,1.9938734e-05
0,0,1.4183245e-05
1,1,0.99999285
1,1,0.9998653
0,0,9.994402e-06
1,1,0.99988186
0,0,8.633137e-06
0,0,7.4740383e-06
0,0,4.8539674e-05
0,0,6.809284e-06
0,0,0.00015478817
0,0,6.54035e-06
0,0,2.0424506e-05
0,0,1.3731994e-05
0,0,1.5504014e-05
0,0,7.4223562e-06
0,0,2.6724927e-05
0,0,3.1964733e-05
0,0,8.411538e-06
0,0,8.20056e-06
0,0,8.183139e-06
0,0,7.352385e-06
0,0,7.728308e-06
0,0,8.128647e-06
1,1,0.99998355
0,0,9.1273405e-06
0,0,1.0296179e-05
1,1,0.9999795
0,0,8.656583e-06
0,0,6.600604e-06
0,0,1.1535084e-05
0,0,1.9234174e-05
0,0,2.2556156e-05
0,0,7.4669993e-06
0,0,8.0552345e-06
0,0,1.6663605e-05
0,0,6.716388e-05
1,1,0.999995
0,0,7.457065e-06
0,0,6.739632e-06
0,0,9.245521e-06
0,0,1.2475219e-05
0,0,7.119446e-06
0,0,1.8811803e-05
0,0,6.827335e-06
0,0,6.576447e-05
0,0,6.460468e-06
0,0,1.63738e-05
0,0,0.00016913169
0,0,0.00015202636
0,1,0.97064286
1,1,0.9999925
0,0,6.449129e-06
0,0,1.4845231e-05
0,0,1.0602212e-05
0,0,7.055889e-06
0,0,1.48112085e-05
0,0,1.3095173e-05
0,0,0.087950185
0,0,6.50155e-06
0,0,5.917108e-06
0,0,1.2238761e-05
0,0,1.2060941e-05
0,0,9.051218e-06
0,0,8.215112e-06
0,0,6.7989013e-06
0,0,7.5328808e-06
0,0,1.8645078e-05
0,0,6.6957427e-06
0,0,7.3519714e-06
0,0,6.962157e-06
0,0,1.1174851e-05
0,0,1.5943613e-05
0,0,1.2951255e-05
0,0,7.358284e-06
0,0,5.983906e-06
0,0,1.2775248e-05
0,0,8.316428e-06
0,0,1.339963e-05
0,0,6.0238995e-06
0,0,1.0594449e-05
0,0,1.0868446e-05
0,0,8.446408e-06
0,0,6.8282206e-06
1,1,0.99998343
1,1,0.99999034
1,1,0.99999034
0,0,2.47239e-05
0,0,7.1353443e-06
0,0,6.268435e-06
0,0,9.1019765e-06
0,0,1.1257223e-05
1,1,0.9999769
0,0,1.0633664e-05
0,0,7.743115e-06
0,0,1.5006891e-05
1,1,0.9999709
0,0,1.2887963e-05
0,0,1.4405854e-05
0,0,9.483167e-06
0,0,8.556279e-06
0,0,5.780149e-05
0,0,6.051203e-06
0,0,3.0530373e-05
0,0,6.469161e-06
0,0,6.7581686e-06
0,0,3.254708e-05
0,0,7.197318e-06
0,0,5.3534295e-06
0,0,1.1552831e-05
0,0,1.1318194e-05
0,0,1.555057e-05
0,0,2.1317346e-05
0,0,7.638608e-06
0,0,0.111686856
1,1,0.9999931
0,0,0.001680897
0,1,0.9781029
0,0,1.19618235e-05
0,0,1.11301715e-05
0,0,9.344723e-06
0,0,2.8744786e-05
0,0,6.9273865e-06
0,0,1.0203172e-05
0,0,0.03134873
0,0,5.2016685e-06
0,0,7.897114e-06
1,1,0.99998796
0,0,4.22622e-05
0,0,8.870974e-06
0,0,0.00023677631
0,0,2.0180842e-05
0,0,5.653587e-06
0,0,1.8973886e-05
1,1,0.9999931
0,0,1.764148e-05
0,0,7.752255e-06
0,0,6.521304e-06
0,0,2.8091732e-05
0,0,8.510155e-06
0,1,0.99988806
0,0,9.85339e-06
0,0,3.0365618e-05
0,0,8.1770695e-06
0,0,1.3550856e-05
0,0,1.4004887e-05
0,0,6.259886e-06
0,0,1.2740086e-05
0,0,1.0205313e-05
0,0,1.6903416e-05
0,0,9.356307e-06
0,0,1.25629595e-05
0,0,8.21241e-06
0,0,5.766292e-06
0,0,8.67503e-06
0,0,0.0007161785
0,0,8.726118e-06
1,1,0.9999907
0,0,5.1870993e-06
0,0,7.757647e-06
0,0,2.302297e-05
0,0,1.8332452e-05
0,0,6.440352e-06
0,0,1.2439034e-05
0,0,8.084965e-06
0,0,3.102046e-05
0,0,8.930765e-06
0,0,6.428987e-06
0,0,8.9882615e-06
0,0,2.604923e-05
0,0,9.660027e-06
0,0,8.421331e-06
0,0,8.925265e-06
0,0,0.025247185
0,0,0.00032917564
0,0,8.781423e-06
0,0,2.339991e-05
0,0,7.5488524e-06
0,0,1.653721e-05
0,0,1.0578791e-05
0,0,5.386168e-06
0,0,3.924692e-05
0,0,0.00016741439
0,1,0.999835
0,0,7.669974e-06
0,0,3.6958183e-05
0,0,6.7782753e-06
0,0,7.4254854e-06
0,0,5.2537266e-06
0,0,0.035775144
0,0,8.499042e-06
0,0,5.134385e-06
0,0,0.081547715
0,0,2.0421077e-05
1,1,0.9999875
0,0,8.126167e-06
0,0,2.0627062e-05
0,1,0.999739
0,0,9.036435e-06
0,0,9.497285e-06
0,0,1.19817105e-05
1,1,0.9999751
0,0,7.939969e-06
0,0,7.326837e-06
0,0,1.0089748e-05
0,0,1.108587e-05
0,0,9.323373e-05
0,0,1.1500792e-05
0,0,3.2235468e-05
0,0,9.166551e-06
0,0,7.287145e-06
0,0,6.5559493e-06
0,0,8.68739e-06
0,0,1.3289752e-05
0,0,8.541896e-06
0,0,1.6248303e-05
0,0,7.0887554e-06
0,0,1.2722725e-05
0,0,5.242911e-06
1,0,0.0008865999
0,0,9.046592e-06
0,0,6.2553627e-06
0,0,1.067463e-05
1,1,0.9999933
0,0,9.05202e-06
0,0,9.118762e-06
1,1,0.99998915
0,0,7.494887e-06
0,0,1.6024936e-05
0,0,7.421068e-06
0,0,1.1807356e-05
0,0,1.5644011e-05
0,0,5.6617937e-06
0,0,1.0906e-05
0,1,0.9999802
0,0,1.1204251e-05
0,0,9.011004e-06
0,0,7.449844e-06
0,0,6.337143e-06
1,1,0.99992895
0,0,6.813831e-06
0,0,1.37809e-05
0,0,9.939634e-06
0,0,7.99402e-06
0,0,6.316086e-06
1,1,0.9999938
0,0,7.1414916e-06
0,0,7.583892e-06
0,0,1.0725734e-05
0,0,1.1810994e-05
0,0,8.913204e-06
0,0,8.594069e-06
0,0,9.15956e-06
0,0,2.1750686e-05
0,0,3.9960665e-05
0,0,1.2067925e-05
0,0,7.696123e-06
0,0,1.0784115e-05
0,0,1.7090013e-05
0,0,6.3147665e-05
0,0,6.0494895e-06
0,0,6.213411e-06
1,0,3.013015e-05
0,0,8.870154e-06
0,0,9.724228e-06
0,0,9.131006e-06
0,0,1.4735524e-05
0,0,2.5624657e-05
0,0,1.1374331e-05
0,0,8.937812e-06
0,0,1.0322281e-05
1,1,0.99995553
0,0,1.3444467e-05
0,0,2.8653863e-05
0,0,6.0040275e-06
0,0,6.41905e-06
0,0,7.639431e-06
0,0,9.0588255e-06
0,0,5.9487706e-06
0,0,1.0776651e-05
0,0,8.037823e-06
0,0,1.6905591e-05
0,0,2.3717133e-05
1,1,0.9999887
0,0,1.2623717e-05
1,1,0.9999924
0,0,1.2187585e-05
0,0,7.5091316e-06
0,0,6.1839955e-06
0,0,1.31251045e-05
0,0,7.3160777e-06
0,0,9.994164e-06
0,0,8.875814e-06
0,0,8.184528e-06
0,0,1.0321837e-05
0,0,1.6660093e-05
0,0,8.943354e-06
0,0,1.0062507e-05
0,0,1.3106618e-05
0,0,1.8853976e-05
0,0,1.4990712e-05
0,0,6.7598253e-06
0,0,6.9702555e-06
0,0,6.540143e-05
0,0,5.661669e-06
0,1,0.9996031
0,0,1.1966319e-05
0,0,8.630059e-06
0,0,8.112492e-06
0,0,5.264626e-06
0,0,6.7615924e-06
0,0,1.2520332e-05
0,0,1.2122842e-05
0,0,8.713827e-06
0,0,5.2734595e-06
0,0,1.2896286e-05
0,0,9.161937e-06
0,1,0.99643767
0,0,2.324562e-05
0,0,4.572421e-05
1,1,0.9999411
0,0,7.819116e-06
0,0,7.113751e-06
0,0,0.0038687277
0,0,6.7003803e-06
0,0,9.345089e-06
0,0,1.0638654e-05
0,0,1.3612016e-05
1,1,0.9999813
0,0,7.503591e-06
0,0,6.52233e-06
0,0,1.0774062e-05
0,0,8.254205e-06
1,1,0.99999225
0,0,1.374237e-05
0,0,1.3776106e-05
0,0,0.00041040775
0,0,1.7926877e-05
0,0,1.2244109e-05
0,0,0.0001674171
0,0,9.530647e-06
0,0,6.3231378e-06
0,0,8.028676e-06
0,0,3.4627188e-05
0,1,0.9886934
0,0,3.172806e-05
0,0,8.875941e-06
0,0,1.944518e-05
0,0,9.436471e-06
0,0,6.4169076e-06
0,0,9.5618925e-06
1,1,0.99987423
0,0,1.7264156e-05
0,0,1.3227591e-05
0,0,6.2161016e-06
1,1,0.99998844
0,0,9.72155e-06
0,0,9.7873935e-06
0,1,0.9942264
0,0,8.534031e-06
0,0,6.4335e-05
0,0,1.3799918e-05
0,0,5.1803872e-06
0,0,1.2024868e-05
0,0,1.4361549e-05
0,0,1.40400825e-05
0,0,9.485618e-06
1,1,0.9999933
1,1,0.99997103
0,0,1.1922452e-05
0,0,0.00013427742
0,0,1.1363707e-05
0,0,9.253283e-06
0,0,1.1534491e-05
0,0,6.1639826e-06
0,0,8.374263e-06
0,0,1.0270955e-05
1,1,0.99950457
0,0,8.5233776e-05
0,0,0.010584108
0,1,0.99987996
0,0,2.5874982e-05
0,0,1.2478289e-05
1,1,0.9999945
0,0,2.1846769e-05
0,0,2.5811223e-05
1,1,0.9999945
0,0,1.7692952e-05
0,0,1.3226632e-05
0,0,6.7081487e-06
0,0,7.89954e-06
0,0,0.14456172
0,0,5.551057e-06
0,0,0.00022974183
0,0,7.1606487e-06
0,0,6.428748e-06
0,0,5.3178305e-06
1,1,0.99998057
0,0,7.980081e-06
0,0,1.8095894e-05
0,0,6.7662368e-06
0,0,1.3113044e-05
0,0,1.1967654e-05
0,0,9.983152e-06
0,0,1.3034969e-05
0,0,5.915302e-06
0,0,8.964437e-06
1,1,0.9999653
0,0,4.0606883e-05
0,0,1.2020568e-05
0,0,1.0813413e-05
1,1,0.99998796
0,0,7.655658e-06
0,0,9.647048e-06
0,0,1.39124495e-05
0,0,9.133592e-06
0,0,7.951802e-05
0,0,1.7311158e-05
0,0,7.860574e-06
0,0,8.056548e-06
0,0,1.485662e-05
0,0,6.510206e-06
0,0,6.7047013e-06
0,0,9.208143e-06
0,0,1.1231221e-05
0,0,1.3497936e-05
0,0,7.968484e-06
0,0,1.1151983e-05
0,0,7.9281635e-05
0,0,7.0472274e-06
0,0,7.024407e-06
1,1,0.99998295
0,0,7.5040416e-06
0,0,1.1616822e-05
0,0,8.333346e-06
0,0,8.152511e-06
1,1,0.9999943
1,1,0.9999608
0,0,1.7905246e-05
0,0,2.2159413e-05
1,1,0.9999912
0,0,7.4520317e-06
0,0,5.0639655e-06
0,0,6.625351e-06
0,0,1.3371609e-05
0,0,6.2293593e-06
0,0,1.01315945e-05
0,0,3.2858257e-05
0,0,8.781197e-06
0,0,1.2994431e-05
0,0,5.825459e-05
0,0,0.00011200039
0,0,7.2801085e-06
0,0,8.259204e-06
1,1,0.99991596
1,1,0.99999213
0,0,7.6801125e-06
0,0,3.065065e-05
0,0,9.391878e-06
0,0,5.1581337e-06
0,0,1.1721719e-05
0,0,1.3022843e-05
0,0,1.6533992e-05
0,0,6.35744e-06
0,0,6.96154e-06
0,0,1.0957511e-05
0,0,8.842703e-06
0,0,2.0253332e-05
0,0,5.1745556e-06
0,0,5.6181725e-06
0,0,3.380369e-05
0,0,0.00013183
1,1,0.99996924
0,0,2.3971697e-05
0,0,1.2202076e-05
1,1,0.99999225
0,0,1.55506e-05
0,0,4.659143e-06
1,1,0.9999907
0,0,9.290297e-06
0,0,9.826796e-06
0,0,7.064427e-06
0,0,1.0045851e-05
0,0,8.041795e-06
0,0,1.1247201e-05
0,0,1.1318842e-05
1,1,0.9999813
0,0,8.983249e-06
0,0,0.18491854
0,1,0.9956201
0,0,1.7253344e-05
0,0,9.026323e-06
0,0,5.801156e-06
0,0,6.4423302e-06
0,0,1.3466077e-05
0,0,1.4222308e-05
0,0,1.0780639e-05
0,0,8.764422e-06
0,0,8.35597e-06
0,0,1.3895503e-05
0,0,1.908131e-05
0,0,9.154513e-06
1,1,0.9999713
0,0,7.5727407e-06
0,0,8.817575e-06
0,0,1.761979e-05
0,0,6.351301e-06
0,0,1.5863263e-05
0,0,1.1473779e-05
0,0,2.4880095e-05
0,0,1.5556503e-05
0,0,1.1636347e-05
0,0,1.1641674e-05
0,0,1.10912415e-05
0,0,4.8150745e-05
0,0,1.1159771e-05
0,0,5.976754e-06
0,0,7.655103e-06
0,0,6.0044677e-06
0,0,2.3101045e-05
0,0,8.17721e-06
0,0,7.671591e-06
0,0,9.058125e-06
0,0,6.382936e-06
0,0,9.610151e-06
0,0,8.731977e-06
0,0,1.55223e-05
0,0,6.882646e-06
0,0,2.0521562e-05
0,1,0.99997294
0,0,1.3189071e-05
0,0,5.3749463e-06
0,0,1.5825923e-05
0,0,4.64822e-05
1,1,0.99998796
1,1,0.99998987
0,0,2.0867375e-05
0,0,8.319569e-06
0,0,9.58246e-06
0,0,1.9168854e-05
0,0,1.4347065e-05
0,0,0.001429235
0,0,1.3497975e-05
0,0,6.5880517e-06
0,0,6.700259e-06
0,0,2.3550596e-05
0,0,7.1148775e-06
0,0,8.382422e-06
0,0,1.0225831e-05
0,0,1.0510782e-05
1,1,0.99999154
0,0,2.0763535e-05
0,0,1.179915e-05
0,0,7.681388e-06
0,0,1.0150018e-05
0,0,6.4390246e-05
0,0,7.3592737e-06
1,1,0.9999912
0,0,2.8754821e-05
0,0,7.669507e-06
0,0,6.6550247e-06
0,0,7.2056623e-06
0,0,7.736797e-06
0,0,7.6232814e-06
0,0,8.496887e-06
0,0,2.5240435e-05
1,1,0.999992
0,0,8.707615e-05
0,0,5.094825e-05
0,0,7.8257086e-05
0,0,7.2109074e-06
0,0,9.780702e-06
0,0,1.6986412e-05
0,0,8.610501e-06
0,1,0.9999721
0,0,8.215057e-06
1,1,0.9999933
0,0,9.0171425e-06
0,0,0.0090526
0,0,1.0180644e-05
0,0,0.0001643327
0,0,8.259772e-06
1,1,0.9997756
0,0,1.0021184e-05
0,0,1.0745534e-05
0,0,9.576522e-06
0,0,7.495924e-06
0,0,7.3930532e-06
0,0,1.0330178e-05
0,0,9.393275e-06
0,0,7.370603e-06
0,0,1.5418907e-05
0,0,8.002335e-05
0,0,6.585765e-06
0,0,6.1937344e-06
0,0,1.5812602e-05
0,0,8.314802e-06
0,0,8.779883e-06
0,0,5.0233273e-05
0,0,2.0384285e-05
1,1,0.9999807
0,0,6.8805334e-06
0,0,1.0553871e-05
0,0,7.6447e-06
0,0,7.92425e-06
0,0,6.7121864e-06
0,0,0.0004079908
0,0,1.1562531e-05
0,0,6.860378e-05
0,0,7.547917e-06
0,0,3.8675746e-05
1,1,0.99997294
0,0,1.6966627e-05
1,1,0.99997747
0,0,1.7073591e-05
0,0,0.00011747297
0,0,1.2714428e-05
0,0,1.14385975e-05
0,0,0.00021363929
0,0,8.348818e-06
0,0,1.0045294e-05
0,0,2.5627734e-05
1,1,0.9999944
0,0,1.0506542e-05
0,0,6.466287e-06
0,0,8.638976e-06
1,1,0.9972127
0,0,6.9381963e-06
0,0,7.0412884e-06
0,0,2.786744e-05
0,0,1.109503e-05
0,0,1.3322895e-05
0,0,2.60022e-05
0,0,0.0062454543
0,0,1.299763e-05
0,0,1.2922806e-05
0,0,9.27408e-06
1,1,0.9999939
0,0,0.00013128344
0,0,5.9986187e-06
0,0,6.0715565e-06
0,0,1.8729623e-05
0,0,7.182754e-06
0,0,6.14237e-06
0,0,1.5535657e-05
1,0,0.00015293261
1,1,0.9999933
1,1,0.99997866
1,1,0.9952663
1,0,5.512223e-05
0,0,0.00032146263
0,0,6.6304706e-06
1,1,0.99986947
0,0,6.250318e-06
0,0,1.9764826e-05
0,0,1.3126432e-05
0,0,1.1162016e-05
0,0,7.758838e-06
0,0,7.4053737e-06
1,0,8.207829e-05
0,0,1.3135047e-05
0,0,9.947173e-06
0,0,8.464729e-06
0,0,1.1349746e-05
0,0,6.6922635e-06
0,0,8.749583e-06
0,0,4.622819e-05
0,0,5.8169508e-06
0,0,7.9641e-06
0,0,1.499067e-05
0,0,4.0884086e-05
0,0,8.265981e-06
0,0,1.7456785e-05
0,0,1.3989094e-05
0,0,6.7286833e-06
0,0,1.6471562e-05
0,0,1.1461081e-05
0,0,1.2772459e-05
0,0,0.0012728841
1,0,9.489136e-06
1,1,0.99995625
0,0,8.9647365e-05
1,1,0.9997657
0,0,4.634145e-05
1,1,0.99989283
0,0,1.9855319e-05
1,1,0.99998975
0,0,8.93356e-06
0,0,1.5574315e-05
0,0,1.4532719e-05
0,0,1.8519842e-05
1,1,0.99571335
0,0,1.9043278e-05
0,0,1.1394698e-05
0,0,1.9049545e-05
0,0,9.325201e-06
0,0,1.4673346e-05
1,1,0.9999919
0,0,2.8378765e-05
0,0,2.0897625e-05
0,0,2.197754e-05
0,0,7.066637e-06
0,0,6.252417e-06
0,0,6.0882676e-06
0,0,2.0861407e-05
0,0,5.198549e-06
1,1,0.9998745
0,0,7.007613e-06
1,1,0.99999154
1,1,0.99999475
0,0,5.7373677e-06
0,0,1.4176943e-05
0,0,5.8359037e-06
0,0,1.8068647e-05
0,0,1.855387e-05
0,0,6.3314405e-06
0,0,1.6764996e-05
0,0,8.112369e-06
0,0,7.805283e-06
0,0,6.5114104e-06
0,0,5.840247e-06
1,1,0.97538656
0,0,0.11930354
0,0,1.3327128e-05
0,0,1.3849465e-05
0,0,9.823928e-06
0,0,8.5345755e-06
0,0,9.110139e-06
0,0,7.1841037e-06
0,0,1.2278802e-05
0,0,1.699033e-05
0,0,5.7975285e-06
0,0,5.1766388e-06
0,0,6.552524e-06
0,0,8.320578e-06
0,0,1.7978444e-05
0,0,2.086272e-05
0,0,9.411757e-06
0,0,0.0024197109
0,0,4.1435407e-05
0,0,2.0539299e-05
0,0,8.167389e-06
0,0,8.22677e-06
0,0,9.013497e-06
0,0,6.593734e-06
0,0,1.4096593e-05
0,0,1.5811003e-05
0,0,6.0218945e-06
0,0,7.967268e-06
1,1,0.9996431
0,0,1.8000026e-05
0,0,9.220463e-06
0,0,1.58196e-05
1,1,0.9999939
0,0,1.3906878e-05
0,0,9.61104e-06
0,0,1.24299395e-05
0,0,2.2922326e-05
0,0,6.7221795e-06
0,0,6.2988884e-06
0,0,9.724897e-06
0,0,8.097883e-06
0,0,1.4553246e-05
0,0,8.509002e-06
0,0,1.1643018e-05
0,0,1.07223395e-05
0,0,7.848267e-06
0,0,2.8387969e-05
0,0,6.873889e-06
0,0,1.17972595e-05
0,0,1.858091e-05
1,1,0.9999943
0,0,8.18744e-06
0,0,1.2375518e-05
0,0,9.2963155e-06
0,0,7.1366644e-06
0,0,7.0852926e-05
0,0,6.310222e-06
0,0,0.00012689024
0,0,1.5424688e-05
0,0,8.2342585e-06
0,0,7.955469e-06
0,0,7.871302e-06
0,0,2.5169744e-05
0,0,6.37205e-06
0,0,8.49235e-06
0,0,9.613928e-06
0,0,3.5675566e-05
0,0,1.0083265e-05
0,0,7.042256e-05
0,0,9.441863e-06
0,0,1.0285511e-05
0,0,1.0519105e-05
1,1,0.99995446
1,1,0.9999931
0,0,1.1642052e-05
0,0,1.5600848e-05
0,0,6.013315e-05
0,0,1.3695298e-05
0,0,1.425071e-05
0,0,0.0010237605
0,0,1.3240995e-05
0,0,1.4882242e-05
0,0,7.952792e-06
0,0,9.846926e-06
1,1,0.9999752
0,0,7.640998e-06
0,0,9.018802e-06
0,0,0.0030929898
1,1,0.98752624
1,0,0.00052727637
0,0,9.2921755e-06
0,0,7.5203116e-06
0,0,1.28065e-05
0,0,5.1382253e-06
0,0,6.838217e-06
0,0,7.3234983e-06
1,1,0.9999943
0,0,5.469136e-06
0,0,7.65187e-06
0,0,7.6012047e-06
1,1,0.999977
0,0,1.11915e-05
0,0,7.0044125e-06
1,1,0.999946
0,0,1.1029747e-05
0,0,1.828362e-05
0,0,0.0001626472
0,0,9.371433e-06
0,0,3.514353e-05
0,0,3.457495e-05
0,0,1.0130996e-05
1,1,0.99974316
0,0,0.031653028
1,1,0.99999464
0,0,6.0107473e-06
1,1,0.9998692
0,0,1.2159407e-05
0,0,2.5390626e-05
0,0,7.73586e-06
0,0,6.5569493e-06
0,0,8.561772e-06
0,0,8.5632484e-05
0,0,7.445596e-06
0,0,6.8286114e-05
0,0,5.5553686e-05
0,0,2.2099099e-05
0,0,2.5190997e-05
1,1,0.99996614
0,0,1.7290487e-05
0,0,5.5962055e-06
0,0,1.05660965e-05
0,0,7.472919e-06
0,0,8.291624e-06
0,0,9.202752e-06
0,0,6.446731e-06
0,0,8.809223e-05
0,0,1.0458945e-05
0,0,1.194404e-05
0,0,1.44851065e-05
0,0,6.1128594e-06
0,0,0.014377944
0,0,9.350241e-06
0,0,7.1067398e-06
0,0,8.809599e-06
0,0,1.8939034e-05
0,0,8.502553e-06
0,0,9.624414e-06
0,0,3.336846e-05
0,0,6.230653e-05
0,0,1.1015388e-05
0,0,1.2589572e-05
0,0,8.322624e-06
0,0,5.8760525e-05
0,0,1.1014894e-05
0,0,7.888089e-06
0,0,1.5262907e-05
1,1,0.99998844
0,0,9.9344215e-06
0,0,9.54339e-06
0,0,9.468484e-05
0,0,1.9447834e-05
0,0,1.0778213e-05
0,0,8.387172e-06
0,0,1.9035597e-05
0,0,5.9827194e-06
0,0,1.3372374e-05
0,0,1.9370686e-05
0,0,1.1925056e-05
0,0,1.00776115e-05
0,1,0.99954885
0,0,1.1401405e-05
1,0,0.0014577147
1,1,0.9999939
0,0,1.5254016e-05
1,1,0.99982136
0,0,1.0313169e-05
0,0,9.192041e-05
1,1,0.99999416
0,0,7.366112e-06
0,0,1.6629709e-05
0,0,7.7952545e-06
0,0,8.544447e-06
0,0,2.0392723e-05
0,0,8.26543e-06
0,0,1.2096997e-05
0,0,8.722207e-06
0,0,7.2440325e-06
0,0,8.269987e-06
0,0,7.958565e-06
0,0,1.0400144e-05
0,0,8.198097e-06
0,0,1.078683e-05
0,0,1.0469784e-05
0,0,1.0866653e-05
1,0,0.0048646997
0,0,8.489678e-06
0,0,2.1449121e-05
1,1,0.99990976
0,0,1.1069325e-05
0,0,1.5979735e-05
0,0,1.4007009e-05
0,0,5.8720193e-06
0,0,8.523945e-06
0,0,3.5376284e-05
0,0,8.173696e-05
0,0,2.5060455e-05
0,0,8.281044e-06
0,0,8.2629385e-06
1,1,0.99998426
0,0,6.037225e-06
0,0,3.0486179e-05
0,0,7.40892e-06
0,0,6.5930294e-06
0,0,7.383294e-06
0,0,1.9425774e-05
0,0,8.758683e-06
0,0,4.963538e-05
0,0,8.423371e-06
0,0,5.359442e-06
0,0,2.100957e-05
1,1,0.9999933
0,0,1.860563e-05
0,0,1.4530502e-05
0,0,1.0622231e-05
0,0,7.058378e-05
0,0,7.901574e-06
0,0,1.3632789e-05
0,0,7.883435e-06
0,0,8.908274e-06
0,0,7.670582e-06
0,0,8.515058e-06
1,1,0.99993825
0,0,1.32122605e-05
0,0,1.0044539e-05
1,0,5.8069338e-05
0,0,1.5492262e-05
1,1,0.9999044
0,0,5.4247066e-06
0,0,1.0978348e-05
0,0,2.4304087e-05
0,0,7.2098696e-06
0,0,1.1808573e-05
0,0,0.0013878727
0,0,9.565331e-06
0,0,9.823113e-06
1,1,0.9999534
1,1,0.99999344
0,0,6.2868203e-06
0,0,1.7284998e-05
0,0,7.480013e-06
0,0,0.00018065459
0,0,7.653483e-06
0,0,6.727015e-06
0,0,1.1783372e-05
0,0,5.1292758e-05
0,0,1.2198399e-05
0,0,2.0912219e-05
0,0,6.508008e-06
0,0,1.8244533e-05
0,0,1.0448866e-05
0,0,7.799003e-06
0,0,1.16518595e-05
0,0,1.00038615e-05
1,1,0.9999939
0,0,1.3850256e-05
0,0,9.662433e-06
0,0,5.1357907e-05
0,0,0.00036639333
0,0,7.51401e-06
0,0,2.8323771e-05
0,0,9.748408e-06
0,0,1.9420922e-05
0,0,5.84563e-06
0,0,5.4079455e-06
0,0,1.4962319e-05
0,0,1.1624269e-05
0,0,7.898116e-06
0,0,7.6236015e-06
0,0,1.0307153e-05
0,0,7.6487695e-06
0,0,1.0877954e-05
0,0,1.0242023e-05
0,0,1.0346821e-05
0,0,7.3522306e-06
0,0,1.2237314e-05
0,0,1.9114897e-05
0,0,6.9990306e-06
0,0,1.004748e-05
0,0,8.984431e-06
0,0,7.121924e-06
0,0,1.053355e-05
0,0,2.8247649e-05
0,0,1.4987497e-05
0,0,1.1238057e-05
0,0,1.038503e-05
0,0,1.0963366e-05
0,0,1.4807368e-05
0,0,8.710221e-06
0,0,1.03795355e-05
0,0,6.907641e-06
0,0,1.6566491e-05
0,0,2.5887864e-05
0,0,1.0029348e-05
0,0,8.114736e-06
1,1,0.9999951
0,0,1.4823617e-05
0,0,5.015185e-06
0,0,6.8864088e-06
1,1,0.9999925
0,0,1.1263409e-05
0,0,1.2229521e-05
0,0,8.928415e-06
0,1,0.96482253
0,0,1.0310555e-05
0,0,7.029895e-06
0,0,7.4985264e-06
0,0,1.895383e-05
0,0,7.723527e-06
0,0,6.245301e-06
0,0,3.6635625e-05
0,0,1.38978485e-05
0,0,1.1077858e-05
0,0,7.018541e-06
0,0,1.2523688e-05
0,0,1.4924213e-05
0,0,2.4842164e-05
0,0,5.8677647e-06
0,1,0.99857175
0,0,2.0039193e-05
1,1,0.9999778
0,0,1.9230614e-05
0,0,1.2146868e-05
1,1,0.9995271
0,0,3.058909e-05
0,0,7.2231433e-06
0,0,8.728213e-06
0,0,4.9717114e-06
0,0,2.9311595e-05
0,0,1.0213764e-05
0,0,1.996225e-05
0,0,5.8210853e-06
0,0,0.00012961194
0,0,9.441413e-06
0,0,7.91872e-06
0,0,2.6199685e-05
0,0,0.00026501267
0,0,7.979564e-06
0,0,1.41614855e-05
1,0,9.1543125e-06
1,1,0.9999325
0,0,2.2196595e-05
0,0,6.066724e-06
0,0,1.1485819e-05
0,0,3.798476e-05
0,0,9.767829e-06
0,0,5.920393e-06
0,0,5.95347e-06
1,1,0.9999429
0,0,1.30935505e-05
0,0,1.5485084e-05
0,0,1.3275995e-05
0,0,1.8920204e-05
0,0,6.373796e-05
0,0,1.1515763e-05
0,0,9.898183e-06
0,0,1.3929654e-05
0,0,1.5236162e-05
0,0,9.92906e-06
0,0,8.409131e-06
0,0,1.7195673e-05
0,0,0.000109764194
0,0,6.592636e-05
0,0,1.9674933e-05
0,0,6.1958017e-06
0,0,1.0156516e-05
0,0,1.0927102e-05
0,0,9.660783e-06
0,0,1.6056496e-05
0,0,3.6872498e-05
0,0,5.766616e-06
1,1,0.99998
0,1,0.9999559
0,0,1.4750681e-05
0,0,6.606581e-06
0,0,5.5318167e-05
0,0,3.129775e-05
0,0,1.2296719e-05
0,0,2.1026846e-05
0,0,6.806052e-05
0,0,9.360554e-06
0,0,9.138733e-06
0,0,5.0680724e-06
0,1,0.9996068
0,0,1.6486947e-05
0,0,1.4539927e-05
1,1,0.99993134
1,1,0.99999475
0,0,5.960185e-06
1,1,0.99999106
0,0,1.5150272e-05
0,0,2.3313596e-05
0,0,7.174413e-05
0,0,8.875662e-06
0,0,8.118047e-05
0,0,0.00037293584
0,0,1.2696688e-05
0,0,5.505096e-06
0,0,2.9891806e-05
0,0,1.2177907e-05
0,0,7.935623e-06
0,0,1.4454901e-05
0,0,9.340091e-06
0,0,4.7441263e-05
0,0,1.838559e-05
0,0,1.20795785e-05
0,0,1.7439046e-05
0,0,1.24805265e-05
0,1,0.68898135
0,0,8.765132e-06
1,1,0.9999914
0,0,1.01922415e-05
1,1,0.9999877
0,0,7.1465333e-06
0,0,5.6994713e-06
0,0,9.460666e-06
1,1,0.9999578
0,0,1.41700775e-05
0,0,7.429934e-06
0,0,8.599775e-06
0,0,3.254137e-05
0,0,8.819333e-06
0,0,6.6004154e-06
0,0,1.020576e-05
0,0,0.001289445
1,1,0.9999765
0,0,7.5657244e-06
0,0,2.2598526e-05
1,0,0.019629749
0,0,5.742174e-06
0,0,6.1169126e-06
0,0,6.0923508e-06
0,0,0.25038365
0,0,7.032665e-06
0,0,7.338235e-06
0,0,6.083282e-06
0,0,8.187339e-06
0,0,1.970844e-05
0,0,6.0426657e-05
0,0,6.9966345e-06
0,0,3.7920843e-05
1,0,2.4411172e-05
0,0,6.8877093e-06
1,1,0.99999464
0,0,5.839835e-06
0,0,2.0383935e-05
0,0,5.323861e-05
0,0,9.37045e-06
0,0,0.0002303973
0,0,8.201905e-06
0,0,3.5549405e-05
0,0,6.201358e-06
0,0,7.5224925e-06
0,0,9.905558e-06
0,0,2.0039479e-05
0,0,1.2364488e-05
0,0,5.7830057e-06
0,0,6.680588e-06
0,0,5.952096e-06
0,0,5.949383e-06
0,0,6.2719087e-06
0,0,1.302314e-05
0,0,1.0500732e-05
0,0,1.7523636e-05
0,0,1.2479455e-05
0,0,1.1404656e-05
0,0,1.35307355e-05
0,0,2.1469792e-05
0,0,1.3456473e-05
0,0,7.868307e-06
0,0,5.4348816e-06
1,1,0.99999416
0,0,6.0242096e-06
0,0,2.4230081e-05
0,0,1.0589015e-05
1,1,0.9999945
0,0,8.577701e-06
0,0,5.9204554e-06
0,0,3.239955e-05
1,1,0.9999945
0,0,1.6824259e-05
0,0,7.116696e-06
1,1,0.99975985
0,0,7.370666e-06
0,0,7.4236236e-06
0,0,7.765767e-06
0,0,8.0502505e-06
0,0,1.0402951e-05
0,0,1.2303453e-05
0,0,1.7871671e-05
0,0,7.548738e-06
1,1,0.9999808
1,1,0.99973124
0,0,8.255306e-06
1,0,5.204127e-05
0,0,1.8999906e-05
0,0,6.7099973e-06
0,0,1.1985825e-05
1,1,0.9999819
0,0,1.5687574e-05
0,0,1.8486244e-05
0,0,0.022073563
0,0,1.0653681e-05
0,0,1.0655429e-05
0,0,1.5941729e-05
0,0,9.778119e-06
0,0,9.005635e-06
0,0,1.4625846e-05
0,0,9.7573e-06
0,0,2.1268776e-05
0,0,7.2518224e-06
0,0,7.0374217e-06
0,0,7.158654e-06
0,0,1.319126e-05
0,0,1.1079137e-05
0,0,1.1164678e-05
0,0,1.0775726e-05
0,0,8.706558e-06
0,0,1.0514391e-05
0,0,6.8701934e-06
0,0,0.00016401365
0,0,6.5188788e-06
0,0,7.725052e-06
0,0,7.2501625e-06
0,0,1.2099949e-05
0,0,1.031738e-05
0,0,1.2873701e-05
0,0,5.56454e-06
0,0,7.401208e-06
0,0,1.06248135e-05
0,0,1.2746771e-05
0,0,1.1282114e-05
0,0,2.2713559e-05
0,0,6.7455417e-06
0,0,1.5834241e-05
0,0,7.689132e-06
0,0,1.0869607e-05
0,0,5.850236e-06
0,0,6.8546115e-06
0,0,8.045919e-05
1,1,0.9999751
1,1,0.99993503
1,1,0.99999404
0,0,1.2289592e-05
0,0,1.9377705e-05
0,1,0.9998109
0,0,8.382094e-06
0,0,5.9370723e-06
0,0,0.00017739568
0,0,4.5605062e-05
0,0,2.8969287e-05
0,1,0.99990726
0,0,1.5485513e-05
0,0,6.0680604e-06
0,0,1.362447e-05
1,1,0.9997348
0,0,6.562442e-06
0,0,1.6540505e-05
0,0,2.1221991e-05
0,0,3.055245e-05
0,0,5.3292993e-06
0,0,8.897154e-06
0,0,6.8775416e-06
0,0,9.386675e-06
0,0,1.7288492e-05
0,0,8.904551e-05
0,0,2.0943551e-05
1,1,0.9996749
0,0,1.9957606e-05
0,0,1.5136321e-05
0,0,1.2797613e-05
0,0,9.715683e-06
0,0,7.569232e-06
0,0,0.21750113
0,0,1.25653205e-05
0,0,9.4998295e-06
0,0,1.2132269e-05
0,0,7.734701e-06
0,0,7.797054e-06
0,0,6.074806e-06
0,0,0.0012085678
0,0,6.4206542e-06
0,0,5.8634237e-06
0,0,6.963166e-06
0,0,8.99846e-06
0,0,4.760423e-05
0,0,0.0032078167
0,0,1.5009652e-05
0,0,1.462413e-05
0,0,1.1724133e-05
0,0,1.3575004e-05
0,0,8.506373e-06
0,0,2.1504053e-05
0,0,1.0923674e-05
0,0,7.870866e-06
0,0,7.890316e-06
0,0,5.343774e-06
0,0,8.932725e-06
0,0,6.695195e-05
0,0,1.2431896e-05
0,0,1.6706967e-05
0,0,1.3431062e-05
0,0,7.0792103e-06
0,0,2.705872e-05
0,0,8.06812e-06
0,0,1.9758194e-05
0,0,1.0947202e-05
0,0,2.1160979e-05
0,0,6.977704e-06
0,0,3.462775e-05
0,0,1.0282686e-05
0,0,1.0510892e-05
0,0,7.88275e-06
0,0,7.053037e-06
0,0,9.0537305e-06
0,0,1.3818382e-05
0,0,6.156298e-06
0,0,9.075489e-06
0,0,8.557209e-06
0,0,7.2185444e-06
0,0,6.7942865e-06
0,0,9.939056e-06
0,0,7.256437e-06
0,0,6.6021908e-06
0,0,8.961753e-06
0,0,6.6295224e-06
0,0,8.877127e-06
0,0,1.2696421e-05
0,0,1.08192e-05
1,1,0.9999925
1,0,0.0017914369
0,0,7.004065e-06
0,0,7.1934e-06
0,0,7.611865e-05
0,0,3.1207415e-05
0,0,8.85369e-06
0,0,6.417214e-06
0,0,0.079196654
0,0,1.4033417e-05
0,0,9.054481e-06
0,0,2.0227391e-05
1,0,2.7607628e-05
0,0,9.271268e-06
0,0,5.672029e-06
0,0,2.7327771e-05
0,0,2.235618e-05
0,0,7.154771e-06
0,0,1.0834337e-05
0,0,7.0422957e-06
0,0,1.2820088e-05
0,0,2.378234e-05
0,0,1.5083437e-05
0,0,1.8260687e-05
0,0,1.087728e-05
0,0,1.1184756e-05
0,0,8.603147e-06
0,0,6.3790294e-06
0,0,1.8037745e-05
0,0,1.45885415e-05
0,0,6.929534e-06
0,0,1.2050927e-05
0,0,1.6014426e-05
0,0,8.266296e-06
0,0,6.562918e-06
0,0,7.773251e-06
1,1,0.99998057
0,0,1.1599265e-05
0,0,2.8757453e-05
1,1,0.9999918
0,0,7.7832065e-06
0,0,7.6083685e-05
0,0,9.0981575e-06
0,0,7.2014923e-06
0,0,4.972445e-05
0,0,1.1847263e-05
1,1,0.99972504
0,0,1.167553e-05
0,0,2.276417e-05
0,0,8.349893e-06
0,0,6.8686472e-06
0,0,8.585115e-06
0,0,9.3784965e-06
0,0,1.2203752e-05
0,0,6.3560066e-05
1,1,0.99987614
0,0,1.370703e-05
0,0,7.3682486e-06
0,0,7.8818175e-06
0,0,1.0304381e-05
0,0,2.02796e-05
0,0,6.295568e-06
0,0,1.125482e-05
0,0,9.741883e-06
0,0,1.4337025e-05
0,0,9.885382e-06
0,0,7.016968e-06
0,0,1.3505521e-05
1,1,0.9999056
0,0,1.1702039e-05
0,0,6.978003e-06
0,0,1.793416e-05
0,0,1.3615496e-05
0,0,5.188386e-06
0,0,7.767011e-06
0,0,1.0830287e-05
0,0,1.071874e-05
0,0,1.967514e-05
0,0,1.9296824e-05
0,0,6.811921e-06
0,0,1.1094648e-05
0,0,9.603353e-06
0,0,6.953418e-06
1,0,6.168612e-05
0,0,1.6324188e-05
0,0,1.414433e-05
1,1,0.9997998
0,0,1.2197305e-05
0,0,0.0004972895
0,0,1.5657295e-05
0,0,6.3158936e-06
0,0,6.650926e-06
0,0,1.3153887e-05
0,0,9.046403e-06
0,0,8.98731e-06
0,0,1.142205e-05
0,0,9.028268e-06
0,0,1.61836e-05
0,0,1.02099275e-05
0,0,1.0361446e-05
0,0,8.621602e-06
0,0,9.46219e-06
0,0,1.8156741e-05
0,0,6.913559e-06
0,0,1.300719e-05
0,0,9.88407e-06
0,0,6.2570875e-06
0,0,9.326197e-06
0,0,1.7985098e-05
1,0,0.0022632151
0,0,6.557237e-06
0,0,1.2108746e-05
0,0,1.0298075e-05
0,0,2.902545e-05
0,0,8.205568e-06
0,0,6.828123e-06
0,0,8.563691e-06
0,0,1.0884669e-05
1,1,0.99999404
0,0,8.47937e-06
0,0,4.9962964e-05
0,0,3.1543903e-05
0,0,6.360648e-06
0,0,0.00017936046
0,0,0.000107208405
0,0,2.5467862e-05
0,0,8.836693e-06
0,0,1.1217433e-05
0,0,1.0061575e-05
0,0,1.1746964e-05
0,0,5.0685603e-06
1,0,0.000106166335
0,0,6.690834e-06
0,0,6.3632574e-06
0,0,1.3427399e-05
0,0,8.615914e-06
0,0,0.0004260876
0,0,8.896475e-06
0,0,1.1321757e-05
0,0,7.93231e-06
1,1,0.99997425
1,1,0.99998605
0,0,9.337793e-06
0,0,2.2482795e-05
0,0,7.353808e-06
0,0,6.544424e-06
0,0,5.7929847e-05
0,0,8.463745e-06
0,0,2.4369352e-05
0,0,2.1010932e-05
0,0,1.3830235e-05
0,0,9.250495e-06
0,0,1.4349788e-05
0,0,6.5062645e-06
0,0,4.2238997e-05
0,0,5.2968367e-06
0,0,7.818974e-06
0,0,9.787626e-06
0,0,6.041366e-06
0,0,8.362604e-06
0,0,4.8896753e-05
0,0,7.000526e-06
0,0,1.1805678e-05
0,0,6.01701e-06
0,0,3.9396164e-05
0,0,6.9088005e-06
0,0,1.2220567e-05
0,0,6.0845355e-06
0,0,1.9702557e-05
0,0,1.9397083e-05
0,1,0.99986804
0,0,2.698973e-05
0,0,1.197872e-05
0,0,1.3070221e-05
0,0,1.3385656e-05
0,0,0.012882143
0,0,7.4738387e-06
0,0,6.997949e-06
0,0,4.704516e-06
0,0,1.0342717e-05
1,1,0.9999943
0,0,5.053e-05
0,0,1.0862187e-05
0,0,2.6540432e-05
0,0,8.157628e-06
0,0,8.683382e-06
0,0,1.4721269e-05
0,0,9.775723e-06
0,0,8.160344e-06
0,0,1.9408295e-05
1,1,0.99999356
0,0,5.422064e-06
0,0,6.5623417e-06
0,0,6.0433254e-06
0,0,9.318977e-06
1,1,0.9999933
0,0,2.3927843e-05
0,0,7.08714e-06
0,0,1.5938398e-05
0,0,1.278973e-05
1,1,0.9999937
0,0,6.0903812e-06
0,0,2.6395426e-05
0,0,7.828136e-06
0,0,5.212241e-06
0,0,0.00081590656
0,0,1.1957466e-05
0,0,0.03149121
0,0,6.8197214e-06
0,0,8.813465e-06
0,0,6.636512e-06
0,0,7.48925e-06
0,0,2.4317722e-05
0,0,1.037419e-05
0,0,1.2348685e-05
0,0,1.2686863e-05
0,0,1.334772e-05
0,0,1.2885075e-05
0,0,1.1706638e-05
0,0,0.076060906
0,0,1.1854756e-05
1,1,0.9999895
0,0,9.248766e-06
1,1,0.99996555
1,1,0.9999939
0,0,1.0445769e-05
0,0,6.4549745e-06
0,0,1.8646571e-05
0,0,1.4580446e-05
0,0,1.5439135e-05
0,0,8.294662e-06
0,0,7.874921e-06
0,0,8.991974e-06
0,0,6.8381128e-06
0,0,1.086285e-05
0,0,2.4025616e-05
0,0,6.1250907e-06
0,0,1.18683965e-05
0,0,5.274727e-06
0,0,6.99851e-06
0,0,5.909709e-06
1,1,0.9999913
0,0,2.3018185e-05
0,0,2.907246e-05
0,0,1.0440112e-05
0,0,9.500536e-05
0,0,5.048506e-05
0,0,3.1482632e-05
0,0,2.0375695e-05
0,0,1.4564548e-05
0,0,8.440273e-06
0,0,8.15934e-06
0,0,6.1443848e-06
0,0,1.333651e-05
0,0,6.988159e-06
0,0,3.808182e-05
0,0,5.526623e-05
0,0,1.26804025e-05
0,0,6.2414547e-06
0,0,9.32504e-06
0,0,7.750592e-06
1,1,0.99998474
0,0,7.749505e-06
0,0,1.3679359e-05
0,0,1.0180925e-05
0,0,2.8654465e-05
0,0,7.026028e-06
0,0,7.0378646e-06
0,0,1.1389397e-05
0,0,1.1036943e-05
0,0,5.588797e-06
0,0,1.7571365e-05
0,0,6.3669504e-05
1,1,0.9999944
0,0,1.0312352e-05
0,0,9.954582e-06
0,0,7.867647e-06
0,0,6.7949277e-06
0,0,8.326729e-06
0,0,8.637641e-06
0,0,4.5261397e-05
0,0,1.1909827e-05
0,0,8.292296e-06
0,0,1.063342e-05
0,0,2.3987044e-05
0,0,6.723898e-06
0,0,9.057815e-06
0,0,5.17972e-06
0,0,7.2162866e-06
0,0,9.971143e-06
0,0,8.847377e-05
0,0,2.6482967e-05
0,0,5.311981e-06
0,0,1.105327e-05
0,0,0.002504647
0,0,8.125175e-06
0,0,6.686222e-06
0,0,7.0461656e-06
0,0,9.259252e-06
0,0,9.258845e-06
0,0,1.3701985e-05
0,0,5.3135623e-06
0,0,7.5034627e-06
0,0,1.5329322e-05
0,0,9.948624e-06
0,0,0.0001222768
1,1,0.9999913
0,0,6.9123857e-06
0,0,8.341535e-06
0,0,1.0842781e-05
0,0,1.1886498e-05
0,0,9.757076e-06
0,0,9.320071e-06
0,0,1.1054599e-05
1,1,0.99181634
0,0,7.0082815e-06
0,0,9.71811e-06
0,0,4.8343295e-06
0,0,1.9298166e-05
0,0,7.5776456e-06
0,0,1.2739188e-05
0,0,5.2391474e-06
0,0,1.00717425e-05
0,0,9.978041e-06
0,0,2.219249e-05
1,0,0.0013916846
0,1,0.84599626
0,0,6.517766e-06
0,0,0.000104104576
0,0,1.805449e-05
0,0,8.560474e-06
0,0,1.1698938e-05
0,0,7.648813e-06
0,0,7.3705605e-06
0,0,1.3913139e-05
0,0,2.0005758e-05
0,0,1.2760783e-05
0,0,7.961457e-06
0,0,0.00049781887
0,0,7.666173e-06
0,0,7.4660024e-06
0,0,4.7581172e-05
0,0,8.546769e-05
0,0,2.3743725e-05
0,0,2.242697e-05
0,0,8.287529e-06
0,0,1.1293438e-05
0,0,6.366705e-06
0,0,8.227445e-06
0,0,6.3127018e-06
1,1,0.99998784
0,0,5.9990875e-06
0,0,7.680655e-06
0,0,2.8789607e-05
0,0,6.811505e-06
0,0,8.100432e-06
0,0,0.10373679
0,0,2.43406e-05
0,0,2.603123e-05
0,0,2.485894e-05
0,0,2.2488024e-05
0,0,1.5460897e-05
0,0,1.0139473e-05
0,0,3.6702662e-05
0,0,3.353642e-05
0,0,6.305933e-06
0,0,2.035837e-05
0,0,1.7713464e-05
0,0,9.215487e-06
0,0,5.1634643e-06
1,1,0.9999949
0,0,1.0320313e-05
0,0,5.3745516e-06
0,0,6.338884e-06
0,0,1.532938e-05
0,1,0.9999701
0,0,9.446809e-06
0,0,1.565958e-05
0,0,5.197994e-06
0,0,1.2092141e-05
0,0,7.5273583e-06
0,0,9.650038e-06
0,0,1.2406656e-05
0,0,8.048162e-06
0,0,0.000302024
0,0,7.4598674e-06
0,0,2.2359676e-05
0,0,2.0238853e-05
1,0,5.661702e-05
0,0,7.4519817e-06
0,0,1.9996469e-05
0,0,5.5987944e-06
0,0,8.654808e-06
0,0,8.532615e-06
1,1,0.9999924
0,0,3.0490974e-05
0,0,6.8567165e-06
0,0,9.804601e-06
0,0,8.244189e-06
0,0,6.4898e-06
0,0,6.715605e-06
0,0,8.1019e-06
1,1,0.99998283
0,1,0.9985342
0,0,1.2843314e-05
0,0,7.320433e-06
0,0,7.6255646e-06
0,0,1.1258738e-05
0,0,0.005508012
0,0,8.790515e-06
0,0,9.583629e-06
0,0,8.5926595e-06
0,0,5.810059e-06
0,0,2.9135075e-05
0,0,6.4020787e-06
0,0,1.3830089e-05
0,0,1.2959446e-05
0,0,7.821644e-06
0,0,1.4993658e-05
0,0,9.828145e-06
1,1,0.9999894
0,0,1.2127977e-05
1,1,0.9997496
1,1,0.9999949
0,0,1.250023e-05
0,0,1.4254053e-05
0,0,6.1106916e-06
0,0,1.0187713e-05
0,0,1.0833603e-05
0,0,7.961742e-05
0,0,6.4367478e-06
0,0,2.697424e-05
0,0,2.3733966e-05
0,0,1.0389478e-05
1,1,0.9999924
1,1,0.9999925
0,0,1.2148501e-05
1,0,0.009827777
0,0,6.2305594e-06
0,0,1.7790577e-05
0,0,6.756223e-06
0,0,7.1368754e-06
0,0,2.2297902e-05
0,0,1.10843475e-05
0,0,4.150006e-05
0,0,7.093685e-06
0,0,2.2061493e-05
0,0,1.5604197e-05
0,0,6.091549e-06
0,0,7.469442e-06
0,0,1.0214933e-05
0,0,1.1423521e-05
1,1,0.99994016
0,0,6.3116545e-06
0,0,3.390042e-05
0,0,7.3592455e-06
0,0,6.4683895e-06
1,1,0.999936
0,0,1.0476096e-05
0,0,6.6630396e-06
0,0,1.4811096e-05
0,0,5.983718e-06
1,1,0.99997723
0,0,2.5846668e-05
0,0,7.664688e-06
0,0,9.616166e-06
0,0,7.6188694e-06
0,0,9.074451e-06
0,0,1.2215756e-05
0,0,8.588588e-06
0,0,1.4850981e-05
0,0,9.636518e-06
0,0,1.374743e-05
0,0,6.9349417e-06
0,0,1.0108027e-05
0,0,1.113926e-05
0,0,1.0866954e-05
0,0,5.5421915e-06
0,0,7.728942e-06
1,1,0.99995816
0,0,5.547077e-06
0,1,0.99941814
0,0,8.403536e-06
1,1,0.999995
0,0,6.7008405e-06
0,0,9.821904e-06
0,0,2.6473093e-05
0,0,9.232297e-06
0,0,1.0556831e-05
0,0,3.692704e-05
0,0,8.157613e-06
0,0,6.672896e-06
0,0,1.5204954e-05
0,0,5.9937347e-06
0,0,8.490067e-06
0,0,0.0003742818
0,0,1.135347e-05
0,0,5.3730742e-05
0,0,8.58654e-06
0,0,8.951461e-06
0,0,1.9209298e-05
0,0,5.700107e-06
0,0,6.391952e-06
0,0,6.0180664e-06
0,0,1.0345085e-05
0,0,3.6406218e-05
0,0,1.0521703e-05
0,0,8.8749175e-06
0,0,1.47889095e-05
0,0,1.2336033e-05
0,0,7.548061e-06
0,0,8.3698e-06
0,0,6.169387e-06
0,1,0.99962974
0,0,1.0506893e-05
0,0,1.8325496e-05
0,0,9.042555e-06
0,0,8.572189e-06
1,1,0.99851364
0,0,1.1479458e-05
0,0,7.283532e-06
0,0,6.5313866e-06
0,0,5.7073908e-06
0,0,6.6923976e-06
0,0,1.0859266e-05
0,0,2.3464334e-05
0,0,1.1139791e-05
0,0,8.246989e-06
0,0,2.479355e-05
0,0,1.1932747e-05
0,0,1.0023629e-05
0,0,5.856338e-06
0,0,1.8206398e-05
0,0,1.1341382e-05
0,0,1.0055983e-05
0,0,2.1627347e-05
0,0,1.5242164e-05
0,0,1.0734125e-05
1,1,0.999964
0,0,1.04941755e-05
0,0,6.81876e-05
0,0,7.008756e-06
0,0,7.954566e-06
0,0,9.166472e-06
0,0,1.0376763e-05
0,0,6.0985585e-06
0,0,1.2938464e-05
1,1,0.97872704
0,0,0.0005405626
0,0,6.5178156e-06
0,0,1.0659251e-05
1,1,0.9999938
0,0,1.2520655e-05
0,0,8.525473e-06
0,0,2.637693e-05
0,0,7.377262e-06
0,0,5.4387497e-06
0,0,2.311925e-05
0,0,1.8764951e-05
1,0,1.47007995e-05
0,0,1.0730983e-05
1,1,0.99997675
0,0,1.1568564e-05
0,0,1.0827169e-05
0,0,5.7296743e-06
0,0,4.40677e-05
0,0,9.004158e-06
1,1,0.99999416
0,0,2.0246342e-05
0,0,1.0840073e-05
0,0,1.0980882e-05
0,0,7.561916e-06
0,0,4.430629e-05
0,0,1.3258382e-05
0,0,7.982745e-06
0,0,7.358235e-06
0,0,2.421816e-05
1,1,0.9999944
0,0,2.9326973e-05
0,0,1.4550442e-05
0,0,8.626989e-06
0,0,0.00010886784
0,0,6.1119795e-06
1,0,1.18767075e-05
0,0,8.338521e-06
0,0,1.2384043e-05
0,0,8.70733e-06
0,0,8.151609e-06
0,0,6.2679264e-06
0,0,7.1942713e-06
0,0,1.6002059e-05
0,0,2.5393336e-05
0,0,1.1691664e-05
0,0,8.2210445e-06
0,0,8.197964e-06
1,1,0.99998605
0,0,1.3571108e-05
0,0,9.417286e-06
1,1,0.9998136
0,0,1.879267e-05
0,0,6.4486617e-06
0,1,0.9998293
0,0,2.4844341e-05
0,0,5.1268057e-06
0,0,8.601276e-06
0,0,7.905169e-06
0,0,7.319051e-06
0,0,8.20671e-06
0,0,2.540416e-05
0,0,1.7541059e-05
1,1,0.9999441
0,0,1.7426328e-05
0,0,5.525978e-06
0,0,5.513582e-06
0,0,9.475645e-06
1,1,0.99998915
0,0,9.890209e-06
0,0,8.009198e-06
0,0,1.0240294e-05
0,0,1.0836135e-05
1,0,2.3331568e-05
0,0,8.054274e-06
0,0,4.721622e-06
0,0,2.9841736e-05
0,0,7.589688e-06
0,0,1.1643728e-05
0,0,3.3357926e-05
0,0,1.4865377e-05
0,0,2.0543042e-05
0,0,8.680094e-06
0,0,1.11176205e-05
0,0,1.7048762e-05
0,0,1.2559282e-05
0,0,5.8378632e-06
0,0,7.4263785e-06
0,0,5.9920203e-06
0,0,1.1758598e-05
0,0,1.894906e-05
0,0,1.2228635e-05
0,1,0.99962974
0,0,0.0002177968
0,0,7.360502e-06
0,0,9.300589e-06
0,0,2.0283662e-05
0,0,9.6347085e-06
1,1,0.99998724
0,0,2.32678e-05
0,0,2.6255862e-05
0,0,3.0247582e-05
0,0,1.17424615e-05
0,0,0.06420439
0,0,6.258638e-06
0,0,7.4773675e-06
0,0,1.9992045e-05
0,0,7.1261366e-06
0,0,2.4967829e-05
0,0,8.743243e-06
0,0,8.324117e-06
0,0,6.987363e-05
0,0,2.7387829e-05
1,1,0.9999933
0,0,5.9303047e-06
1,0,6.46719e-05
0,0,2.9510704e-05
0,0,9.449313e-06
1,1,0.9999827
0,0,1.2716732e-05
0,0,1.2252099e-05
0,0,6.157766e-06
0,0,7.7483965e-06
0,0,7.646802e-05
0,0,6.2376103e-06
0,0,1.6973392e-05
0,0,1.6515067e-05
0,0,1.2952774e-05
0,0,9.879925e-06
0,0,1.1631798e-05
0,0,6.0972093e-06
0,0,7.053514e-06
0,0,9.392191e-06
0,0,6.46863e-06
0,1,0.9976901
0,0,1.9182497e-05
0,0,7.0102396e-06
0,1,0.9996942
0,0,6.685151e-06
0,0,1.5504398e-05
0,0,1.42501385e-05
0,0,1.4563964e-05
1,1,0.9999721
0,0,1.0129507e-05
0,0,1.0308097e-05
0,0,1.17633535e-05
0,0,5.14176e-05
0,0,5.8643463e-06
0,0,2.6670592e-05
0,0,5.7160137e-06
0,0,7.293722e-06
0,0,7.250115e-06
0,0,1.5897822e-05
0,0,5.3507956e-06
0,0,7.940211e-06
0,0,3.491018e-05
0,0,6.213103e-06
0,0,9.213334e-06
0,1,0.6322728
0,0,4.7786343e-05
0,0,5.6720505e-06
0,0,7.709656e-06
1,1,0.99553597
0,0,1.0953604e-05
0,0,1.0332306e-05
0,0,1.8639566e-05
1,1,0.9999945
0,0,1.1162655e-05
0,0,3.2347005e-05
0,0,1.8749406e-05
0,0,1.4384027e-05
0,0,8.095435e-06
0,0,8.6571035e-06
0,0,1.206177e-05
0,0,1.1907691e-05
0,0,1.3067429e-05
0,0,1.3398377e-05
0,0,1.0431741e-05
0,0,6.5166537e-06
0,0,0.00016664373
1,0,6.1170635e-05
0,0,8.52554e-06
0,0,2.9125631e-05
1,1,0.9999739
0,0,7.6988545e-06
0,0,1.072557e-05
0,0,9.3557e-06
0,0,8.858302e-06
0,0,9.182501e-06
0,0,8.374303e-06
0,1,0.99993646
0,1,0.9935847
0,0,9.696596e-06
1,1,0.9996282
0,0,1.2050111e-05
0,0,9.853437e-06
0,0,1.2560325e-05
0,0,6.0443513e-06
0,0,1.0211193e-05
0,0,1.12785e-05
0,0,7.975296e-06
0,0,2.1363117e-05
0,0,1.3747718e-05
0,0,6.16487e-06
0,0,8.99943e-06
0,0,1.6074406e-05
0,0,8.596217e-06
0,0,9.669521e-06
0,0,6.566515e-05
0,0,4.2863234e-05
0,0,1.7904118e-05
1,1,0.9995572
0,0,0.00037112815
0,0,1.0691829e-05
0,0,0.000113081696
0,0,6.1702813e-06
0,0,1.7458116e-05
0,0,1.6361595e-05
0,0,2.1439939e-05
0,0,8.221194e-06
0,0,7.066583e-06
0,0,2.4922985e-05
0,0,7.593619e-06
0,0,7.6704355e-06
0,0,2.384793e-05
0,0,7.811059e-06
0,0,6.971053e-06
0,0,1.4613813e-05
0,0,9.211713e-05
0,0,8.658061e-06
0,0,9.226181e-06
0,0,9.742459e-06
0,0,1.7963534e-05
0,0,4.254299e-05
0,0,8.16415e-06
1,1,0.9999857
0,0,7.2870057e-06
0,0,0.014359924
0,0,1.483377e-05
0,0,3.1495936e-05
1,1,0.99999416
1,1,0.9999933
1,1,0.9999951
0,0,1.2423552e-05
0,0,4.0261515e-05
0,0,9.008676e-06
0,0,1.4915762e-05
0,0,1.7636752e-05
0,0,7.342967e-06
0,0,9.095797e-06
1,1,0.9999838
0,0,6.2865142e-06
0,0,1.3415304e-05
0,0,4.421385e-05
1,1,0.99999404
0,0,6.385482e-06
0,0,1.000245e-05
0,0,2.3861578e-05
0,0,9.722245e-06
0,0,8.265705e-06
0,0,1.2728756e-05
0,0,8.6769405e-06
0,0,5.9355784e-06
0,0,0.0018299137
0,0,1.8952747e-05
0,0,4.6326923e-06
0,0,2.2973205e-05
0,0,1.6524173e-05
0,0,1.5697362e-05
0,0,1.1426877e-05
0,0,1.0390588e-05
0,0,5.6434324e-06
1,1,0.99999225
0,0,9.227377e-06
0,0,1.4239165e-05
0,0,5.5313736e-05
0,0,1.3458411e-05
1,0,0.0025770513
0,0,2.4163117e-05
1,1,0.9999125
0,0,8.078321e-06
0,0,9.675027e-06
0,0,1.1827158e-05
0,0,2.6988238e-05
0,0,2.2162985e-05
0,0,9.674704e-06
0,0,9.967009e-06
0,0,2.3189998e-05
0,0,6.7072533e-06
0,0,8.001709e-06
0,0,8.738867e-06
0,0,1.3720265e-05
0,0,1.0169697e-05
0,0,1.956794e-05
0,0,1.1352312e-05
0,0,1.0282129e-05
0,0,2.9292649e-05
0,0,1.1763084e-05
0,0,6.0168327e-06
0,0,1.2856744e-05
0,0,5.3184444e-06
0,0,1.3507479e-05
0,0,1.4210649e-05
1,1,0.99996173
0,0,6.2673043e-06
1,1,0.9999472
0,0,7.2529365e-06
0,0,2.8275923e-05
0,0,1.1670054e-05
0,0,6.3711445e-06
0,0,1.1974242e-05
0,0,1.4362837e-05
0,0,5.8818887e-06
1,1,0.99994266
0,0,5.3361446e-06
0,0,2.813452e-05
0,0,2.5109712e-05
0,0,8.923478e-06
0,0,1.9338717e-05
1,1,0.9999603
0,0,8.289395e-06
0,0,8.864039e-06
0,0,1.307219e-05
1,1,0.99998426
0,0,8.303256e-06
0,0,1.0497038e-05
0,0,7.2640532e-06
0,0,0.00013286369
0,0,5.6263975e-06
0,0,2.3859167e-05
