y_true,y_pred,y_prob
0,0,3.8511118e-07
0,0,4.7307267e-07
0,0,2.8503655e-07
0,0,6.537766e-07
0,0,4.4488644e-07
1,1,0.9999919
0,0,6.01751e-07
0,0,4.8449454e-07
0,0,4.2727635e-07
0,0,1.2276661e-06
0,0,7.732075e-07
0,0,6.080969e-07
0,0,3.6314313e-07
1,1,0.99996257
0,0,3.1564932e-07
0,0,3.1277204e-07
0,0,3.3595023e-07
0,0,2.9131445e-07
0,0,4.2615315e-07
0,0,3.704765e-07
0,0,5.449526e-07
0,0,3.0420497e-07
0,0,5.9297173e-07
0,0,7.7255595e-07
0,0,7.785631e-07
1,0,3.337597e-05
0,0,3.6383024e-06
0,0,3.8319072e-07
1,1,0.9996799
0,0,8.2213205e-07
0,0,8.017971e-07
0,0,1.4065797e-06
0,0,7.386446e-07
1,1,0.9999199
1,0,7.3047926e-07
0,0,2.5304819e-06
0,0,6.2754356e-07
0,0,5.9741336e-07
0,0,4.1459322e-07
0,0,4.148851e-07
0,0,5.530262e-07
0,0,3.2114917e-07
0,0,2.9837574e-07
0,0,3.9510877e-07
0,0,2.910001e-07
0,0,5.23874e-07
0,0,5.6270665e-07
0,0,7.905567e-07
1,1,0.9999826
0,0,4.3640557e-07
0,0,5.2081094e-07
0,0,3.3286094e-07
0,0,3.260134e-07
1,1,0.99995375
0,0,3.163732e-07
0,0,3.084064e-07
0,0,4.6029038e-07
0,0,1.7644272e-05
0,0,4.5056782e-07
0,0,4.0950718e-07
0,0,4.3454088e-07
0,0,0.00181521
0,0,6.084102e-07
0,0,5.4492506e-07
0,0,4.2333633e-07
0,0,8.425639e-07
0,0,5.2753984e-07
0,0,4.2454926e-07
0,0,2.983473e-07
0,0,4.5535756e-07
0,0,3.1653798e-07
1,1,0.99997735
0,0,3.9358642e-07
0,0,3.6740835e-07
0,0,4.006998e-07
1,0,0.001246102
0,0,6.767087e-07
0,0,6.535385e-07
0,0,3.6353194e-07
0,0,3.876892e-07
0,0,4.1192862e-07
0,0,3.4925336e-07
0,0,3.234939e-07
0,0,1.8493613e-06
0,0,5.31503e-07
0,0,5.2947587e-07
0,0,6.994954e-07
0,0,3.5273254e-07
0,0,2.886777e-07
0,0,1.6016774e-06
1,1,0.99998677
0,0,5.8806603e-07
0,0,4.5117235e-07
0,0,6.446642e-07
0,0,3.128183e-07
0,0,6.262856e-07
0,0,3.0161866e-07
1,1,0.99999106
0,0,4.4252525e-07
0,0,6.769921e-07
1,0,9.541388e-06
0,0,3.4967695e-07
0,0,3.6355064e-07
0,0,3.5527538e-07
0,0,5.0194154e-07
0,0,3.7401688e-07
0,0,2.163508e-06
0,0,3.1333212e-07
0,0,2.848083e-07
0,0,7.7600276e-07
0,0,4.6421826e-07
0,0,2.9234585e-07
0,0,4.2592808e-07
0,0,3.5232037e-07
0,0,3.3274256e-07
0,0,3.9771578e-07
0,0,3.865274e-07
0,0,3.297422e-07
0,0,3.0124525e-07
0,0,3.7299776e-07
0,0,3.727638e-07
0,0,3.6418777e-07
0,0,3.2052898e-07
1,1,0.9979705
1,1,0.9999399
0,0,3.750309e-07
0,0,3.8550544e-07
1,1,0.9999676
0,0,2.9317619e-07
0,0,5.661257e-07
0,0,4.0173444e-07
0,0,4.9843027e-07
1,1,0.99998903
0,0,4.9606997e-06
0,0,3.0168914e-07
1,1,0.99999356
0,0,3.408715e-07
0,0,3.191256e-07
0,0,4.2115377e-07
0,0,3.2918604e-07
0,0,6.0539116e-07
0,0,4.845361e-07
0,0,3.233351e-07
0,0,4.3432297e-07
0,0,5.857298e-06
0,0,3.8046554e-07
0,0,3.0535367e-07
0,0,4.1340834e-07
0,0,4.2737253e-07
0,0,3.370426e-07
0,0,3.966945e-07
0,0,3.6772454e-07
0,0,5.726855e-07
0,0,4.2824152e-07
0,0,4.217438e-07
0,0,4.3918536e-07
0,0,9.981981e-07
0,0,4.0549696e-07
0,0,2.9795467e-07
1,1,0.9999354
0,0,3.709354e-07
0,0,7.2012193e-07
0,0,4.1451375e-07
0,0,4.088672e-07
0,0,3.8063502e-07
0,0,4.91349e-07
0,0,4.527141e-07
1,1,0.9999405
0,0,2.7752998e-07
0,0,2.8442045e-07
0,0,5.859998e-05
0,0,2.8944794e-07
0,0,3.3214965e-07
0,0,5.7980475e-07
0,0,0.0008005194
0,0,2.7322622e-07
0,0,4.1165842e-07
0,0,3.506621e-07
0,0,5.298845e-07
0,0,3.5058085e-07
0,0,3.4437883e-07
0,0,3.144928e-07
0,0,2.9212845e-07
0,0,4.3006565e-07
0,0,1.0791704e-06
1,0,1.9114977e-06
0,0,3.3659967e-07
0,0,3.0469567e-07
1,0,5.83315e-07
0,0,5.261105e-07
0,0,6.163444e-07
0,0,4.15569e-07
1,1,0.9999355
0,0,3.288064e-07
0,0,4.0553604e-07
0,0,3.6658588e-07
0,0,1.14738e-05
1,1,0.9999821
0,0,3.6851443e-07
0,0,3.2455787e-07
0,0,9.65982e-07
0,0,3.838641e-07
1,1,0.99968123
0,1,0.68708384
0,0,3.2307125e-07
0,0,3.5272382e-07
0,0,3.721429e-07
0,0,3.9030047e-07
0,0,5.177356e-07
0,0,5.681773e-07
0,0,4.2044385e-07
0,0,4.337269e-07
1,1,0.9999763
0,0,4.228001e-07
0,0,4.755424e-07
0,0,4.2225813e-07
0,0,3.8572978e-07
0,0,8.0630286e-07
0,0,2.1306626e-06
0,0,4.7503383e-07
0,0,3.593693e-07
1,1,0.9999912
0,0,1.3597125e-06
0,0,3.212322e-07
0,0,3.3434478e-07
0,0,3.237677e-07
0,0,1.7509838e-06
0,0,4.425603e-07
0,0,4.6163206e-07
0,0,8.303415e-06
0,0,5.489419e-07
0,0,3.2627716e-07
0,0,9.68076e-06
1,0,1.896436e-06
0,0,6.7055186e-07
0,0,3.9056147e-07
0,0,6.1593306e-07
0,0,2.99159e-07
0,0,5.0360245e-07
0,0,6.52674e-07
0,0,2.9353035e-07
0,0,5.58399e-07
0,0,4.1408228e-07
1,1,0.99999046
0,0,4.0998935e-07
0,0,4.3093152e-07
1,1,0.99994326
0,0,1.2882981e-06
0,0,3.253171e-07
0,0,5.134215e-07
1,0,0.49074548
0,0,3.4443272e-07
0,0,3.1304478e-07
0,0,6.8036354e-07
0,0,3.3378885e-07
0,0,1.515771e-06
0,0,5.936977e-07
0,0,5.292072e-07
1,0,8.540916e-07
0,0,3.436276e-07
1,0,5.277578e-07
0,0,3.477657e-07
1,1,0.9999286
0,0,4.4123996e-07
0,0,5.240494e-07
0,0,6.485577e-07
0,0,3.255545e-07
1,1,0.99999297
0,0,3.056998e-07
0,0,5.2495574e-07
0,0,0.0006537103
0,0,5.456422e-07
0,0,3.994034e-07
0,0,1.1745706e-06
0,0,3.872129e-07
0,0,3.1577036e-07
0,0,4.3320975e-07
0,0,2.773461e-05
1,1,0.99986494
0,0,1.8336438e-06
0,0,3.395847e-07
0,0,3.8313374e-07
0,0,2.912836e-07
0,0,4.835344e-07
0,0,3.3695326e-07
0,0,4.1267097e-07
0,0,6.417805e-07
0,0,3.8199107e-07
0,0,3.540415e-07
0,0,7.5647836e-07
1,1,0.9999807
0,0,3.1711448e-07
0,0,4.1892255e-07
1,1,0.9989453
0,0,4.9809717e-07
0,0,3.6927293e-07
0,0,6.0556323e-07
1,0,1.8374636e-05
0,0,3.569946e-07
0,0,3.0315135e-07
0,0,4.230627e-07
0,0,4.2643856e-07
0,0,3.0229856e-07
0,0,3.112011e-07
0,0,1.7046285e-06
0,0,3.069513e-07
0,0,3.8872062e-07
0,0,4.9502614e-07
0,0,6.110408e-07
1,1,0.99998796
0,0,1.6018087e-06
0,0,5.972094e-07
0,0,4.4678657e-07
0,0,6.188847e-07
0,0,3.777633e-07
0,0,3.3923834e-07
0,0,5.68605e-07
0,0,8.423622e-07
0,0,3.9192747e-07
1,1,0.99998415
0,0,3.5585828e-07
0,0,4.0004915e-07
0,0,4.426025e-07
0,0,2.9128276e-07
0,0,6.0239756e-07
0,0,3.714246e-07
0,0,3.6788451e-06
1,0,1.4047594e-06
0,0,4.5497993e-07
0,0,4.283714e-07
0,0,3.7535006e-07
0,0,1.2835179e-06
1,0,5.14763e-07
0,0,3.667754e-07
0,0,3.0178236e-07
0,0,4.43338e-07
0,0,1.6363513e-06
1,0,6.8035086e-05
0,0,4.6737486e-07
0,0,3.5717852e-07
0,0,6.0415e-07
0,0,5.4357866e-07
0,0,5.6373153e-07
0,0,3.9525955e-07
0,0,3.5876388e-07
1,0,5.670422e-07
0,0,3.6993208e-07
0,0,3.1960042e-07
0,0,3.2040458e-07
0,0,3.9703363e-07
0,0,5.5446156e-07
0,0,4.688333e-07
0,0,4.1584056e-07
0,0,3.6465767e-07
0,0,5.8572033e-07
0,0,5.39965e-07
0,0,2.9327407e-07
1,0,0.00068636076
0,0,3.8355306e-06
0,0,1.1243619e-06
1,0,0.004388097
1,1,0.99999356
0,0,6.9230003e-07
0,0,1.3105691e-06
0,0,5.288894e-07
1,0,0.0030717668
0,0,3.558084e-07
0,0,3.1582275e-07
0,0,3.5613226e-07
0,0,3.466561e-07
0,0,6.5650937e-07
1,1,0.99997973
0,0,3.3808467e-07
0,0,3.5654753e-07
0,0,8.3032353e-07
0,0,3.335015e-07
0,0,4.6949148e-07
0,0,3.6086496e-07
0,0,2.6739653e-07
0,0,5.9896166e-07
0,0,3.5371855e-07
0,0,2.8935906e-07
0,0,3.1611805e-07
0,0,2.8716585e-07
0,0,3.8647102e-07
0,0,3.7922808e-07
0,0,3.3682892e-07
0,0,4.619082e-07
0,0,3.9464254e-07
0,0,1.5452646e-06
0,0,3.8809685e-07
0,0,3.6415722e-07
0,0,3.3674604e-07
0,0,3.9682163e-07
0,0,3.2882429e-07
0,0,3.8074396e-07
0,0,3.4796477e-07
0,0,3.962574e-07
0,0,3.0558178e-07
0,0,3.1251534e-07
0,0,3.9507262e-07
0,0,3.0040866e-07
0,0,3.7035073e-07
0,0,3.3851055e-07
0,0,6.2783926e-07
1,1,0.9999913
0,0,4.5686696e-07
0,0,3.8009125e-07
0,0,5.1884626e-07
0,0,3.7361298e-07
0,0,4.696473e-07
0,0,3.6062517e-07
0,0,0.01986568
0,0,3.2269466e-07
1,0,6.437286e-05
0,0,6.677879e-07
0,0,5.2211686e-07
0,0,1.0311234e-06
0,0,3.9922062e-07
0,0,4.3010215e-07
0,0,5.9116996e-07
1,1,0.99998605
0,0,4.93116e-07
0,0,2.9499526e-07
0,0,3.791619e-07
0,0,3.3286983e-07
0,0,1.4742122e-06
0,0,3.114469e-07
0,0,5.284941e-07
0,0,7.654393e-07
0,0,3.0776854e-07
0,0,1.1555568e-06
0,0,5.9550894e-07
0,0,1.2323407e-06
0,0,7.6106613e-07
0,0,3.4297446e-07
0,0,2.5642003e-06
0,0,4.083785e-07
0,0,3.9547257e-07
0,0,5.4763467e-07
0,0,4.3336348e-07
0,0,9.548346e-07
0,0,4.87246e-07
0,0,8.41699e-07
0,0,3.725278e-07
0,0,3.819127e-06
0,0,9.0413045e-07
0,0,7.1656024e-07
0,0,2.9383227e-07
0,0,1.0974243e-06
0,0,3.435886e-07
0,0,5.9967147e-07
0,0,6.1739917e-07
1,1,0.99960655
0,0,5.507935e-07
1,1,0.9999912
0,0,2.9477758e-07
0,0,4.8348505e-07
0,0,3.4946657e-07
0,0,7.9803925e-07
0,0,6.2327547e-07
0,0,4.3849985e-07
0,0,3.327857e-07
0,0,5.551558e-07
0,0,5.560459e-07
0,0,3.899355e-07
0,0,3.613047e-07
0,0,4.962376e-07
0,0,4.0713724e-07
0,0,3.6973384e-07
0,0,6.776568e-07
0,0,9.6255235e-06
0,0,4.4232317e-07
0,0,4.0971457e-07
0,0,3.2843846e-07
1,0,1.2792151e-06
0,0,4.073725e-05
0,0,2.9701872e-07
0,0,4.49717e-07
0,0,3.5203388e-07
0,0,4.961988e-07
0,0,1.2756165e-06
0,0,3.473368e-07
1,0,5.2666646e-06
0,0,4.589815e-07
0,0,6.5180194e-07
1,0,3.0977376e-06
0,0,4.96248e-07
0,0,1.5495443e-06
0,0,9.745397e-06
0,0,7.6838825e-07
0,0,3.6170013e-07
0,0,4.2304734e-07
1,1,0.99991107
0,0,7.980971e-07
0,0,3.0412087e-07
0,0,3.0407298e-07
1,1,0.99996686
0,0,3.506631e-07
0,0,3.869047e-07
0,0,3.9709727e-07
0,0,5.0525733e-07
0,0,5.202222e-07
0,0,6.2922146e-07
0,0,2.7900623e-07
0,0,5.534852e-07
0,0,7.0205424e-06
1,1,0.99998367
1,0,0.0065229684
0,0,3.643837e-07
0,0,5.3410514e-07
0,0,4.4799702e-07
0,0,6.6575495e-07
0,0,3.611421e-07
1,1,0.9999888
0,0,6.2757886e-07
0,0,7.345338e-07
0,0,3.3376975e-07
0,0,3.8876983e-06
0,0,5.887574e-07
0,0,3.44837e-07
0,0,4.429999e-07
0,0,3.7843904e-07
0,0,2.9677466e-07
1,1,0.9999101
0,0,3.9261468e-07
0,0,6.2066437e-07
0,0,5.859505e-07
0,0,9.405206e-06
0,0,3.494426e-07
0,0,5.717648e-07
0,0,5.837624e-07
0,0,9.518271e-07
0,0,5.99197e-07
0,0,3.248632e-07
0,0,5.345459e-07
0,0,4.5149733e-07
0,0,4.538315e-07
0,0,2.8920843e-07
0,0,3.332103e-07
1,1,0.9999912
0,0,4.9510356e-07
0,0,3.494776e-07
0,0,0.0009444251
0,0,4.3987657e-07
1,1,0.99993384
0,0,3.4650373e-07
0,0,3.3681061e-07
0,0,5.185688e-07
0,0,3.8937435e-07
0,0,3.784358e-07
0,0,8.350246e-07
0,0,3.5935562e-07
0,0,1.981552e-06
0,0,4.04876e-07
1,1,0.9999056
0,0,5.0803555e-07
0,0,3.3755762e-07
0,0,2.7942937e-07
0,0,3.2492255e-06
0,0,3.790202e-07
0,0,4.173992e-07
0,0,3.5975918e-07
0,0,4.1184376e-07
0,0,3.1566165e-07
0,0,3.502901e-07
1,0,8.6202334e-07
0,0,3.3603033e-07
0,0,3.4574452e-07
0,0,3.8867493e-06
1,0,0.0008350926
0,0,3.5203286e-07
1,0,0.000105149156
0,0,3.77133e-07
0,0,7.7993644e-07
0,0,3.718141e-06
1,1,0.99997723
0,0,2.7082964e-07
0,0,3.6224245e-07
0,0,3.5468904e-07
0,0,3.9712452e-07
0,0,3.9225614e-07
0,0,6.9810187e-07
0,0,4.86853e-07
0,0,4.932406e-07
0,0,1.5779016e-06
0,0,3.5411682e-07
0,0,3.1808918e-07
0,0,1.2765993e-05
0,0,4.9337325e-07
0,0,4.9644573e-06
1,0,5.140957e-07
0,0,2.811409e-07
0,0,3.202277e-07
0,0,3.8660738e-07
0,0,9.3892737e-07
0,0,5.3756867e-07
0,0,4.9961193e-07
0,0,4.0058976e-07
0,0,3.348483e-07
0,0,5.77806e-07
0,0,2.754067e-07
0,0,4.813297e-07
0,0,3.0502594e-07
0,0,1.1812725e-06
1,0,1.4963941e-06
0,0,4.249365e-07
1,0,4.2522635e-07
0,0,4.1418576e-07
0,0,1.0633922e-06
0,0,3.161675e-07
0,0,4.935916e-07
1,0,1.2487591e-06
0,0,4.3392384e-07
0,0,4.1452085e-07
0,0,3.43229e-07
1,1,0.9999924
0,0,3.0702978e-07
0,0,5.9073375e-07
0,0,3.125013e-07
0,0,3.5807682e-07
0,0,2.9456203e-07
0,0,4.1651015e-07
1,1,0.9999831
0,0,2.9296544e-07
0,0,6.6031646e-07
0,0,4.132499e-07
0,0,4.3902872e-07
0,0,3.2174881e-07
1,1,0.9998011
0,0,4.5121885e-07
0,0,5.338933e-07
0,0,5.6679886e-07
0,0,3.0100975e-07
0,0,1.4976589e-06
0,0,4.974354e-07
0,0,3.9735787e-07
0,0,5.765686e-07
0,0,5.062712e-07
0,0,4.7992165e-07
1,0,1.1035986e-06
0,0,5.33484e-07
0,0,3.5684963e-07
0,0,5.1506936e-07
0,0,4.7711234e-07
1,0,0.0089179855
0,0,3.1082615e-07
0,0,2.7709489e-06
1,1,0.99999356
0,0,8.0206786e-07
0,0,3.950903e-07
0,0,3.0080196e-07
0,0,4.8077555e-07
0,0,5.046602e-07
0,0,4.7431993e-07
0,0,3.8028597e-07
0,0,4.5284665e-07
0,0,3.142754e-07
0,0,6.450086e-07
0,0,1.3172303e-06
0,0,5.615616e-07
0,0,3.130415e-07
0,0,1.0388261e-06
0,0,3.545355e-07
0,0,4.2454275e-07
0,0,7.917896e-07
0,0,3.236294e-07
0,0,3.1439293e-07
0,0,4.6084205e-07
1,1,0.9999888
0,0,3.4285148e-07
0,0,6.8300164e-07
0,0,4.0941813e-07
0,0,3.1407706e-07
0,0,4.2759265e-07
0,0,3.609018e-07
1,1,0.9999893
0,0,5.7532725e-07
0,0,4.6137504e-07
0,0,3.3442961e-07
0,0,4.019954e-07
0,0,3.863553e-07
0,0,4.123358e-07
0,0,2.980129e-07
0,0,4.308403e-07
0,0,6.178233e-07
0,0,6.541826e-07
0,0,3.3855736e-07
1,1,0.9999932
0,0,2.7981068e-07
0,0,6.722114e-07
0,0,0.054638673
0,0,1.0122103e-06
0,0,5.791394e-07
0,0,6.0293553e-07
0,0,2.77513e-07
0,0,6.525968e-07
0,0,4.922876e-07
0,0,3.0119296e-07
0,0,7.0593217e-07
1,0,1.614544e-06
1,0,3.924269e-05
0,0,3.0945733e-07
0,0,3.843297e-07
0,0,2.984947e-07
0,0,4.8517745e-07
0,0,4.2141008e-07
0,0,4.349671e-07
0,0,3.55766e-07
0,0,5.4595705e-07
0,0,3.7957543e-07
0,0,3.844613e-07
0,0,3.7016852e-07
0,0,1.3189876e-06
1,1,0.9999809
0,0,3.7528133e-07
0,0,6.6604457e-07
0,0,3.5754556e-07
0,0,3.836288e-07
0,0,1.6385625e-06
0,0,2.8843166e-07
1,1,0.9999311
1,0,3.86001e-07
0,0,4.6560115e-07
0,0,3.6095582e-07
1,0,4.454549e-07
0,0,2.0605275e-06
0,0,3.5548143e-07
0,0,9.4627705e-07
0,0,6.675058e-07
0,0,3.3540763e-07
0,0,3.7535796e-07
0,0,1.1172795e-06
0,0,3.5949066e-07
1,1,0.99998486
0,0,5.0952906e-07
1,1,0.99999166
0,0,2.9800782e-07
0,0,5.26092e-07
0,0,4.335317e-07
0,0,4.6514134e-07
1,0,0.00022211648
0,0,3.1383752e-07
0,0,3.148772e-07
1,1,0.9999833
1,1,0.99999094
0,0,3.3721912e-07
0,0,4.4829704e-07
0,0,3.382114e-07
0,0,3.8602528e-07
0,0,4.909645e-07
0,0,3.828682e-07
0,0,7.680647e-06
0,0,9.155666e-07
0,0,3.3825626e-07
0,0,2.7856012e-07
0,0,3.5773996e-07
0,0,7.252939e-07
0,0,4.512847e-07
1,0,1.7482706e-06
0,0,3.5645982e-07
0,0,5.882769e-07
0,0,3.068249e-07
0,0,2.9461793e-07
0,0,1.2138321e-06
0,0,3.2443594e-07
0,0,4.5499812e-07
0,0,4.24393e-07
0,0,3.2699205e-07
0,0,4.0628936e-07
0,0,8.137016e-07
0,0,4.7365504e-07
0,0,5.724288e-07
0,0,3.6081437e-07
0,0,3.3595825e-07
0,0,3.1042623e-07
0,0,4.1059428e-07
0,0,3.473474e-07
0,0,5.490241e-07
0,0,3.7221815e-07
0,0,3.2137407e-07
0,0,4.2569744e-07
0,0,3.142973e-07
1,1,0.9999856
0,0,3.2606502e-07
0,0,3.4549865e-07
0,0,3.0861443e-07
0,0,7.8103733e-07
0,0,3.628956e-07
0,0,4.1731562e-07
0,0,4.4462007e-07
0,0,6.2539385e-07
0,0,4.1586873e-07
1,0,0.027397687
0,0,3.1374566e-07
0,0,3.7043338e-07
1,0,5.958866e-06
0,0,2.8603375e-07
1,1,0.9999684
0,0,3.0171677e-07
0,0,7.1503865e-07
0,0,2.5112445e-06
0,0,3.576577e-07
0,0,3.5295463e-07
0,0,2.7321136e-07
0,0,4.4709304e-07
0,0,7.364866e-07
0,0,4.349111e-07
0,0,3.1724335e-07
1,1,0.9999893
0,0,5.710134e-07
0,0,3.4750116e-07
0,0,4.237152e-07
0,0,3.4950827e-07
0,0,2.8177732e-07
0,0,4.3528496e-07
0,0,9.844944e-07
0,0,6.4763185e-07
0,0,3.6953045e-07
0,0,3.7859715e-07
0,0,1.0825245e-06
0,0,3.9235942e-07
1,0,5.1502616e-07
0,0,1.2276907e-06
0,0,3.1928207e-07
0,0,5.0289793e-07
0,0,3.146152e-07
0,0,3.8927078e-07
0,0,3.1033804e-07
0,0,2.8570978e-06
0,0,4.9650646e-07
0,0,5.740798e-07
1,1,0.99818295
1,0,5.8990224e-07
1,0,1.0530903e-06
0,0,3.0943576e-07
1,1,0.99999046
0,0,3.266383e-07
0,0,9.340012e-07
0,0,4.112872e-07
0,0,3.589925e-07
0,0,1.0233694e-06
0,0,4.093814e-07
0,0,1.0372283e-06
0,0,6.082454e-07
0,0,6.1664775e-07
0,0,3.611592e-05
0,0,2.7030197e-07
0,0,1.4460984e-06
0,0,4.5973718e-07
0,0,3.3089702e-07
0,0,6.2243197e-07
0,0,6.306603e-07
0,0,5.104653e-07
1,1,0.9996834
0,0,3.0497056e-06
0,0,3.1530874e-07
0,0,5.539922e-07
0,0,7.57562e-07
0,0,3.7026985e-07
0,0,4.368836e-07
0,0,4.914489e-07
0,0,2.7955917e-07
0,0,5.881491e-07
0,0,3.12849e-07
1,1,0.99999
1,0,0.00061081524
0,0,3.0045794e-07
0,0,4.4566102e-07
0,0,3.553733e-07
0,0,2.2155784e-06
0,0,4.249472e-06
0,0,6.4180193e-07
1,1,0.99998987
0,0,4.3694902e-07
0,0,4.2109593e-07
0,0,4.9901905e-07
0,0,1.2506995e-06
0,0,4.4047098e-07
0,0,7.247615e-07
0,0,3.698506e-07
0,0,3.8601277e-07
0,0,2.546197e-07
0,0,3.8764483e-07
0,0,4.5087515e-07
0,0,3.516678e-07
0,0,8.20265e-07
0,0,6.002064e-07
0,0,4.0413573e-07
0,0,3.6119584e-07
0,0,3.4722487e-07
0,0,3.017818e-07
1,0,6.0515576e-05
0,0,6.732007e-07
0,0,4.6488272e-05
0,0,0.00019803761
0,0,4.6952192e-07
0,0,3.153e-07
0,0,3.2902472e-07
0,0,6.117812e-07
0,0,1.930821e-06
0,0,4.2698468e-07
0,0,4.018088e-07
0,0,6.34286e-07
0,0,3.3573403e-07
0,0,1.3364955e-05
0,0,4.556382e-07
0,0,7.3046044e-07
0,0,3.637633e-06
0,0,2.9276714e-07
0,0,3.623931e-07
0,0,3.2661993e-07
0,0,8.259727e-07
0,0,2.8366358e-07
0,0,3.4787251e-07
0,0,3.547645e-07
0,0,3.7559786e-07
1,1,0.9999616
0,0,3.188515e-07
0,0,2.8793562e-07
0,0,1.9700412e-06
0,0,8.4363893e-07
0,0,3.8497603e-07
0,0,3.4106077e-07
0,0,1.0433077e-06
0,0,3.6292784e-07
0,0,2.5898134e-07
1,0,3.1457992e-05
0,0,3.2626906e-07
0,0,3.0113952e-07
0,0,6.386794e-07
0,0,3.5376476e-07
0,0,4.0130328e-07
1,1,0.99998724
0,0,6.1256475e-07
0,0,3.3178907e-07
0,0,3.223093e-07
0,0,5.654513e-07
0,0,2.8928346e-07
0,0,3.9715331e-07
0,0,5.7877725e-07
0,0,5.9109277e-07
0,0,3.0231757e-07
0,0,0.001564692
0,0,3.4283218e-07
0,0,3.6816178e-07
0,0,6.639783e-07
0,0,3.4758034e-07
0,0,5.6169443e-07
0,0,6.69117e-07
0,0,0.0005262743
0,0,5.7157075e-07
0,0,5.077188e-07
0,0,3.8633465e-07
0,0,4.346221e-07
0,0,3.132386e-07
0,0,3.1125984e-07
1,0,0.02302066
0,0,4.303549e-07
0,0,4.123456e-07
1,0,3.9979898e-07
0,0,3.0348025e-07
0,0,3.0103214e-07
0,0,4.0529284e-07
0,0,5.5561657e-07
0,0,4.7167615e-07
0,0,3.9480292e-07
0,0,4.2526565e-07
1,1,0.99997354
0,0,5.379256e-07
0,0,3.4338976e-07
0,0,3.1495952e-07
0,0,3.9951922e-07
0,0,2.8997064e-07
0,0,2.9494001e-06
0,0,3.6404262e-07
0,0,3.4443798e-07
0,0,5.543675e-07
1,0,7.941408e-06
0,0,2.980484e-07
0,0,5.838504e-07
0,0,5.133618e-07
1,0,0.00017589192
0,0,3.324368e-07
0,0,5.0255846e-07
0,0,2.2488491e-06
1,1,0.9997012
0,0,4.5291313e-07
0,0,4.9968196e-07
0,0,4.744697e-07
0,0,6.723987e-07
0,0,5.298901e-07
0,0,5.5453137e-07
0,0,6.0725074e-07
0,0,2.8506102e-07
0,0,8.789465e-07
1,0,0.00014048949
0,0,3.613726e-07
0,0,6.2795664e-07
0,0,3.1563366e-07
0,0,3.0399326e-07
0,0,4.3722704e-07
0,0,1.4069434e-06
0,0,3.9590236e-07
1,0,7.937886e-07
1,1,0.99998546
0,0,3.8682649e-07
0,0,2.9448478e-07
0,0,3.4843032e-07
0,0,3.47356e-07
0,0,4.3900695e-07
0,0,6.171001e-07
1,1,0.99998426
0,0,3.4149463e-07
0,0,1.1356686e-06
0,0,6.521364e-07
1,0,1.266375e-05
0,0,4.8288188e-05
0,0,6.5917254e-07
1,1,0.99996686
0,0,5.282336e-07
0,0,4.6594536e-07
0,0,2.9928373e-07
0,0,4.3006196e-07
0,0,4.3009067e-07
0,0,8.2321947e-07
0,0,4.974449e-07
0,0,8.9073916e-07
0,0,4.45525e-07
0,0,4.2694353e-07
0,0,3.6154046e-07
0,0,3.311625e-07
0,0,2.6791315e-07
0,0,1.0822737e-06
0,0,4.3017351e-07
0,0,7.1817965e-07
1,1,0.95312417
0,0,3.630254e-07
0,0,5.7305806e-07
0,0,2.1937483e-06
0,0,5.427654e-07
0,0,4.1611708e-07
1,0,1.1091644e-06
0,0,4.2258847e-07
0,0,5.618273e-07
0,0,3.3860223e-07
0,0,2.9794074e-07
0,0,3.1790663e-07
0,0,5.176438e-07
0,0,2.9946415e-07
0,0,1.3515108e-05
1,1,0.9999893
0,0,8.01e-06
0,0,5.60391e-07
1,0,0.05569572
0,0,3.375959e-07
0,0,9.068558e-07
0,0,2.463812e-06
0,0,5.1611767e-07
0,0,3.3400823e-07
0,0,3.0319012e-07
0,0,3.4202296e-07
0,0,3.8122678e-07
0,0,3.099204e-07
0,0,3.7527204e-07
0,0,9.2883323e-07
0,0,5.8151204e-07
0,0,3.106916e-07
0,0,3.3296698e-07
0,0,5.382817e-07
1,1,0.9999846
0,0,6.2922754e-07
0,0,5.157373e-07
0,0,3.5084776e-07
0,0,2.875413e-07
0,0,3.5610236e-07
0,0,4.6659724e-07
0,0,7.2915936e-06
0,0,9.641478e-07
0,0,6.5678995e-07
0,0,3.0195858e-07
0,0,3.2867473e-07
0,0,5.644809e-07
0,0,5.6590767e-07
0,0,3.3958858e-07
0,0,5.268958e-07
0,0,2.943691e-07
0,0,3.204006e-07
0,0,2.9125218e-07
0,0,4.4673888e-07
1,0,2.2692877e-06
0,0,6.057296e-07
0,0,5.2171663e-07
0,0,5.0897734e-07
0,0,1.2625009e-06
0,0,3.0387326e-07
0,0,3.4245772e-07
0,0,4.144335e-07
0,0,4.239205e-07
0,0,9.979021e-07
0,0,3.606066e-07
0,0,6.787809e-07
0,0,3.0360619e-07
0,0,7.9252084e-07
0,1,0.9153631
1,1,0.9997805
0,0,3.255871e-07
0,0,2.4865862e-05
0,0,7.968985e-07
0,0,6.035626e-07
0,0,2.902955e-07
0,0,4.1110053e-07
0,0,3.400812e-07
0,0,1.0414667e-06
0,0,3.8030953e-07
0,0,4.7425073e-07
0,0,5.610932e-07
0,0,4.9144694e-07
0,0,3.1768477e-07
0,0,2.7485464e-07
0,0,5.1190295e-07
0,0,8.4631193e-07
0,0,3.3548758e-07
0,0,4.245703e-07
1,1,0.9999869
0,0,3.4869225e-07
1,1,0.9999025
0,0,3.5099436e-07
0,0,4.6435906e-07
0,0,5.912523e-07
0,0,3.6140256e-07
0,0,5.2671294e-07
1,0,6.2038425e-06
0,0,6.497761e-07
0,0,3.6008424e-07
0,0,1.044879e-06
0,0,8.8028787e-07
0,0,3.6627173e-07
0,0,4.034191e-07
0,0,4.7856514e-07
0,0,6.5217125e-07
0,0,4.8802775e-07
0,0,4.210903e-07
0,0,3.6709176e-07
0,0,6.242331e-07
0,0,3.2928466e-07
0,0,3.1827187e-07
0,0,3.0820502e-07
0,0,3.924907e-06
1,0,1.6547921e-05
0,0,4.3525634e-07
0,0,4.5879156e-07
0,0,4.75973e-07
0,0,6.8766303e-07
0,0,2.9901895e-07
0,0,4.1843026e-07
1,1,0.9999877
0,0,2.1442393e-05
0,0,3.3400698e-07
0,0,5.8699806e-07
0,0,5.691942e-07
0,0,4.1595084e-07
0,0,3.3456612e-07
0,0,4.890215e-07
0,0,7.7520247e-07
0,0,1.7321595e-06
0,0,3.0987252e-07
1,1,0.9999733
0,0,2.985938e-07
0,0,3.0854764e-07
0,0,2.892018e-07
0,0,3.9140716e-07
1,1,0.99998677
0,0,4.058796e-07
0,0,2.8317655e-07
0,0,3.8585378e-07
1,1,0.9999857
0,0,9.5891e-07
0,0,1.1680816e-06
0,0,4.4790215e-07
0,0,3.638316e-07
0,0,4.0323332e-07
0,0,3.1431767e-07
0,0,4.108301e-07
0,0,4.3726376e-07
0,0,4.410456e-07
0,0,1.7362611e-06
0,0,6.430475e-07
0,0,8.9017016e-07
0,0,4.4789275e-07
0,0,3.7746224e-07
1,1,0.99998224
0,0,3.9505753e-07
1,1,0.9999814
0,0,3.209713e-07
0,0,3.5068385e-07
0,0,2.95105e-07
0,0,7.9036073e-07
0,0,3.1672278e-07
1,0,9.337856e-06
1,1,0.9999558
0,0,3.270273e-07
1,0,1.0059963e-06
0,0,3.8853827e-07
1,1,0.9999058
0,0,4.6720638e-07
0,0,4.796462e-07
0,0,3.5187108e-07
1,1,0.9999926
0,0,4.4916674e-06
0,0,3.2828785e-07
0,0,1.2924501e-06
0,0,2.7561535e-07
0,0,2.9510838e-07
1,1,0.9999653
0,0,4.946e-07
0,0,3.5335475e-07
0,0,4.0590825e-07
0,0,5.5247693e-07
0,0,7.792851e-07
0,0,5.5617744e-07
0,0,2.8268187e-06
0,0,4.0331062e-07
0,0,1.4925787e-06
0,0,7.956015e-07
0,0,5.593861e-07
0,0,3.9011326e-07
0,0,3.4513214e-05
0,0,8.996013e-07
0,0,3.890726e-07
0,0,7.0339604e-07
0,0,3.4771097e-07
0,0,3.698982e-07
0,0,5.3147517e-07
1,1,0.9999839
0,0,4.2957663e-07
0,0,8.400903e-07
0,0,0.00037428038
0,0,3.762575e-07
0,0,1.064487e-06
0,0,6.188652e-07
0,0,1.0428939e-06
0,0,3.1129903e-07
1,1,0.9999852
0,0,1.7642491e-06
0,0,2.5743689e-06
0,0,3.483333e-07
0,0,3.692194e-07
1,1,0.9999722
1,1,0.99997926
0,0,4.0364193e-07
0,0,4.793357e-07
1,1,0.9999924
0,0,4.2478493e-07
0,0,1.6579027e-06
0,0,3.0880756e-07
0,0,3.5590207e-07
0,0,3.210019e-07
0,0,5.035506e-07
0,0,6.45619e-07
0,0,2.334167e-05
0,0,6.926811e-07
0,0,3.7493328e-07
0,0,4.3382866e-07
0,0,3.808184e-07
0,0,6.150514e-07
0,0,7.7339337e-07
0,0,2.8994137e-07
0,0,3.924586e-07
0,0,5.374815e-07
1,0,2.2828433e-06
0,0,5.4026225e-07
0,0,1.0758215e-06
0,0,5.710297e-07
0,0,3.545355e-07
0,0,1.7156174e-06
0,0,3.774644e-07
0,0,4.3557813e-07
1,0,5.338749e-07
0,0,3.091376e-07
0,0,4.515408e-07
0,0,4.2794187e-07
0,0,2.9503238e-07
0,0,5.163023e-07
0,0,5.7940076e-07
0,0,3.712829e-07
0,0,3.6689084e-07
0,0,3.932446e-07
0,0,7.270251e-07
0,0,1.4974219e-06
0,0,3.22471e-07
0,0,7.566638e-07
0,0,7.1734314e-07
0,0,1.3102492e-06
0,0,4.0446e-07
0,0,3.699469e-07
0,0,7.1786326e-07
0,0,2.943562e-07
1,1,0.99989164
0,0,3.4821306e-07
0,0,3.145159e-07
1,1,0.9997142
0,0,1.4355523e-06
0,0,5.489659e-07
0,0,4.1227443e-07
0,0,3.193585e-07
0,0,4.5412287e-07
0,0,5.324259e-07
0,0,4.541259e-07
0,0,5.311185e-07
0,0,4.1534076e-07
0,0,5.450721e-07
0,0,3.721947e-07
0,0,4.2006113e-07
0,0,4.0087752e-07
0,0,4.5342918e-07
0,0,4.0148316e-07
0,0,4.4685817e-07
0,0,3.279649e-07
0,0,5.30385e-07
0,0,3.9342768e-07
0,0,4.0286434e-07
0,0,6.1500447e-07
0,0,4.7191102e-07
0,0,5.6850735e-07
0,0,3.553845e-07
1,0,0.002465851
0,0,3.5480812e-07
0,0,6.6162755e-07
0,0,5.0629774e-07
0,0,3.131499e-07
0,0,3.4768976e-07
1,1,0.99997437
0,0,4.137779e-07
0,0,8.119195e-07
0,0,4.026688e-07
0,0,1.2060756e-06
0,0,3.4735933e-07
0,0,5.626895e-07
0,0,4.4495434e-07
0,0,4.102342e-07
0,0,3.923624e-07
0,0,5.70009e-07
0,0,4.4813632e-07
0,0,2.7363015e-07
1,0,4.834966e-07
0,0,6.7322634e-07
0,0,4.4938557e-07
0,0,3.0168425e-07
0,0,5.9583215e-07
0,0,3.0867506e-07
0,0,4.821401e-07
0,0,2.9651665e-07
0,0,5.1216955e-07
0,0,5.171114e-07
1,1,0.99207884
0,0,6.602289e-07
0,0,3.5365414e-07
0,0,2.7997217e-07
0,0,4.08914e-07
0,0,3.9935009e-07
0,0,1.7778556e-06
0,0,2.864678e-07
0,0,5.6091073e-07
0,0,5.7419925e-07
0,0,3.0514805e-06
0,0,9.625438e-07
0,0,3.2979565e-07
0,0,4.7132858e-07
0,0,1.3429208e-06
0,0,3.449554e-07
0,0,3.5168728e-07
0,0,3.3994022e-06
0,0,5.866891e-07
0,0,6.268222e-07
0,0,3.5572697e-07
0,0,7.5966653e-07
1,0,2.0128723e-06
0,0,8.643126e-07
0,0,3.6555392e-07
0,0,2.9851918e-07
0,0,6.897188e-07
0,0,3.7874884e-07
0,0,3.417947e-07
0,0,5.0589523e-07
0,0,6.41693e-07
0,0,3.4831837e-07
0,0,3.8162622e-07
0,0,3.5240302e-07
0,0,4.096681e-07
0,0,3.0535017e-07
0,0,3.7362935e-07
1,1,0.99986804
0,0,3.1246228e-07
0,0,2.6505515e-07
0,0,2.759433e-07
0,0,3.4056643e-07
0,0,6.253677e-07
0,0,5.9943477e-07
0,0,5.4503937e-07
0,0,7.23161e-07
0,0,3.8753984e-07
1,1,0.999982
0,0,7.7206755e-07
0,0,3.120076e-07
1,1,0.9998765
0,0,4.3617754e-07
0,0,3.2322407e-07
0,0,4.9913376e-07
0,0,7.036657e-07
0,0,2.9691677e-07
0,0,5.371874e-07
0,0,2.9613204e-07
0,0,5.4610393e-07
0,0,2.9933423e-07
0,0,1.30837e-06
0,0,5.912996e-07
0,0,2.8586086e-07
0,0,3.312459e-07
1,1,0.99998426
0,0,6.5009846e-07
0,0,4.2598737e-07
0,0,5.268566e-07
0,0,4.7523775e-07
0,0,3.5879716e-06
0,0,6.0835964e-07
0,0,3.4388526e-07
0,0,3.4848813e-07
1,0,3.3216457e-07
0,0,3.6278246e-07
0,0,4.3462916e-07
0,0,6.2706073e-07
0,0,5.5705914e-07
0,0,4.0085496e-07
0,0,7.5718606e-05
0,0,5.9407034e-07
0,0,3.404732e-07
0,0,3.11026e-07
0,0,3.411242e-07
0,0,3.3963133e-07
0,0,1.346812e-06
0,0,3.3665518e-07
0,0,8.312822e-07
0,0,3.1066818e-07
0,0,3.2360902e-07
0,0,3.0394574e-07
0,0,4.95003e-07
0,0,4.3478545e-07
0,0,9.4743564e-07
0,0,2.885621e-07
0,0,4.175226e-07
0,0,6.936833e-07
0,0,4.443492e-07
1,0,0.007903735
0,0,5.8441304e-07
1,0,1.0934898e-06
0,0,3.571247e-07
0,0,3.4578935e-07
0,0,3.3566684e-07
0,0,5.139261e-07
0,0,6.9097755e-06
0,0,1.0958805e-06
1,0,0.02859954
0,0,4.5920743e-07
0,0,3.1793573e-07
0,0,4.2003467e-07
0,0,3.2888136e-07
0,0,3.6953503e-07
0,0,6.598273e-07
0,0,8.2390983e-07
0,0,6.239106e-07
0,0,3.0093912e-07
0,0,3.763896e-07
0,0,5.158638e-07
1,0,7.309364e-07
0,0,6.813778e-07
0,0,3.2061948e-07
0,0,3.5636194e-07
0,0,5.176265e-07
0,0,2.813619e-07
0,0,4.3223747e-07
0,0,1.346509e-06
0,0,2.1284957e-06
0,0,3.784239e-07
0,0,3.29176e-07
0,0,3.6756467e-07
0,0,5.267054e-07
0,0,5.3640116e-07
0,0,3.1108533e-07
0,0,3.5800068e-07
0,0,3.7170594e-07
0,0,4.4867426e-07
0,0,5.713239e-07
0,0,3.7362435e-07
0,0,3.976069e-06
0,0,3.9842416e-07
0,0,3.6095892e-07
0,0,4.7226848e-07
0,0,1.4221208e-06
0,0,3.4127714e-07
0,0,4.0159e-07
0,0,3.5869445e-07
1,1,0.99780375
0,0,3.7286657e-06
0,0,4.570369e-07
1,1,0.99998856
0,0,5.023907e-07
0,0,5.4334333e-07
0,0,3.525432e-07
0,0,5.507294e-07
0,0,3.4178817e-07
0,0,5.0842476e-07
1,1,0.9999571
0,0,3.1572878e-07
0,0,6.452239e-07
0,0,3.2864557e-07
0,0,4.4889939e-07
0,0,3.9424833e-07
0,0,5.6963074e-07
0,0,3.0926074e-06
0,0,3.3966373e-07
1,1,0.99998176
0,0,3.1853057e-07
0,0,5.2393045e-07
0,0,3.7086676e-07
0,0,3.256834e-07
0,0,6.216916e-07
0,0,4.3448205e-07
0,0,1.6723166e-06
0,0,4.6798098e-07
0,0,7.0459777e-07
0,0,3.4930164e-07
0,0,2.315825e-06
0,0,6.0906615e-07
0,0,8.5834745e-07
0,0,3.134768e-07
0,0,4.5874648e-07
0,0,5.626144e-07
0,0,1.5204575e-06
0,0,4.998588e-07
0,0,2.9970698e-07
0,0,4.726731e-07
1,1,0.99998546
0,0,6.33285e-07
0,0,4.8105073e-07
1,1,0.94918376
0,0,3.3533468e-07
1,0,1.4928057e-05
0,0,9.749391e-07
0,0,3.0585377e-07
0,0,3.210019e-07
0,0,7.285716e-07
1,1,0.999982
0,0,3.241471e-07
0,0,4.823921e-07
0,0,3.2013426e-07
0,0,3.8223303e-07
0,0,4.929923e-07
0,0,3.4520914e-07
0,0,3.1924614e-07
0,0,4.5949523e-07
0,0,3.139393e-07
0,0,6.852748e-07
0,0,7.0030904e-07
0,0,3.9073436e-07
0,0,3.1946513e-07
0,0,2.9824147e-07
0,0,4.1339575e-07
0,0,3.0103126e-07
0,0,1.284179e-06
1,1,0.99947244
0,0,3.6772875e-07
1,1,0.9999938
0,0,3.5231835e-07
0,0,1.1841769e-06
0,0,1.1841114e-06
0,0,3.5641358e-07
0,0,3.1777265e-07
0,0,3.4583357e-07
0,0,0.005580105
0,0,1.072485e-06
0,0,9.624941e-07
0,0,3.6113454e-07
0,0,5.4729e-07
0,0,3.547242e-07
0,0,1.2076466e-06
0,0,5.7166505e-07
0,0,3.9277722e-07
0,0,6.9134734e-07
0,0,5.411456e-07
0,0,3.5300445e-07
0,0,3.3941114e-07
1,1,0.99998534
0,0,3.1254365e-07
0,0,9.1958145e-07
0,0,4.892603e-07
0,0,5.0199804e-07
0,0,6.6691024e-07
1,1,0.99997735
0,0,3.9435665e-07
0,0,4.5980252e-07
0,0,3.0511845e-07
0,0,1.835999e-06
0,0,3.2007017e-07
0,0,5.7473284e-07
0,0,5.137409e-07
0,0,3.9760502e-07
0,0,6.508019e-07
0,0,2.6989395e-07
0,0,4.653166e-07
0,0,5.536669e-07
0,0,2.8752044e-07
0,0,3.3479404e-07
0,0,4.0756692e-07
0,0,7.103015e-07
0,0,3.3025043e-07
0,0,4.7000083e-07
0,0,3.6865467e-07
0,0,5.035122e-07
0,0,7.7242623e-07
0,0,7.3020345e-07
0,0,8.764028e-07
0,0,3.7527778e-07
0,0,2.4444347e-05
0,0,3.4652885e-07
0,0,5.708958e-07
0,0,3.0951222e-07
0,0,4.1431713e-06
0,0,5.283137e-07
0,0,7.478734e-07
1,1,0.9999758
0,0,4.548282e-06
0,0,4.201661e-07
0,0,3.2289566e-07
0,0,6.586159e-07
1,1,0.9999949
0,0,6.257143e-05
0,0,2.9387152e-07
0,0,5.316637e-07
0,0,3.17201e-07
0,0,5.304594e-07
0,0,2.498176e-06
0,0,3.2345568e-07
0,0,3.3492591e-07
0,0,4.2844576e-07
0,0,9.1990864e-07
0,0,3.3723327e-07
0,0,1.1096024e-06
0,0,5.4200086e-07
0,0,1.4813138e-06
0,0,5.4909106e-07
0,0,2.713956e-07
0,0,5.2961724e-07
0,0,0.0021845596
0,0,4.3443893e-07
0,0,1.0118677e-06
1,1,0.9999856
1,1,0.99998736
0,0,5.2738346e-07
0,0,1.0258954e-06
0,0,4.7126608e-07
0,0,2.8036442e-07
0,0,4.755578e-07
0,0,3.566237e-07
1,0,0.00146948
0,0,3.9319772e-07
1,1,0.9999721
0,0,4.204519e-07
1,0,0.0004724965
0,0,3.8844192e-07
0,0,1.1548935e-06
0,0,1.4212939e-06
0,0,3.0219798e-07
0,0,1.6993242e-06
0,0,4.6609694e-07
0,0,3.2570995e-06
0,0,4.897346e-07
0,0,4.6449367e-07
0,0,4.066355e-07
0,0,5.5688383e-07
0,0,5.1530515e-07
0,0,0.0001673927
1,0,1.2027858e-06
0,0,0.07276103
0,0,5.601201e-07
0,0,4.9809336e-07
0,0,4.5792345e-07
1,1,0.99998987
1,1,0.9999739
0,0,5.292678e-07
0,0,3.949317e-07
0,0,4.690824e-07
0,0,3.588905e-07
0,0,3.4345788e-07
0,0,9.590083e-06
0,0,4.586017e-07
1,1,0.99998355
0,0,3.1580285e-07
0,0,8.751008e-07
0,0,4.0314606e-07
0,0,3.753458e-07
0,0,7.089277e-07
0,0,3.3527587e-07
0,0,4.6014205e-07
0,0,6.8597706e-07
0,0,3.0900847e-07
0,0,8.947525e-07
0,0,9.056225e-07
0,0,3.1225258e-07
0,0,1.014129e-06
0,0,4.3599664e-07
0,0,3.462738e-07
0,0,4.0554687e-07
0,0,3.1815168e-07
0,0,4.709044e-07
0,0,6.999859e-07
0,0,3.600554e-07
0,0,3.409957e-07
0,0,6.5223907e-07
0,0,8.824766e-07
0,0,3.4099702e-07
0,0,8.3607324e-07
0,0,4.4776976e-07
0,0,3.440559e-05
0,0,3.4197956e-07
0,0,3.2062067e-07
0,0,5.014927e-07
0,0,4.903833e-07
0,0,4.3297888e-07
0,0,3.1073606e-07
0,0,5.489251e-07
0,0,5.6054336e-07
0,0,2.9100067e-07
1,1,0.99995756
0,0,4.3792647e-07
0,0,3.5170135e-07
0,0,7.0507036e-07
1,1,0.9999864
0,0,3.1543505e-07
0,0,4.6791806e-07
0,0,3.1907052e-07
0,0,3.9548047e-07
0,0,3.3592653e-07
0,0,5.425728e-07
0,0,5.0789413e-07
0,0,4.0727704e-07
0,0,3.3446278e-07
0,0,2.9667788e-07
0,0,6.89296e-07
0,0,6.997723e-07
0,0,4.6940102e-07
0,0,3.5445368e-07
0,0,4.831256e-07
0,0,6.0736545e-07
0,0,3.4072818e-07
0,0,5.2042463e-07
0,0,0.00036293207
0,0,5.3045585e-07
0,0,4.4102038e-07
0,0,3.5852992e-07
0,0,3.5919354e-07
0,0,3.67693e-07
0,0,3.5431378e-07
1,1,0.9999523
0,0,7.8228595e-07
0,0,4.7663391e-07
0,0,4.0556543e-07
0,0,3.872901e-07
0,0,3.9218136e-07
0,0,3.989078e-07
0,0,8.906881e-07
0,0,5.796704e-07
0,0,9.513389e-07
0,0,2.9283973e-07
0,0,8.0433364e-07
0,0,7.025339e-07
1,1,0.99995303
0,0,7.000346e-07
1,0,0.00014114665
0,0,3.250231e-07
0,0,4.131128e-07
0,0,3.8820494e-07
0,0,4.3855002e-07
0,0,4.777443e-07
0,0,4.6839352e-07
0,0,5.1892494e-07
0,0,2.934545e-07
0,0,3.2466747e-07
0,0,1.0449867e-06
0,0,5.997933e-07
0,0,2.9176093e-07
0,0,3.2397338e-07
0,0,3.4420614e-07
0,0,5.25611e-07
0,0,3.4500122e-06
0,0,3.9458988e-07
0,0,5.8595276e-07
0,0,3.2933457e-07
0,0,3.2989723e-07
0,0,3.0576047e-07
0,0,7.669533e-07
0,0,8.895363e-07
1,1,0.99997437
1,0,9.365876e-06
0,0,6.0221373e-07
0,0,4.2789372e-07
0,1,0.59915614
0,0,3.7466913e-07
0,0,4.995319e-07
0,0,3.3023278e-07
1,1,0.9999919
0,0,5.4215235e-07
0,0,7.646477e-07
1,1,0.9999764
0,0,4.8512055e-07
0,0,5.582648e-07
0,0,4.624459e-07
0,0,6.808451e-07
0,0,2.8782662e-07
0,0,3.6360822e-07
0,0,3.5577716e-07
0,0,7.146855e-07
0,0,3.3814897e-06
0,0,4.085912e-07
0,0,5.95401e-07
0,0,3.4128462e-07
0,0,3.3331074e-07
1,1,0.9999913
0,0,7.248216e-07
1,1,0.9999331
0,0,1.4368165e-06
0,0,1.0684057e-06
0,0,4.245792e-07
0,0,4.5843598e-07
0,0,0.025095113
0,0,3.1273922e-07
0,0,4.3265484e-07
0,0,4.3218844e-07
0,0,1.5677231e-06
0,0,5.956214e-07
0,0,2.8548868e-07
0,0,3.653075e-07
0,0,4.4021564e-07
0,0,4.7859527e-07
1,1,0.9999919
0,0,3.422148e-07
0,0,3.929668e-07
0,0,1.0938695e-06
1,0,1.6386454e-06
0,0,3.623848e-07
0,0,3.681379e-07
1,1,0.99998856
0,0,3.7535295e-07
0,0,5.984272e-07
0,0,3.285102e-07
0,0,3.9257725e-07
0,0,3.4900097e-07
0,0,3.4353192e-07
1,1,0.8441358
0,0,2.9962754e-07
0,0,5.339198e-07
1,1,0.8486909
0,0,3.0586077e-07
0,0,4.9031314e-07
0,0,3.9167003e-07
0,0,3.3795445e-07
0,0,4.5383325e-07
0,0,3.5589935e-07
0,0,3.5632453e-07
1,1,0.9999683
0,0,5.12451e-07
0,0,5.903418e-07
0,0,4.476135e-07
0,0,4.4853567e-07
0,0,6.722603e-06
0,0,4.3586155e-07
0,0,4.342078e-07
0,0,3.9276674e-07
0,0,4.178046e-07
0,0,3.0558903e-07
0,0,4.40964e-07
0,0,4.4076262e-07
0,0,1.53579e-06
1,0,0.01874217
1,1,0.99996483
0,0,4.8935266e-07
0,0,7.7292583e-07
0,0,4.6980767e-07
0,0,2.0134905e-06
0,0,2.988821e-07
0,0,2.5533514e-06
0,0,5.830447e-07
0,0,4.134754e-07
0,0,4.8187627e-07
0,0,3.6675792e-07
0,0,3.2895883e-07
0,0,3.5786516e-07
0,0,0.0008949623
0,0,4.2649754e-07
1,1,0.99998987
0,0,8.098864e-07
0,0,4.303738e-07
0,0,4.6817874e-07
0,0,7.904602e-07
0,0,5.999163e-07
0,0,3.7906213e-07
0,0,1.6610185e-05
0,0,4.2498348e-07
0,0,5.1521477e-07
1,0,0.00037027788
1,1,0.9999932
1,1,0.99996006
1,1,0.99975413
0,0,3.042711e-07
0,0,5.2325134e-07
0,0,6.914884e-07
1,1,0.9999889
0,0,2.943562e-07
0,0,7.531815e-07
1,1,0.99999225
0,0,5.57854e-07
0,0,9.0424857e-07
0,0,9.384028e-07
0,0,3.7580426e-07
0,0,4.0974314e-07
0,0,3.8218857e-07
0,0,3.1754422e-07
1,1,0.99963903
0,0,7.9499927e-07
0,0,1.3256472e-06
0,0,4.2703192e-07
0,0,2.9379754e-07
0,0,6.3183484e-07
0,0,8.917872e-07
1,1,0.99999106
0,0,4.3295452e-07
0,0,3.3486685e-07
0,0,3.373066e-07
0,0,3.2567533e-07
0,0,9.0166003e-07
0,0,3.5823874e-07
0,0,2.74344e-07
0,0,3.0897132e-07
0,0,3.025708e-07
0,0,3.874323e-07
0,0,9.391119e-07
0,0,1.4994226e-06
0,0,2.898238e-06
0,0,6.1481217e-07
0,0,2.8563085e-07
0,0,4.0553758e-07
0,0,4.865448e-07
0,0,3.404193e-07
0,0,4.0256282e-07
0,0,4.7069383e-07
0,0,8.404028e-07
0,0,3.452292e-07
0,0,3.5798124e-07
0,0,3.2327404e-07
0,0,2.959363e-06
0,0,5.311448e-07
1,0,0.0037338184
0,0,4.1463431e-07
0,0,5.7975336e-07
0,0,4.0096472e-07
0,0,2.9890805e-07
0,0,4.2912947e-07
0,0,4.243962e-07
0,0,4.478834e-07
0,0,1.6742346e-06
0,0,6.028562e-07
0,0,3.732255e-07
0,0,3.8325285e-07
1,0,0.00023830755
0,0,5.973923e-07
0,0,4.1197498e-07
0,0,2.8259083e-07
1,1,0.99995434
0,0,4.651311e-07
0,0,3.786802e-07
0,0,4.7220408e-07
0,0,7.3492265e-07
0,0,5.3326227e-07
0,0,9.1502716e-07
0,0,3.341599e-07
0,0,5.4790786e-07
0,0,6.3466234e-07
0,0,3.912937e-07
0,0,1.36952e-06
0,0,3.2869868e-06
0,0,4.884677e-07
0,0,5.273392e-07
0,0,4.4670094e-07
0,0,2.7175562e-07
1,0,0.0024085932
0,0,3.6363875e-07
0,0,5.576922e-07
0,0,8.714439e-07
0,0,4.700443e-07
0,0,5.5004915e-07
0,0,9.443298e-07
0,0,2.6937323e-07
0,0,3.5905416e-07
0,0,1.2553742e-06
0,0,3.6698185e-07
0,0,3.4136667e-07
0,0,1.9656559e-06
0,0,3.957023e-07
0,0,4.4248475e-07
0,0,3.0369654e-07
0,0,9.723021e-07
1,1,0.99999154
0,0,3.7429413e-07
0,0,2.8094254e-07
0,0,2.9942103e-07
0,0,3.2711898e-07
0,0,3.7736507e-07
0,0,3.5444558e-07
0,0,3.307257e-07
0,0,8.9589327e-07
0,0,6.714611e-07
0,0,3.93672e-07
0,0,5.1102984e-07
0,0,4.6384295e-07
1,0,7.529976e-07
0,0,8.914733e-06
0,0,2.4356073e-06
0,0,1.5174762e-06
0,0,3.4929067e-07
0,0,5.445469e-07
0,0,5.539521e-07
0,0,3.3368605e-07
0,0,3.9921758e-07
0,0,9.3127244e-07
0,0,1.338248e-06
0,0,3.598865e-07
1,0,3.0742714e-05
0,0,7.6663304e-07
0,0,3.2493853e-07
0,0,1.0844954e-05
0,0,3.3045836e-07
0,0,1.0118752e-05
0,0,2.2808042e-06
0,0,4.5666047e-07
0,0,3.8517067e-07
0,0,9.823542e-07
0,0,4.024039e-07
0,0,6.6238704e-07
0,0,4.0963215e-07
0,0,1.0383447e-06
0,0,3.5620053e-07
0,0,3.6355274e-07
0,0,1.1151324e-05
0,0,4.200467e-07
0,0,4.3988535e-07
1,0,1.121323e-05
0,0,3.0903882e-07
0,0,2.7833863e-07
1,1,0.9999138
0,0,1.492358e-06
0,0,3.5244506e-07
0,0,4.3897515e-07
0,0,3.8889934e-07
0,0,5.114999e-07
0,0,3.1769022e-07
0,0,3.2232464e-07
0,0,3.6512256e-07
0,0,4.2699526e-07
0,0,3.6122444e-07
0,0,3.8614385e-07
1,1,0.9999901
0,0,4.5919606e-07
0,0,0.2541408
0,0,3.9702985e-07
0,0,3.2365888e-06
0,0,3.5407123e-07
0,0,7.243834e-07
0,0,1.3539957e-06
0,0,3.1747336e-07
0,0,4.5854094e-07
0,0,6.546201e-07
0,0,3.8752657e-07
0,0,3.5867495e-07
0,0,3.0287453e-07
0,0,4.1413523e-07
0,0,8.9371304e-07
0,0,3.081533e-07
0,0,3.5690067e-07
0,0,2.9135333e-07
0,0,4.5758645e-07
0,0,5.1374434e-07
0,0,2.8396536e-07
0,0,4.5361344e-07
1,1,0.9999869
0,0,4.0268878e-07
0,0,3.6218995e-07
0,0,5.472634e-07
0,0,3.1071886e-07
0,0,8.844651e-06
0,0,5.0873905e-07
0,0,4.0374164e-07
0,0,3.2963246e-07
0,0,2.998631e-07
1,1,0.9999896
0,0,3.8695782e-07
0,0,4.1415063e-07
1,1,0.9999918
0,0,3.014099e-07
0,0,3.2644647e-07
0,0,4.6842703e-07
0,0,1.1385422e-05
0,0,3.9667714e-07
0,0,4.5981787e-07
0,0,3.1680253e-07
0,0,3.2366827e-07
0,0,4.9099395e-07
0,0,3.3237495e-07
0,0,3.5706918e-07
0,0,3.811301e-07
0,0,3.1241967e-07
0,0,4.69018e-07
0,0,6.198599e-07
0,0,3.400332e-07
0,0,3.4570957e-07
0,0,4.6093697e-07
0,0,6.023275e-07
0,0,2.1549663e-06
0,0,7.379841e-07
0,0,4.3467475e-07
0,0,4.4681684e-07
0,0,3.9596958e-07
0,0,3.648462e-07
0,0,3.9787284e-07
0,0,5.7123725e-07
0,0,4.5464893e-07
1,0,0.0009630151
0,0,2.6910544e-07
0,0,3.494106e-07
0,0,4.099276e-07
0,0,4.092694e-07
0,0,1.769621e-06
0,0,3.139959e-07
0,0,3.3086926e-07
0,0,5.830058e-07
0,0,3.6121858e-07
0,0,3.7896092e-07
0,0,4.9437267e-07
0,0,6.762687e-07
0,0,7.040604e-07
0,0,3.0208068e-07
0,0,3.2399316e-07
0,0,2.963473e-07
1,0,0.0040582404
0,0,2.9217415e-07
1,1,0.99996936
0,0,4.855709e-07
0,0,5.2188636e-07
0,0,4.256775e-07
0,0,8.7718547e-07
0,0,3.9759783e-07
0,0,4.41522e-07
0,0,6.058047e-07
0,0,1.5826595e-06
0,0,3.146347e-07
0,0,3.5739794e-07
0,0,3.8688844e-07
0,0,6.8471564e-07
0,0,3.1389052e-07
1,0,0.0005194086
0,0,1.0014887e-06
0,0,8.2822305e-07
1,1,0.99995863
0,0,3.564085e-07
0,0,4.6617205e-07
0,0,3.9189757e-07
0,0,3.4935397e-07
0,0,3.150481e-07
0,0,4.003606e-07
0,0,3.9839645e-07
0,0,5.4465073e-07
0,0,3.356844e-07
0,0,3.6287105e-07
0,0,3.4632134e-07
0,0,7.698552e-07
0,0,3.096061e-07
0,0,3.5980415e-07
0,0,1.282791e-06
0,0,3.4704743e-07
0,0,3.9423404e-07
0,0,1.3190128e-06
1,1,0.9999901
0,0,3.653817e-07
1,0,0.007782127
0,0,3.077081e-07
0,0,4.4277093e-07
0,0,3.2486165e-07
0,0,3.8654545e-07
0,0,6.7184357e-07
0,0,5.04717e-07
0,0,3.1425214e-05
0,0,6.6933535e-07
0,0,3.4203666e-07
0,0,0.0010747373
0,0,3.7270905e-07
1,1,0.99997866
1,1,0.999972
0,0,7.006297e-07
0,0,4.20908e-07
0,0,2.946753e-07
0,0,1.5684582e-05
0,0,3.845438e-07
0,0,1.1993518e-06
0,0,7.093213e-07
0,0,9.753761e-07
0,0,3.8207452e-07
1,1,0.9999924
0,0,5.297526e-07
0,0,8.2970774e-07
0,0,1.3715837e-06
0,0,3.9266936e-07
0,0,6.475936e-07
1,1,0.99995506
0,0,6.5724674e-07
0,0,2.9845398e-07
0,0,3.005144e-07
0,0,6.669745e-07
0,0,5.633768e-07
0,0,4.1801542e-07
1,1,0.99998975
0,0,1.3204476e-06
0,0,4.3952477e-07
0,0,5.1413986e-07
0,0,3.1476284e-07
1,1,0.9999827
0,0,3.8413546e-07
0,0,4.415843e-07
0,0,3.0268743e-07
0,0,3.0781317e-07
0,0,3.4014184e-07
0,0,6.6976185e-07
1,1,0.9999808
0,0,9.3239214e-07
0,0,3.1035637e-07
0,0,5.121144e-07
0,0,3.4541364e-07
0,0,6.870796e-07
0,0,8.154479e-07
0,0,3.482097e-07
1,1,0.99999034
0,0,4.0861653e-07
0,0,4.146268e-07
0,0,3.4458057e-07
0,0,3.8232125e-07
1,1,0.9999875
0,0,5.11062e-07
0,0,0.0003227339
0,0,9.529388e-07
0,0,3.9258097e-07
0,0,3.4456446e-07
0,0,1.1134714e-06
0,0,7.265566e-07
0,0,3.1061697e-07
0,0,6.822361e-07
0,0,3.3305972e-07
0,0,3.3121717e-07
0,0,2.8527126e-07
0,0,3.8057584e-07
0,0,3.0002957e-07
0,0,4.324061e-07
0,0,1.1618909e-06
0,0,4.914118e-07
0,0,3.438164e-07
1,1,0.9992731
0,0,3.627247e-07
0,0,4.1602484e-06
1,1,0.9999789
0,0,3.539173e-07
0,0,1.5607025e-05
0,0,5.943446e-07
0,0,3.4824495e-07
0,0,4.488429e-07
0,0,3.4732753e-07
0,0,3.115408e-07
0,0,3.2807407e-07
0,0,3.0479563e-07
0,0,3.3803923e-07
0,0,2.738249e-07
0,0,3.256191e-07
0,0,6.749788e-07
0,0,3.674574e-07
1,1,0.99996316
0,0,2.9612724e-07
0,0,3.2915247e-07
0,0,2.9208806e-07
0,0,1.5255644e-06
1,1,0.9999821
0,0,9.1252e-07
0,0,3.7190415e-07
1,1,0.99998534
0,0,3.0033874e-07
0,0,4.1026237e-07
0,0,3.1240924e-07
0,0,5.735009e-07
0,0,3.1897713e-07
1,1,0.9999938
0,0,1.557595e-06
0,0,3.8834787e-07
0,0,3.527248e-07
0,0,5.3203905e-07
0,0,3.268284e-07
0,0,3.329022e-07
1,1,0.99999213
0,0,4.634088e-07
0,0,5.4287096e-07
0,0,3.5898302e-06
0,0,7.025386e-07
0,0,1.7024695e-06
1,1,0.9999937
0,0,6.233729e-07
0,0,5.329654e-07
1,0,5.791687e-07
0,0,5.717185e-07
0,0,5.241873e-07
0,0,6.583377e-07
0,0,4.3518327e-07
0,0,9.1632745e-07
0,0,5.2372263e-07
0,0,3.5755481e-06
0,0,4.7819697e-07
0,0,6.649047e-07
0,0,8.704812e-07
0,0,7.951554e-07
0,0,4.940937e-07
0,0,4.7854917e-07
0,0,2.9462691e-07
0,0,1.7150498e-06
0,0,2.8979454e-07
0,0,4.473694e-07
0,0,2.8616637e-07
0,0,3.4513374e-07
0,0,3.141888e-07
0,0,3.3229256e-07
1,0,5.484149e-07
0,0,7.5249585e-07
0,0,4.7651574e-07
0,0,3.8238468e-07
0,0,3.902718e-07
1,1,0.9999809
0,0,3.6204077e-07
0,0,3.8207267e-07
0,0,4.0361806e-07
0,0,2.8934298e-06
0,0,5.514752e-07
1,1,0.9997111
0,0,4.754989e-06
1,1,0.9999888
0,0,1.285229e-06
0,0,5.422273e-07
0,0,4.3003982e-07
0,0,3.6028348e-07
0,0,4.810241e-07
0,0,3.0716453e-07
0,0,8.943515e-07
0,0,3.8945237e-07
0,0,3.4213747e-07
0,0,3.2609427e-07
1,0,4.4720996e-06
0,0,7.055721e-07
0,0,3.1839573e-07
0,0,7.307496e-07
0,0,3.8487397e-07
0,0,3.2409483e-07
0,0,3.0536881e-07
0,0,2.3748205e-06
0,0,4.457018e-07
0,0,6.045258e-07
0,0,2.0036066e-06
0,0,3.233178e-07
0,0,6.592964e-07
0,0,5.3429875e-07
0,0,2.261342e-06
0,0,3.370397e-07
0,0,4.4328007e-07
0,0,7.0056154e-07
0,0,4.3445883e-07
0,0,3.680796e-07
1,0,1.7688111e-06
0,0,2.7580884e-07
0,0,7.291425e-05
0,0,8.212418e-07
1,1,0.9999856
0,0,3.1701833e-07
0,0,5.3776967e-07
0,0,5.4683454e-07
0,0,4.3647967e-07
0,0,3.9838542e-07
0,0,4.926548e-07
0,0,5.2218354e-07
0,0,2.0253888e-06
0,0,6.227722e-07
0,0,3.8759748e-07
1,0,1.796815e-06
0,0,3.174685e-07
0,0,2.661098e-07
0,0,2.9768512e-07
0,0,4.4267765e-07
0,0,2.9034754e-07
0,0,4.771237e-07
0,0,6.2377256e-07
0,0,3.4929334e-07
0,0,7.6078163e-07
0,0,4.265907e-07
0,0,1.029397e-06
0,0,1.4391452e-06
0,0,2.9457976e-07
0,0,4.166333e-07
0,0,6.8449623e-07
0,0,1.8944801e-06
0,0,3.1813045e-07
0,0,3.6947478e-07
0,0,5.7279965e-07
1,0,1.7606689e-06
0,0,8.8578525e-07
0,0,4.5832192e-07
0,0,6.2646245e-07
0,0,4.5071565e-07
0,0,3.0683103e-07
0,0,6.837394e-07
0,0,3.470643e-07
0,0,4.840004e-07
0,0,5.091288e-07
0,0,3.3277394e-07
0,0,4.099831e-07
0,0,3.017389e-07
0,0,5.1051546e-07
0,0,2.671131e-07
0,0,4.448442e-06
0,0,4.474475e-07
1,1,0.9999888
0,0,7.347033e-07
0,0,1.1372164e-06
0,0,5.8975314e-07
0,0,3.0409245e-07
1,1,0.9999875
0,0,2.979385e-07
0,0,5.164604e-07
0,0,2.8764057e-07
0,0,3.731593e-07
0,0,3.004694e-07
0,0,4.2135545e-07
1,0,6.642128e-06
0,0,3.9786298e-07
0,0,4.844437e-07
0,0,4.235556e-07
1,0,0.0047132666
0,0,3.1179044e-07
0,0,3.399875e-07
0,0,3.4700008e-07
1,1,0.9990507
0,0,3.287691e-07
0,0,1.1019486e-06
0,0,3.7817856e-07
0,0,3.613726e-07
0,0,5.828645e-07
0,0,4.5630435e-07
0,0,3.0801607e-07
0,0,3.3288694e-07
0,0,3.6205284e-07
0,0,3.502714e-07
0,0,6.2048093e-07
0,0,1.0328181e-06
0,0,4.441539e-07
0,0,2.8901957e-07
0,0,4.384764e-07
0,0,4.454375e-07
0,0,3.14007e-07
0,0,1.4626646e-06
0,0,4.0743086e-07
1,0,0.0003008606
0,0,4.0384754e-07
1,0,8.4188844e-07
0,0,4.4226624e-07
0,0,3.3921762e-07
0,0,5.7774486e-07
0,0,9.4658395e-07
0,0,3.0948684e-07
0,0,5.575051e-07
0,0,3.7462733e-06
0,0,3.2690787e-07
0,0,3.6175774e-07
0,0,5.18504e-07
1,1,0.9998814
0,0,3.4429937e-07
1,1,0.99998975
0,0,1.0178088e-06
1,0,0.012215979
0,0,5.9607595e-07
0,0,3.9575514e-07
0,0,4.2576238e-07
0,0,3.64634e-07
0,0,2.970312e-07
0,0,5.8157195e-07
0,0,4.196167e-07
0,0,3.1924463e-07
0,0,3.3243202e-07
1,0,0.005356409
0,0,5.1004145e-07
0,0,2.9942245e-07
0,0,8.7408904e-07
0,0,6.3606205e-07
0,0,3.537047e-07
1,1,0.99998283
0,0,3.7514036e-07
0,0,4.3757913e-07
0,0,3.5843354e-07
0,0,4.1220486e-07
0,0,2.7886176e-06
0,0,4.1153672e-07
0,0,2.7828446e-06
0,0,3.937839e-07
0,0,4.5514656e-07
0,0,3.1695876e-07
0,0,3.2164482e-07
0,0,3.4570471e-06
0,0,4.422645e-07
0,0,3.1646525e-07
0,0,3.9573325e-07
0,0,1.0088835e-06
1,1,0.99998033
0,0,3.1634212e-07
0,0,5.923144e-07
1,0,0.0046958886
1,1,0.99995446
0,0,4.1950665e-07
0,0,5.686652e-07
0,0,4.3990133e-07
0,0,3.0328323e-07
0,0,3.5882823e-07
0,0,1.2370848e-06
0,0,3.142868e-07
0,0,3.0121765e-07
0,0,1.681897e-06
0,0,3.0290283e-07
0,0,3.5078955e-07
0,0,3.6713377e-07
0,0,8.8487e-07
0,0,5.119791e-07
0,0,7.495957e-07
0,0,4.5617384e-07
0,0,5.8580804e-07
0,0,3.4482184e-07
0,0,3.4084422e-07
0,0,5.1499666e-07
0,0,3.99368e-07
0,0,5.984774e-07
0,0,2.943562e-07
0,0,3.313565e-07
0,0,4.1691467e-07
0,0,1.0185138e-06
0,0,3.8777128e-07
0,0,3.654312e-07
0,0,3.9740564e-07
0,0,4.640111e-07
0,0,4.4011367e-07
0,0,3.7303724e-07
0,0,1.6612579e-06
0,0,4.6877025e-07
0,0,4.992442e-07
1,1,0.99999094
0,0,4.552008e-07
0,0,8.7970375e-07
0,0,4.5862973e-07
1,1,0.99993455
0,0,3.278373e-07
0,0,5.508975e-07
0,0,1.3002884e-06
0,0,5.960373e-07
0,0,3.2992995e-07
0,0,3.3818915e-07
0,0,4.2640968e-07
0,0,3.4230882e-07
0,0,2.84418e-07
0,0,4.3890734e-07
0,0,4.804098e-07
0,0,6.991612e-07
0,0,5.0936484e-07
0,0,0.0010244923
0,0,3.3981763e-07
0,0,3.5895383e-07
0,0,4.4290186e-07
0,0,4.5444693e-07
0,0,2.9428677e-06
0,0,8.408229e-07
0,0,2.166324e-06
0,0,5.6261115e-07
0,0,3.385367e-07
0,0,5.862305e-07
0,0,3.0603437e-07
0,0,3.5112691e-07
0,0,4.5619385e-07
0,0,4.881222e-07
0,0,4.0087218e-07
0,0,8.835866e-07
0,0,3.758501e-07
0,0,3.1867702e-07
0,0,6.310423e-07
0,0,5.3644106e-07
0,0,5.051571e-07
0,0,2.9532967e-07
0,0,1.2574075e-06
0,0,3.8202967e-07
0,0,1.1099866e-06
0,0,6.039461e-07
0,0,3.9142057e-07
0,0,1.1405388e-06
0,0,2.318008e-06
0,0,3.264689e-07
0,0,3.1429312e-07
1,1,0.99964464
0,0,9.637957e-07
0,0,3.4267234e-07
0,0,2.8933533e-07
0,0,3.180452e-07
0,0,2.953246e-07
0,0,4.8557877e-07
0,0,8.7546385e-07
0,0,7.5930006e-07
0,0,1.1832129e-06
0,0,4.1271977e-07
0,0,7.5994046e-07
0,0,5.599535e-07
0,0,3.0419886e-07
1,0,0.00018478968
0,0,6.5515593e-07
0,0,3.096297e-07
0,0,3.9266823e-07
0,0,3.9802768e-07
0,0,5.299012e-07
0,0,3.1387464e-07
0,0,4.8614316e-07
0,0,5.092162e-07
0,0,5.8895955e-07
0,0,4.7733624e-07
0,0,4.2720134e-07
0,0,4.831044e-07
0,0,9.179114e-07
0,0,5.6913285e-07
0,0,1.8958066e-06
0,0,1.1263496e-06
0,0,4.689661e-07
0,0,3.8421754e-07
0,0,4.2404264e-07
0,0,5.5114504e-07
0,0,4.6707453e-07
0,0,8.068274e-07
0,0,5.6633854e-07
0,0,9.4849065e-07
0,0,7.6305236e-07
0,0,7.316359e-07
0,0,3.755685e-07
0,0,3.1309435e-07
0,0,4.210357e-07
1,1,0.99996483
0,0,6.385442e-07
0,0,5.090414e-07
1,1,0.99998844
0,0,2.859121e-07
0,0,2.8117037e-07
0,0,3.2161475e-07
0,0,3.562209e-07
0,0,9.74321e-07
0,0,1.0128283e-06
0,0,4.0319296e-07
0,0,3.3434446e-07
0,0,5.8902583e-07
1,0,8.443779e-07
0,0,5.058176e-07
1,1,0.9999689
0,0,3.0223688e-07
0,0,2.8850678e-07
0,0,8.6529906e-07
0,0,7.3965543e-07
0,0,3.9800187e-07
0,0,3.211403e-07
0,0,2.885522e-07
0,0,9.62328e-07
0,0,4.069222e-07
0,0,3.6512813e-07
0,0,2.891268e-07
0,0,3.682513e-07
0,0,3.8654989e-07
0,0,4.579754e-07
0,0,5.489099e-07
0,0,4.2777782e-07
0,0,3.902919e-07
0,0,1.1628199e-06
0,0,5.4586855e-07
1,1,0.9999913
0,0,4.9908425e-07
0,0,5.691486e-07
0,0,6.4594974e-07
0,0,3.9221126e-07
0,0,3.507387e-07
0,0,7.669702e-07
0,0,4.796901e-07
0,0,3.737206e-07
0,0,2.8717022e-07
0,0,3.786921e-07
0,0,5.8902134e-07
0,0,1.0138418e-06
1,0,9.522785e-05
0,0,2.8739433e-07
0,0,3.4660619e-07
0,0,4.300447e-07
0,0,5.012135e-07
0,0,2.1673904e-06
0,0,6.598204e-07
0,0,3.2098782e-07
0,0,7.2707644e-07
0,0,4.589837e-07
0,0,4.8638896e-07
0,0,5.742233e-07
0,0,3.1233776e-07
0,0,3.8627977e-07
0,0,4.583254e-07
0,0,6.6331e-07
0,0,3.6323252e-07
0,0,2.7428328e-07
0,0,5.1815596e-07
0,0,8.790263e-06
1,0,8.267702e-07
1,1,0.9999895
0,0,4.8122877e-07
0,0,3.349799e-07
0,0,3.83477e-06
0,0,4.3848897e-07
0,0,3.8216817e-07
0,0,3.2017977e-07
0,0,4.1291702e-07
0,0,3.6158804e-07
0,0,4.5822136e-07
0,0,2.9866158e-07
0,0,3.3647126e-07
1,1,0.999984
0,0,4.2648287e-07
0,0,2.323098e-06
0,0,3.0136735e-07
0,0,8.4828923e-07
0,1,0.9972752
0,0,4.7150658e-07
0,0,4.0980826e-06
0,0,1.3735615e-06
0,0,4.0320563e-07
0,0,4.2948733e-07
0,0,6.070064e-07
0,0,4.107862e-07
0,0,3.8995705e-07
0,0,9.198525e-07
0,0,4.2682672e-07
0,0,4.95871e-07
0,0,4.410868e-07
0,0,4.298471e-07
0,0,4.5620908e-07
0,0,5.6964603e-07
1,0,0.007254967
0,0,8.68815e-07
0,0,5.33934e-07
1,1,0.9999906
0,0,0.00025888463
0,0,4.819167e-07
0,0,5.425532e-07
0,0,9.555379e-07
0,0,4.7070193e-07
0,0,5.0393777e-07
0,0,2.948712e-07
0,0,6.751037e-07
0,0,3.6468512e-07
0,0,4.309611e-07
1,0,0.00031288774
0,0,3.677056e-07
0,0,4.1648627e-07
0,0,6.0108346e-07
0,0,3.708526e-07
1,1,0.9999913
0,0,4.188015e-07
0,0,5.424663e-07
0,0,5.005715e-07
0,0,3.889023e-07
0,0,3.2086876e-07
1,1,0.9999912
1,1,0.99414957
0,0,4.6779667e-07
0,0,3.9052944e-07
0,0,3.591113e-07
0,0,5.9813567e-07
0,0,3.8762784e-07
0,0,3.8982614e-07
0,0,3.8992806e-07
0,0,5.640983e-07
0,0,3.3405314e-07
0,0,4.927235e-07
1,1,0.9999908
1,1,0.9999896
0,0,3.718648e-07
0,0,3.6622282e-07
0,0,3.011628e-07
0,0,4.660107e-07
0,0,4.4547613e-07
0,0,4.6278694e-07
0,0,3.9488905e-06
0,0,4.212598e-07
0,0,4.6910833e-07
0,0,5.0616643e-07
0,0,3.6576907e-07
0,0,4.257173e-07
0,0,1.8147733e-06
0,0,6.00546e-07
0,0,5.7826634e-07
0,0,3.318916e-07
0,0,4.5044752e-07
0,0,6.457829e-07
0,0,9.536475e-06
0,0,4.2796307e-07
0,0,6.750651e-07
0,0,6.0005476e-07
0,0,3.429087e-07
0,0,3.1738134e-07
0,0,3.2555016e-07
0,0,4.6232643e-07
0,0,5.577731e-07
0,0,6.458235e-07
1,0,3.643368e-07
0,0,6.576549e-07
1,1,0.9999933
0,0,3.4571121e-07
0,0,3.4868427e-07
0,0,7.7480416e-07
0,0,5.7380123e-07
0,0,4.8458924e-07
0,0,3.8475582e-07
0,0,3.2639045e-07
0,0,3.7159322e-07
0,0,3.7669844e-07
0,0,9.46472e-07
0,0,4.007927e-07
0,0,4.3440744e-07
0,0,5.871179e-07
0,0,1.0518175e-06
0,0,3.965368e-07
0,0,3.7121282e-07
0,0,2.6858136e-06
0,0,3.5169597e-07
0,0,5.4503937e-07
0,0,5.5986806e-07
0,0,9.607444e-07
0,0,1.5650536e-06
0,0,4.085464e-07
0,0,1.0145411e-06
0,0,3.5956057e-07
0,0,3.3089734e-07
0,0,4.320953e-07
0,0,3.330089e-07
0,0,3.2951553e-07
0,0,1.1954501e-05
0,0,4.410002e-07
0,0,5.796185e-07
0,0,9.588725e-07
1,1,0.99979216
0,0,1.1249733e-06
0,0,4.1147396e-07
0,0,4.3648546e-07
0,0,4.7316018e-07
0,0,3.1473283e-07
0,0,3.036699e-07
0,0,7.746822e-07
0,0,3.172403e-07
0,0,4.5138754e-07
0,0,4.007923e-07
1,0,2.744598e-05
0,0,3.438649e-07
1,1,0.9999889
0,0,3.9541032e-07
0,0,4.9644586e-07
0,0,3.6717086e-07
0,0,5.102107e-07
0,0,4.0799586e-07
1,0,2.248519e-06
0,0,2.8912294e-07
0,0,5.1046095e-07
0,0,3.7474203e-07
0,0,3.2898237e-07
0,0,4.6457077e-07
1,1,0.9999846
0,0,6.081694e-07
0,0,4.940814e-07
0,0,2.801602e-07
1,0,0.0035787565
0,0,4.992504e-07
0,0,3.1295227e-07
0,0,4.2207213e-07
0,0,6.553103e-05
0,0,3.9775142e-07
0,0,3.122761e-07
0,0,0.00011825566
0,0,3.655811e-07
0,0,4.902608e-07
0,0,3.798934e-07
0,0,3.8512732e-07
0,0,3.1107643e-07
0,0,3.0211498e-07
0,0,8.208284e-07
0,0,4.424974e-07
0,0,1.4841801e-06
0,0,5.334383e-07
0,0,5.4281713e-07
0,0,2.8328105e-07
0,0,1.0649063e-06
0,0,3.883049e-07
0,0,3.0859795e-07
0,0,4.505824e-07
1,0,1.8161609e-05
1,1,0.9999908
0,0,5.175974e-07
0,0,3.7358376e-07
0,0,2.818789e-07
1,1,0.99998534
0,0,4.2015807e-07
0,0,3.1878096e-07
0,0,3.6068158e-07
1,0,0.00012183768
0,0,1.1156249e-06
0,0,5.1423103e-07
0,0,3.049823e-07
0,0,3.971158e-07
0,0,1.046863e-06
0,0,4.906958e-07
0,0,6.012439e-07
0,0,2.9324443e-07
0,0,4.4013382e-07
0,0,4.222694e-07
0,0,3.0020186e-07
0,0,3.6196445e-07
0,0,2.9013222e-07
0,0,3.085691e-07
0,0,6.1540993e-07
0,0,3.1963458e-07
0,0,4.0212103e-06
0,0,4.46995e-07
1,1,0.9999906
0,0,6.454996e-07
0,0,4.9113214e-07
0,0,4.943746e-07
0,0,3.3970065e-07
0,0,5.123469e-07
0,0,3.2506495e-07
0,0,3.2971042e-07
0,0,3.6117413e-07
0,0,5.264558e-07
0,0,5.9895706e-07
0,0,4.2727143e-07
0,0,7.320931e-07
0,0,5.640961e-07
0,0,3.618409e-07
0,0,4.02635e-07
0,0,2.9511682e-07
0,0,2.8985895e-07
0,0,6.732573e-06
1,1,0.9999783
0,0,9.3437177e-07
0,0,4.7601978e-07
0,0,3.5675163e-07
0,0,4.777092e-07
1,1,0.98302335
0,0,4.0715588e-07
0,0,4.19828e-07
0,0,3.799173e-07
0,0,4.4291116e-07
0,0,1.1037871e-06
0,0,5.13738e-07
0,0,3.7143803e-07
1,0,0.0024182724
0,0,6.4299536e-07
0,0,8.55302e-07
0,0,6.804206e-07
0,0,3.8329455e-07
0,0,1.4341853e-06
0,0,6.6793245e-07
0,0,5.4018136e-07
0,0,3.3182008e-07
0,0,8.2891444e-07
0,0,3.5411617e-06
0,0,3.5636089e-07
0,0,2.4126166e-06
0,0,3.2998346e-07
0,0,7.2899275e-07
0,0,4.0030486e-07
0,0,9.246634e-07
0,0,3.3481828e-07
0,0,3.293333e-07
0,0,3.8846343e-07
0,0,2.2427676e-05
0,0,1.2479068e-06
0,0,5.278031e-07
0,0,5.8077103e-07
0,0,4.3546186e-07
0,0,8.0023034e-07
0,0,1.0064618e-06
0,0,3.229748e-07
0,0,1.1150973e-06
0,0,1.4169048e-06
0,0,5.884582e-07
0,0,4.5305268e-07
0,0,3.452753e-07
0,0,1.4875213e-06
0,0,3.6948606e-07
0,0,3.1255885e-07
0,0,2.518749e-05
0,0,1.3448586e-06
0,0,3.5135068e-07
0,0,4.0545717e-07
0,0,5.155633e-07
0,0,3.740429e-07
0,0,3.6021717e-07
0,0,9.5052627e-07
0,0,4.5243308e-07
0,0,4.3128426e-07
0,0,1.5900604e-06
0,0,3.990112e-06
0,0,3.381421e-07
0,0,3.5113564e-07
0,0,9.385547e-05
0,0,3.204229e-07
0,0,4.4595564e-07
0,0,8.621726e-06
0,0,2.9262924e-07
0,0,6.4132473e-07
0,0,2.1234514e-06
0,0,3.3684694e-07
0,0,3.7301626e-07
0,0,4.2474647e-07
0,0,1.4920691e-06
0,0,5.6376484e-07
0,0,4.1917832e-07
0,0,3.680824e-07
0,0,6.405056e-07
0,0,3.3094466e-07
0,0,7.3510205e-07
1,1,0.9999838
0,0,4.3079962e-07
0,0,4.680091e-07
0,0,5.1258735e-07
0,0,3.427707e-07
0,0,3.9495356e-07
1,0,0.012039569
0,0,3.284651e-07
1,0,5.6637094e-07
0,0,7.238903e-05
0,0,3.1840239e-07
0,0,3.9012963e-07
0,0,4.7503474e-07
0,0,4.2122684e-07
0,0,3.129418e-07
0,0,4.1973993e-07
0,0,4.2463265e-07
0,0,7.10269e-07
0,0,4.2295237e-06
0,0,3.2967648e-07
0,0,8.0049216e-07
0,0,3.6468754e-07
0,0,3.7988323e-07
0,0,2.7619997e-06
0,0,3.2694933e-07
0,0,2.5812574e-07
0,0,4.0290004e-07
0,0,1.2491807e-06
0,0,6.974138e-07
1,0,1.3541184e-06
0,0,1.1207179e-06
1,1,0.9982849
0,0,3.4553224e-07
0,0,3.248753e-07
0,0,4.7167973e-07
0,0,3.2973873e-07
0,0,4.9637106e-07
0,0,5.9981846e-07
0,0,4.982136e-07
0,0,5.195568e-07
0,0,3.2698924e-07
0,0,1.537515e-05
0,0,3.518966e-07
0,0,4.290992e-07
0,0,6.692664e-07
0,0,5.3764353e-07
0,0,3.407701e-07
0,0,4.3440167e-07
0,0,3.7691402e-07
0,0,2.8591595e-07
0,0,3.3501183e-07
1,1,0.9999709
1,1,0.9999759
0,0,3.8254225e-07
0,0,2.969315e-07
0,0,1.2505944e-06
0,0,1.2384718e-06
0,0,3.8055046e-07
0,0,3.7772872e-07
0,0,5.6356646e-07
0,0,2.7161624e-07
0,0,5.749444e-07
0,0,1.4881017e-06
0,0,9.071612e-06
0,0,3.0658592e-07
0,0,3.4591469e-07
0,0,3.19931e-07
0,0,9.3816124e-07
1,0,7.2314724e-05
0,0,3.3187706e-07
0,0,5.0171803e-07
0,0,3.92037e-07
0,0,0.0005405536
0,0,4.31802e-07
1,1,0.99999094
0,0,3.6247815e-07
0,0,3.2256514e-07
0,0,4.1759307e-07
0,0,2.5178992e-06
0,0,4.2497257e-07
0,0,3.0268563e-06
0,0,5.195043e-07
0,0,5.0458704e-07
0,0,3.913743e-07
0,0,4.0296155e-07
0,0,2.8189396e-07
0,0,3.9112282e-07
0,0,5.849383e-07
0,0,2.9785667e-07
0,0,3.279058e-07
0,0,3.5801196e-07
0,0,4.514177e-07
0,0,4.0867306e-07
0,0,7.232507e-07
0,0,3.2853777e-07
0,0,6.267935e-07
0,0,2.796189e-07
0,0,4.8293714e-07
0,0,3.4341662e-07
0,0,1.0302132e-06
0,0,4.4424965e-07
0,0,5.2549274e-07
0,0,3.5918976e-07
0,0,6.90178e-07
0,0,3.1616386e-07
1,1,0.99999213
0,0,3.9005303e-07
0,0,4.831218e-07
0,0,3.703232e-07
0,0,3.67236e-07
0,0,3.2127693e-07
1,1,0.9999901
0,0,4.5765015e-07
0,0,3.5479593e-07
0,0,5.42666e-07
0,0,3.5550414e-07
0,0,6.276106e-07
1,0,0.0010021481
0,0,0.00409518
0,0,5.52341e-07
0,0,2.8071545e-07
0,0,3.3564407e-07
0,0,6.4533776e-07
0,0,1.2451274e-06
0,0,5.027023e-07
0,0,5.929666e-07
0,0,3.923961e-07
0,0,5.0070133e-07
0,0,1.2673092e-06
1,0,1.1636159e-05
0,0,3.5480846e-07
0,0,3.0187325e-06
0,0,2.9705754e-07
0,0,3.1112955e-07
0,0,3.38046e-07
0,0,6.7997695e-07
0,0,3.9535038e-07
0,0,4.1435763e-07
0,0,2.8415744e-07
0,0,8.462586e-07
0,0,8.3223887e-07
0,0,4.92785e-07
0,0,3.9112058e-07
0,0,6.9023463e-07
1,1,0.9999887
0,0,3.0935993e-07
0,0,3.2411617e-07
0,0,3.1770898e-07
0,0,2.993391e-07
0,0,5.872377e-07
0,0,3.489221e-07
0,0,6.245952e-07
0,0,6.6335804e-07
0,0,9.280859e-07
0,0,3.7088586e-07
0,0,3.0384894e-07
0,0,4.1745173e-07
0,0,4.0198813e-07
1,0,2.6358648e-05
1,0,5.7118377e-05
0,0,3.357078e-07
0,0,2.9583452e-07
0,0,3.6912857e-07
1,1,0.9999738
1,0,0.0012120508
0,0,0.010656667
0,0,6.244189e-07
0,0,3.6884353e-07
0,0,3.2140503e-07
0,0,4.2069857e-07
0,0,3.5291527e-07
0,0,4.8095166e-07
1,1,0.99999404
0,0,6.255466e-07
0,0,4.9577164e-07
0,0,4.040633e-07
0,0,3.20911e-07
0,0,3.3076861e-07
0,0,2.8323832e-06
0,0,1.0012232e-06
0,0,5.4149194e-07
0,0,4.3973816e-07
0,0,3.457188e-07
0,0,3.3056176e-07
0,0,4.9999227e-07
0,0,3.1330435e-07
0,0,4.509547e-07
0,0,5.075426e-07
0,0,9.4100176e-07
0,0,4.2458325e-07
0,0,5.3587047e-07
0,0,1.0620727e-06
0,0,3.5919592e-07
0,0,3.643309e-07
0,0,2.1546912e-06
0,0,4.759235e-07
0,0,2.9422654e-07
0,0,3.7406255e-07
0,0,3.0642545e-07
0,0,1.2849802e-06
0,0,1.0641409e-06
0,0,3.3437857e-07
0,0,3.1052338e-07
0,0,9.387188e-07
0,0,1.9775764e-06
0,0,3.5925143e-07
0,0,4.456695e-07
0,0,6.42999e-07
0,0,5.8420125e-07
0,0,4.212968e-07
0,0,3.1367327e-07
0,0,4.2409036e-07
1,1,0.9999933
0,0,7.335607e-07
0,0,4.0357688e-07
0,0,0.06322871
0,0,6.2414506e-07
0,0,3.6362556e-07
1,0,0.0001266765
0,0,3.2894505e-07
0,0,5.3371457e-07
0,0,5.579396e-07
0,0,3.2523397e-07
0,0,2.6022863e-06
0,0,4.732658e-07
0,0,5.376271e-07
0,0,3.6321657e-07
0,0,3.0306987e-07
0,0,3.0574878e-07
1,0,0.025298176
0,0,5.8125147e-07
0,0,4.946792e-07
1,0,0.09297497
1,1,0.9999734
0,0,3.8000826e-07
0,0,3.3265465e-07
1,0,6.40041e-07
0,0,3.885783e-07
0,0,3.525106e-07
0,0,3.440194e-07
0,0,3.9034327e-07
0,0,2.9937848e-07
0,0,9.279541e-07
0,0,7.8448534e-07
1,1,0.99998784
0,0,2.3469918e-06
0,0,1.6369787e-06
0,0,3.5335475e-07
0,0,6.9797943e-07
0,0,7.221824e-07
0,0,3.4791697e-07
1,1,0.99998224
0,0,5.081877e-07
0,0,3.3158219e-07
0,0,5.501541e-07
0,0,3.8684195e-07
0,0,3.3135208e-07
0,0,8.0057225e-07
0,0,7.4286345e-07
0,0,3.9472954e-07
0,0,3.3025233e-07
0,0,5.151224e-07
0,0,4.0240778e-07
0,0,5.4738246e-07
0,0,3.6824815e-07
0,0,3.868545e-07
0,0,6.9802735e-07
0,0,3.4920805e-07
0,0,4.872469e-07
0,0,4.1239636e-07
0,0,1.5095809e-06
0,0,1.5461284e-06
0,0,3.037058e-07
0,0,3.1255735e-07
0,0,2.4749863e-06
0,0,3.9069636e-07
0,0,3.1914905e-07
0,0,1.0234768e-06
0,0,6.4687265e-07
0,0,7.8107684e-07
0,0,5.993959e-07
0,0,4.045827e-07
0,0,3.4510674e-07
0,0,3.5981031e-07
0,0,3.7781808e-07
0,0,2.954945e-07
1,1,0.9991586
0,0,6.060983e-07
0,0,1.1471024e-06
0,0,5.7989934e-07
0,0,3.4031936e-07
1,1,0.9998895
0,0,7.4306183e-07
0,0,3.8540986e-07
0,0,3.8862868e-07
0,0,1.2896182e-06
0,0,4.066854e-06
0,0,2.6364185e-07
0,0,3.5843215e-07
0,0,3.3835758e-07
0,0,2.8957052e-07
0,0,2.8709906e-07
0,0,2.934145e-07
0,0,4.0446616e-07
0,0,3.308298e-07
0,0,1.2335211e-06
0,0,3.9403332e-07
0,0,4.259496e-07
0,0,2.9093684e-07
0,0,9.790863e-07
0,0,3.8661e-07
0,0,3.4646905e-07
1,1,0.9999869
0,0,5.5910505e-07
0,0,6.636713e-07
0,0,4.2832318e-07
0,0,3.3266355e-07
0,0,2.974459e-07
0,0,4.6287877e-07
0,0,4.4020348e-07
0,0,3.160228e-07
0,0,3.055879e-07
1,1,0.9998086
0,0,3.1577878e-07
0,0,4.239844e-07
1,1,0.99994874
0,0,4.7933065e-07
0,0,3.7085684e-07
0,0,3.5483316e-07
0,0,3.6247224e-07
0,0,4.917048e-07
0,0,3.1225227e-07
0,0,4.4731777e-07
0,0,3.1479556e-07
0,0,2.8500503e-07
0,0,6.801456e-07
0,0,3.7266392e-07
0,0,2.0977939e-06
0,0,2.0638042e-06
0,0,3.3630317e-07
0,0,6.858861e-07
0,0,5.637079e-07
0,0,4.105896e-07
0,0,4.2065764e-07
0,0,1.6435471e-06
0,0,7.532245e-07
0,0,3.906971e-07
0,0,4.358158e-07
0,0,2.7236325e-07
0,0,3.4408874e-06
0,0,4.3980316e-07
0,0,3.3319122e-07
0,0,3.1102869e-07
0,0,2.899546e-07
0,0,7.6249296e-07
0,0,3.3599093e-07
0,0,7.54018e-07
0,0,3.4821204e-07
0,0,6.390456e-07
0,0,2.3496973e-06
0,0,4.169783e-07
0,0,3.1526122e-07
1,0,8.485421e-06
0,0,5.225881e-07
0,0,4.7070193e-07
0,0,4.7165724e-07
1,1,0.9999906
0,0,4.6265546e-07
0,0,3.1856277e-07
0,0,4.5823012e-07
0,0,4.498465e-07
0,0,5.8673e-07
0,0,5.568016e-07
0,0,4.7058884e-07
0,0,1.973044e-06
1,1,0.99998426
0,0,5.713299e-07
1,1,0.99973005
0,0,3.5505388e-07
0,0,7.316757e-07
0,0,5.332857e-07
0,0,3.2633753e-07
1,0,1.1378845e-06
0,0,4.327477e-07
0,0,3.1357277e-07
0,0,4.5673363e-07
0,0,3.0842818e-07
0,0,3.499038e-07
0,0,3.6407593e-07
0,0,3.119811e-07
0,0,3.2548158e-07
0,0,5.394205e-07
0,0,4.1487047e-07
0,0,5.5846664e-07
0,0,4.208053e-07
0,0,3.266296e-07
0,0,4.7152955e-07
0,0,7.0085423e-07
0,0,2.9993802e-07
0,0,3.4388265e-07
0,0,3.6882454e-07
0,0,3.6970565e-07
1,0,2.9162538e-05
0,0,3.7932466e-07
0,0,3.1079503e-07
0,0,6.517379e-07
0,0,1.5407632e-06
0,0,4.2289165e-07
0,0,3.2448298e-07
0,0,3.4841214e-06
1,0,1.4344862e-06
0,0,2.8921448e-07
0,0,1.322773e-06
0,0,4.4205623e-07
0,0,3.8705303e-07
1,1,0.9999831
0,0,3.7994337e-07
0,0,1.3482771e-06
0,0,5.7836945e-07
0,0,3.3524773e-07
0,0,3.7686374e-07
0,0,5.140163e-07
0,0,4.876383e-07
1,1,0.9999937
0,0,4.5308724e-07
0,0,1.1504295e-06
0,0,4.5337035e-07
0,0,4.749197e-07
0,0,5.9858473e-07
1,0,8.908088e-06
1,1,0.99997866
0,0,5.570783e-07
0,0,5.236837e-07
0,0,3.3647962e-07
0,0,4.989815e-07
0,0,6.8515783e-07
0,0,3.1795818e-07
0,0,6.2941115e-07
0,0,4.7365862e-07
0,0,6.541889e-07
0,0,5.025537e-07
0,0,3.548132e-07
0,0,4.5056782e-07
1,1,0.99997234
0,0,4.858669e-07
0,0,3.0133316e-07
0,0,5.9141473e-07
0,0,3.5196942e-07
0,0,3.8758273e-07
0,0,5.7952064e-07
0,0,4.631861e-07
0,0,6.863265e-07
1,0,9.31141e-07
0,0,5.8362434e-07
0,0,3.8147994e-07
0,0,5.43671e-07
0,0,3.5966868e-06
0,0,3.1213108e-07
0,0,5.118766e-07
1,0,2.3355657e-05
0,0,5.306319e-07
0,0,2.9385245e-07
0,0,5.005796e-07
0,0,3.284394e-07
0,0,6.4857255e-07
0,0,4.7254875e-06
0,0,4.3379143e-07
0,0,5.6300354e-07
0,0,5.388487e-07
0,0,3.341752e-07
0,0,3.3709566e-07
0,0,4.6374876e-07
0,0,1.1788404e-06
0,0,8.762022e-07
1,0,5.2130063e-06
0,0,3.3928558e-07
0,0,3.4600708e-07
0,0,2.2490851e-06
0,0,3.4683762e-07
0,0,3.1366636e-07
0,0,3.3096677e-07
0,0,4.3437927e-07
0,0,5.4588264e-07
0,0,3.6912928e-07
0,0,9.498249e-07
1,0,0.0022721791
1,1,0.99998903
0,0,2.749443e-07
0,0,4.478509e-07
0,0,5.104877e-07
0,0,3.7733628e-07
0,0,8.3704015e-07
0,0,3.796739e-07
0,0,5.20515e-07
0,0,3.5788153e-07
0,0,1.3200157e-06
0,0,8.358516e-07
1,1,0.9999896
0,0,3.167935e-07
0,0,3.4695475e-07
0,0,1.2020267e-06
0,0,2.9921065e-07
1,0,1.1749929e-06
0,1,0.99998415
0,0,4.873408e-07
0,0,5.7663897e-07
0,0,3.1510612e-07
1,1,0.9998155
0,0,3.402674e-07
0,0,3.2524204e-07
0,0,4.2311757e-07
0,0,5.957327e-07
0,0,2.4990482e-06
0,0,3.5381876e-07
0,0,6.5643366e-07
0,0,4.4926347e-07
0,0,3.030294e-07
0,0,3.4049077e-07
0,0,3.505013e-07
0,0,6.3916565e-07
0,0,3.5628037e-07
0,0,3.359922e-07
0,0,3.1016404e-07
0,0,2.9746548e-07
0,0,3.9314375e-07
0,0,6.9821374e-07
0,0,4.3392302e-07
0,0,3.7571752e-07
0,0,3.623157e-07
0,0,6.548212e-07
0,0,3.8005828e-07
0,0,4.4829534e-07
0,0,9.3300235e-07
0,0,5.362053e-07
0,0,4.331135e-07
0,0,3.105506e-07
0,0,3.0012257e-07
0,0,2.99185e-07
0,0,5.48371e-07
0,0,1.0636975e-06
0,0,5.1085834e-07
0,0,6.0780815e-07
0,0,3.1049373e-07
0,0,1.4323482e-06
0,0,7.441607e-06
0,0,2.6741134e-07
0,0,3.1258298e-07
0,0,2.902955e-07
0,0,1.1539798e-06
0,0,4.6614494e-07
1,1,0.9997327
0,0,4.4787313e-07
0,0,3.4350572e-07
0,0,5.2839636e-07
0,0,5.7864804e-07
0,0,3.1074407e-07
0,0,3.0457946e-07
0,0,3.6525105e-07
0,0,2.8331456e-07
0,0,3.8517433e-07
0,0,1.4986933e-06
0,0,4.662663e-07
0,0,4.7164374e-07
0,0,3.4241134e-07
0,0,5.702102e-07
1,1,0.9998827
0,0,3.7257576e-07
0,0,3.2709093e-07
0,0,5.542126e-07
0,0,3.0609715e-07
0,0,2.7807067e-07
0,0,6.1372486e-07
0,0,4.1386042e-07
0,0,3.790502e-07
0,0,1.0510383e-06
0,0,1.9337242e-05
0,0,2.3716789e-06
0,0,3.153346e-07
0,0,3.9323558e-07
0,0,6.4377394e-07
0,0,4.1564113e-07
0,0,7.938946e-07
0,0,3.7599315e-07
1,0,0.4838311
0,0,6.010972e-07
0,0,3.3586964e-06
0,0,8.021001e-06
0,0,3.6381425e-07
0,0,3.0254975e-07
0,0,1.3083138e-06
0,0,5.5949977e-07
0,0,6.648946e-07
0,0,4.103113e-07
0,0,3.058573e-07
0,0,4.6088206e-07
0,0,3.9290086e-07
0,0,4.104921e-07
0,0,8.1777654e-07
0,0,3.1950108e-07
0,0,1.7168188e-06
0,0,6.0098023e-07
1,0,9.683923e-07
0,0,5.123572e-07
1,0,5.417415e-07
0,0,3.8778975e-07
0,0,3.6439414e-07
0,0,4.434217e-07
0,0,3.3595055e-07
0,0,5.353515e-07
0,0,1.1957407e-06
0,0,7.1663266e-07
0,0,4.460488e-07
0,0,4.1392434e-07
0,0,3.8155417e-07
0,0,8.4830776e-07
0,0,2.7111184e-07
0,0,4.1985487e-07
0,0,4.3866297e-07
0,0,1.0570324e-06
0,0,3.90785e-07
1,1,0.99996936
0,0,3.528954e-07
0,0,5.877582e-07
0,0,1.9793933e-05
0,0,2.841992e-07
0,0,4.7684216e-07
0,0,3.3807692e-07
0,0,6.6706286e-07
0,0,2.7791188e-07
0,0,3.549462e-07
0,0,4.967888e-07
0,0,3.152342e-07
0,0,4.979561e-07
0,0,7.8394834e-07
0,0,3.3325512e-07
0,0,7.2856943e-07
0,0,3.343314e-07
1,0,4.925195e-06
0,0,4.257303e-07
0,0,4.1603016e-07
0,0,4.556121e-07
1,1,0.9999912
0,0,4.800063e-07
0,0,4.6907886e-07
0,0,1.7529335e-06
0,0,4.0104274e-07
0,0,3.0227952e-07
0,0,4.7252843e-07
0,0,3.2340847e-07
0,0,3.9178434e-07
0,0,5.893703e-07
0,0,1.9969202e-06
0,0,3.2278265e-07
0,0,1.2224775e-06
0,0,1.8379401e-06
0,0,2.009029e-06
0,0,3.5258995e-07
0,0,4.092452e-07
1,1,0.9999814
0,0,4.894218e-07
0,0,4.097896e-07
0,0,3.5112691e-07
0,0,3.697416e-07
0,0,3.4436934e-07
0,0,8.413683e-07
0,0,4.2418037e-06
0,0,4.230639e-07
0,0,2.7894293e-07
1,1,0.99998856
0,0,4.243873e-07
0,0,5.285627e-07
0,0,3.1102633e-07
0,0,1.2995371e-06
1,1,0.9999896
0,0,1.4019074e-06
0,0,3.6973313e-07
0,0,3.8653255e-07
0,0,6.6246855e-07
0,0,3.7495082e-07
0,0,1.5053226e-06
0,0,3.0840732e-07
0,0,4.4633515e-07
0,0,2.760849e-07
1,1,0.9999895
0,0,4.7239507e-07
0,0,3.1732807e-07
1,1,0.99999225
0,0,4.3428068e-07
0,0,1.049536e-06
0,0,6.334046e-07
0,0,5.471288e-07
1,1,0.99998665
0,0,2.9850213e-07
0,0,3.7575336e-07
1,1,0.9999417
0,0,9.1827036e-07
0,0,3.688731e-07
0,0,3.1063473e-07
0,0,3.151362e-07
0,0,3.0027374e-07
0,0,5.3168907e-07
0,0,1.2830382e-06
0,0,5.9891477e-07
0,0,3.7507814e-07
0,0,4.2315304e-07
0,0,3.061024e-07
0,0,1.401227e-06
0,0,4.3776194e-07
0,0,3.3613003e-07
0,0,3.4679067e-07
0,0,3.0565928e-07
0,0,1.323477e-06
0,0,4.0999993e-07
0,0,3.28142e-07
0,0,3.1135247e-07
0,0,3.556934e-07
0,0,7.8363144e-07
0,0,1.2318025e-06
0,0,3.0065974e-07
1,1,0.9999906
0,0,4.1006288e-07
0,0,3.8402777e-07
0,0,3.2856346e-07
0,0,5.6651912e-05
0,0,3.273287e-07
0,0,3.1932652e-07
0,0,3.5227467e-07
0,0,1.7073683e-06
0,0,5.4423947e-07
0,0,1.1372467e-06
0,0,5.8800885e-07
0,0,1.3269108e-06
0,0,1.5554012e-06
0,0,3.992389e-07
0,0,3.3943058e-07
0,0,3.3969548e-07
0,0,3.647815e-07
0,0,6.695741e-07
0,0,2.635735e-06
0,0,3.7677353e-07
0,0,4.192159e-07
1,1,0.9999907
0,0,4.9875786e-07
0,0,8.217213e-07
1,1,0.9997507
0,0,4.491452e-07
0,0,5.5216407e-07
0,0,4.704614e-07
0,0,5.916054e-07
0,0,1.3043871e-06
0,0,2.8921892e-07
0,0,4.3617214e-07
0,0,4.5919123e-07
0,0,0.0001154263
1,0,0.0007660584
0,0,3.0635823e-07
0,0,7.2465156e-07
0,0,1.1388693e-06
0,0,4.3762256e-07
0,0,1.2713342e-06
0,0,4.3155254e-07
0,0,9.2882266e-07
0,0,2.9951613e-07
0,0,5.431403e-07
0,0,3.887751e-07
0,0,5.9451924e-07
0,0,3.181268e-07
0,0,3.4731625e-07
0,0,3.3113977e-07
0,0,3.5235027e-07
0,0,4.217631e-07
0,0,4.2413242e-07
0,0,4.949464e-07
0,0,4.1883308e-07
0,0,3.3363958e-07
0,0,3.1285916e-07
0,0,3.1351055e-07
0,0,6.2246875e-07
0,0,1.4724643e-06
0,0,4.1041577e-07
1,1,0.9999845
0,0,3.455283e-07
0,0,3.5550178e-07
0,0,3.5010441e-07
1,1,0.9998747
0,0,3.8718375e-07
0,0,3.9694882e-07
0,0,6.30049e-07
0,0,5.981756e-07
0,0,3.1338143e-07
0,0,3.516316e-07
0,0,4.9782363e-07
0,0,9.2219415e-07
0,0,3.3534045e-07
0,0,4.936199e-07
0,0,5.994291e-07
0,0,3.2380754e-07
0,0,3.0773273e-07
0,0,1.5551253e-06
0,0,4.3743142e-07
0,0,3.5595298e-07
0,0,3.1167332e-07
0,0,4.3854376e-07
0,0,2.8083272e-07
0,0,1.13169e-06
0,0,5.396664e-07
0,0,7.68219e-07
0,0,6.569691e-07
0,0,4.5014949e-07
0,0,3.7613054e-07
0,0,7.2730256e-07
0,0,6.337605e-07
0,0,2.8811004e-07
0,0,9.056865e-07
0,0,2.7881498e-07
0,0,4.695658e-07
0,0,7.737622e-07
1,0,0.0012919947
0,0,0.00039183107
0,0,4.4163946e-07
0,0,4.0550046e-07
0,0,3.1895553e-07
0,0,4.8696074e-07
0,0,9.2761695e-07
0,0,4.8994576e-07
1,1,0.9999871
0,0,5.1184924e-07
0,0,4.6544974e-07
1,1,0.9999726
0,0,4.01641e-07
1,1,0.9999875
0,0,4.1203157e-07
0,0,3.6306906e-07
0,0,5.7366174e-07
0,0,2.8714558e-07
0,0,4.015115e-07
0,0,3.8141226e-07
0,0,3.8648133e-07
0,0,6.581995e-07
0,0,3.791384e-07
1,1,0.9999751
0,0,1.6626021e-06
0,0,4.6006616e-07
0,0,5.4171306e-07
0,0,6.246059e-07
0,0,1.7900164e-06
0,0,3.2754045e-07
0,0,9.786195e-07
1,1,0.99991465
0,0,8.205169e-07
0,0,1.0676275e-06
1,0,3.705189e-07
0,0,3.93281e-07
0,0,6.294268e-07
0,0,3.8276963e-07
0,0,3.30546e-07
0,0,4.0769362e-07
0,0,2.2031684e-06
0,0,3.523291e-07
0,0,1.498019e-06
0,0,2.8182785e-07
0,0,1.1927236e-06
0,0,3.634945e-07
0,0,3.015295e-07
0,0,3.9086368e-07
1,1,0.999864
0,0,1.7080996e-06
0,0,4.2635682e-07
0,0,2.950943e-07
0,0,3.2084642e-07
1,1,0.99999154
1,0,5.7196453e-06
0,0,3.094151e-07
0,0,2.2021939e-06
0,0,1.1650822e-06
0,0,6.9180174e-07
0,0,5.785427e-07
0,0,5.3092145e-07
1,0,0.00933422
0,0,3.0481831e-07
0,0,3.0191882e-07
0,0,4.3599582e-07
0,0,3.2743208e-07
0,0,6.761991e-07
0,0,7.7564766e-07
0,0,3.4153956e-07
0,0,2.8937782e-07
0,0,4.8649467e-06
0,0,3.0192226e-07
1,1,0.9996666
0,0,3.7228133e-07
0,0,7.7100145e-07
0,0,1.2076524e-06
0,0,7.982996e-07
0,0,5.546266e-07
0,0,3.2232896e-07
0,0,3.6854044e-07
0,0,1.4329522e-06
0,0,6.7047637e-07
0,0,3.1513858e-07
0,0,3.157589e-07
0,0,6.074998e-07
0,0,6.9027544e-07
0,0,4.4581913e-07
0,0,3.1619825e-07
0,0,3.1654712e-05
0,0,4.2858102e-07
0,0,1.1952162e-06
0,0,3.0053988e-07
0,0,1.5646059e-06
1,0,5.923804e-06
0,0,7.1091887e-07
0,0,1.1082508e-06
0,0,4.2415263e-07
1,1,0.99999356
0,0,2.873505e-07
0,0,5.5275314e-07
0,0,3.6628464e-07
0,0,4.6779311e-07
0,0,3.3547096e-07
0,0,4.5158046e-07
0,0,2.9283527e-07
1,0,7.325589e-05
0,0,4.3365495e-07
0,0,3.2717517e-07
0,0,1.7968237e-06
0,0,6.876853e-07
0,0,3.225405e-07
0,0,4.4207647e-07
0,0,3.3837563e-07
0,0,7.166758e-07
0,0,5.6142557e-07
0,0,2.0523887e-06
0,0,5.6339616e-07
0,0,3.005548e-07
0,0,3.223242e-06
0,0,3.9601642e-07
0,0,4.836995e-07
0,0,4.5112932e-07
0,0,7.809159e-07
0,0,3.6911447e-07
0,0,3.1659383e-07
0,0,2.870566e-07
0,0,3.4679664e-07
1,0,0.005936306
0,0,3.9926175e-07
0,0,1.6366821e-06
0,0,4.0292656e-07
0,0,3.4193072e-06
1,1,0.99988365
0,0,3.478497e-06
1,1,0.9999671
0,0,3.1099665e-07
1,1,0.99998903
0,0,4.352588e-07
0,0,3.37286e-07
0,0,3.6078512e-07
0,0,4.9499687e-07
0,0,4.1939262e-07
0,0,3.7043196e-07
0,0,5.1905266e-07
0,0,4.8814826e-07
1,1,0.99998367
0,0,3.2945522e-07
0,0,8.958182e-06
0,0,5.2608544e-07
0,0,4.3702195e-07
0,0,7.455775e-07
0,0,3.5379782e-07
0,0,2.7547816e-07
0,0,4.213454e-07
0,0,4.478142e-07
0,0,5.3591594e-07
0,0,3.5832142e-07
0,0,8.239279e-07
1,1,0.98047906
0,0,3.8166223e-07
0,0,3.162857e-07
0,0,9.928377e-07
0,0,4.1944466e-07
1,0,5.697846e-06
0,0,2.9151093e-07
0,0,3.2125027e-07
1,0,7.2336385e-05
0,0,4.3748983e-07
0,0,4.747164e-07
0,0,5.3253757e-07
0,0,3.3878732e-07
0,0,3.6400095e-07
1,0,1.5779491e-05
0,0,6.2597746e-07
0,0,4.0776672e-07
1,0,2.69089e-06
0,0,3.3211006e-07
0,0,1.0352569e-06
0,0,2.872639e-07
0,0,5.739184e-07
1,0,0.071898535
0,0,3.8446314e-07
0,0,3.6552674e-06
0,0,3.126235e-07
0,0,5.6076203e-07
0,0,7.4473184e-07
0,0,2.0469156e-06
0,0,5.220944e-07
0,0,3.5573103e-07
0,0,6.73577e-07
0,0,2.6733892e-07
0,0,3.0322016e-07
0,0,3.6212433e-07
0,0,4.824566e-07
0,0,5.398188e-07
1,1,0.99998736
0,0,3.1291702e-07
0,0,4.395981e-07
0,0,4.200531e-07
0,0,3.4622865e-06
0,0,3.9299115e-07
0,0,3.173674e-07
0,0,3.6420445e-07
0,0,3.457343e-07
0,0,3.2960855e-07
0,0,5.225572e-07
0,0,5.509626e-07
0,0,6.895182e-07
0,0,3.4722223e-07
0,0,0.00025945195
0,0,3.2068795e-07
0,0,8.7412565e-07
0,0,3.153791e-07
0,0,3.51804e-07
0,0,3.8495878e-07
1,1,0.9999862
0,0,8.890825e-07
0,0,5.7037334e-07
0,0,3.257654e-07
0,0,3.9722528e-07
0,0,5.3353904e-07
0,0,7.4519926e-07
0,0,8.203385e-07
1,1,0.9999858
0,0,3.9957334e-07
0,0,1.0045632e-06
0,0,1.0847382e-06
0,0,3.8675566e-07
0,0,6.390273e-07
0,0,3.8094078e-07
1,1,0.9291178
0,0,3.858004e-07
0,0,2.8171357e-06
0,0,2.9039794e-07
0,0,6.935087e-07
0,0,5.34522e-07
1,1,0.9999851
0,0,8.990456e-06
0,0,3.7161024e-07
0,0,3.4458023e-07
0,0,3.335734e-07
0,0,4.2407498e-07
0,0,3.7126378e-07
0,0,4.3604447e-07
0,0,3.836734e-07
0,0,6.638238e-07
0,0,7.0124537e-07
0,0,3.598968e-07
0,0,1.1032356e-06
0,0,3.927671e-07
0,0,4.4974186e-07
1,1,0.9999796
0,0,3.9355376e-07
0,0,6.356388e-07
0,0,2.8635307e-07
0,0,4.709992e-07
0,0,1.4902758e-06
0,0,3.2950172e-07
0,0,3.281345e-07
0,0,4.751752e-07
0,0,3.4701398e-07
0,0,3.519671e-07
1,0,3.743642e-05
0,0,3.1743218e-07
0,0,1.7376176e-06
0,0,4.3924146e-07
0,0,4.6747024e-07
0,0,5.6877366e-07
0,0,3.2616578e-07
0,0,5.259951e-07
0,0,4.1600202e-07
1,0,0.000111985435
0,0,4.4855105e-07
0,0,3.383511e-07
0,0,3.2017456e-07
0,0,4.2066765e-07
0,0,4.653605e-07
0,0,3.4253966e-07
0,0,3.991323e-07
0,0,4.0862707e-07
0,0,1.2467601e-06
0,0,4.2351644e-07
1,0,3.729697e-06
0,0,5.8622777e-07
0,0,2.9107005e-07
0,0,3.6521135e-07
0,0,4.992966e-07
0,0,3.1994077e-07
0,0,5.5292395e-07
0,0,4.4787313e-07
0,0,3.891802e-07
0,0,7.37185e-07
1,1,0.999992
0,0,4.8142385e-07
0,0,4.773763e-07
0,0,3.3530017e-07
0,0,8.0436973e-07
0,0,5.389104e-07
0,0,3.1636384e-07
0,0,4.022428e-07
0,0,3.153394e-07
0,0,3.2755605e-07
0,0,4.0120682e-07
0,0,4.3789137e-07
0,0,1.2585003e-06
0,0,5.4462316e-07
0,0,8.0367266e-07
0,0,3.250879e-07
0,0,1.4218265e-06
0,0,7.0499976e-07
1,0,0.031647325
0,0,7.048316e-07
0,0,4.784428e-07
0,0,7.04055e-07
1,1,0.99809474
0,0,6.138783e-07
0,0,5.6838974e-07
0,0,3.3845083e-07
0,0,7.0781033e-07
0,0,6.028763e-07
0,0,6.297942e-07
0,0,3.8945197e-07
0,0,3.0805808e-07
0,0,3.6540888e-07
0,0,3.2331906e-07
0,0,3.5673088e-07
0,0,5.653407e-07
0,0,5.177811e-07
0,0,3.083091e-07
0,0,3.1382316e-07
1,1,0.99997616
0,0,3.704567e-07
0,0,1.5833976e-06
0,0,3.3215917e-07
0,0,3.3915487e-07
0,0,3.7728373e-07
0,0,3.281232e-07
0,0,3.7694494e-07
0,0,3.755574e-07
0,0,3.3695937e-07
0,0,5.446372e-07
1,0,8.885577e-05
0,0,6.3799695e-07
0,0,4.731742e-07
0,0,3.6625948e-07
0,0,3.5177615e-07
0,0,1.0468559e-06
0,0,2.8354045e-06
0,0,7.092449e-07
0,0,3.7036344e-07
0,0,3.254027e-07
0,0,4.3551168e-07
0,0,3.393257e-07
0,0,3.7015653e-07
0,0,3.1432998e-07
0,0,5.049336e-07
0,0,3.9858836e-07
0,0,6.243427e-07
0,0,3.1151404e-07
0,0,3.5341273e-07
0,0,3.5428133e-07
0,0,2.9048658e-07
0,0,3.9776887e-07
0,0,3.7853073e-07
0,0,4.9247166e-07
0,0,7.719005e-07
0,0,5.173882e-07
0,0,3.2854624e-07
0,0,3.667775e-07
0,0,3.628136e-07
0,0,5.996875e-07
0,0,3.939702e-07
0,0,3.3504892e-07
0,0,3.600458e-07
0,0,3.19055e-07
0,0,4.1192075e-07
1,0,2.9931734e-06
0,0,1.9187303e-06
0,0,5.1056804e-07
0,0,2.7657796e-07
0,0,5.2347895e-07
0,0,0.020987934
0,0,4.5495213e-07
0,0,2.744204e-07
0,0,2.931415e-07
0,0,3.4560938e-07
0,0,3.0787658e-07
0,0,2.9693604e-07
0,0,6.18644e-07
0,0,4.6610717e-07
0,0,3.274155e-07
0,0,5.30601e-07
0,0,3.3033925e-07
0,0,3.8443304e-07
0,0,5.087347e-07
0,0,9.541205e-06
0,0,9.8692835e-06
0,0,3.807443e-07
0,0,3.6987845e-07
1,1,0.9988557
0,0,4.1591156e-07
1,0,0.0067257276
0,0,1.3243028e-06
0,0,3.3442387e-07
0,0,3.1856032e-07
1,0,1.4323837e-06
0,0,2.566593e-06
0,0,3.0889063e-07
0,0,1.0720657e-06
0,0,4.903814e-07
0,0,2.6653166e-07
0,0,3.4292046e-07
0,0,4.1622422e-07
0,0,3.5248505e-07
0,0,3.6429543e-07
0,0,8.3319344e-07
0,0,3.8059073e-07
1,1,0.8886268
0,0,4.2184516e-07
0,0,3.3356673e-07
0,0,3.4108746e-07
0,0,1.2892064e-06
0,0,3.9906035e-07
0,0,3.0507192e-07
0,0,5.7791624e-07
0,0,3.761273e-07
1,1,0.9999913
0,0,7.968088e-07
0,0,7.5832025e-07
0,0,5.455823e-07
0,0,5.226409e-07
0,0,3.209015e-07
0,0,4.7161495e-07
0,0,3.988317e-07
0,0,4.0606392e-07
0,0,4.1954226e-07
0,0,8.8833326e-07
0,0,3.7607205e-07
0,0,6.5117126e-07
0,0,8.97655e-07
0,0,1.1208568e-06
0,0,2.7960715e-07
0,0,6.454756e-07
0,0,4.4732673e-07
0,0,6.4339343e-07
0,0,3.3211262e-07
0,0,3.6679955e-07
0,0,3.3427528e-07
0,0,3.3478508e-07
0,0,4.0013236e-07
0,0,5.1294387e-07
0,0,6.44105e-07
0,0,5.7931123e-07
0,0,5.235728e-07
0,0,6.9350466e-07
0,0,3.2060387e-07
1,0,0.0005296024
0,0,8.8343063e-07
0,0,6.3114584e-07
0,0,3.250913e-07
0,0,1.241254e-06
0,0,3.83011e-07
0,0,4.0747673e-07
0,0,3.495426e-07
0,0,4.1250175e-07
0,0,4.7043042e-07
0,0,3.1317438e-07
0,0,3.3300378e-07
0,0,9.4865715e-07
0,0,3.3185142e-07
0,0,1.0227635e-06
0,0,3.4336854e-06
1,1,0.9999893
0,0,5.5996685e-07
0,0,3.678452e-07
0,0,5.285687e-07
0,0,4.0976732e-07
0,0,1.0330801e-06
1,1,0.99997485
0,0,3.5749136e-07
0,0,3.9544693e-07
0,0,5.6990626e-07
0,0,3.3565883e-07
1,0,4.8139765e-07
0,0,7.71261e-07
0,0,3.1613493e-07
0,0,3.4843097e-07
0,0,4.3701363e-07
1,1,0.99999106
0,0,4.616902e-07
0,0,6.289431e-07
0,0,7.121994e-07
0,0,7.6550936e-07
0,0,3.611049e-07
0,0,5.9687915e-07
0,0,7.0555797e-07
0,0,4.6165144e-07
1,1,0.9661474
0,0,3.8034545e-07
0,0,4.2644345e-07
0,0,7.921869e-07
0,0,8.240206e-07
0,0,4.5029202e-07
0,0,3.556978e-07
0,0,3.6800589e-07
0,0,4.3392797e-07
0,0,3.8209419e-07
0,0,3.3259153e-07
0,0,3.607552e-07
0,0,3.0020186e-07
1,1,0.9999894
0,0,3.146896e-07
0,0,4.190632e-07
0,0,4.124341e-07
0,0,3.3388469e-07
0,0,7.112722e-07
0,0,1.1359459e-06
0,0,3.2812224e-07
0,0,8.562936e-07
0,0,3.3053527e-07
0,0,4.4983878e-07
0,0,4.1555512e-07
0,0,4.5870408e-07
0,0,4.7523866e-07
0,0,5.074855e-07
0,0,5.011208e-07
0,0,3.5846566e-07
0,0,3.8870652e-07
0,0,4.886159e-07
1,1,0.88966817
0,0,3.2633815e-07
0,0,3.877195e-07
0,0,3.4668616e-07
0,0,3.604127e-07
0,0,6.3823006e-07
0,0,5.065484e-07
0,0,3.289353e-07
0,0,5.383556e-07
0,0,2.7720486e-07
0,0,1.2805028e-06
1,0,2.3261216e-06
0,0,5.147286e-07
0,0,3.2185162e-07
0,0,9.3347046e-07
1,1,0.9978283
0,0,6.3003694e-07
0,0,3.2128062e-07
0,0,1.0344999e-06
0,0,4.234704e-07
0,0,4.0565982e-07
0,0,3.3761364e-07
0,0,1.6469032e-06
0,0,3.9450632e-07
0,0,4.3832256e-07
0,0,4.3878094e-07
0,0,2.980919e-07
0,0,4.3909407e-07
1,0,5.5165947e-06
0,0,4.5922317e-07
0,0,3.2514495e-07
0,0,5.582728e-07
0,0,1.3213671e-06
0,0,1.173103e-06
0,0,4.789961e-07
0,0,1.6273017e-06
0,0,2.1340322e-06
0,0,5.0936336e-07
0,0,5.4699626e-07
0,0,6.8132516e-07
0,0,4.5160712e-07
0,0,4.4163187e-07
0,0,3.219167e-07
0,0,6.1837795e-07
0,0,2.959951e-07
0,0,5.1708827e-07
1,1,0.9999621
0,0,5.8385706e-07
0,0,3.6369525e-07
0,0,6.399745e-07
0,0,6.541907e-07
0,0,3.9357965e-07
0,0,3.4283806e-07
0,0,2.9431718e-07
0,0,3.881131e-07
0,0,6.97827e-07
0,0,3.5487648e-07
0,0,4.6781142e-07
0,0,4.6461062e-07
0,0,3.043251e-07
0,0,3.645363e-07
0,0,1.0743933e-06
1,0,0.010056204
0,0,4.21063e-07
0,0,3.639593e-07
0,0,5.7935983e-07
0,0,7.0237843e-07
0,0,3.4099378e-07
0,0,3.205733e-07
0,0,3.2307648e-07
0,0,3.051877e-07
0,0,0.003803887
0,0,3.788052e-07
0,0,8.6252254e-07
0,0,9.4813436e-07
0,0,2.9284533e-07
0,0,5.1262305e-07
0,0,3.3101665e-07
0,0,4.475239e-07
0,0,3.0635647e-07
1,1,0.99998164
0,0,4.1209717e-07
1,0,1.2443605e-06
0,1,0.9987375
0,0,1.2267461e-05
0,0,7.978886e-07
0,0,2.7489972e-07
0,0,3.6332952e-07
1,1,0.9999856
0,0,3.4954692e-07
0,0,3.7904655e-07
0,0,4.2200932e-07
0,0,6.626094e-07
0,0,3.1131503e-07
0,0,4.5604943e-07
0,0,4.322177e-07
0,0,7.1953156e-07
0,0,2.9288387e-07
0,0,4.454443e-07
0,0,2.037155e-06
0,0,5.219824e-07
0,0,5.952528e-07
0,0,3.9964496e-07
0,0,3.2703196e-07
0,0,3.065482e-07
0,0,4.5805794e-07
0,0,9.655556e-07
0,0,8.0947797e-07
1,0,4.672514e-07
0,0,4.2917e-07
0,0,1.2554328e-06
0,0,3.6519816e-06
0,0,8.4599634e-07
1,0,0.017445926
0,0,0.000112314185
0,0,3.8858238e-07
0,0,1.4068964e-06
0,0,3.6014538e-07
0,0,4.49446e-07
0,0,2.7817626e-07
1,0,1.7670611e-06
1,1,0.9984281
0,0,6.4344806e-07
0,0,2.891505e-07
0,0,4.045981e-07
0,0,4.270555e-07
0,0,3.3134322e-07
0,0,3.906643e-07
0,0,1.0141348e-06
0,0,1.8001202e-06
0,0,6.061896e-07
0,0,3.2029948e-07
0,0,2.5167637e-06
0,0,6.698347e-07
0,0,4.250593e-07
0,0,5.163757e-07
0,0,3.830296e-07
0,0,5.6906714e-07
0,0,5.067972e-07
0,0,1.4571845e-06
0,0,6.5798304e-07
1,0,4.88758e-07
0,0,5.3020244e-07
0,0,4.226062e-07
0,0,2.769834e-07
0,0,4.5999815e-07
0,0,5.511855e-07
0,0,4.617025e-07
0,0,1.4023647e-06
0,0,1.1776539e-06
0,0,5.5306947e-07
0,0,3.5035558e-07
0,0,5.005782e-07
1,1,0.9999919
0,0,6.1260624e-07
0,0,3.110462e-07
0,0,3.62733e-07
0,0,3.1056422e-07
0,0,3.4264653e-07
0,0,5.1047164e-07
1,1,0.9999647
0,0,5.230932e-07
0,0,7.3610454e-07
0,0,4.2006033e-07
0,0,6.4129415e-07
0,0,4.2404344e-07
0,0,3.848927e-07
0,0,3.9496524e-07
0,0,4.8424323e-07
0,0,5.0658804e-07
0,0,6.932408e-07
0,0,3.147235e-07
0,0,3.917664e-07
0,0,4.15237e-07
0,0,3.305422e-07
0,0,4.212654e-07
0,0,2.8634926e-07
0,0,3.7390026e-07
0,0,4.5459822e-07
0,0,6.67194e-07
0,0,3.3379203e-07
0,0,3.110729e-07
0,0,5.526034e-07
1,1,0.99997544
0,0,3.688917e-07
0,0,4.9109184e-07
0,0,4.4815343e-07
0,0,3.860901e-07
1,1,0.9999232
0,0,5.096214e-05
0,0,8.436116e-07
0,0,3.5272515e-07
0,0,6.246989e-07
0,0,5.2361077e-07
0,0,4.197067e-07
0,0,2.994124e-06
0,0,8.2663223e-07
0,0,3.5811306e-07
0,0,5.0527274e-07
1,1,0.99999464
0,0,4.6181967e-07
0,0,7.2053683e-07
0,0,3.9397548e-07
0,0,3.81437e-07
0,0,2.9594486e-07
0,0,3.1647036e-07
0,0,4.4232527e-07
0,0,2.844641e-07
0,0,3.0303346e-07
0,0,1.8599667e-06
0,0,6.134826e-07
0,0,3.2831414e-07
0,0,3.4991547e-07
0,0,1.5778294e-06
0,0,6.50882e-07
0,0,1.2167179e-05
0,0,3.2979406e-07
0,0,2.9203375e-07
0,0,1.6070921e-06
0,0,7.6481183e-07
0,0,3.3981956e-07
0,0,2.8882005e-07
0,0,1.14441e-06
0,0,3.9291473e-07
0,0,3.9541638e-07
0,0,5.6917685e-07
0,0,8.951605e-07
0,0,6.1948765e-07
0,0,2.5882628e-07
0,0,5.020134e-07
0,0,3.207638e-07
0,0,2.6217737e-07
1,1,0.9999864
0,0,3.7675807e-07
0,0,5.956571e-07
0,0,8.8476025e-07
0,0,4.2582084e-07
0,0,3.199481e-07
0,0,3.3981794e-07
0,0,5.350529e-07
0,0,3.8171902e-07
0,0,3.6199035e-07
0,0,3.2961296e-07
1,0,0.0032756887
0,0,1.0253252e-06
0,0,4.803878e-07
0,0,3.408865e-07
1,1,0.99993753
1,1,0.99996233
0,0,7.7884675e-07
0,0,4.6010123e-07
0,0,2.9261642e-07
0,0,2.632389e-06
0,0,6.675122e-07
1,1,0.99995506
0,0,3.9424006e-07
0,0,4.938421e-07
0,0,1.1575952e-06
0,0,1.043466e-06
1,1,0.9998696
0,0,1.008089e-06
0,0,5.40135e-07
0,0,5.429259e-07
0,0,3.518805e-07
0,0,5.511361e-07
0,0,2.962775e-07
0,0,3.1130674e-07
1,0,2.7626581e-06
0,0,4.0472239e-07
0,0,4.962111e-07
0,0,5.5035036e-07
1,1,0.9999819
0,0,3.6454082e-07
0,0,8.0555725e-07
0,0,3.1680221e-07
0,0,6.465038e-07
0,0,3.2387237e-07
0,0,0.01302906
0,0,9.2647474e-07
0,0,4.0093755e-07
0,0,3.9570608e-07
0,0,5.331362e-07
0,0,5.0573266e-07
0,0,3.7215213e-07
0,0,6.8904353e-07
0,0,3.259444e-07
0,0,1.1883458e-06
0,0,3.2911228e-07
0,0,4.6919692e-07
0,0,4.796983e-07
0,0,3.8577136e-07
0,0,3.1737468e-07
0,0,4.6969924e-07
0,0,4.0204796e-07
0,0,3.2440934e-07
0,0,4.023886e-07
0,0,3.2651312e-07
0,0,5.6127675e-07
0,0,0.16538215
0,0,3.7885215e-07
0,0,4.5690618e-07
1,1,0.99998987
0,0,3.5239563e-07
0,0,3.595383e-07
0,0,7.1742113e-07
1,1,0.99999213
0,0,5.933049e-07
0,0,6.254595e-07
0,0,4.454868e-07
0,0,3.23054e-07
0,0,9.035616e-07
0,0,7.866692e-07
0,0,8.0307814e-07
0,0,4.397159e-07
0,0,5.037773e-07
0,0,5.080666e-07
0,0,3.3889667e-06
0,0,5.858522e-07
0,0,3.457907e-07
0,0,3.7639177e-07
0,0,3.9810894e-07
0,0,4.2361822e-07
1,1,0.99998987
0,0,2.9519114e-07
0,0,6.0856684e-07
0,0,4.1130446e-07
0,0,3.707193e-07
1,1,0.99998796
0,0,4.0275637e-07
0,0,1.1357001e-06
0,0,7.8991314e-07
0,0,0.0016354588
0,0,4.333358e-07
0,0,3.1246913e-07
0,0,5.0146116e-07
0,0,3.0936644e-07
1,1,0.9999529
0,0,3.2949794e-07
0,0,3.8376052e-07
0,0,4.5383712e-07
0,0,3.1848256e-07
0,0,3.682671e-07
1,1,0.99999475
0,0,2.747189e-07
0,0,5.7101664e-07
0,0,4.523779e-07
0,0,1.6084247e-06
1,1,0.9999865
0,0,8.3480165e-07
0,0,6.7610117e-06
0,0,7.648928e-07
0,0,4.6971988e-07
0,0,6.562684e-05
0,0,3.933815e-07
0,0,2.7105781e-07
0,0,2.7965197e-07
0,0,6.0125427e-07
0,0,3.7722654e-07
0,0,4.0207786e-07
0,0,4.3083452e-07
0,0,3.1979982e-07
0,0,8.825658e-07
0,0,5.115238e-07
0,0,3.3899482e-07
0,0,3.6107494e-07
1,1,0.9999809
0,0,8.2297845e-07
0,0,4.4105104e-07
0,0,6.367248e-07
0,0,6.1223943e-07
0,0,9.418026e-07
0,0,3.8060853e-07
0,0,5.4319673e-07
1,1,0.999759
0,0,5.0413104e-07
0,0,8.3911505e-07
0,0,3.5534993e-07
0,0,3.9497843e-07
1,0,0.10642283
1,0,0.00010241015
0,0,2.8812266e-07
0,0,3.824737e-07
0,0,2.9626793e-07
0,0,6.363721e-07
0,0,3.7802783e-07
0,0,2.9159517e-07
1,0,6.780761e-05
0,0,2.8107522e-07
0,0,3.9263415e-07
0,0,1.000452e-06
0,0,5.713119e-07
0,0,2.9990514e-07
0,0,4.837092e-07
0,0,5.401211e-07
0,0,3.8060705e-07
0,0,6.653926e-07
0,0,3.8029648e-07
0,0,5.32663e-07
0,0,4.478868e-07
0,0,3.805515e-07
0,0,4.927352e-07
0,0,3.1749425e-07
0,0,1.3271589e-06
0,0,3.5184897e-07
0,0,4.7830554e-07
0,0,3.3013077e-07
1,1,0.9999894
0,0,6.074083e-07
0,0,6.681886e-07
0,0,3.6550648e-07
0,0,4.2643856e-07
0,0,8.557736e-07
0,0,8.0631975e-07
0,0,8.5941065e-07
0,0,5.439977e-07
0,0,4.1264852e-07
0,0,3.4568419e-07
0,0,4.385065e-07
0,0,4.176126e-07
0,0,6.448899e-07
0,0,4.3258677e-07
0,0,3.516068e-07
0,0,3.9965718e-07
0,0,3.68846e-07
1,1,0.9999894
0,0,1.3118147e-05
0,0,8.0550507e-07
0,0,2.89188e-07
0,0,3.7612122e-07
0,0,3.510787e-07
0,0,5.80827e-07
0,0,3.0624489e-07
0,0,3.9809296e-07
0,0,5.3964175e-07
1,1,0.99998486
0,0,3.0054616e-06
0,0,4.196399e-07
0,0,2.7369381e-07
0,0,3.090497e-07
1,1,0.9999926
0,0,3.3757175e-07
1,1,0.9999912
0,0,3.2651437e-07
0,0,1.0203844e-06
0,0,3.0571937e-07
0,0,3.2833418e-07
0,0,3.4502776e-07
0,0,5.791621e-07
0,0,4.3393956e-07
0,0,2.991359e-07
0,0,3.8271452e-07
0,0,3.264365e-07
0,0,1.6173781e-06
0,0,6.417627e-07
0,0,3.4336878e-07
0,0,3.4483668e-07
0,0,4.2740268e-07
0,0,4.655989e-07
1,1,0.9999918
0,0,7.374346e-07
0,0,6.635725e-07
1,1,0.9999877
0,0,9.721268e-07
1,1,0.9999902
0,0,7.938068e-07
0,0,4.237176e-07
0,0,6.9036366e-07
0,0,3.909442e-07
0,0,2.99711e-07
0,0,1.7710224e-06
0,0,3.7088375e-07
0,0,3.4918475e-07
0,0,8.9691997e-07
1,1,0.99998736
1,0,3.8637666e-07
0,0,4.5166874e-07
0,0,4.0478565e-07
0,0,5.8756376e-07
0,0,4.902309e-07
0,0,1.1132761e-06
0,0,1.235009e-06
0,0,3.1450688e-07
0,1,0.9994562
0,0,8.086362e-07
0,0,2.6411499e-06
0,0,6.105154e-07
0,0,8.837391e-07
0,0,5.007329e-07
1,0,0.026228433
0,0,1.000494e-06
0,0,4.454443e-07
0,0,4.084792e-05
1,0,0.00034805166
0,0,7.353496e-07
1,0,1.4808675e-06
0,0,2.5865409e-05
0,0,4.7206854e-07
0,0,3.7432767e-07
0,0,3.913855e-07
0,0,5.1593315e-07
0,0,3.338885e-07
0,0,1.2480627e-06
0,0,5.170996e-07
0,0,9.90431e-07
1,1,0.9999788
1,1,0.94590735
0,0,5.101203e-07
0,0,3.0808278e-07
0,0,8.9753865e-07
0,0,9.54627e-07
1,1,0.9999808
0,0,1.8682225e-06
0,0,8.4446725e-07
0,0,3.2120522e-07
0,0,5.9255507e-07
0,0,3.0190387e-07
0,0,3.6149842e-07
0,0,7.540568e-07
0,0,7.4547364e-07
0,0,3.4592261e-07
0,0,4.6409207e-07
0,0,3.4902428e-07
0,0,2.2513776e-05
0,0,1.1486173e-06
0,0,5.22975e-07
0,0,3.468251e-07
0,0,4.4021607e-07
1,0,4.6251782e-07
0,0,4.190528e-07
0,0,3.9107954e-07
0,0,4.2181458e-07
0,0,3.456641e-07
0,0,6.9310926e-07
0,0,5.121891e-07
0,0,4.8807846e-07
0,0,3.8256636e-07
0,0,4.2143583e-07
0,0,3.8969756e-07
0,0,3.904952e-07
0,1,0.84795856
0,0,5.764669e-07
0,0,3.9649484e-07
0,0,3.5746203e-07
0,0,2.9832967e-07
0,0,4.2211397e-07
0,0,4.8290264e-07
0,0,4.56307e-07
0,0,6.4106604e-07
0,0,3.5975336e-07
0,0,4.7614006e-07
0,0,3.8770068e-07
0,0,3.2070446e-07
0,0,3.0247273e-07
0,0,1.4460791e-06
0,0,3.6689434e-07
0,0,2.4774802e-06
0,0,3.4220176e-07
0,0,2.9137888e-07
0,0,3.6708474e-07
0,0,9.986161e-07
0,0,5.912816e-07
1,1,0.99998784
0,0,4.7513987e-07
0,0,3.963266e-07
0,0,4.1349116e-07
0,0,2.7788775e-07
1,1,0.99988365
0,0,3.9220603e-07
0,0,2.7376012e-07
0,0,5.5643636e-07
1,1,0.999801
0,0,5.089021e-07
0,0,2.8819494e-07
0,0,2.777521e-07
0,0,4.077621e-07
0,0,3.3508343e-07
0,0,3.4766822e-07
1,0,3.5500176e-05
0,1,0.8607106
0,0,4.036069e-07
0,0,6.995975e-07
0,0,3.4060764e-07
0,0,4.1472808e-07
0,0,4.4289342e-07
1,1,0.9999908
0,0,3.7769416e-07
0,0,3.1928786e-07
0,0,6.1922657e-07
0,0,3.9668356e-07
0,0,8.6877355e-07
0,0,3.2642345e-07
0,0,5.1954294e-07
0,0,3.967172e-07
0,0,6.7859776e-07
0,0,5.4762836e-07
0,0,7.980103e-07
0,0,3.8309355e-07
0,0,8.2648245e-07
0,0,4.1024086e-07
0,0,3.1270105e-07
0,0,2.7413867e-07
1,1,0.9999844
0,0,3.0898843e-07
0,0,4.2542874e-07
0,0,5.6365735e-07
0,0,2.553619e-06
0,0,4.802128e-07
0,0,9.60422e-07
0,0,4.4610238e-07
0,0,1.8007418e-06
0,0,3.6940781e-07
1,0,1.8541523e-05
0,0,1.7689865e-06
0,0,3.2764197e-07
0,0,3.8725463e-07
0,0,5.5845226e-07
0,0,4.6089787e-07
0,0,3.2308265e-07
0,0,3.515129e-07
0,0,4.1195295e-07
0,0,3.0536822e-07
0,0,4.9174605e-06
0,0,1.3951106e-06
0,0,1.7674909e-06
0,0,3.0232104e-07
0,0,3.1100348e-07
0,0,4.2495188e-07
0,0,3.7623957e-07
0,0,5.297334e-07
0,0,4.977201e-07
0,0,3.0435643e-07
0,0,7.650263e-07
0,0,3.4690544e-07
0,0,4.0917925e-07
0,0,3.794531e-07
0,0,3.9314898e-07
0,0,4.2966101e-07
0,0,7.436339e-07
0,0,3.694117e-07
0,0,3.032844e-07
1,1,0.99821126
1,1,0.99998975
0,0,5.33304e-07
0,0,3.7233355e-07
0,0,1.460025e-06
1,1,0.9999862
1,0,5.582293e-06
0,0,6.5577166e-07
0,0,3.207984e-07
0,0,5.872265e-07
0,0,4.290624e-07
0,0,3.4502122e-07
0,0,4.6196502e-07
0,0,3.527319e-07
0,0,9.863852e-07
0,0,8.6182035e-07
0,0,7.0555797e-07
0,0,6.262163e-07
0,0,5.399254e-07
0,0,3.859811e-07
0,0,3.6971232e-07
0,0,4.0178654e-07
0,0,3.700711e-07
0,0,7.325121e-07
0,0,5.206838e-07
0,0,3.3821237e-07
0,0,4.1731082e-07
1,1,0.9999312
0,0,4.3254798e-07
0,0,4.6329214e-07
0,0,8.166368e-06
0,0,4.275331e-07
0,0,3.8230885e-07
0,0,4.6176064e-07
0,0,3.4177188e-07
0,0,3.8013187e-07
0,0,8.6954856e-07
1,0,6.0477026e-07
0,0,4.1063817e-07
0,0,3.6920883e-07
0,0,3.252079e-07
0,0,8.247109e-07
0,0,3.851872e-07
0,0,3.41841e-07
0,0,2.3875737e-06
0,0,3.0143548e-07
0,0,6.8076986e-07
0,0,3.8608678e-07
0,0,4.9019485e-07
0,0,3.9096096e-07
0,0,4.9191163e-07
0,0,8.029817e-07
0,0,2.7387177e-05
0,0,3.1137472e-07
0,0,6.6394665e-07
0,0,6.772691e-07
0,0,3.464925e-07
0,0,3.6195652e-07
0,0,2.9351636e-07
0,0,4.1731403e-07
0,0,2.9793335e-07
0,0,1.0349044e-06
0,0,3.7340885e-07
0,0,2.8497948e-07
0,0,3.1492587e-07
0,0,8.5753413e-07
0,0,5.0214646e-07
0,0,4.7147105e-07
0,0,4.0759954e-07
1,0,1.8175766e-05
0,0,3.111616e-07
0,0,3.5849845e-07
0,0,9.4586204e-07
0,0,5.313495e-07
0,0,4.0082477e-07
0,0,3.7549472e-07
0,0,4.948576e-07
0,0,4.5445734e-07
0,0,3.1919348e-07
0,0,1.1294561e-06
0,0,2.7718977e-07
0,0,4.617994e-07
0,0,3.9189348e-07
0,0,3.0623497e-07
1,0,5.376127e-07
0,0,3.2111458e-07
0,0,1.1482275e-06
0,0,5.032837e-07
0,0,4.8581967e-07
0,0,6.123031e-07
0,0,1.2611375e-06
0,0,4.3729253e-07
0,0,7.665351e-07
0,0,3.7124892e-07
0,0,8.207314e-07
0,0,7.086573e-07
0,0,3.6488723e-07
0,0,2.884658e-07
0,0,0.003985967
0,0,5.08147e-07
1,0,0.00051853625
1,0,1.2890405e-06
0,0,2.9174092e-07
0,0,3.638413e-07
0,0,5.376686e-07
0,0,3.8946274e-07
0,0,3.5449222e-07
0,0,7.7606717e-07
0,0,3.463055e-07
0,0,6.4752317e-07
0,0,4.2610074e-07
0,0,4.9334125e-07
0,0,4.1619407e-07
0,0,7.6545973e-07
0,0,2.8019068e-07
0,0,3.1046886e-07
0,0,5.882809e-07
0,0,6.5654575e-07
0,0,7.8382124e-07
0,0,8.2267013e-07
1,1,0.9999869
0,0,9.502544e-07
0,0,8.366156e-07
0,0,3.4454607e-07
0,0,7.6934003e-07
0,0,4.8031904e-07
0,0,4.4508164e-07
0,0,3.1673667e-07
0,0,3.271992e-07
1,1,0.99991345
1,1,0.99999
0,0,2.9154234e-07
0,0,2.8052278e-07
0,0,3.9286374e-07
0,0,8.191862e-07
0,0,3.6583012e-07
0,0,4.545375e-07
0,0,3.7332305e-07
0,0,6.1273886e-07
0,0,3.9108997e-07
0,0,4.296565e-07
0,0,8.871903e-07
0,0,4.8860005e-07
0,0,6.5526285e-07
0,0,3.4337208e-07
0,0,8.7192603e-07
0,0,3.606912e-07
0,0,5.937996e-07
0,0,2.8392856e-07
0,0,5.2447336e-07
0,0,3.109836e-07
1,0,1.7496951e-06
0,0,4.595417e-07
0,0,3.4370558e-07
0,0,2.64903e-07
0,0,4.313032e-07
1,1,0.9999839
0,0,4.3152207e-07
0,0,5.8661306e-07
0,0,4.525919e-07
0,0,3.7889333e-07
1,0,9.2700765e-07
0,0,1.8685325e-06
0,0,3.4891178e-07
0,0,4.3790808e-07
0,0,3.552137e-07
0,0,5.10833e-07
0,0,1.1934644e-06
0,0,5.2648693e-07
0,0,5.6703675e-07
0,0,3.1716198e-07
0,0,3.8249814e-07
0,0,3.01541e-07
1,1,0.99998534
0,0,6.817158e-07
0,0,6.4539745e-07
0,0,4.040367e-07
0,0,3.13737e-07
0,0,3.0718266e-07
0,0,0.0002278842
0,0,4.6480477e-07
0,0,3.755212e-07
0,0,3.0162644e-07
1,1,0.9999635
0,0,3.9134707e-07
0,0,3.4523646e-07
0,0,4.453623e-07
0,0,3.4094697e-07
0,0,4.5394924e-07
0,0,3.4938395e-07
0,0,3.8917386e-07
0,0,3.008278e-07
0,0,6.0806036e-07
0,0,3.1894152e-07
0,0,2.8693535e-07
0,0,5.890685e-07
0,0,1.4204929e-06
0,1,0.9997452
0,0,4.5565469e-07
0,0,1.4110484e-06
1,0,7.7398196e-05
0,0,5.1756285e-07
0,0,3.7254665e-07
0,0,6.033025e-07
0,0,2.9992373e-07
0,0,3.0878311e-07
1,1,0.99998915
0,0,5.150895e-07
0,0,3.2548158e-07
0,0,4.317118e-07
0,0,5.299224e-07
0,0,1.1627644e-06
0,0,3.2870702e-07
0,0,2.8653255e-07
0,0,3.646173e-07
0,0,4.1150923e-07
0,0,3.9878452e-07
0,0,3.9454997e-07
0,0,3.37765e-07
0,0,5.218948e-07
0,0,6.324551e-07
1,1,0.99998367
1,0,1.9567585e-06
1,1,0.99998426
0,0,5.7506503e-07
1,0,0.00048017985
0,0,3.323737e-07
0,0,4.0677435e-07
0,0,1.2620567e-06
0,0,6.612737e-07
0,0,3.2833105e-07
0,0,4.1261785e-07
0,0,3.5765297e-07
0,0,3.6615262e-07
0,0,3.8590014e-07
0,0,1.0564479e-06
1,1,0.999912
0,0,3.8140863e-07
0,0,3.8630225e-07
0,0,1.1137965e-05
0,0,4.1879113e-07
0,0,2.8766692e-07
0,0,6.110571e-07
0,0,2.9796462e-07
0,0,3.3162837e-07
1,0,3.4373552e-06
0,0,2.8573547e-07
0,0,5.003901e-07
0,0,7.349051e-07
0,0,2.7120882e-07
0,0,4.5349836e-07
0,0,3.9835274e-07
0,0,3.0333038e-07
0,0,1.6549865e-06
0,0,1.2624082e-06
0,0,3.6867402e-07
0,0,5.152777e-07
0,0,3.397622e-07
1,1,0.9999863
0,0,6.0112586e-07
1,1,0.9997718
0,0,7.629949e-07
0,0,7.8087567e-07
0,0,2.3323526e-06
0,0,5.6386057e-07
0,0,3.5846705e-07
0,0,1.8397463e-06
0,0,3.0387153e-07
0,0,9.707945e-07
1,1,0.999943
0,0,3.390708e-07
0,0,3.6021268e-07
0,0,4.8802957e-07
0,0,5.8012506e-07
0,0,4.733669e-07
0,0,3.297507e-07
0,0,3.518939e-07
0,0,8.036374e-07
0,0,3.154227e-07
0,0,3.6408395e-07
0,0,3.690251e-07
0,0,3.255064e-07
0,0,1.129692e-06
0,0,4.78067e-07
0,0,3.0925668e-07
0,0,7.743912e-07
0,0,3.4810182e-07
0,0,5.2771446e-07
0,0,3.3619799e-07
0,0,4.4422123e-07
0,0,3.5496382e-07
0,0,8.2859276e-07
0,0,3.8244707e-07
0,0,3.8098548e-07
0,0,6.6916556e-07
0,0,3.0666692e-07
0,0,3.2704727e-07
0,0,9.214803e-07
0,0,3.3770186e-07
1,0,3.6685972e-06
0,0,2.972834e-07
0,0,7.239587e-07
0,0,8.668179e-07
0,0,1.0625022e-06
1,1,0.9999535
0,0,3.6122168e-07
0,0,4.8945117e-07
0,0,8.6172014e-07
0,0,4.1859585e-07
0,0,4.0582933e-07
1,1,0.999992
0,0,3.5332272e-07
0,0,5.2244656e-07
0,0,2.9820905e-07
0,0,4.6316885e-07
0,0,3.8254376e-07
0,0,3.3814982e-07
0,0,3.595623e-07
0,0,8.773268e-07
1,0,7.330922e-07
0,0,6.247364e-07
0,0,5.3715354e-07
0,0,5.48822e-07
0,0,5.000619e-07
1,0,6.4557685e-06
1,0,1.1757551e-06
0,0,6.1661245e-07
0,0,4.0820098e-07
1,0,0.026266532
0,0,4.4790045e-07
0,0,3.3129456e-07
1,1,0.99998033
0,0,5.3796816e-07
0,0,3.4881e-07
0,0,4.545718e-07
0,0,3.046736e-07
0,0,4.6908866e-07
0,0,3.499045e-07
0,0,9.239582e-07
0,0,4.803814e-07
0,0,8.7926423e-07
1,1,0.99998605
0,0,8.6634606e-07
0,0,3.361794e-07
0,0,4.0663667e-07
0,0,3.792389e-07
0,0,3.136933e-07
0,0,6.910863e-07
0,0,3.4810017e-07
0,0,3.433937e-07
1,1,0.99998355
0,0,4.8492905e-07
0,0,5.119625e-07
0,0,5.6928974e-07
0,0,4.7244464e-07
0,0,2.4645194e-06
0,0,6.723102e-07
0,0,5.6865815e-07
0,0,5.107804e-07
0,0,4.3844525e-06
0,0,3.1179817e-07
0,0,3.721983e-07
0,0,3.1766476e-07
1,1,0.9999832
0,0,6.390809e-07
0,0,2.8208544e-07
0,0,3.8288243e-07
0,0,3.9142805e-07
0,0,2.274913e-06
1,1,0.9999933
1,0,2.7412261e-05
0,0,4.2048836e-07
0,0,4.2408308e-07
0,0,6.697005e-07
0,0,6.5920216e-07
0,0,3.145288e-07
1,0,0.0043848506
0,0,4.6083503e-07
0,0,3.339076e-07
0,0,3.181353e-07
0,0,4.209193e-07
0,0,3.1715803e-07
0,0,4.0220212e-07
0,0,4.4152958e-07
0,0,4.3701363e-07
0,0,3.295853e-07
0,0,4.833744e-07
0,0,3.0340618e-07
0,0,4.2940212e-07
0,0,3.5755886e-07
0,0,3.792411e-07
0,0,3.0193323e-07
0,0,4.648287e-07
0,0,5.0458897e-07
0,0,5.1807547e-07
0,0,6.58138e-07
1,1,0.9849999
0,0,2.917309e-07
0,0,4.9748763e-07
0,0,5.202083e-07
0,0,1.75724e-06
0,0,6.830818e-07
0,0,3.8091062e-07
0,0,3.8275246e-07
0,0,4.290771e-07
0,0,4.073454e-07
0,0,5.2937384e-07
0,0,5.7282966e-07
0,0,7.7601754e-07
0,0,6.1064577e-07
0,0,3.2827094e-07
0,0,5.0349386e-06
0,0,7.2459835e-07
0,0,3.5278705e-07
0,0,4.871396e-07
0,0,4.1029682e-07
0,0,2.7200585e-07
0,0,4.5290363e-07
0,0,4.0600892e-07
0,0,6.884885e-07
0,0,4.6887308e-07
1,0,4.3725027e-05
0,0,8.1703354e-07
0,0,0.00042313183
0,0,5.2024603e-07
0,0,2.9630237e-07
0,0,7.81825e-07
0,0,4.4122186e-07
1,1,0.99998736
0,0,9.0617544e-07
0,0,3.5889803e-07
0,0,3.8221552e-07
0,0,5.1359734e-07
0,0,1.7652319e-06
0,0,4.0301024e-06
0,0,5.218401e-07
0,0,4.2368973e-07
0,0,9.722252e-07
0,0,3.0905326e-07
0,0,5.1253215e-07
0,0,2.9339742e-07
0,0,4.9055825e-07
0,0,4.4129553e-07
0,0,1.0311352e-06
0,0,4.0035374e-07
0,0,3.7206553e-07
0,0,0.0002668025
0,0,2.6174764e-06
0,0,7.7587845e-07
0,0,3.3362207e-07
0,0,3.1491567e-07
0,0,3.4243746e-07
0,0,2.0366713e-06
0,0,4.6380583e-07
0,0,3.4604074e-07
0,0,4.5839184e-07
0,0,6.7742155e-07
0,0,3.7101782e-07
0,0,3.0993755e-07
0,0,3.3799668e-07
0,0,3.0196e-07
0,0,5.743438e-07
0,0,4.839468e-07
1,1,0.999948
0,0,6.2328295e-06
0,0,6.5929015e-07
1,0,2.0066623e-06
0,0,1.5360727e-06
0,0,4.6665247e-07
1,0,4.198955e-06
0,0,4.1825749e-07
0,0,2.3779662e-06
0,0,4.947774e-07
0,0,3.8678442e-07
1,1,0.9999784
0,0,4.6802472e-07
0,0,1.7642018e-06
0,0,3.8401313e-07
1,1,0.99998903
0,0,1.0445433e-06
0,0,4.2000022e-07
0,0,5.7020696e-07
0,0,4.498791e-07
0,0,3.5627426e-07
0,0,4.229848e-07
0,0,5.3443125e-07
0,0,1.0971794e-06
0,0,4.3943297e-07
0,0,3.2221772e-07
0,0,2.9031764e-07
0,0,5.5160984e-07
0,0,3.6503445e-07
0,0,3.763587e-07
0,0,3.420373e-07
0,0,5.0749134e-07
0,0,3.554123e-07
0,0,3.0818444e-07
0,0,3.046361e-07
0,0,3.4697527e-07
0,0,5.440579e-07
0,0,3.0695716e-07
0,0,3.096746e-07
0,0,2.7560614e-07
0,0,9.745719e-07
0,0,3.3879994e-07
0,0,9.591524e-07
0,0,2.9103867e-07
0,0,3.2094556e-07
0,0,0.00038718848
0,0,3.761965e-07
0,0,3.7752451e-07
0,0,4.8185234e-07
0,0,4.9987693e-07
0,0,5.7838054e-07
0,0,6.459245e-07
0,0,3.2423614e-07
0,0,4.769413e-07
0,0,3.6606534e-07
0,0,3.0692615e-07
0,0,4.7095966e-07
1,1,0.99997497
0,0,3.5812533e-07
0,0,3.0298256e-07
0,0,6.7275334e-07
0,0,7.7013135e-07
0,0,7.779278e-07
0,0,4.6133894e-07
0,0,2.6177238e-06
0,0,5.031119e-07
0,0,4.782321e-07
0,0,4.2673187e-07
0,0,5.842436e-07
0,0,4.794075e-07
0,0,1.2736217e-06
0,0,5.4911465e-07
0,0,3.752624e-07
0,0,5.9970523e-07
0,0,3.1986022e-07
0,0,4.312859e-07
0,0,2.9286153e-07
0,0,3.0176423e-07
0,0,5.825211e-07
0,0,5.436839e-07
0,0,3.8948133e-07
0,0,1.7033512e-06
0,0,7.021521e-07
0,0,1.7588529e-06
0,0,6.918717e-07
0,0,1.3479759e-05
0,0,2.7772907e-07
0,0,3.4771563e-07
1,1,0.9999838
0,0,3.7894395e-07
0,0,3.0020445e-07
0,0,1.557766e-06
0,0,3.1916608e-07
1,0,5.072097e-07
0,0,3.8897056e-07
0,0,4.455743e-07
0,0,4.2357942e-07
0,0,4.997149e-07
0,0,3.2211847e-07
0,0,3.8347955e-07
0,0,5.873856e-07
0,0,3.035842e-07
0,0,7.672496e-07
0,0,3.761707e-07
0,0,4.277762e-07
1,1,0.99998987
0,0,6.1369735e-07
0,0,5.0736935e-07
0,0,6.395077e-07
0,0,6.767565e-07
0,0,3.7958773e-07
0,0,4.8040425e-07
0,0,4.7862676e-07
0,0,3.2216855e-07
0,0,3.0329335e-07
0,0,1.2190758e-06
0,0,6.157075e-07
0,0,3.749737e-07
0,0,3.860573e-07
1,1,0.9999864
0,0,3.7975357e-07
0,0,6.9493206e-07
1,1,0.99998605
0,0,4.3063326e-07
1,1,0.99996674
0,0,3.898403e-07
0,0,4.2602232e-07
0,0,3.0816682e-07
0,0,7.9177596e-07
0,0,3.9621662e-07
0,0,1.5684169e-06
1,0,1.225696e-05
1,0,6.5820855e-06
0,0,3.301774e-07
1,1,0.9999937
0,0,2.7672044e-07
0,0,4.8888626e-07
0,0,6.25919e-07
0,0,3.2850957e-07
0,0,4.6468244e-07
0,0,7.133332e-07
0,0,7.571828e-07
0,0,3.396809e-07
0,0,4.4647095e-07
0,0,3.5415297e-07
1,1,0.99999225
1,1,0.99989736
0,0,3.23659e-07
0,0,2.8515836e-07
0,0,3.1866028e-07
0,0,1.0076277e-06
0,0,4.6316578e-07
0,0,7.9085686e-07
0,0,5.496118e-07
0,0,3.3134006e-07
0,0,3.2511798e-07
0,0,4.793709e-07
0,0,5.5652447e-07
0,0,6.1614804e-07
0,0,4.411192e-07
0,0,5.226618e-07
0,0,3.1691644e-07
0,0,7.0500107e-07
0,0,1.0354415e-06
0,0,4.111911e-07
0,0,4.2333392e-07
1,1,0.9999887
0,0,3.5314923e-07
0,0,8.967463e-07
0,0,9.381469e-07
0,0,9.314536e-07
0,0,4.333077e-07
0,0,3.2931007e-07
0,0,5.2615565e-07
0,0,2.9914838e-06
0,0,9.720592e-05
0,0,2.9665128e-07
0,0,2.841778e-07
0,0,3.4415496e-07
0,0,3.9180526e-07
0,0,3.3235403e-07
0,0,6.1228786e-07
0,0,3.4413918e-07
0,0,1.4960486e-06
0,0,1.0844165e-06
0,0,1.9283848e-06
0,0,3.3309624e-07
0,0,3.068395e-07
0,0,5.716236e-07
1,0,6.8795947e-07
0,0,4.9328855e-07
1,0,2.7042465e-06
0,0,4.1390305e-07
1,1,0.9999852
0,0,3.1180295e-07
0,0,1.0138128e-06
0,0,3.21272e-07
0,0,2.7000644e-07
1,0,5.1755458e-05
0,0,3.3252334e-07
0,0,4.5251596e-07
0,0,3.009842e-07
0,0,3.2139582e-07
0,0,3.7937133e-07
0,0,5.766709e-07
0,0,6.113928e-07
0,0,1.5938058e-06
0,0,3.277829e-07
0,0,2.7700509e-07
0,0,4.0967785e-07
0,0,3.1293436e-07
0,0,3.2548158e-07
0,0,4.1377123e-07
0,0,3.0410635e-07
0,0,6.276225e-07
0,0,1.2149462e-06
0,0,1.1140364e-06
0,0,4.972182e-07
0,0,4.303832e-07
0,0,4.129308e-07
0,0,3.357795e-07
0,0,2.8311632e-07
0,0,3.417517e-07
0,0,3.9684662e-07
0,0,1.2189757e-06
0,0,3.7225612e-07
0,0,3.6693007e-07
0,0,4.7263933e-07
0,0,7.4329574e-07
0,0,3.4605798e-06
0,0,3.0091502e-07
0,0,3.063591e-07
0,0,2.9823804e-07
0,0,5.7432794e-07
0,0,2.9265632e-07
0,0,3.7779537e-07
0,0,9.111739e-07
0,0,4.7198932e-07
0,0,3.962049e-07
0,0,1.9757929e-06
0,0,4.0134614e-07
0,0,3.3377387e-07
0,0,2.9483468e-07
0,0,9.890445e-07
0,1,0.9981646
0,0,4.7401383e-07
0,0,7.498531e-07
0,0,4.3746857e-07
1,1,0.9999472
0,0,1.636342e-06
0,0,3.9048476e-07
1,0,3.3497524e-06
0,0,4.045387e-07
0,0,2.760636e-07
1,1,0.9999356
0,0,3.083673e-07
0,0,1.8580483e-06
1,1,0.9998454
0,0,3.1475653e-07
1,0,6.2097555e-05
0,0,2.981465e-07
0,0,9.284506e-07
0,0,4.2036248e-07
0,0,3.81592e-07
0,0,2.9028277e-07
1,1,0.9991448
1,0,0.022004439
0,0,5.334189e-07
0,0,3.1550394e-07
0,0,4.805225e-07
0,0,3.986887e-07
0,0,5.112721e-07
0,0,4.768922e-07
0,0,3.4193295e-07
0,0,3.2609395e-07
1,1,0.99996233
1,1,0.999987
0,0,4.530393e-07
0,0,1.8907781e-06
0,0,4.1351736e-06
0,0,1.0172712e-06
0,0,2.7295872e-07
0,0,3.3432596e-07
0,0,3.293261e-07
0,0,3.8727163e-07
0,0,4.6734053e-07
0,0,2.9357068e-07
0,0,3.387256e-07
0,0,3.1160496e-07
0,0,3.9458385e-07
0,0,6.553103e-07
0,0,3.8796065e-07
1,0,0.006030883
0,0,3.4868626e-07
0,0,3.797876e-07
0,0,3.2560388e-07
0,0,2.9863082e-07
0,0,3.0617306e-07
0,0,3.4094825e-07
0,0,2.9153594e-07
0,0,4.2062877e-07
0,0,4.0180726e-07
0,0,1.188451e-06
0,0,4.744697e-07
0,0,4.1313797e-07
0,0,1.3246841e-06
0,0,4.3792227e-07
0,0,2.960623e-07
0,0,4.6009026e-07
0,0,3.368861e-07
0,0,5.6145717e-07
0,0,3.4697527e-07
0,0,5.8717836e-07
0,0,6.1907775e-07
0,0,4.685213e-07
0,0,3.0292276e-07
0,0,3.7334905e-07
0,0,1.3242005e-06
0,0,2.8980645e-07
0,0,9.8694094e-05
0,0,2.2909258e-05
0,0,6.0123364e-07
0,0,4.2391042e-07
1,1,0.9994592
0,0,4.3965807e-07
0,0,3.235803e-07
0,0,4.79956e-07
0,0,3.8646732e-07
0,0,2.80114e-05
1,0,5.7650873e-06
0,0,4.9525653e-07
0,0,4.225812e-07
0,0,7.347124e-07
0,0,4.9727936e-07
0,0,2.9500708e-07
0,0,5.8071396e-07
0,0,5.222603e-07
0,0,2.8648472e-07
0,0,4.0110677e-05
0,0,2.9379922e-07
0,0,4.7031065e-07
0,0,3.312971e-07
0,0,5.108496e-07
0,0,0.025944866
0,0,5.402602e-07
0,0,4.3632068e-07
0,0,6.077548e-07
0,0,4.864553e-07
0,0,1.7598161e-06
0,0,3.3920082e-07
1,0,0.012298741
0,0,3.8777128e-07
0,0,2.2908625e-06
0,0,3.9224608e-07
0,0,4.221498e-07
0,0,6.6279273e-07
0,0,8.9106624e-07
0,0,4.3179708e-07
0,0,5.2715365e-07
0,0,1.8440938e-06
0,0,9.2911677e-07
0,0,3.1215225e-07
0,0,3.914247e-07
0,0,4.023886e-07
0,0,9.654267e-07
0,0,1.6662592e-06
0,0,1.9204292e-06
0,0,2.8212014e-07
1,0,2.6290973e-06
0,0,4.9357703e-07
0,0,2.7440728e-06
0,0,4.855223e-07
0,0,4.0969e-07
0,0,2.1162746e-06
1,1,0.9999863
1,1,0.9999703
0,0,4.3214806e-07
0,0,3.9685798e-07
0,0,1.2069077e-05
0,0,3.160023e-07
0,0,5.008762e-07
0,0,4.2013284e-07
0,0,3.5031417e-07
0,0,4.5767197e-07
0,0,2.8451294e-07
0,0,5.237816e-07
0,0,3.451311e-07
0,0,3.6815473e-07
0,0,6.044282e-06
0,0,4.8186433e-07
1,1,0.9999933
0,0,4.285651e-07
0,0,3.1704525e-07
0,0,2.882557e-07
0,0,1.3798399e-06
0,0,3.6623538e-07
1,1,0.9985306
0,0,3.631972e-07
0,0,3.6086021e-06
0,0,3.554489e-07
0,0,3.428093e-07
0,0,3.3091027e-07
0,0,3.4080975e-07
0,0,4.1913836e-07
0,0,3.11855e-07
0,0,3.3779668e-06
0,0,3.709481e-07
0,0,6.3628045e-07
0,0,4.3146156e-07
0,0,3.241588e-07
0,0,6.1373777e-07
0,0,3.6419993e-07
0,0,6.830551e-07
0,0,2.9952014e-07
0,0,6.605829e-07
0,0,3.0335207e-07
0,0,4.0185705e-07
0,0,6.367454e-07
0,0,6.889686e-07
0,0,4.2906322e-07
0,0,1.2253022e-06
0,0,4.6323157e-07
0,0,3.4585926e-07
0,0,0.00013461435
0,0,2.8370175e-07
1,0,1.1377186e-06
1,0,6.904054e-05
0,0,3.934153e-07
0,0,3.6780943e-07
0,0,4.0034097e-06
0,0,2.7727148e-07
0,0,2.815686e-07
0,0,3.7853002e-07
0,0,3.9405887e-07
0,0,7.075822e-07
0,0,3.4288516e-07
0,0,3.8928079e-07
0,0,1.606205e-06
0,0,7.6209017e-07
1,0,0.0028367063
0,0,3.5261317e-07
0,0,5.08725e-07
0,0,5.5421947e-07
0,0,4.396245e-07
0,0,3.6914548e-07
0,0,4.3382784e-07
0,0,3.9193608e-07
0,0,4.121019e-07
0,0,5.5124383e-07
0,0,4.7122654e-07
0,0,3.8476938e-07
0,0,3.204385e-07
0,0,3.5301792e-07
0,0,4.1051402e-07
0,0,4.3784712e-07
0,0,5.972789e-07
0,0,3.1295764e-07
0,0,2.9683181e-07
0,0,4.92097e-07
0,0,3.3382162e-07
0,0,3.6511003e-07
0,0,4.883499e-07
0,0,4.1776156e-07
0,0,3.2917632e-07
0,0,3.1892725e-07
1,1,0.9997342
0,0,3.6214365e-07
0,0,2.9321868e-07
0,0,3.1320664e-07
0,0,3.1907936e-07
0,0,5.1179853e-07
0,0,3.7120822e-07
0,0,6.361688e-07
0,0,3.9285288e-07
0,0,3.5021193e-07
0,0,3.3806404e-07
0,0,3.7007956e-07
0,0,2.8772286e-07
0,0,6.296687e-07
0,0,3.6054746e-07
0,0,1.0177662e-06
0,0,3.7101393e-07
0,0,3.4079838e-07
1,0,1.8133079e-06
0,0,3.0841437e-07
1,1,0.9999902
0,0,4.8233096e-07
0,0,3.208608e-07
1,1,0.9999784
1,0,7.051086e-07
0,0,3.2407073e-07
0,0,7.6782635e-07
0,0,8.218326e-07
0,0,3.6815473e-07
0,0,2.5630462e-07
0,0,3.1182137e-07
0,0,5.2272867e-07
1,1,0.99997437
0,0,3.7703197e-07
0,0,1.4314825e-06
0,0,5.762641e-07
0,0,4.0871083e-07
1,1,0.99998724
0,0,5.461081e-07
0,0,5.496663e-07
1,0,0.010306189
1,1,0.99998605
0,0,2.3374805e-06
0,0,6.87684e-07
0,0,3.0773506e-07
0,0,5.8105525e-07
0,0,3.3390918e-07
0,0,6.2397726e-07
0,0,1.8303834e-06
0,0,2.9596407e-07
0,0,3.3769123e-07
1,0,0.0005810191
1,0,0.0024949934
0,0,3.5879674e-07
1,1,0.9999912
0,0,7.4131356e-07
0,0,2.9556466e-07
0,0,3.6972506e-07
0,0,3.4539056e-07
0,0,3.741446e-07
0,0,3.301459e-07
0,0,2.883159e-07
0,0,4.4030426e-07
1,1,0.9999918
0,0,3.1807886e-07
0,0,4.0017432e-07
1,1,0.99998283
0,0,4.365575e-07
0,0,6.4614017e-07
1,1,0.9999821
0,0,4.366241e-07
0,0,5.5081136e-07
0,0,3.974242e-07
0,0,7.817311e-07
0,0,1.918626e-06
0,0,5.182766e-07
0,0,3.732344e-07
0,0,6.2402955e-07
0,0,4.166472e-07
0,0,5.7359284e-07
0,0,3.1404682e-07
0,0,3.8498155e-07
0,0,3.7461194e-07
0,0,5.576151e-07
0,0,2.878623e-07
0,0,3.3954066e-07
0,0,3.6170255e-07
0,0,2.3425173e-06
0,0,3.3246627e-07
0,0,9.361245e-07
0,0,3.9720177e-07
1,1,0.9999914
0,0,3.2382638e-07
0,0,3.8654545e-07
0,0,4.6509564e-07
0,0,3.6332884e-07
0,0,5.7019713e-07
0,0,3.6223346e-07
0,0,5.6593035e-07
0,0,2.9871856e-07
0,0,4.0629556e-07
0,0,4.603106e-07
0,0,3.540537e-07
0,0,3.962087e-07
0,0,4.1554125e-07
0,0,3.1604088e-07
0,0,3.204043e-07
0,0,4.9032155e-07
0,0,6.0533984e-07
0,0,2.9891405e-07
0,0,5.461935e-07
0,0,3.4549666e-07
0,0,5.695298e-07
1,0,3.787026e-07
0,0,1.1971692e-06
0,0,6.8442444e-07
0,0,5.458743e-07
0,0,3.32993e-07
0,0,4.2340497e-07
0,0,4.921261e-07
0,0,4.0468456e-07
0,0,4.8448203e-07
0,0,2.677829e-07
0,0,3.084885e-07
1,1,0.99989295
0,0,6.3631927e-07
0,0,4.8932935e-07
0,0,5.595099e-07
0,0,3.5967858e-07
1,0,8.353643e-06
0,0,5.737531e-07
0,0,6.0282673e-06
0,0,3.8925256e-07
0,0,2.9760903e-07
0,0,3.3715673e-07
0,0,5.2439435e-07
0,0,2.7264392e-07
0,0,3.5852412e-07
0,0,3.4569572e-07
0,0,4.972372e-07
0,0,2.8840418e-07
0,0,5.215127e-07
0,0,3.49716e-07
0,0,3.3946424e-07
0,0,3.7409143e-07
1,0,7.406843e-06
0,0,7.541144e-07
0,0,3.29344e-07
1,1,0.99998105
0,0,3.5386802e-07
0,0,2.7995029e-07
0,0,6.7386225e-07
0,1,0.99846065
0,0,4.2119635e-07
0,0,4.0415193e-07
0,0,4.4300663e-07
0,0,3.2031443e-07
0,0,6.286433e-07
0,0,6.1315274e-07
0,0,4.781719e-07
0,0,3.8987076e-07
0,0,2.9505492e-07
0,0,5.2417136e-07
0,0,1.0628629e-06
0,0,3.7454265e-07
0,0,6.755493e-07
0,0,4.100214e-07
0,0,6.074257e-07
0,0,4.615317e-07
0,0,5.2006396e-07
0,0,7.6418355e-06
0,0,4.5108848e-07
0,0,9.692436e-05
0,0,5.7914883e-07
0,0,9.366361e-07
0,0,3.2302626e-07
0,0,3.0916468e-07
0,0,1.3977863e-06
0,0,7.2342453e-07
0,0,3.9714573e-07
0,0,6.15579e-07
0,0,3.7198748e-07
0,0,6.1323226e-07
0,0,2.9290177e-07
0,0,5.5965455e-07
1,1,0.9999888
1,1,0.99545705
1,1,0.9999821
0,0,4.2397144e-07
0,0,7.515219e-07
0,0,5.7689425e-07
0,0,8.42139e-07
0,0,1.0720719e-06
0,0,7.9025824e-07
0,0,5.7252055e-07
0,0,4.790126e-07
0,0,3.4134484e-07
1,1,0.99998236
0,0,4.1986368e-07
0,0,4.4154135e-07
0,0,3.9024948e-07
0,0,7.998725e-07
0,0,3.8975665e-07
0,0,8.0311105e-07
0,0,3.5212958e-07
0,0,1.9581848e-06
0,0,4.642262e-07
0,0,7.201013e-07
0,0,4.681332e-07
1,0,4.471651e-07
0,0,2.985716e-07
0,0,5.4818486e-07
1,1,0.9999888
0,0,4.1430428e-07
0,0,8.85672e-07
0,0,4.350177e-07
0,0,2.758983e-07
0,0,3.9572646e-07
0,0,3.5947969e-07
0,0,3.6762285e-07
1,0,1.936357e-06
0,0,3.566897e-07
0,0,3.2651528e-07
0,0,3.4436178e-07
0,0,3.7206766e-07
0,0,4.4340902e-07
0,0,3.2475108e-07
0,0,4.1985848e-07
0,0,3.9387479e-07
1,1,0.99992204
0,0,2.9940674e-07
0,0,2.912022e-07
0,0,3.4388265e-07
0,0,1.1435525e-06
0,0,7.584403e-07
0,0,4.1660627e-07
0,0,4.8435636e-06
0,0,4.050073e-07
0,0,4.053953e-07
0,0,3.5469716e-07
0,0,4.5993934e-07
0,0,3.4148192e-07
0,0,3.3797798e-07
0,0,3.340095e-07
0,0,2.809222e-07
1,1,0.5564182
0,0,3.1013508e-07
0,0,8.017046e-07
0,0,3.0751445e-07
0,0,5.5827707e-07
0,0,3.240259e-07
0,0,3.3040604e-07
0,0,4.3984932e-07
0,0,3.200369e-07
1,0,0.0038254645
0,0,2.4880167e-06
0,0,3.0820854e-07
0,0,5.1782257e-07
0,0,1.1407988e-06
0,0,0.0027192258
0,0,1.4667015e-06
0,0,3.631712e-07
0,0,3.9997363e-07
0,0,7.7845027e-07
0,0,3.3573917e-07
0,0,3.7034826e-07
1,1,0.9929402
0,0,8.1607806e-07
1,1,0.9999701
0,0,3.5530113e-07
0,0,3.6910464e-07
0,0,5.103772e-07
0,0,9.084529e-07
1,1,0.9998497
0,0,3.6098783e-07
0,0,9.070374e-07
0,0,3.8021997e-07
1,1,0.99999046
0,0,3.7313154e-07
0,0,4.0964076e-07
0,0,3.5506878e-07
1,1,0.9999893
0,0,3.4475872e-07
0,0,3.8993625e-07
0,0,3.209364e-07
0,0,6.210427e-07
0,0,3.5656623e-07
1,0,2.2409683e-06
0,0,5.2032044e-07
0,0,3.489394e-07
0,0,3.543996e-07
0,0,3.2884498e-07
0,0,3.1644078e-07
0,0,5.049144e-07
0,0,1.1136923e-06
0,0,2.1775963e-06
1,0,0.03650091
0,0,5.693577e-06
0,0,3.6271155e-07
0,0,4.83361e-07
0,0,1.1215433e-06
0,0,8.988492e-07
0,0,4.1851285e-07
0,0,1.3198206e-06
0,0,3.743473e-07
0,0,3.253444e-07
0,0,4.567345e-07
0,0,6.837772e-07
0,0,2.965109e-06
0,0,3.7672788e-07
0,0,4.943534e-07
0,0,3.1704099e-07
0,0,3.0880548e-07
0,0,3.2961424e-07
0,0,9.505915e-07
0,0,3.9677096e-07
0,0,3.5338683e-06
1,1,0.99996793
1,0,0.016171746
0,0,2.931007e-07
0,0,0.0015594512
0,0,1.4137612e-06
0,0,5.073326e-07
1,1,0.999824
0,0,3.3655277e-07
0,0,3.8349418e-07
0,0,1.3353692e-06
0,0,4.5960084e-07
0,0,3.507561e-07
0,0,9.651708e-07
0,0,9.3537216e-07
0,0,4.456627e-07
0,0,8.085667e-07
0,0,1.5327932e-06
0,0,5.887944e-07
0,0,6.0949725e-07
0,0,3.2253251e-07
0,0,3.231076e-07
0,0,3.1058346e-07
0,0,5.078166e-07
0,0,3.6315356e-07
0,0,6.351577e-07
0,0,3.561533e-07
0,0,3.0189923e-07
1,1,0.9999876
0,0,6.365475e-07
0,0,3.2062985e-07
0,0,1.1975872e-06
0,0,3.6911942e-07
0,0,5.3017413e-07
0,0,4.3425916e-07
0,0,4.0421244e-07
0,0,4.0670804e-07
0,0,4.9080813e-07
0,0,5.25604e-07
0,0,5.499841e-07
1,1,0.9999584
0,0,3.9534547e-07
0,0,4.3169013e-05
0,0,3.4184558e-07
0,0,3.1076866e-07
0,0,2.9618118e-07
0,0,4.7835067e-07
0,0,6.22692e-07
0,0,3.8398454e-07
0,0,5.6411335e-07
0,0,7.8310035e-07
0,0,3.0365513e-07
0,0,4.308664e-06
0,0,7.531829e-07
0,0,5.8886855e-07
0,0,6.7681196e-07
0,0,3.3794865e-07
0,0,5.351503e-07
0,0,3.915016e-07
0,0,3.0498668e-07
0,0,1.2889445e-06
0,0,2.9834388e-07
0,0,5.766027e-07
0,0,4.9735667e-07
0,0,3.0291093e-07
0,0,4.869728e-06
0,0,3.2349178e-07
0,0,4.6343794e-07
0,0,2.8011186e-07
0,0,4.976319e-07
0,0,3.6509508e-07
0,0,1.059589e-06
0,0,6.9456564e-07
0,0,4.5511533e-07
0,0,3.9425962e-07
0,0,6.4728977e-07
0,0,3.2538782e-07
0,0,3.604938e-07
1,1,0.9903599
0,0,3.5194896e-07
1,0,0.018556831
0,0,4.061305e-07
0,0,6.227544e-07
0,0,4.0188922e-07
0,0,7.105806e-07
0,0,4.7329198e-07
0,0,1.0852824e-06
0,0,4.1776954e-07
0,0,8.930799e-07
0,0,2.261851e-06
0,0,3.146911e-07
1,0,0.00017904454
0,0,6.112663e-07
0,0,3.5891446e-07
0,0,3.991186e-07
0,0,3.1852935e-07
1,1,0.9999659
1,1,0.9998696
1,1,0.9999422
0,0,4.5797628e-07
0,0,4.1787314e-07
0,0,4.976091e-07
0,0,4.016946e-07
0,0,5.5609473e-07
0,0,2.9699436e-07
0,0,7.3465424e-07
0,0,5.938619e-07
0,0,6.5093104e-07
0,0,2.741473e-07
0,0,4.7345407e-07
0,0,3.9953065e-07
0,0,7.8293823e-07
0,0,3.7247062e-07
0,0,4.0118388e-07
0,0,4.7293824e-07
1,1,0.99998486
1,1,0.9999912
0,0,3.4138262e-07
0,0,2.8519153e-07
0,0,5.2494727e-07
0,0,1.2505647e-06
0,0,3.9777117e-07
0,0,3.8314653e-07
1,0,0.00036970666
0,0,3.0411738e-07
0,0,4.1731877e-07
0,0,7.224338e-07
0,0,6.634701e-07
0,0,3.6230466e-07
0,0,6.9598264e-07
0,0,3.0358967e-07
0,0,6.9698694e-07
0,0,3.1804763e-07
1,1,0.9999833
0,0,5.1430163e-07
0,0,3.4045502e-07
0,0,5.836288e-07
1,0,4.7607547e-05
0,0,4.315739e-07
0,0,4.474155e-07
0,0,5.3890835e-07
0,0,2.094745e-06
0,0,4.963588e-07
0,0,3.6201175e-07
0,0,4.6146786e-07
0,0,4.7294364e-07
0,0,4.42079e-07
0,0,2.8689402e-07
0,0,6.8297436e-07
0,0,3.1889164e-07
0,0,1.4207084e-06
0,0,4.2527054e-07
0,0,3.154074e-07
0,0,3.265075e-07
1,1,0.99998105
0,0,3.4823069e-07
0,0,3.0914052e-07
0,0,2.2294148e-06
0,0,4.657801e-07
0,0,4.5654204e-07
0,0,4.0049122e-07
0,0,8.271834e-07
0,0,4.9018786e-07
0,0,3.0427287e-07
0,0,6.1014634e-07
0,0,8.2653366e-07
0,0,5.5725384e-05
0,0,4.1317145e-07
0,0,0.0017945076
0,0,4.4479057e-07
0,0,3.6160046e-07
0,0,3.654162e-07
1,1,0.999979
0,0,3.7921e-07
0,0,4.084081e-07
0,0,7.1143963e-06
0,0,8.258679e-07
0,0,8.855758e-07
0,0,4.2318857e-07
0,0,4.802311e-07
0,0,9.846024e-07
0,0,5.5623156e-07
0,0,3.995695e-07
0,0,4.122935e-06
0,0,5.052275e-07
0,0,4.217734e-06
0,0,9.905783e-07
0,0,4.7080562e-07
1,1,0.65531164
0,0,4.4029835e-07
0,0,3.0146364e-07
1,1,0.99999225
0,0,2.9078706e-07
0,0,4.81282e-07
0,0,2.947905e-07
0,0,3.159604e-07
0,0,6.2905593e-07
0,0,6.444202e-07
0,0,1.3010698e-06
0,0,3.1988034e-07
0,0,3.1146888e-07
0,0,3.9749662e-07
0,0,5.00666e-07
0,0,8.3837597e-07
0,0,3.55083e-07
0,0,4.6369703e-07
0,0,4.6979335e-07
0,0,3.340143e-07
0,0,5.060154e-07
0,0,3.6983542e-07
0,0,6.4575516e-07
0,0,1.4856954e-06
0,0,6.2813154e-07
0,0,1.0010208e-06
0,0,2.943562e-07
0,0,4.371512e-07
0,0,3.9814157e-07
0,0,1.1206131e-06
0,0,4.1597303e-07
0,0,3.7412357e-07
0,0,7.540705e-07
0,0,5.06995e-07
0,0,5.296339e-07
0,0,6.7877767e-07
0,0,6.647411e-07
0,0,3.4773717e-07
1,1,0.999982
0,0,5.308288e-07
0,0,1.0795873e-06
0,0,3.7163505e-07
0,0,1.4676698e-06
0,0,3.254524e-07
1,0,2.6802336e-05
1,1,0.9999882
0,0,3.934933e-07
0,0,8.823807e-07
0,0,3.515625e-07
0,0,5.2383257e-07
0,0,5.433574e-07
0,0,4.704919e-07
0,0,5.063108e-07
0,0,2.5835327e-06
0,0,4.3412624e-07
0,0,3.624949e-05
0,0,4.1474073e-07
1,1,0.99998033
0,0,4.907061e-07
1,1,0.9999598
0,0,3.1417594e-07
0,0,2.9074988e-07
0,0,5.4012986e-07
0,0,1.0843947e-06
0,0,4.022428e-07
0,0,5.99125e-07
0,0,6.270033e-07
0,0,3.5563605e-07
0,0,5.2093316e-07
0,0,3.7739997e-07
0,0,2.8451348e-07
0,0,4.9862854e-07
0,0,6.751681e-07
0,0,4.803392e-07
0,0,5.662013e-07
0,0,4.2122326e-07
0,0,5.1626046e-07
0,0,1.6221497e-06
0,0,4.9698116e-07
0,0,6.618617e-07
0,0,7.138708e-07
0,0,2.8221325e-07
0,0,3.1474875e-07
0,0,3.470752e-07
1,1,0.9997378
1,0,9.062429e-06
0,0,3.951427e-07
0,0,3.2172275e-07
0,0,4.6314372e-07
0,0,3.8660667e-07
1,0,6.282112e-07
0,0,5.80425e-07
0,0,2.737554e-07
0,0,3.3906304e-07
0,0,4.6566996e-07
0,0,3.806281e-07
1,1,0.9999813
0,0,2.9749782e-07
0,0,2.83802e-05
0,0,5.428379e-07
0,0,3.8752913e-07
0,0,4.5909619e-07
0,0,6.624174e-07
0,0,2.6113355e-06
0,0,3.6798485e-07
0,0,5.0723486e-07
0,0,4.2056737e-07
0,0,4.178851e-07
0,0,4.1957188e-07
0,0,4.3108156e-07
0,0,3.4659297e-07
0,0,5.1646384e-07
1,1,0.9999865
0,0,9.2827275e-07
0,0,2.915568e-07
0,0,3.2420522e-07
1,0,1.37918005e-05
0,0,3.6230878e-07
0,0,3.0653942e-07
0,0,7.937364e-06
0,0,3.7583544e-07
0,0,3.518295e-07
0,0,3.9333122e-07
0,0,4.3853163e-07
0,0,5.7009277e-07
0,0,3.5990985e-07
0,0,3.163554e-07
0,0,4.0254824e-07
0,0,3.3560954e-07
0,0,7.807602e-07
0,0,3.7462732e-07
0,0,3.4299046e-07
1,0,0.013543861
0,0,1.6644376e-06
0,0,4.5472743e-07
0,0,1.3705338e-06
0,0,3.826926e-07
0,0,8.7740966e-07
0,0,4.3159613e-07
0,0,4.758482e-07
0,0,5.822445e-07
0,0,3.658587e-07
0,0,3.4833792e-07
0,0,4.780248e-05
0,0,5.564857e-07
0,0,3.3254935e-07
0,0,3.742174e-07
0,0,1.0552909e-06
0,0,4.914343e-07
0,0,4.786774e-07
0,0,3.8242118e-07
0,0,3.3400187e-07
0,0,3.6486185e-07
0,0,3.1114706e-07
1,1,0.9999944
0,0,3.2294557e-07
0,0,5.858695e-07
0,0,7.504812e-07
0,0,4.948001e-07
0,0,3.8958757e-07
0,0,3.3365802e-07
0,0,5.285294e-07
0,0,6.1084967e-07
0,0,5.430999e-07
0,0,1.0034945e-06
0,0,3.91673e-07
0,0,4.46833e-07
0,0,5.02663e-07
0,0,3.4550524e-07
0,0,7.191323e-07
0,0,4.2856632e-07
0,0,2.0039504e-06
0,0,3.056596e-07
0,0,3.8864945e-07
0,0,5.0892487e-07
0,0,4.6689726e-07
0,0,5.3312397e-07
0,0,7.698156e-07
0,0,2.9478602e-07
0,0,4.6847484e-07
0,0,4.659827e-07
0,0,2.898736e-07
0,0,3.581448e-07
0,0,4.540064e-07
0,0,5.1087244e-07
0,0,3.6108563e-07
0,0,7.702863e-07
0,0,4.7212708e-07
0,0,5.5298614e-07
0,0,4.2947667e-07
0,0,3.2970917e-07
1,1,0.9999877
1,1,0.99997985
1,1,0.9996952
0,0,7.404911e-07
0,0,5.8408426e-07
0,0,4.771506e-07
1,1,0.9999838
0,0,2.9655905e-07
0,0,4.433549e-07
0,0,4.7840723e-07
0,0,4.030357e-07
0,0,3.4864436e-07
0,0,3.144631e-07
0,0,5.267099e-07
0,0,4.0383253e-07
0,0,1.2776638e-05
1,0,0.014581804
1,1,0.9999889
1,1,0.99994826
0,0,3.077298e-07
0,0,3.1777324e-07
0,0,5.2503384e-07
0,0,3.8284045e-07
0,0,4.339338e-07
0,0,4.0376784e-07
0,0,3.7878277e-07
0,0,5.4522496e-07
0,0,3.467133e-07
0,0,3.4515745e-07
0,0,5.668313e-07
0,0,3.1742675e-07
1,0,0.02573577
1,0,3.7571144e-07
1,1,0.9999902
0,0,5.370614e-07
0,0,3.380808e-07
0,0,8.147312e-07
1,1,0.99998856
1,0,0.014333574
0,0,3.3667672e-07
0,0,6.016971e-07
0,0,6.514999e-07
0,0,2.404483e-06
0,0,4.1655701e-07
0,0,4.571969e-07
0,0,5.3722835e-07
0,0,5.252407e-07
0,0,3.940431e-07
0,0,3.4370134e-07
0,0,3.4033525e-07
0,0,4.4376776e-07
0,0,5.671163e-07
0,0,4.9764037e-07
0,0,6.8968717e-07
0,0,5.488105e-07
0,0,3.4166956e-07
0,0,3.869412e-07
0,0,7.178003e-07
1,1,0.9999385
0,0,5.96068e-07
0,0,3.1886913e-07
0,0,4.2587772e-07
0,0,8.0735396e-07
0,0,4.5076294e-07
0,0,3.3140518e-07
0,0,6.866263e-07
0,0,5.9559864e-07
0,0,4.004026e-07
1,1,0.99989367
0,0,3.9547294e-07
0,0,3.3599864e-07
0,0,3.0718383e-07
0,0,5.586376e-07
0,0,7.2405817e-07
0,0,4.0651219e-07
0,0,3.061748e-07
0,0,4.4284272e-07
0,0,6.734794e-07
0,0,1.1319125e-06
1,1,0.99856
0,0,3.799528e-07
0,0,5.528949e-07
0,0,6.587685e-07
0,0,4.4134094e-07
0,0,4.934269e-07
1,0,0.19117917
0,0,6.4786474e-07
0,0,4.048567e-07
0,0,3.991848e-07
0,0,5.358827e-07
0,0,7.8850036e-07
0,0,3.6660893e-07
0,0,9.0901443e-07
0,0,4.1261586e-07
0,0,3.609121e-07
0,0,4.5288462e-07
0,0,2.8698133e-07
0,0,2.868147e-07
0,0,5.986213e-07
0,0,3.5821685e-07
0,0,3.814581e-07
0,0,3.039811e-07
0,0,4.2907956e-07
0,0,1.7136798e-06
0,0,3.7170025e-07
0,0,3.898507e-07
0,0,3.364164e-07
0,0,8.88285e-07
0,0,4.5075564e-07
0,0,2.806796e-07
0,0,3.6222485e-07
0,0,5.620931e-07
0,0,9.728121e-07
0,0,5.9755865e-07
0,0,4.119302e-07
0,0,1.1047686e-06
1,1,0.9999876
0,0,3.3331455e-07
0,0,3.2576975e-07
0,0,1.0528391e-06
0,0,2.0108116e-06
0,0,1.2047535e-06
0,0,3.144301e-07
0,0,3.1362958e-07
0,0,2.8507216e-07
0,0,1.5927558e-06
0,0,3.4141158e-07
0,0,7.2315964e-07
0,0,3.4999826e-07
0,0,1.2299583e-06
0,0,2.7606094e-07
0,0,8.625307e-07
0,0,3.6966193e-07
0,0,6.784599e-07
0,0,4.926276e-07
0,0,6.9923595e-07
0,0,3.3407832e-07
0,0,2.9323544e-07
0,0,3.1958794e-07
0,0,4.777999e-07
0,0,3.1765356e-07
0,0,7.0271614e-07
0,0,7.476509e-07
0,0,4.02877e-07
0,0,7.866595e-07
0,0,5.870485e-07
0,0,3.272045e-07
0,0,3.3083927e-07
0,0,4.0111578e-07
0,0,3.369716e-07
0,0,5.875368e-07
1,1,0.99999166
0,0,3.8020946e-07
0,0,2.4676285e-06
0,0,3.9207512e-07
0,0,3.0034278e-07
0,0,3.1371953e-06
0,0,4.2556266e-07
0,0,5.049654e-07
0,0,1.1678153e-06
0,0,6.7584705e-07
0,0,5.1650073e-07
0,0,2.8821145e-07
0,0,3.7201124e-07
0,0,4.331862e-07
0,0,6.806452e-07
0,0,4.0502974e-07
0,0,3.7211382e-07
0,0,3.3776368e-07
0,0,3.328457e-07
0,0,7.9337997e-07
0,0,6.804459e-07
0,0,5.8968345e-07
0,0,1.774275e-06
0,0,3.859167e-07
0,0,3.4046835e-07
0,0,2.852688e-07
1,0,4.966315e-07
0,0,1.4133055e-06
1,0,3.325257e-06
0,0,3.2655606e-07
0,0,3.2196397e-07
0,0,3.9536621e-07
1,1,0.9999926
0,0,3.5425836e-07
0,0,3.352413e-07
0,0,6.366009e-07
0,0,5.126054e-07
1,1,0.999912
0,0,1.3899028e-05
0,0,1.3628517e-06
0,0,2.970357e-07
0,0,4.0005298e-07
0,0,4.5407913e-07
0,0,5.7331664e-07
0,0,8.6172173e-07
0,0,4.7167524e-07
0,0,6.618958e-07
0,0,3.2396906e-07
0,0,4.2612632e-07
0,0,3.2369576e-07
0,0,8.456006e-05
0,0,9.892416e-07
0,0,4.0207402e-07
0,0,5.718581e-07
0,0,5.802246e-07
0,0,3.208152e-07
0,0,1.2272586e-05
0,0,5.8898655e-07
0,0,0.22644137
0,0,5.28841e-07
0,0,3.4191336e-07
0,0,4.6278782e-07
0,0,3.0068324e-07
1,0,3.7699814e-07
0,0,3.7778926e-07
0,0,2.094937e-06
0,0,3.626607e-07
0,0,1.1267063e-06
0,0,3.3828172e-07
0,0,3.81008e-07
0,0,5.789136e-07
0,0,3.0550746e-07
1,1,0.99992895
0,0,3.266595e-07
0,0,6.4708365e-07
0,0,3.509187e-07
0,0,0.015170559
0,0,6.113858e-07
0,0,5.207116e-07
0,0,4.1424818e-07
0,0,4.1966632e-07
1,1,0.99991345
0,0,9.741556e-07
0,0,5.4264115e-07
0,0,3.124307e-07
0,0,0.00014677714
0,0,8.1989583e-07
0,0,2.9564472e-07
0,0,2.952494e-07
1,1,0.99998903
0,0,1.3814963e-06
1,0,1.4214321e-06
0,0,3.2246362e-07
0,0,1.8475952e-06
0,0,1.2238868e-06
0,0,3.1527657e-07
0,0,3.466981e-07
0,0,3.4432858e-07
0,0,5.6064545e-07
0,0,3.0794942e-07
0,0,3.603326e-07
0,0,3.113311e-07
0,0,3.239703e-07
0,0,4.8085167e-07
0,0,3.469081e-07
0,0,3.104665e-07
0,0,4.1674534e-07
0,0,3.3889395e-07
0,0,6.959375e-07
0,0,3.6444416e-07
0,0,4.1526394e-07
0,0,3.0840553e-07
0,0,3.821091e-07
0,0,3.6057363e-06
0,0,5.914181e-07
0,0,3.5475568e-07
0,0,4.4090763e-07
0,0,4.4959089e-07
1,1,0.99999285
0,0,3.131021e-07
0,0,2.887625e-07
0,0,5.8963167e-07
0,0,3.4764201e-07
0,0,3.2895602e-07
0,0,6.8671994e-07
0,0,1.0178167e-06
0,0,7.684329e-07
0,0,4.6689908e-07
0,0,3.6884916e-07
0,0,3.3234898e-07
0,0,6.0636194e-07
0,0,3.1966138e-07
0,0,1.10673e-06
0,0,3.2023962e-07
0,0,4.045468e-07
0,0,1.5342251e-06
1,1,0.9999875
0,0,3.72687e-07
0,0,5.7989604e-07
0,0,3.4487186e-07
0,0,5.2686113e-07
0,0,3.3234073e-07
0,0,3.8015796e-07
0,0,4.3601037e-07
0,0,4.153923e-07
0,0,3.6573348e-07
0,0,4.1910718e-07
0,0,3.2231483e-07
0,0,3.2846947e-07
0,0,2.7151913e-07
0,0,4.9190277e-07
0,0,1.2278475e-06
0,0,3.854687e-07
0,0,3.392956e-07
0,0,3.1870132e-07
0,0,2.8365142e-07
0,0,5.615873e-07
0,0,4.4169298e-07
0,0,3.6885902e-07
0,0,5.2638757e-07
0,0,4.1583067e-07
0,0,1.1300034e-06
0,0,3.5879742e-07
0,0,5.9403243e-07
0,0,5.922534e-07
0,0,3.394422e-07
0,0,9.543612e-07
0,0,2.9014438e-07
0,0,4.3202854e-07
0,0,5.129052e-07
0,0,4.0345066e-07
0,0,3.8562422e-07
0,0,1.0440742e-06
0,0,3.2168592e-07
0,0,3.5486227e-07
0,0,4.7280204e-07
0,0,4.7519785e-07
0,0,5.9717297e-07
0,0,3.1781144e-07
0,0,8.146792e-07
0,0,3.5370132e-07
0,0,3.8794067e-07
0,0,3.9401453e-07
0,0,3.8516478e-07
0,0,1.1559988e-06
1,0,5.2152814e-07
0,0,3.6039208e-07
0,0,1.6623103e-06
0,0,2.740017e-07
0,0,4.874505e-07
0,0,2.4240026e-06
0,0,5.402772e-07
0,0,5.2228364e-07
0,0,4.799482e-07
0,0,3.8470736e-07
0,0,0.00036458
0,0,4.0215994e-07
0,0,9.1989455e-07
0,0,3.1603065e-07
0,0,1.1894398e-06
0,0,7.8730943e-07
0,0,4.3925112e-07
0,0,3.7703052e-07
0,0,3.288318e-07
0,0,3.3967473e-07
0,0,5.114457e-07
0,0,3.4282007e-07
0,0,3.7173356e-07
1,0,3.768206e-07
0,0,7.2801316e-07
0,0,3.6606534e-07
0,0,8.230177e-07
0,0,3.8779422e-07
1,1,0.99980265
0,0,3.0249294e-07
0,0,4.7132764e-07
1,1,0.9999939
0,0,7.875242e-07
0,0,5.922048e-07
0,0,3.4938364e-07
0,0,3.315588e-07
0,0,1.2526307e-06
0,0,3.039666e-07
1,0,0.0067149764
0,0,3.650954e-07
0,0,4.383092e-07
0,0,4.318555e-07
1,1,0.99953663
0,0,3.432169e-07
1,1,0.99959034
0,0,4.3501853e-07
1,1,0.9999722
0,0,3.101117e-07
0,0,2.8913425e-07
0,0,3.126593e-07
0,0,3.429545e-07
0,0,3.2331965e-07
0,0,1.0230532e-06
0,0,6.1213495e-07
0,0,3.1826366e-07
0,0,2.9317226e-07
0,0,5.189606e-07
0,0,3.8708552e-07
0,0,5.38559e-07
0,0,4.2439783e-07
0,0,4.1726307e-07
1,0,6.610744e-07
0,0,3.2919138e-07
0,0,4.5286652e-07
0,0,3.9783794e-07
0,0,3.074054e-07
0,0,3.1123548e-07
0,0,4.682337e-06
0,0,3.3217785e-07
0,0,1.5115834e-06
0,0,3.3240664e-07
0,0,3.516155e-07
0,0,4.504776e-07
0,0,6.975947e-06
0,0,5.792444e-07
1,1,0.99973077
0,0,3.036502e-07
0,0,2.494517e-06
0,0,9.2325894e-07
0,0,3.1996913e-07
0,0,7.0274297e-07
0,0,4.1046002e-07
0,0,4.0846106e-07
0,0,8.2313153e-07
1,1,0.9999858
0,0,3.4654008e-07
0,0,5.47501e-07
0,0,4.850983e-07
0,0,8.937599e-07
0,0,4.560886e-07
0,1,0.99987924
0,0,2.8127337e-07
1,0,6.942956e-05
0,0,5.2975616e-07
0,0,3.017162e-07
0,0,3.661666e-07
0,0,4.0226197e-07
0,0,4.912858e-07
0,0,5.556727e-07
0,0,3.360419e-07
0,0,3.432156e-07
0,0,7.5630237e-07
0,0,6.5872825e-07
0,0,4.867063e-07
0,1,0.9996407
1,1,0.99999225
0,0,4.6046821e-07
0,0,3.672227e-07
0,0,7.9369175e-07
0,0,2.0170723e-05
0,0,4.4785904e-07
0,0,3.5517917e-07
1,0,3.3605505e-05
1,0,0.10916908
0,0,3.4216848e-07
0,0,3.599696e-07
0,0,3.4854497e-07
0,0,2.789014e-07
1,1,0.9999919
0,0,3.3812853e-07
0,0,5.018415e-07
1,1,0.99982893
0,0,6.8153895e-07
1,0,0.04834901
0,0,3.6021925e-07
1,0,5.4558045e-06
0,0,8.430341e-07
0,0,3.3336096e-07
0,0,3.1935394e-07
0,0,4.9422613e-07
0,0,5.7487864e-07
0,0,7.510705e-07
0,0,9.024206e-06
0,0,5.998945e-07
0,0,3.0203978e-07
0,0,5.8130354e-07
0,0,1.8260525e-06
0,0,3.644953e-07
0,0,4.3575844e-07
0,0,2.9223324e-07
0,0,3.894806e-07
0,0,8.6472977e-07
0,0,4.7726934e-07
0,0,3.8220387e-07
1,0,5.3273516e-07
0,0,5.895828e-07
0,0,6.0484643e-07
0,0,4.3548013e-07
0,0,7.3085977e-07
0,0,3.6658236e-07
0,0,9.598918e-07
0,0,4.4414372e-07
0,0,1.0525058e-06
0,0,3.7498083e-07
0,0,5.65413e-07
0,0,1.318037e-06
0,0,3.3177008e-07
0,0,3.5287118e-07
0,0,3.4239892e-07
0,0,3.0610883e-07
0,0,4.86119e-07
0,0,3.0292594e-07
0,0,3.6277692e-07
1,1,0.99998283
0,0,3.9606778e-07
0,0,3.163391e-07
0,0,3.9019216e-07
1,1,0.9999559
0,0,3.854595e-07
1,1,0.9999646
0,0,3.310091e-07
0,0,3.534498e-07
0,0,1.074466e-06
0,0,2.6956263e-07
0,0,3.483984e-07
1,1,0.9999709
0,0,5.7158655e-07
0,0,8.993783e-07
0,0,1.4028743e-06
0,0,3.4143602e-07
0,0,4.4858274e-07
0,0,3.2390727e-07
0,0,6.809841e-07
1,1,0.9999751
0,0,4.322643e-07
0,0,4.4110027e-07
0,0,5.606337e-07
0,0,8.809799e-07
0,0,4.4310886e-07
0,0,3.6669496e-07
0,0,1.2626297e-06
0,0,4.5926785e-07
0,0,4.2906646e-07
0,0,3.2907462e-07
0,0,2.9363815e-07
0,0,8.0084646e-07
0,0,2.85602e-07
0,0,8.558226e-07
0,0,4.7514624e-07
0,0,4.3510235e-07
0,0,8.1946433e-07
1,0,1.1875439e-05
0,0,4.1582388e-07
0,0,3.6274233e-07
0,0,3.6261818e-07
1,1,0.9999759
0,0,1.1832286e-06
0,0,4.0836525e-07
0,0,8.796855e-06
0,0,1.1887164e-06
0,0,3.2487497e-07
1,0,0.0013931195
0,0,5.0917885e-07
0,0,1.3235667e-06
0,0,3.5645064e-07
0,0,4.164283e-07
0,0,4.4549992e-07
0,0,1.0610805e-06
0,0,2.8899888e-07
0,0,4.6505443e-07
1,1,0.999936
0,0,2.074323e-05
0,0,6.3491177e-07
1,1,0.9999232
0,0,3.7081018e-06
0,0,3.7731542e-07
0,0,7.2241033e-07
0,0,4.4494627e-07
0,0,4.263243e-07
0,0,2.7460575e-07
0,0,2.9681598e-07
0,0,4.0917692e-07
0,0,3.280187e-07
0,0,1.1365224e-06
1,1,0.9999844
0,0,4.6352503e-07
0,0,3.2203585e-07
0,0,5.349564e-07
0,0,4.225659e-07
0,0,3.8928152e-07
0,0,8.8240256e-07
1,1,0.99998724
1,1,0.9999522
0,0,3.9504246e-07
0,0,5.393912e-07
0,0,1.1205127e-06
0,0,4.022723e-07
0,0,3.1023535e-07
0,0,1.552251e-06
0,0,1.1223608e-06
0,0,3.5540074e-07
0,0,4.956341e-07
0,0,3.6271848e-07
0,0,4.986119e-07
0,0,1.2098565e-06
0,0,3.1816504e-07
0,0,1.8484428e-05
1,1,0.9999616
0,0,6.0796356e-07
0,0,3.4308468e-07
0,0,5.151141e-07
0,0,3.1154494e-07
0,0,9.429148e-06
0,0,3.2552254e-07
0,0,5.3544136e-07
0,0,3.224544e-07
0,0,4.6829396e-07
0,0,3.24831e-07
0,0,3.053525e-07
0,0,3.354508e-07
0,0,3.45613e-07
0,0,4.0268725e-07
1,1,0.9999782
1,0,5.9443246e-06
0,0,3.859053e-07
0,0,4.0210622e-07
0,0,5.4793503e-07
0,0,3.1369422e-07
0,0,4.8569177e-07
0,0,3.3250748e-07
0,0,4.3822894e-07
1,0,0.47861627
0,0,6.409688e-07
1,1,0.99632794
0,0,3.7546678e-07
0,0,5.466698e-07
0,0,4.1388964e-07
0,0,3.1508348e-06
0,0,4.377419e-07
0,0,6.25697e-07
0,0,7.5591447e-07
0,0,2.8783842e-07
0,0,3.478181e-07
0,0,3.7322337e-07
0,0,3.7115973e-07
0,0,5.3465754e-07
0,0,4.3229682e-07
0,0,3.2763916e-07
0,0,3.0181923e-07
0,0,6.341807e-07
0,0,9.0758516e-07
0,0,2.7866082e-07
0,0,3.3909248e-07
0,0,2.1265073e-06
0,0,2.9146423e-07
0,0,4.96984e-07
0,0,1.4101646e-06
0,0,3.348448e-07
0,0,4.4004483e-07
0,0,4.8055e-07
1,0,3.5689832e-06
0,0,3.0419918e-07
1,1,0.9999664
0,0,4.7366856e-07
0,0,3.2197593e-07
0,0,3.1745216e-07
1,0,3.7332765e-07
0,0,2.7636872e-05
0,0,3.2667256e-07
0,0,4.196591e-07
0,0,8.0051353e-07
0,0,7.094092e-07
1,1,0.99996996
0,0,4.030561e-07
0,0,5.650432e-07
0,0,4.987208e-07
0,0,5.1398786e-07
0,0,3.523103e-07
0,0,2.447692e-06
0,0,3.4555134e-07
0,0,3.25835e-07
0,0,5.795046e-07
0,0,2.4372523e-06
0,0,3.8859682e-07
0,0,4.4670645e-07
0,0,3.0292276e-07
0,0,3.7817136e-07
0,0,3.2145743e-07
0,0,3.3518344e-07
0,0,3.4809815e-07
0,0,1.0910159e-06
1,1,0.9999809
1,1,0.99889874
0,0,3.947871e-07
0,0,6.833013e-07
1,0,1.2889003e-06
0,0,4.0119266e-07
0,0,4.323154e-07
0,0,3.335346e-07
0,0,4.776313e-07
0,0,1.2725108e-06
0,0,1.6754342e-06
1,1,0.99998736
1,1,0.99998915
0,0,6.870763e-07
0,0,6.051395e-07
0,0,8.1855364e-07
0,0,3.5112558e-07
0,0,4.357252e-07
0,0,3.9628463e-07
1,1,0.9996594
0,0,4.952221e-07
0,0,4.7598752e-07
0,0,4.2228268e-07
1,1,0.9992059
0,0,5.907614e-07
0,0,3.4878073e-07
0,0,3.097904e-07
1,0,0.00045268962
0,0,3.0292276e-07
0,0,3.4687005e-07
0,0,4.4118525e-07
0,0,3.090462e-07
0,0,3.0830378e-07
1,0,0.13140582
0,0,1.0846844e-06
0,0,3.477249e-07
0,0,5.2156395e-07
0,0,3.6701894e-07
1,1,0.9999604
0,0,5.349401e-07
0,0,3.526051e-07
0,0,8.7201084e-07
0,0,4.5781906e-07
0,0,3.9578612e-07
0,0,4.4067812e-07
0,0,5.111556e-07
0,0,3.0558672e-07
0,0,3.881901e-07
0,0,5.7013295e-07
0,0,2.9584243e-07
0,0,9.005799e-07
0,0,6.438594e-07
0,0,5.5497544e-06
0,0,3.540905e-07
1,0,6.734697e-07
0,0,8.1442823e-07
0,0,3.1644802e-07
0,0,5.0339213e-07
0,0,9.368631e-07
0,0,3.6522422e-07
0,0,3.856731e-06
0,0,3.2946966e-07
0,0,4.1984083e-07
0,0,5.7253146e-07
0,0,5.6689294e-07
0,0,5.855734e-07
0,0,1.138562e-06
0,0,7.6753724e-07
0,0,5.389156e-07
1,1,0.99983263
0,0,8.3777974e-07
0,0,3.2471175e-07
0,0,3.6816667e-07
0,0,3.7724703e-07
0,0,3.643257e-07
0,0,3.693779e-07
0,0,3.144157e-07
0,0,5.812437e-07
0,0,3.8978973e-07
0,0,3.878593e-07
0,0,5.004674e-07
0,0,3.021746e-07
0,0,3.5667847e-07
0,0,3.9915892e-07
0,0,1.5139407e-06
0,0,3.0660433e-07
0,0,7.2126903e-07
0,0,4.094072e-07
0,0,3.2291354e-07
0,0,4.35879e-07
0,0,2.9031764e-07
0,0,4.791908e-07
0,0,9.740776e-07
0,0,3.809811e-07
0,0,3.6173222e-07
0,0,3.6230153e-07
0,0,5.7918635e-07
0,0,3.328622e-07
0,0,5.2562473e-06
0,0,3.5237818e-07
0,0,2.9558552e-07
0,0,3.9835086e-07
0,0,3.0270877e-07
0,0,3.182597e-07
1,0,1.5007964e-05
0,0,1.2218575e-06
0,0,3.2709343e-07
0,0,7.477664e-07
0,0,7.710853e-07
0,0,4.0589316e-07
0,0,5.386268e-07
0,0,4.980506e-07
0,0,4.7242344e-07
0,0,3.7307248e-07
0,0,4.6558472e-07
0,0,3.013349e-07
0,0,4.247104e-07
0,0,3.9735752e-07
1,0,7.079683e-07
0,0,5.2147493e-07
0,0,3.6312306e-07
0,0,5.182563e-07
0,0,4.118634e-07
0,0,4.3493887e-07
0,0,3.2628077e-06
0,0,4.6114366e-07
0,0,5.61205e-07
0,0,4.3864037e-07
1,1,0.99991095
0,0,3.069121e-07
0,0,7.446356e-06
0,0,4.7508638e-07
0,0,5.128387e-07
0,0,5.5014516e-07
0,0,3.99146e-07
0,0,6.9612867e-07
0,0,1.1991391e-06
0,0,4.080721e-07
0,0,1.958975e-06
0,0,3.134203e-07
0,0,3.3922282e-07
1,1,0.99998724
0,0,6.8359856e-07
0,0,3.93092e-07
0,0,1.02158e-06
1,0,0.00040338215
0,0,4.2113047e-07
0,0,8.667171e-07
0,0,6.1984733e-06
0,0,3.568993e-07
0,0,3.6934406e-07
0,0,9.125932e-07
0,0,7.021227e-07
0,0,3.5333588e-07
0,0,3.6360476e-07
1,1,0.999972
0,0,4.1328457e-07
1,0,5.435175e-07
0,0,5.307944e-07
0,0,5.2148687e-07
0,0,3.7029776e-07
0,0,3.6493736e-07
0,0,4.5125884e-07
0,0,5.33038e-07
0,0,4.900775e-07
0,0,6.098636e-07
0,0,4.853052e-07
1,0,7.5341563e-07
1,1,0.999984
1,1,0.9999474
0,0,3.269225e-07
0,0,2.9949214e-07
0,0,4.137728e-07
1,1,0.99998415
0,0,3.330565e-07
0,0,3.5869684e-07
0,0,1.2413251e-06
0,0,1.1611443e-06
0,0,3.2013793e-07
0,0,8.111958e-07
0,0,8.4913256e-07
0,0,5.605364e-07
0,0,5.627083e-07
0,0,3.142047e-07
0,0,2.1752464e-06
0,0,8.0808263e-07
0,0,1.0948528e-05
0,0,3.7412286e-07
0,0,2.8564938e-07
0,0,4.877211e-07
0,0,6.703894e-07
0,0,4.695188e-07
0,0,4.3083946e-07
0,0,3.636644e-07
0,0,3.1356768e-07
0,0,8.715228e-07
1,1,0.99998736
0,0,3.7271403e-07
0,0,6.515229e-07
0,0,5.263343e-07
0,0,2.97e-07
0,0,6.986827e-07
0,0,5.534209e-07
0,0,6.9670386e-07
1,1,0.99999094
0,0,6.098758e-07
0,0,3.216669e-07
0,0,7.2703136e-07
0,0,9.1143283e-07
0,0,4.0037207e-07
0,0,5.178986e-07
1,1,0.99995875
0,0,3.2223798e-07
0,0,6.666165e-07
0,0,5.646457e-07
0,0,6.8975424e-07
1,1,0.99998844
0,0,7.822457e-07
0,0,3.0062705e-07
0,0,8.4062486e-07
1,1,0.99978155
0,0,7.3587154e-07
0,0,2.778602e-07
0,0,1.5144561e-06
0,0,4.577405e-07
0,0,4.037682e-07
0,0,4.620928e-07
0,0,3.6467398e-07
0,0,3.259052e-07
1,1,0.99904877
0,0,3.8268277e-07
0,0,4.3072976e-07
0,0,1.0261596e-06
0,0,5.7512324e-07
0,0,1.2304428e-06
0,0,4.559555e-07
1,0,7.1729795e-07
0,0,3.2827094e-07
0,0,2.8506102e-07
1,0,0.00049333286
0,0,3.388639e-07
0,0,5.0049033e-07
0,0,3.5264878e-07
0,0,4.561386e-07
0,0,3.0728933e-07
0,0,3.1201859e-07
0,0,3.5480474e-07
0,0,7.933542e-07
0,0,6.1461986e-07
0,0,5.3914073e-07
0,0,4.892771e-07
0,0,3.3413502e-07
1,1,0.999887
0,0,4.760179e-07
0,0,6.155942e-07
1,1,0.99996567
0,0,5.2707475e-07
0,0,3.3650207e-07
0,0,7.688339e-07
0,0,3.183277e-07
0,0,2.9122165e-07
0,0,3.3580642e-07
0,0,2.9652842e-06
0,0,3.495386e-07
1,1,0.99998724
1,0,1.5907892e-05
0,0,3.5777714e-07
0,0,3.3676017e-07
0,0,2.3821085e-06
0,0,2.37358e-05
0,0,3.2574118e-07
0,0,2.52166e-06
0,0,5.06081e-07
0,0,8.294442e-07
0,0,4.5009585e-07
0,0,4.3392797e-07
0,0,1.0093493e-06
0,0,4.3326222e-07
0,0,3.397055e-07
0,0,1.6268255e-06
0,0,4.0907625e-07
0,0,3.8283497e-07
0,0,3.9013412e-07
0,0,2.829511e-07
0,0,6.0460076e-07
0,0,7.341444e-07
0,0,4.4016235e-07
0,0,4.9728743e-07
0,0,4.604054e-07
0,0,5.9549245e-07
1,1,0.99995553
0,0,5.041647e-07
0,0,2.0042944e-06
0,0,3.5602258e-07
0,0,7.350972e-07
0,0,5.645461e-07
0,0,5.971394e-07
0,0,4.7355203e-07
0,0,5.800797e-07
0,0,5.085203e-07
0,0,6.377485e-06
1,1,0.9999819
0,0,5.455657e-07
0,0,3.7966268e-07
0,0,2.884273e-07
0,0,7.519069e-07
0,0,3.4382427e-07
0,0,5.542628e-07
1,0,6.6070534e-06
0,0,4.856816e-07
0,0,1.6758847e-06
0,0,2.7547444e-06
0,0,4.0845094e-07
0,0,3.4128723e-07
0,0,1.5704525e-06
0,0,1.2646941e-06
0,0,2.900047e-07
0,0,5.202083e-07
0,0,4.1573387e-07
0,0,3.9644868e-07
0,0,5.558794e-07
0,0,3.4287078e-07
0,0,3.1409925e-07
0,0,3.4694813e-07
1,1,0.9998012
0,0,7.3486586e-07
0,0,4.81925e-07
0,0,2.323612e-06
0,0,3.5336487e-07
0,0,5.877453e-07
0,0,7.2245933e-07
0,0,3.29464e-07
0,0,3.5772666e-07
0,0,4.6106803e-07
0,0,2.757126e-07
0,0,3.651591e-07
0,0,8.104597e-07
0,0,3.7311872e-07
0,0,4.6336547e-07
0,0,3.189239e-07
1,0,0.001449268
0,0,5.964751e-07
0,0,3.823789e-07
0,0,1.1789192e-06
0,0,9.708501e-07
1,1,0.9978605
0,0,3.1725725e-07
0,0,5.4110615e-06
0,0,3.548829e-07
0,0,5.476378e-07
0,0,4.068888e-07
0,0,4.148855e-07
0,0,3.5503083e-07
0,0,3.9424984e-07
0,0,4.1159365e-07
0,0,2.888591e-06
0,0,5.8925957e-07
0,0,4.1372033e-07
0,0,3.5743543e-07
0,0,0.00010573422
0,0,4.3834683e-07
0,0,4.4229068e-07
0,0,0.00015617792
0,0,3.0524012e-07
0,0,4.1627686e-06
0,0,4.796773e-07
0,0,4.1583024e-07
0,0,3.1392315e-07
0,0,5.512433e-07
0,0,1.8056634e-06
0,0,2.9174203e-07
0,0,2.111968e-06
0,0,4.0466836e-07
0,0,8.477805e-07
0,0,5.77416e-07
0,0,4.8502613e-07
0,0,4.782558e-07
0,0,3.7375483e-07
0,0,3.7710458e-07
0,0,1.282583e-06
0,0,3.5756705e-07
0,0,5.8429043e-07
0,0,4.180872e-07
0,0,5.055542e-07
0,0,4.4438522e-07
0,0,6.7267183e-07
0,0,1.034794e-06
0,0,7.118143e-07
0,0,2.9484787e-07
0,0,3.413914e-07
0,0,4.1718476e-07
0,0,3.429208e-07
0,0,1.3274602e-06
0,0,0.0044591012
1,1,0.9999845
0,0,2.9080368e-07
0,0,6.885981e-07
0,0,1.1050046e-06
0,0,4.207812e-07
0,0,4.675545e-07
0,0,1.0754737e-06
0,0,2.702499e-07
0,0,2.911539e-07
1,1,0.99998736
0,0,3.7859425e-07
0,0,4.5499723e-07
0,0,9.25875e-07
0,0,5.3742974e-07
0,0,3.287929e-07
0,0,4.5022205e-07
0,0,1.8736216e-06
0,0,1.0887812e-06
0,0,3.662029e-07
0,0,4.6307082e-07
0,0,1.4606824e-06
0,0,5.056468e-07
0,0,4.4925142e-07
0,0,4.5803003e-07
0,0,3.2800745e-07
0,0,2.7711076e-07
1,0,4.0994246e-07
1,1,0.9998074
0,0,1.5689884e-06
0,0,4.4457852e-07
0,0,3.9348356e-07
0,0,3.5009873e-07
0,0,2.9954242e-07
0,0,3.585395e-07
0,0,4.1871564e-07
0,0,3.0359925e-07
0,0,3.0334485e-07
0,0,2.8065764e-07
0,0,7.4764375e-07
0,0,4.1731957e-07
0,0,8.4331236e-07
0,0,1.4724685e-06
0,0,3.2658193e-07
0,0,4.249142e-07
0,0,7.0792777e-07
0,0,3.338681e-07
1,1,0.99998856
0,0,4.6171087e-07
0,0,1.3197375e-06
0,0,3.5433743e-07
0,0,5.360923e-07
0,0,3.7495653e-07
1,0,0.00025225044
0,0,4.468748e-07
0,0,1.2681289e-06
0,0,3.3517006e-07
0,0,4.3959602e-07
0,0,2.9139778e-07
0,0,3.6586988e-07
0,0,3.9753263e-07
0,0,4.2397994e-07
0,0,1.7445382e-06
0,0,3.1006172e-07
0,0,5.2655423e-07
0,0,4.9952615e-07
0,0,2.8981887e-07
0,0,9.9181e-07
0,0,7.4196566e-07
0,0,7.3117207e-07
0,0,1.483597e-06
0,0,4.5059747e-07
0,0,5.064605e-07
1,1,0.99937785
1,0,0.028097345
0,0,5.585364e-07
0,0,4.4628368e-07
0,0,1.4134848e-06
0,0,5.130941e-07
0,0,5.034296e-07
0,0,3.5070323e-07
0,0,3.583672e-07
0,0,7.9964445e-07
0,0,4.6572814e-07
0,0,3.2908468e-07
0,0,4.352015e-07
1,0,0.01611561
0,0,4.6658036e-07
0,0,3.821193e-07
0,0,5.708185e-07
0,0,3.959824e-07
0,0,3.1726694e-07
1,0,1.38693695e-05
0,0,1.1476418e-06
0,0,6.4807426e-07
0,0,5.2941726e-07
0,0,3.1547597e-07
0,0,2.7238872e-07
0,0,5.69583e-07
0,0,8.314995e-07
0,0,3.2623205e-07
0,0,4.1820005e-07
0,0,5.480866e-07
0,0,3.4563905e-07
0,0,3.4380164e-07
0,0,8.745626e-07
0,0,3.1704494e-07
0,0,6.5456146e-07
0,0,3.7834087e-07
0,0,3.328295e-07
0,0,2.6925483e-07
0,0,2.3454925e-06
0,0,4.1807166e-07
0,0,3.0662247e-07
0,0,3.5872762e-07
0,0,4.8265355e-07
0,0,3.7790852e-07
0,0,5.1217006e-07
0,0,6.2354655e-07
1,1,0.9999877
0,0,5.8623505e-07
0,0,3.241539e-07
0,0,2.9021135e-07
0,0,4.253322e-07
0,0,4.8143806e-07
0,0,4.027894e-07
0,0,3.120427e-07
0,0,7.957305e-07
0,0,2.685742e-07
0,0,4.2327818e-07
0,0,4.116337e-07
0,0,6.1176765e-06
0,0,4.6537957e-07
0,0,3.1148048e-07
0,0,5.7853384e-07
0,0,3.471219e-07
0,0,6.578299e-07
1,1,0.9999802
0,0,4.0943493e-07
0,0,6.6857615e-07
0,0,4.1370652e-07
0,0,3.689234e-07
0,0,4.7052868e-07
0,0,3.7642118e-07
1,1,0.99998844
0,0,0.00057292375
0,0,3.010132e-07
0,0,9.4315976e-07
0,0,4.982934e-07
1,1,0.99415094
0,0,7.010427e-07
0,0,3.0091473e-07
0,0,3.1721794e-07
0,0,3.1699867e-07
0,0,3.6714005e-07
0,0,3.335893e-07
0,0,3.7206163e-07
0,0,3.9977152e-07
0,0,9.450542e-07
0,0,3.808249e-07
0,0,2.8473335e-07
0,0,8.3622234e-07
0,0,3.442961e-07
0,0,8.664419e-07
0,0,4.045576e-07
0,0,3.416738e-07
0,0,4.2746706e-07
0,0,3.5428133e-07
0,0,3.2721167e-07
0,0,2.9889094e-07
0,0,8.862651e-07
0,0,4.797894e-07
0,0,1.0918527e-06
0,0,5.294516e-07
0,0,8.74129e-07
0,0,3.2330857e-07
0,0,3.5803654e-07
0,0,2.985001e-07
0,0,2.8952965e-07
0,0,5.183023e-07
0,0,3.7982386e-07
0,0,1.7566202e-06
0,0,3.7367212e-07
0,0,3.6690133e-07
0,0,6.3041495e-07
1,1,0.99997413
1,1,0.9934674
0,0,3.9729764e-07
0,0,3.3798668e-07
0,0,3.168527e-07
0,0,1.2220067e-06
1,0,0.00010670924
0,0,1.3853937e-06
0,0,1.0106111e-06
1,1,0.99678963
0,0,3.504231e-07
0,0,4.8930696e-07
1,1,0.99992573
0,0,4.8994946e-07
0,0,3.1361492e-07
0,0,3.4772856e-07
0,0,7.4597506e-07
0,0,5.2243064e-07
1,1,0.9992065
0,0,4.214977e-07
0,0,5.162516e-07
0,0,6.846137e-07
0,0,7.491219e-07
0,0,3.9627255e-07
0,0,4.0699825e-07
0,0,3.5900416e-07
0,0,4.0796823e-07
0,0,4.843439e-07
1,1,0.99990416
0,0,3.4156272e-07
0,0,5.356967e-07
0,0,3.2451516e-07
0,0,5.233741e-07
0,0,1.3000677e-06
0,0,1.6950172e-06
0,0,7.396512e-07
0,0,3.0063393e-07
0,0,3.8876433e-07
0,0,4.023453e-05
0,0,1.4158608e-06
0,0,3.5761e-07
0,0,2.9873217e-06
0,0,2.8125996e-07
0,0,3.7742626e-07
0,0,3.7025183e-07
1,0,3.0973482e-05
0,0,3.5247297e-07
0,0,1.8651712e-06
1,1,0.9999604
0,0,3.4594572e-07
0,0,5.261737e-07
0,0,3.8290364e-07
0,0,3.7736507e-07
0,0,9.4638e-07
0,0,4.217993e-07
0,0,3.575118e-07
1,0,2.5296995e-05
0,0,5.0998506e-07
0,0,1.004749e-06
0,0,4.9846494e-07
0,0,3.6975078e-07
0,0,1.0950416e-06
0,0,5.2745287e-07
0,0,7.6970036e-07
0,0,2.3817793e-06
0,0,4.1410914e-07
0,1,0.9996288
0,0,3.0521218e-07
0,0,3.579034e-07
0,0,1.6328562e-06
0,0,2.8211178e-07
0,0,7.0493047e-07
0,0,3.9858224e-07
0,0,3.0905298e-07
0,1,0.73095727
0,0,8.3091373e-07
0,0,2.8895533e-07
0,0,3.7375978e-07
0,0,7.455348e-07
0,0,4.8809795e-07
0,0,7.9787037e-07
0,0,2.9010897e-07
0,0,3.3584035e-07
0,0,5.860695e-07
0,0,5.50585e-07
0,0,6.4207126e-07
1,0,1.19285605e-05
0,0,4.2212525e-07
0,0,2.9128165e-07
0,0,6.398347e-07
0,0,4.0868593e-07
0,0,4.0338833e-07
0,0,7.302912e-07
0,0,6.4012096e-07
0,0,4.362017e-07
0,0,5.790538e-07
0,0,4.2919908e-07
0,0,3.5578262e-07
0,0,5.7221433e-07
0,0,3.729615e-07
1,1,0.99995863
0,0,4.962092e-07
0,0,4.0799858e-07
0,0,5.4101554e-07
0,0,6.490936e-07
0,0,1.2807166e-06
0,0,3.2545518e-07
0,0,3.2056104e-07
1,1,0.9999839
0,0,3.9035965e-07
0,0,4.2236286e-07
1,1,0.9979765
1,1,0.99999046
0,0,8.680464e-07
0,0,3.7091343e-07
0,0,3.2987649e-07
1,1,0.9999888
0,0,2.675955e-07
0,0,3.4899634e-07
1,1,0.9999871
0,0,1.6304972e-06
0,0,3.8104506e-07
0,0,6.191911e-07
0,0,5.453113e-07
0,0,4.5198632e-07
0,0,3.2915057e-07
0,0,3.529109e-07
0,0,6.1148495e-07
0,0,3.798206e-07
0,0,7.024187e-07
0,0,4.2552043e-07
0,0,3.187992e-07
0,0,4.004614e-07
0,0,3.8615048e-07
0,0,3.7431414e-07
0,0,5.564215e-07
0,0,2.791244e-07
0,0,3.0912372e-07
0,0,3.6792028e-07
0,0,3.0626154e-07
0,0,3.6445184e-07
0,0,3.2302256e-07
0,0,3.787777e-07
0,0,3.4362824e-07
0,0,3.1757315e-06
0,0,5.4594875e-07
0,0,4.0846186e-07
1,0,0.0011050481
0,0,3.8678442e-07
0,0,3.500737e-07
0,0,4.7258925e-07
0,0,3.1671945e-07
0,0,5.0578666e-07
0,0,3.4836285e-07
0,0,4.3686444e-07
0,0,5.1983733e-07
0,0,3.4176406e-07
0,0,8.6440247e-07
0,0,3.7657057e-07
0,0,5.932359e-07
0,0,2.907693e-07
0,0,5.52634e-07
0,0,5.483313e-07
0,0,1.6372816e-06
0,0,7.9976724e-07
0,0,3.4581444e-07
0,0,4.2447027e-07
0,0,3.1050322e-07
0,0,7.682402e-07
0,0,3.4498535e-07
0,0,4.8099474e-07
0,0,4.4967237e-07
0,0,4.053891e-07
1,1,0.99996006
0,0,4.6136358e-07
0,0,4.2606376e-07
0,0,1.1525632e-06
0,0,4.5250732e-07
0,0,3.28441e-07
0,0,4.451895e-07
0,0,4.0015448e-07
0,0,1.6019064e-06
0,0,4.7069474e-07
0,0,3.1353062e-07
0,0,3.8366977e-07
0,0,3.9979744e-07
1,1,0.99954695
0,0,3.9547368e-07
0,0,6.4550517e-07
0,0,3.483582e-07
0,0,5.9614644e-07
0,0,3.3026177e-07
0,0,4.5979374e-07
0,0,3.5001628e-07
0,0,4.4995204e-07
0,0,6.115934e-07
0,0,4.99248e-07
0,1,0.9999739
0,0,6.1371435e-07
0,0,3.655811e-07
0,0,4.460488e-07
0,0,3.5058252e-07
0,0,2.9150175e-07
0,0,5.2147686e-07
1,1,0.99999106
0,0,3.162622e-07
1,0,0.031100908
1,1,0.99997735
0,0,4.912614e-07
1,1,0.99981874
1,1,0.99993
0,0,5.529281e-07
0,0,3.7629124e-07
1,1,0.9999602
0,0,4.2298643e-07
0,0,4.3886214e-07
0,0,3.8999315e-07
0,0,3.0083297e-07
0,0,3.1205875e-07
1,1,0.9999565
0,0,3.6444698e-07
0,0,3.0788627e-07
1,0,2.6053358e-06
0,0,4.111715e-07
0,0,3.9236355e-07
0,0,3.6055087e-07
0,0,6.7659124e-07
0,0,1.2328649e-06
0,0,3.257244e-07
0,0,8.41272e-07
0,0,6.2505995e-07
0,0,3.5686696e-07
0,0,2.7703888e-07
0,0,7.0234097e-07
0,0,3.324038e-07
0,0,2.9765616e-07
0,0,4.188095e-07
0,0,3.965485e-07
0,0,4.6910478e-07
0,0,4.5730417e-07
0,0,7.0125674e-07
1,0,0.01977761
0,0,8.501852e-07
0,0,4.2425214e-07
0,1,0.9994005
0,0,8.699135e-07
0,0,6.3623e-05
0,0,4.2881365e-07
0,0,3.6254866e-07
0,0,4.1664043e-07
0,0,5.9146265e-07
0,0,5.983165e-07
0,0,3.130663e-07
0,0,6.207022e-07
0,0,3.272488e-07
0,0,3.7507098e-07
0,0,3.8030774e-07
0,0,3.3195366e-07
0,0,3.996217e-07
0,0,4.6793767e-07
0,0,4.651347e-07
0,0,4.571755e-07
0,0,3.4605162e-07
0,0,4.1708887e-07
0,0,4.9918947e-07
1,1,0.99998987
0,0,3.6603566e-07
0,0,6.617317e-07
0,0,3.4065442e-07
0,0,2.8890685e-07
0,0,2.9823977e-07
0,0,5.5141055e-07
0,0,3.3870474e-06
0,0,9.636477e-07
0,0,3.8421535e-07
0,0,3.3606048e-07
0,0,1.0297534e-06
1,0,2.7245489e-05
1,1,0.9997155
0,0,4.1208185e-07
0,0,1.3467003e-06
0,0,3.6010795e-07
0,0,3.96939e-07
0,0,3.4847716e-07
0,0,4.015996e-07
1,1,0.99986184
0,0,3.9210693e-07
0,0,2.9347632e-07
0,0,6.8218793e-07
0,0,9.54953e-07
0,0,4.9947187e-07
0,0,2.9263035e-07
0,0,9.4000256e-07
0,0,2.9968442e-07
0,0,7.445443e-07
0,0,3.1621153e-07
0,0,4.037324e-07
0,0,4.816585e-07
0,0,1.2305368e-06
0,0,3.113887e-07
0,0,4.612593e-07
0,0,7.5148387e-07
0,0,3.291782e-07
0,0,8.761822e-07
0,0,2.2241652e-06
0,0,3.4061156e-07
1,1,0.99995136
0,0,5.5732323e-07
0,0,3.7431698e-07
0,0,3.2915653e-07
0,0,6.68844e-07
0,0,5.2282934e-07
0,0,4.0296845e-07
0,0,3.3827462e-07
0,0,5.5678885e-07
0,0,3.3562904e-07
0,0,1.0872891e-06
0,0,3.0345885e-07
0,0,1.2432788e-06
0,0,4.7164374e-07
0,0,2.860321e-07
0,0,5.701634e-07
0,0,6.5573727e-07
0,0,4.1446393e-07
1,1,0.999992
0,0,4.3962282e-07
0,0,2.8343024e-07
0,0,4.3982288e-07
0,0,5.368724e-07
0,0,6.338192e-07
1,1,0.9999927
0,0,3.5950674e-07
0,0,4.2633934e-07
0,0,3.883912e-07
0,0,6.850494e-07
0,0,4.6643086e-07
0,0,4.4040422e-07
0,0,4.8779925e-06
1,0,0.0017851035
0,0,5.0443595e-07
0,0,1.1623005e-05
0,0,8.1654827e-07
0,0,3.7426594e-07
0,0,3.9716164e-07
0,0,3.7165844e-07
0,0,6.5490735e-07
0,0,3.092502e-07
1,1,0.9999857
0,0,3.0482443e-07
1,1,0.9999893
0,0,3.2123955e-07
0,0,7.5993034e-07
0,0,4.977657e-07
0,0,4.44886e-07
0,0,8.673736e-07
0,0,2.9525307e-07
0,0,3.884486e-07
0,0,4.024546e-07
0,0,2.954784e-07
0,0,7.69158e-07
0,0,4.425759e-07
0,0,4.2059025e-07
0,0,6.5473495e-07
0,0,4.5829742e-07
0,0,9.187969e-07
0,0,4.2418137e-07
0,0,3.4349097e-07
1,0,2.853852e-06
0,0,4.7037346e-07
0,0,3.5817828e-07
0,0,4.726091e-07
0,0,5.042657e-07
0,0,5.6924955e-07
0,0,4.6177516e-07
0,0,2.8414572e-06
0,0,3.841091e-07
0,0,1.6047126e-05
0,0,3.4441138e-07
0,0,3.439653e-07
0,0,3.094756e-07
0,0,3.2435705e-07
0,0,3.8176964e-07
0,0,2.869879e-07
0,0,5.4039003e-07
0,0,4.708429e-07
0,0,1.1755758e-06
1,1,0.9999888
0,0,3.0599324e-07
0,0,3.9328472e-07
0,0,4.3073675e-07
0,0,2.875133e-07
1,0,0.022082325
0,0,3.4041284e-07
0,0,5.9209304e-07
0,0,3.9009245e-07
0,0,3.3169732e-07
0,0,6.5129365e-07
0,0,4.496711e-07
0,0,5.2285327e-07
1,0,3.500908e-06
0,0,3.7819336e-07
0,0,3.1364564e-06
0,0,4.6725276e-07
0,0,5.99109e-07
1,0,0.00022548642
0,0,1.1170174e-06
1,1,0.99999034
1,0,5.9600084e-06
0,0,4.5925077e-07
0,0,3.877602e-07
0,0,7.735386e-07
0,0,2.9473543e-07
0,0,1.5751804e-06
0,0,2.6061508e-07
0,0,2.9528601e-07
0,0,4.3678196e-07
0,0,8.2791667e-07
0,0,3.6189368e-07
0,0,4.0817255e-07
0,0,4.7294543e-07
0,0,6.1882275e-07
0,0,4.845657e-07
0,0,4.4699584e-07
0,0,3.2391563e-07
0,0,4.3088218e-07
1,1,0.9999471
0,0,5.722214e-07
0,0,3.6581375e-06
0,0,2.8707356e-07
1,0,1.1625821e-05
0,0,6.743708e-07
1,1,0.999796
0,0,1.3429401e-06
0,0,3.4636233e-07
0,0,3.7265218e-07
0,0,7.0785694e-07
0,0,3.274686e-07
0,0,3.8377368e-07
0,0,7.615925e-07
0,0,2.852778e-07
0,0,3.7432915e-07
0,0,1.5873075e-06
0,0,3.3650176e-07
0,0,5.2807445e-07
0,0,4.123334e-07
0,0,3.1265753e-07
0,0,3.5943032e-07
0,0,6.964381e-07
0,0,4.0351375e-07
0,0,3.0157406e-07
0,0,3.481842e-07
0,0,2.446572e-06
0,0,9.4016036e-07
0,0,9.7943e-07
0,0,3.1366278e-07
0,0,9.021331e-07
0,0,4.63529e-07
0,0,8.7955937e-07
0,0,3.3770056e-07
0,0,2.8944132e-07
0,0,4.651724e-07
0,0,2.9700342e-07
0,0,4.1597346e-07
0,0,5.5125065e-07
0,0,3.4061935e-07
0,0,3.5800275e-07
0,0,5.1011153e-07
0,0,8.4369685e-07
0,0,3.9695755e-07
0,0,2.844668e-07
0,0,1.0880754e-06
0,0,4.323591e-07
0,0,4.4291284e-07
0,0,3.088794e-07
0,0,5.51155e-07
0,0,4.6322407e-07
0,0,5.85167e-07
0,0,5.2509296e-07
0,0,5.151234e-07
0,0,4.1014425e-07
1,1,0.9999695
0,0,0.0020799933
0,0,3.6834368e-07
0,0,2.7566157e-06
0,0,6.065065e-07
0,0,6.086132e-07
0,0,3.8588394e-07
0,0,4.0807018e-07
0,0,7.291244e-05
0,0,3.6758183e-07
0,0,8.3309646e-07
0,0,3.2908278e-07
0,0,1.4394938e-06
0,0,2.5624308e-06
0,0,7.238386e-07
0,0,3.2041223e-07
0,0,3.9222172e-07
0,0,3.660559e-07
1,0,4.810461e-06
0,0,1.129244e-06
0,0,5.024607e-07
1,1,0.9999814
0,0,4.1257024e-07
0,0,3.4782144e-07
0,0,4.3788677e-07
0,0,4.5523166e-07
0,0,4.7696676e-07
0,0,4.5631393e-07
0,0,3.2548158e-07
0,0,5.8944954e-07
0,0,3.1516714e-07
0,0,7.793572e-07
0,0,4.2581433e-07
0,0,7.771807e-05
0,0,4.452209e-07
1,0,0.00045756865
0,0,6.3618336e-07
0,0,4.832661e-07
0,0,1.9544925e-06
0,0,3.9660827e-07
0,0,3.0771574e-07
0,0,3.9688751e-07
0,0,3.4967263e-07
0,0,3.4007667e-07
0,0,1.1936876e-06
0,0,3.2741988e-07
0,0,3.0900904e-07
0,0,7.1328213e-07
0,0,4.7895963e-07
0,0,3.1525252e-07
0,0,3.3820785e-07
0,0,2.9783166e-07
0,0,3.646987e-07
0,0,4.4852965e-07
0,0,3.2575298e-07
0,0,2.858772e-07
0,0,3.7172506e-07
1,1,0.9995871
0,0,5.1886065e-07
0,0,3.335123e-07
0,0,1.7994388e-06
0,0,4.492343e-07
0,0,3.9693253e-07
0,0,4.878714e-07
0,0,6.269914e-07
0,0,3.8479104e-07
0,0,3.1273416e-07
0,0,4.2240393e-07
0,0,4.0124777e-07
0,0,3.325668e-07
0,0,5.2257667e-07
0,0,2.7919575e-07
1,1,0.99991965
0,0,2.8218014e-07
0,0,4.493851e-07
0,0,4.207784e-07
0,0,2.9775043e-07
0,0,7.641396e-07
1,1,0.9999914
0,0,4.2220216e-07
0,0,1.5519267e-06
0,0,3.4283022e-07
0,0,4.3577177e-07
1,1,0.99998987
1,1,0.99998915
0,0,7.7484475e-07
0,0,3.0983088e-07
0,0,6.3141135e-07
0,0,3.034111e-07
1,0,0.0070044687
0,0,3.8046224e-07
0,0,3.3756663e-07
0,0,4.5610423e-07
0,0,8.941034e-07
0,0,5.4965165e-07
0,0,5.879337e-07
0,0,3.0574995e-07
0,0,2.4007527e-06
0,0,5.514263e-07
0,0,8.427367e-07
0,0,1.4642767e-06
0,0,3.0697913e-07
0,0,2.313107e-05
0,0,3.4173766e-07
0,0,4.4758445e-07
0,0,4.023621e-07
0,0,4.1321758e-07
0,0,3.3860223e-07
1,0,5.0740205e-06
0,0,3.516601e-07
0,0,6.6861696e-07
1,0,1.958773e-06
0,0,3.0898607e-07
0,0,7.693532e-07
1,1,0.9999789
0,0,7.488797e-07
0,0,3.9452928e-07
0,0,4.860356e-07
0,0,3.534464e-07
0,0,3.803219e-07
1,1,0.66350734
0,0,1.3025324e-06
0,0,4.7091024e-07
0,0,6.295462e-07
1,0,8.253063e-06
0,0,4.110974e-07
0,0,4.792836e-07
0,0,3.6284266e-07
0,0,6.0902594e-06
1,0,1.3380348e-05
0,0,5.120924e-07
0,0,4.6891645e-07
0,0,3.0887531e-07
1,1,0.915104
0,0,6.143485e-07
0,0,3.952437e-07
0,0,7.473593e-07
0,0,4.2735294e-07
0,0,3.1009216e-07
0,0,4.6188921e-07
0,0,2.8223533e-07
1,1,0.75209427
0,0,3.2834419e-07
0,0,5.0229016e-07
0,0,3.557324e-07
0,0,3.353974e-07
0,0,5.222971e-07
0,0,1.0777437e-06
0,0,5.7418936e-07
0,0,2.989625e-07
0,0,4.4848989e-07
0,0,4.0138823e-07
0,0,7.750768e-07
0,0,1.4736837e-06
0,0,1.6208787e-06
0,0,6.357285e-07
0,0,3.471924e-07
0,0,4.2493366e-07
0,0,3.2335544e-07
0,0,3.684505e-07
0,0,5.9164825e-07
0,0,4.2680475e-07
0,0,4.3033765e-07
0,0,4.9789674e-07
1,1,0.999956
0,0,8.4599156e-07
0,0,3.453896e-07
0,0,7.164667e-07
0,0,5.2982534e-07
0,0,3.4714145e-07
0,0,3.1673304e-07
0,0,5.076036e-07
0,0,5.342182e-07
0,0,3.1841486e-07
0,0,4.400215e-06
0,0,2.9235255e-07
0,0,4.1521483e-07
0,0,6.99412e-07
0,0,3.8125697e-07
0,0,2.758341e-07
0,0,6.4648043e-07
0,0,3.1370647e-07
0,0,2.911514e-07
1,1,0.99991596
0,0,6.174345e-07
0,0,2.943562e-07
0,0,3.9413328e-07
0,0,3.2888198e-07
0,0,4.4011784e-07
0,0,2.9879206e-07
1,1,0.9999112
0,0,2.8489632e-07
1,1,0.99998605
0,0,7.0502125e-07
0,0,4.779102e-07
0,0,3.8924367e-07
0,0,1.1735851e-06
0,0,3.685682e-07
0,0,3.2445016e-07
0,0,3.0564883e-07
0,0,3.6851372e-07
0,0,6.213318e-07
0,0,1.5173753e-05
0,0,5.9587194e-07
1,0,0.00016159048
0,0,9.667406e-07
0,0,1.802171e-06
0,0,4.037532e-07
0,0,3.883238e-07
0,0,4.2601582e-07
0,0,3.3882836e-07
0,0,3.0998513e-07
0,0,9.874432e-07
0,0,8.398788e-07
0,0,8.1436605e-07
0,0,3.2125365e-07
0,0,3.6477383e-07
0,0,4.1679976e-07
0,0,3.513718e-07
1,1,0.99996674
1,0,4.1106628e-06
0,0,3.8503111e-07
0,0,3.5069255e-07
0,0,2.8966278e-07
0,0,8.234676e-07
0,0,3.5106933e-07
0,0,3.7007956e-07
0,0,4.875765e-07
0,0,4.2316518e-07
0,0,8.347982e-06
1,1,0.9999857
0,0,4.2753717e-07
0,0,2.3309907e-05
0,0,3.6887627e-07
0,0,3.7636877e-07
0,0,6.707168e-07
0,0,4.951324e-07
0,0,5.048277e-07
0,0,3.9380527e-07
1,1,0.9997881
1,0,6.683197e-05
0,0,7.6068005e-07
0,0,4.0973686e-07
0,0,3.4888453e-07
0,0,5.573137e-07
0,0,3.704341e-07
1,1,0.9999889
0,0,4.709992e-07
0,0,2.703133e-07
0,0,3.9380566e-07
0,0,6.8842417e-07
0,0,5.314468e-07
0,0,3.5389232e-07
0,0,2.9802908e-07
0,0,3.6264964e-07
0,0,1.3405127e-06
1,1,0.9999889
1,1,0.9999479
0,0,3.2484587e-07
0,0,3.5091e-07
1,0,0.0009934348
1,0,7.42029e-06
0,0,5.9938617e-07
0,0,4.5415234e-07
1,0,3.435468e-05
1,1,0.99997985
0,0,2.0354848e-06
0,0,3.433318e-07
1,0,5.740017e-06
1,0,1.2409723e-06
0,0,4.080297e-07
0,0,6.21067e-07
0,0,7.867728e-07
1,0,4.107488e-06
0,0,5.987983e-07
0,0,3.029288e-07
0,0,1.7552637e-06
0,0,7.361937e-07
0,0,8.81865e-07
0,0,4.397763e-07
1,0,0.0002862558
0,0,3.3110126e-07
0,0,4.2104455e-07
0,0,3.2529567e-07
0,0,7.497859e-07
0,0,9.1524623e-07
1,1,0.99990404
0,0,3.2785795e-07
0,0,3.223926e-07
0,0,3.3773247e-07
0,0,4.4021314e-07
0,0,4.2770154e-07
0,0,6.1331e-07
0,0,5.2944756e-07
0,0,1.9265449e-06
1,1,0.99997354
0,0,9.817622e-07
0,0,8.1364647e-07
0,0,6.142425e-07
0,0,4.0623124e-07
0,0,3.067096e-07
0,0,3.191116e-07
0,0,5.1274714e-05
0,0,5.327906e-07
0,0,5.528206e-07
0,0,3.1852144e-07
0,0,3.2509968e-07
1,1,0.99997854
0,0,5.524685e-07
0,0,5.551865e-07
0,0,4.7206854e-07
0,0,3.917739e-07
0,0,5.495353e-07
0,0,1.734348e-06
0,0,3.1174167e-07
0,0,3.2188967e-07
0,0,2.35364e-06
0,0,5.900322e-07
0,0,4.883914e-07
0,0,3.1664848e-07
0,0,3.3281333e-07
1,0,9.897143e-07
0,0,5.225124e-07
0,0,6.5791465e-07
1,0,6.112947e-06
1,1,0.99999
0,0,4.907941e-07
0,0,2.870733e-07
0,0,3.0671654e-06
0,0,3.767189e-07
0,0,3.6398642e-06
0,0,3.6142532e-07
0,0,2.9710418e-06
0,0,3.7633004e-07
0,0,3.6430657e-07
0,0,3.7448729e-07
1,1,0.9999926
0,0,3.2151664e-07
0,0,4.616334e-07
0,0,8.335257e-07
1,1,0.9999901
0,0,4.336731e-07
0,0,1.7104697e-06
0,0,4.3643885e-07
0,0,2.8927022e-07
0,0,5.405565e-07
0,0,6.492787e-07
0,0,6.633669e-07
0,0,3.649868e-07
0,0,1.4472489e-06
0,0,3.3109683e-07
0,0,3.7216773e-07
0,0,6.582598e-07
0,0,3.0400196e-07
0,0,7.2240834e-07
0,0,4.648163e-07
0,0,5.5772944e-07
0,0,8.789305e-07
0,0,5.197967e-07
0,0,6.194923e-07
0,0,4.4961664e-07
0,0,6.085436e-07
0,0,3.7097854e-07
0,0,1.0699086e-06
0,0,4.0426025e-07
0,0,3.2971295e-07
0,0,8.866253e-07
0,0,4.697109e-07
1,1,0.99997485
0,0,4.1443312e-07
0,0,3.6709454e-07
0,0,3.0155508e-07
0,0,3.0926375e-07
0,0,0.0005760976
0,0,4.2891674e-07
0,0,4.2714512e-07
1,1,0.99996877
0,0,3.7699527e-07
0,0,3.5671658e-07
0,0,4.4443016e-07
0,0,5.564332e-07
0,0,6.130066e-07
0,0,2.9157292e-07
0,0,3.1579143e-07
0,0,3.2417555e-07
0,0,3.526693e-07
0,0,4.4308186e-07
0,0,3.6991725e-07
0,0,4.0551902e-07
0,0,1.1041492e-06
0,0,2.950822e-07
0,0,3.4841835e-07
1,1,0.9999889
0,0,2.6632813e-06
0,0,3.4268606e-07
0,0,3.012481e-07
0,0,6.272719e-07
1,0,1.7001281e-06
0,0,2.7401242e-07
0,0,3.9893402e-07
0,0,3.264029e-07
0,0,4.6685852e-07
0,0,8.066712e-07
0,0,8.4159785e-07
0,0,1.0664552e-06
0,0,4.7584456e-07
0,0,5.596038e-07
0,0,4.238138e-07
0,0,9.762193e-07
0,0,8.1970586e-07
0,0,4.665305e-07
0,0,2.2423408e-06
0,0,3.1844067e-07
0,0,4.0246726e-07
0,0,4.9569934e-07
0,0,8.809849e-07
0,0,3.63808e-07
0,0,4.331201e-07
0,0,4.2104813e-07
0,0,0.00028508954
0,0,3.3228304e-07
1,1,0.9999869
0,0,7.1359716e-07
0,0,8.7468106e-07
0,0,2.7706e-06
0,0,2.970153e-07
0,0,4.0537944e-07
1,1,0.99999166
0,0,4.966215e-07
0,0,3.4499752e-07
0,0,5.659352e-07
0,0,1.1800192e-06
0,0,4.0467066e-07
0,0,5.8333444e-07
0,0,4.597363e-07
0,0,3.153358e-07
0,0,3.2535803e-07
0,0,3.277729e-07
0,0,3.0430596e-07
0,0,6.5821024e-07
0,0,4.41017e-07
1,1,0.9995136
0,0,5.3367586e-07
1,0,1.2522509e-06
0,0,8.01827e-06
1,1,0.99996734
0,0,3.3391206e-07
0,0,3.9174398e-07
0,0,6.5834143e-07
0,0,5.870664e-07
0,0,4.3754198e-07
0,0,4.176604e-07
0,0,3.9147508e-07
0,0,3.5002495e-07
0,0,5.291387e-07
0,0,5.12025e-07
0,0,4.3507623e-07
0,0,3.1418614e-07
0,0,5.8911405e-07
0,0,4.45088e-07
1,0,0.10864606
0,0,5.151507e-06
0,0,3.6342726e-07
0,0,3.5792047e-07
1,1,0.99999
1,0,8.3484185e-05
0,0,6.262169e-07
0,0,5.046169e-07
0,0,3.5495398e-07
0,0,3.1874995e-07
0,0,3.744298e-07
0,0,4.2402402e-07
0,0,3.7711936e-07
0,0,4.3045958e-07
0,0,3.120808e-07
0,0,3.459886e-07
0,0,3.496793e-07
0,0,4.1069612e-07
0,0,3.7298994e-07
0,0,4.1087318e-07
0,0,8.003425e-07
0,0,3.995017e-07
0,0,4.6372267e-07
0,0,4.9407294e-07
0,0,7.8036203e-07
0,0,3.5390514e-07
0,0,2.9796234e-07
0,0,3.7672717e-07
0,0,3.1239168e-07
0,0,3.6175084e-07
0,0,3.351208e-07
0,0,3.0255208e-07
1,0,2.306869e-06
0,0,3.7476704e-07
0,0,3.4984475e-07
0,0,3.868364e-07
0,0,3.890507e-07
0,0,4.0271414e-07
0,0,3.1259103e-07
0,0,3.3642507e-07
0,0,1.7866702e-06
1,0,0.00014608403
0,0,7.7570185e-06
0,0,3.4214463e-07
0,0,1.5999614e-06
0,0,4.8554494e-07
0,0,3.8610187e-07
0,0,3.770341e-07
0,0,5.7526694e-07
0,0,4.4957935e-07
1,1,0.9999881
0,0,5.3485746e-07
0,0,4.895436e-07
0,0,3.0998427e-07
1,0,0.003083002
0,0,2.8945732e-07
0,0,3.4419105e-07
0,0,0.00062586815
0,0,4.2556428e-07
0,0,1.9857025e-06
0,0,5.608177e-07
0,0,4.7863267e-07
0,0,5.607299e-07
0,0,3.456588e-07
1,1,0.9999893
0,0,6.4322046e-07
0,0,4.4934828e-07
0,0,6.6837725e-07
0,0,2.8744998e-07
0,0,2.9686524e-07
0,0,4.091855e-07
0,0,7.2115415e-07
0,0,5.046592e-07
0,0,3.1598242e-07
0,0,3.1208853e-07
0,0,9.3279414e-07
0,0,6.3379497e-07
0,0,6.55581e-07
0,0,3.2163624e-07
0,0,3.789707e-07
0,0,2.8070153e-07
0,0,3.773755e-07
0,0,3.2717298e-07
0,0,5.8043054e-07
0,0,3.5437188e-07
0,0,2.4045542e-06
0,0,5.6866463e-07
0,0,5.6817134e-07
0,0,5.7758564e-07
0,0,3.0019902e-07
1,1,0.9999702
0,0,2.8506102e-07
0,0,4.7310468e-07
0,0,6.039582e-07
0,0,4.8952165e-07
0,0,7.86148e-07
1,1,0.9999889
1,1,0.9999888
1,1,0.99984133
0,0,2.949874e-07
0,0,6.366459e-07
0,0,2.9913932e-07
0,0,3.2137746e-07
0,0,3.6917223e-07
0,0,5.0363894e-07
0,0,8.8747635e-07
0,0,5.553898e-07
0,0,4.113931e-07
0,0,4.053636e-07
1,1,0.9999672
0,0,4.1000186e-07
0,0,3.2897796e-07
0,0,3.4350998e-07
0,0,3.7215252e-06
0,0,3.931872e-07
0,0,3.385241e-07
0,0,3.955427e-07
0,0,3.2731435e-07
0,0,2.942338e-07
0,0,1.2090699e-06
0,0,4.2887868e-07
0,0,9.562928e-07
0,0,3.7659137e-07
0,0,4.6015612e-07
0,0,4.1703834e-07
0,0,5.386874e-07
1,0,0.03215547
0,0,4.427e-07
0,0,3.5620565e-07
0,0,8.117654e-07
0,0,7.4775005e-07
0,0,4.3981572e-07
0,0,8.271385e-07
0,0,2.9052316e-07
0,0,3.6145806e-07
0,0,3.162447e-07
0,0,9.079756e-07
0,0,4.261564e-07
0,0,3.884538e-07
0,0,5.389988e-07
0,0,2.957231e-07
0,0,6.88201e-07
0,0,3.5949338e-07
0,0,3.185014e-07
0,0,3.6262648e-07
0,0,6.432879e-07
0,0,4.5280518e-07
0,0,3.6697517e-07
0,0,2.881202e-07
1,1,0.999987
0,0,4.5467021e-07
0,0,4.907496e-07
1,0,0.0012648532
0,0,8.398932e-07
0,0,8.358827e-07
1,1,0.9999635
0,0,4.6798857e-07
0,0,4.7859345e-07
0,0,3.8783637e-07
0,0,3.4948258e-07
0,0,3.4465026e-07
0,0,3.2572066e-07
0,0,6.415265e-07
0,0,3.971586e-07
0,0,3.3658648e-07
0,0,3.0892596e-07
0,0,2.2898796e-06
0,0,1.0074846e-06
0,0,3.2013426e-07
0,0,4.189593e-07
1,0,0.0076978174
0,0,8.404829e-07
0,0,3.3324588e-07
0,0,4.583e-07
0,0,7.119345e-07
0,0,3.4358956e-07
0,0,6.9607955e-07
0,0,4.433828e-07
0,0,6.891704e-07
1,1,0.99997556
0,0,4.366212e-07
0,0,4.4672097e-07
0,0,3.233246e-07
0,0,1.2469978e-06
0,0,5.145725e-07
0,0,4.0904504e-07
0,0,4.643068e-07
0,0,1.4028475e-06
0,0,7.6831793e-07
0,0,5.683285e-07
0,0,5.8789783e-07
0,0,5.5745295e-07
0,0,1.3520781e-06
0,0,3.3356704e-07
0,0,2.8511812e-07
0,0,2.058648e-06
1,1,0.99986446
0,0,2.9323544e-07
0,0,3.6165814e-06
0,0,4.2472902e-07
0,0,3.8321778e-07
0,0,4.510443e-06
0,0,3.312756e-07
1,1,0.99995613
0,0,3.32213e-07
0,0,3.074438e-07
0,0,3.3790258e-07
0,0,5.005147e-07
0,0,3.6878095e-07
1,1,0.999987
0,0,6.9708597e-07
0,0,3.595311e-07
0,0,4.115528e-07
0,0,4.8557047e-07
0,0,4.8585116e-07
0,0,4.3017434e-07
0,0,3.9985352e-07
1,0,0.0359932
0,0,3.6844065e-07
0,0,4.4531473e-07
0,0,4.9503035e-07
0,0,4.875867e-07
0,0,2.7820172e-07
0,0,4.3013085e-07
0,0,3.3888782e-07
0,0,3.2368123e-07
0,0,6.505375e-07
0,0,3.8481085e-07
1,1,0.9999715
0,0,8.8246816e-07
0,0,3.2138357e-07
0,0,3.666684e-07
0,0,3.4475215e-07
0,0,7.5258295e-06
1,1,0.9999132
0,0,3.6958508e-07
1,1,0.9999895
0,0,3.7653896e-07
0,0,5.1729637e-07
0,0,2.8509846e-06
0,0,3.3458144e-07
0,0,3.2243534e-07
1,0,2.72627e-06
0,0,3.9039614e-07
1,1,0.9999838
0,0,3.0282573e-07
1,1,0.9993868
0,0,4.791515e-07
0,0,3.6267522e-07
0,0,6.0527225e-07
0,0,4.8500027e-07
0,0,4.4983452e-07
0,0,5.2427737e-07
0,0,4.219228e-07
0,0,4.5314042e-07
0,0,3.53528e-07
1,1,0.9999831
0,0,2.6763124e-07
0,0,3.5107672e-07
1,1,0.9999881
0,0,5.957759e-07
0,0,7.332865e-07
0,0,3.4187033e-07
0,0,6.61222e-07
0,0,1.3310693e-06
1,1,0.9999703
0,0,3.4833397e-07
0,0,1.7504694e-06
0,0,4.949053e-07
0,0,6.2752076e-07
0,0,4.205742e-07
0,0,5.19759e-07
0,0,5.141516e-07
0,0,0.3375221
0,0,4.2006192e-07
0,0,5.3698864e-07
0,0,5.651855e-07
0,0,1.6872966e-06
1,1,0.99998057
0,0,3.1088132e-07
0,0,3.0750363e-07
0,0,4.5841153e-07
0,0,0.001681948
0,0,3.9521507e-07
0,0,2.9555622e-07
0,0,4.1352192e-07
0,0,4.7756896e-07
0,0,3.1815046e-07
1,1,0.9999896
0,0,4.3738848e-07
0,0,3.3297871e-07
0,0,3.8693128e-07
0,0,5.248326e-07
0,0,3.4080847e-07
0,0,1.8106355e-05
0,0,4.2556994e-07
0,0,4.482936e-07
0,0,5.012307e-07
0,0,3.1222487e-07
0,0,9.483867e-07
0,0,4.1047997e-07
0,0,7.450955e-07
0,0,5.674327e-07
0,0,6.636611e-07
0,0,5.435693e-07
0,0,6.850004e-07
0,0,3.7081017e-07
0,0,3.2120892e-07
0,0,3.5693713e-06
0,0,3.2718515e-07
0,0,3.2488148e-07
0,0,4.1229217e-07
0,0,1.6519338e-06
0,0,3.5154508e-07
0,0,3.8424392e-07
0,0,1.0727878e-06
0,0,3.9591143e-07
1,0,0.00016402444
1,1,0.9999902
0,0,4.3890816e-07
0,0,1.2317366e-06
0,0,3.6805713e-07
0,0,4.1624565e-07
0,0,2.954046e-07
0,0,6.785926e-07
1,0,2.3008838e-06
0,0,3.80274e-07
0,0,7.728625e-07
0,0,2.483162e-06
0,0,2.7095544e-07
0,0,2.688243e-07
0,0,1.5663542e-06
0,0,7.067574e-07
0,0,6.80901e-07
0,0,3.2481117e-07
0,0,5.617684e-07
0,0,9.753343e-07
1,1,0.9999703
0,0,4.6548612e-07
1,1,0.9999541
0,0,1.92232e-06
0,0,1.0479047e-06
0,0,0.000102126745
0,0,2.6709174e-07
0,0,4.2063516e-07
0,0,4.01618e-07
0,0,3.3124147e-07
0,0,3.3153222e-07
1,1,0.9999182
0,0,5.446954e-07
0,0,3.054591e-07
0,0,3.307194e-07
0,0,5.40304e-07
0,0,4.5621255e-07
0,0,3.0977768e-07
0,0,3.756172e-07
0,0,3.6278317e-07
0,0,4.859948e-07
0,0,3.3408372e-07
0,0,6.6792995e-07
0,0,6.298573e-07
1,0,0.0006940641
0,0,3.5358195e-07
0,0,4.348667e-07
0,0,3.2415264e-07
0,0,4.656473e-07
0,0,3.5622736e-07
1,1,0.999982
0,0,6.278368e-07
0,0,8.121634e-07
0,0,9.4565826e-07
0,0,4.4891098e-07
0,0,3.654368e-07
0,0,3.7157514e-07
0,0,4.2094095e-07
0,0,6.485009e-07
0,0,3.6541866e-07
0,0,8.584645e-07
0,0,5.4076327e-07
1,0,0.017813941
0,0,5.242263e-07
0,0,4.1293788e-07
0,0,1.8237188e-06
0,0,3.12849e-07
0,0,4.423894e-07
0,0,3.4254327e-07
0,0,3.2678165e-07
0,0,5.709241e-07
0,0,3.871003e-07
0,0,3.1146828e-07
1,1,0.9999906
0,0,3.9130563e-07
0,0,2.870251e-07
0,0,5.8785463e-06
1,1,0.9999751
0,0,1.4342319e-06
0,0,3.0643596e-07
0,0,2.805784e-07
0,0,2.9684003e-07
0,0,3.1009603e-07
0,0,3.2784106e-07
0,0,6.33378e-07
0,0,3.862853e-07
1,0,0.4173596
0,0,3.9163788e-07
1,0,1.0948193e-06
0,0,3.7624028e-07
0,0,3.2179176e-07
0,0,5.6629204e-07
0,0,3.6079373e-07
0,0,5.436948e-07
0,0,3.114089e-07
0,0,3.9926326e-07
0,0,1.1757529e-06
0,0,3.2405066e-07
0,0,4.616598e-07
0,0,3.5090196e-07
0,0,1.3572122e-06
0,0,6.539943e-07
0,0,4.514475e-06
0,0,4.5486712e-07
0,0,3.9030155e-07
0,0,5.701629e-07
0,0,3.1646223e-07
1,1,0.999982
0,0,3.1513406e-07
0,0,2.19563e-06
0,0,3.979032e-07
0,0,1.0938383e-06
0,0,5.0505884e-07
0,0,8.947337e-07
0,0,0.032284927
0,0,3.4421927e-07
0,0,1.5460768e-06
0,0,3.3562137e-07
0,0,4.579706e-07
0,0,1.2838007e-06
0,0,5.476691e-07
0,0,5.684532e-07
0,0,3.088152e-07
0,0,5.139506e-07
1,1,0.99997926
0,0,3.4576993e-07
1,1,0.9999889
0,0,5.2292114e-07
0,0,6.5548346e-07
0,0,4.365379e-07
0,0,5.190457e-07
0,0,3.1041054e-07
0,0,4.0021936e-07
0,0,2.338348e-06
0,0,5.4651554e-07
1,1,0.997964
0,0,3.9784703e-07
0,0,4.2010436e-07
0,0,3.4621766e-07
0,0,2.9713883e-07
0,0,2.7967621e-07
0,0,2.8145018e-07
1,0,8.7796127e-07
0,0,4.7915427e-07
0,0,3.917455e-07
0,0,8.0917687e-07
0,0,4.7059106e-07
0,0,3.5131652e-07
0,0,3.203572e-07
0,0,6.429708e-07
0,0,3.7008664e-07
0,0,4.3317715e-07
0,0,7.1889366e-07
0,0,3.3034618e-07
0,0,3.574051e-07
0,0,9.232818e-07
0,0,6.364358e-07
1,0,0.0033333674
1,1,0.9996124
0,0,5.564141e-07
0,0,5.163742e-07
0,0,4.7268844e-07
0,0,8.417953e-07
0,0,4.048876e-07
0,0,5.4480086e-07
0,0,2.042945e-06
0,0,7.747997e-07
1,0,6.6004765e-07
0,0,3.1604267e-07
0,0,4.3347382e-07
1,1,0.9999894
0,0,0.00056447886
0,0,4.784086e-07
0,0,6.5994817e-07
0,0,3.5534586e-07
0,0,3.510881e-07
0,0,4.4144622e-07
0,0,3.9512423e-07
0,0,3.4960127e-07
0,0,3.6571151e-07
0,0,4.6272163e-07
0,0,3.655323e-07
1,0,8.7582623e-07
0,0,1.5867596e-06
0,0,4.0059663e-07
0,0,7.060628e-07
0,0,2.9194797e-07
0,0,1.2417206e-06
1,1,0.9999769
0,0,3.8605623e-07
0,0,1.4183095e-06
0,0,5.810375e-07
0,0,3.7853144e-07
0,0,3.4850473e-07
0,0,1.080338e-06
0,0,3.9406189e-07
0,0,6.506232e-07
0,0,0.00013318029
0,0,2.9280847e-07
0,0,3.2390915e-07
0,0,2.9153898e-07
0,0,7.473044e-07
0,0,4.0750356e-07
0,0,7.0904804e-07
1,1,0.999858
0,0,1.3144406e-06
0,0,3.3140262e-07
0,0,5.2902357e-07
0,0,2.9186282e-07
0,0,3.0257024e-07
0,0,6.249026e-07
0,0,4.7832873e-07
0,0,2.9759403e-07
0,0,3.7774313e-07
0,0,4.2578918e-07
0,0,5.128333e-07
0,0,7.0157444e-07
0,0,5.441274e-07
0,0,4.0063102e-07
0,0,4.982454e-07
0,0,3.440867e-07
0,0,5.336438e-07
0,0,6.0578617e-07
0,0,2.8015702e-07
0,0,3.9591143e-07
0,0,4.317279e-07
0,0,1.5950161e-06
0,0,7.346935e-07
0,0,3.3095856e-07
0,0,3.1423107e-07
0,0,3.449406e-07
0,0,5.965053e-07
0,1,0.51958513
0,0,3.174437e-07
0,0,3.6135364e-07
0,0,4.1525126e-07
0,0,3.800253e-07
0,0,6.095031e-07
1,1,0.93596584
0,0,5.502831e-07
0,0,2.9373143e-07
0,0,8.5946635e-07
0,0,2.8556002e-07
0,0,3.8580077e-07
0,0,3.3391268e-07
0,0,2.9664392e-07
0,0,6.435616e-07
0,0,3.3964267e-07
0,0,3.5784674e-07
0,0,5.238795e-07
0,0,4.3322837e-07
0,0,1.1805033e-06
0,0,1.0275422e-06
0,0,3.858648e-07
0,0,2.861538e-07
1,1,0.99999225
0,0,5.3989964e-07
0,0,7.6261733e-07
0,0,7.2632383e-07
0,0,3.6967637e-07
0,0,8.4581245e-07
0,0,3.146809e-07
0,0,4.4077984e-07
0,0,2.1801166e-05
0,0,8.170608e-07
0,0,4.3479582e-07
0,0,3.9217838e-07
0,0,3.5630214e-07
0,0,8.0835235e-07
0,0,4.3235335e-07
0,0,2.841347e-07
0,0,4.647631e-07
1,1,0.9999851
0,0,4.019659e-07
0,0,3.0420557e-07
0,0,3.3189477e-07
0,0,4.2748826e-07
0,0,3.2639636e-07
0,0,3.5813557e-07
0,0,6.1330303e-07
0,0,5.0926184e-07
0,0,7.905447e-07
0,0,5.539341e-07
0,0,3.6279425e-07
0,0,3.5355362e-07
0,0,5.2975743e-06
0,0,1.2960468e-06
0,0,3.7895333e-07
1,1,0.9999887
1,1,0.9999883
0,0,2.6273203e-06
0,0,3.6394752e-07
0,0,6.865255e-07
0,0,4.4971353e-07
0,0,4.275576e-07
0,0,8.8583755e-07
0,0,3.9136162e-07
0,0,3.0907833e-07
0,0,3.809426e-07
0,0,5.5863177e-07
0,0,5.224456e-07
0,0,8.5818374e-07
0,0,6.044543e-07
0,0,5.006417e-07
0,0,5.625307e-07
0,0,5.0231796e-07
1,0,3.3543003e-07
1,1,0.99999356
0,0,2.909224e-07
0,0,3.188003e-06
0,0,2.7947812e-07
0,0,3.55917e-07
0,0,5.354056e-07
0,0,3.5316273e-07
0,0,5.341734e-07
0,0,4.3904043e-07
0,0,4.3613886e-07
1,1,0.99995875
0,0,2.864732e-06
1,0,0.0013748622
0,0,1.5750992e-06
1,1,0.9999865
0,0,3.8713057e-07
0,0,6.3616636e-07
1,0,6.911141e-05
0,0,3.5104355e-07
0,0,4.4923945e-07
0,0,1.5285615e-06
0,0,4.7412775e-07
0,0,3.678964e-07
0,0,8.249516e-07
0,0,4.8218146e-07
0,0,6.996388e-07
0,0,3.132368e-07
1,0,0.00010848192
0,0,3.691965e-07
0,0,2.2243476e-06
0,0,6.063943e-07
0,0,3.734313e-07
0,0,4.5288638e-07
0,0,2.8721513e-07
0,0,0.0054917764
0,0,3.9273564e-07
0,0,2.9698927e-07
0,0,5.935845e-07
0,0,3.6285996e-07
0,0,4.7251808e-07
0,0,9.471583e-07
0,0,3.3236736e-07
0,0,4.9644586e-07
0,0,3.2721914e-07
0,0,3.335855e-07
0,0,3.02032e-07
0,0,2.8806135e-06
0,0,1.8828823e-06
0,0,5.146466e-07
0,0,3.0464278e-07
0,0,4.5071224e-07
0,0,3.3571163e-07
0,0,5.2913157e-07
0,0,7.509841e-06
0,0,5.692604e-07
0,0,1.0792321e-06
0,0,3.7707258e-07
0,0,8.333858e-07
0,0,7.3409257e-07
0,0,3.3960671e-07
0,0,7.233472e-07
0,0,3.6420514e-07
0,0,4.2497902e-07
0,0,1.2093674e-06
1,0,2.2502736e-06
0,0,3.766866e-07
0,0,3.5884466e-07
0,0,2.916711e-07
0,0,4.331127e-07
0,0,3.1496702e-07
0,0,4.889086e-07
0,0,3.844294e-07
0,0,4.786199e-07
0,0,6.5077086e-07
0,0,3.9669754e-07
0,0,4.2349905e-07
0,0,5.282462e-07
0,0,1.0063629e-06
0,0,2.8378238e-07
0,0,4.0593264e-07
0,0,1.164157e-06
1,0,0.002870241
0,0,3.8993625e-07
0,0,9.28952e-07
0,0,3.7722762e-07
0,0,3.0539093e-07
0,0,3.8821156e-07
0,0,5.1920614e-07
0,0,3.241947e-07
0,0,3.9513367e-07
0,0,4.816833e-07
0,0,3.0170696e-07
0,0,3.3313404e-07
0,0,3.255902e-07
0,0,3.686431e-07
0,0,3.7831165e-07
1,0,5.5759864e-07
0,1,0.9998379
0,0,7.4751546e-07
0,0,4.5343782e-07
0,0,7.06843e-07
0,0,2.9295595e-07
0,0,2.9790948e-07
0,0,2.757873e-07
0,0,6.6267025e-06
0,0,4.0525921e-07
0,0,9.203105e-07
0,0,4.088516e-07
0,0,3.1965956e-07
0,0,3.5192815e-07
0,0,7.9833615e-07
0,0,3.6417458e-07
1,0,9.7959555e-06
0,0,3.8959274e-07
0,0,6.422912e-07
0,0,4.177074e-07
0,0,3.0773626e-07
1,0,9.605557e-07
0,0,3.274998e-07
0,0,3.7811867e-07
0,0,5.230009e-07
0,0,2.599206e-07
0,0,1.6159397e-06
0,0,1.41062765e-05
0,0,2.9526208e-07
0,0,4.1830216e-07
0,0,0.0020517714
0,0,3.95959e-07
0,0,3.077709e-07
0,0,2.9768628e-07
0,0,2.808536e-07
0,0,4.919234e-07
0,0,7.322118e-07
0,0,4.873715e-07
0,0,4.3271388e-07
0,0,2.844945e-07
1,1,0.9999893
1,1,0.9999857
0,0,3.2638235e-07
0,0,5.976584e-07
0,0,5.5658813e-07
0,0,4.1950386e-07
0,0,4.773044e-07
0,0,8.334239e-07
1,1,0.99999034
0,0,9.522284e-07
0,0,4.7764865e-07
0,0,2.9134694e-07
0,0,3.1195313e-07
0,0,6.741554e-07
0,0,5.459394e-07
0,0,7.8936495e-07
0,0,1.1597234e-06
0,0,3.7661223e-07
0,0,4.0321908e-07
0,0,3.7375193e-07
1,1,0.99991107
0,0,4.6199233e-07
0,0,0.018691944
0,0,4.006379e-07
0,0,4.579145e-05
1,0,8.780267e-06
0,0,4.5294772e-07
0,0,4.83386e-07
0,0,3.503937e-07
0,0,3.7631636e-07
0,0,4.5766018e-07
1,0,0.013423481
0,0,4.8797517e-07
0,0,2.8808722e-07
0,0,3.498948e-07
0,0,1.4450342e-06
0,0,6.558886e-07
0,0,9.942819e-07
0,0,3.0839905e-07
0,0,6.346748e-06
0,0,1.3600908e-05
0,0,3.7530782e-07
0,0,0.014950612
0,0,3.3944352e-07
0,0,1.3983008e-06
0,0,4.8272534e-07
0,0,4.790254e-07
0,0,5.9512564e-07
0,0,2.882106e-07
0,0,2.7119145e-06
0,0,4.1611744e-07
0,0,1.4057939e-06
0,0,1.2997725e-06
0,0,3.2187677e-07
0,0,3.170259e-07
0,0,3.2242335e-07
0,0,2.9443734e-07
0,0,4.1666348e-07
0,0,4.7816e-07
0,0,4.2400865e-07
1,0,0.008269325
0,0,3.8335304e-07
0,0,3.7203185e-07
0,0,4.533293e-07
1,0,0.009935485
0,0,3.2095872e-07
0,0,2.9522604e-07
0,0,3.978565e-07
0,0,1.4668105e-06
0,0,5.0003615e-07
0,0,5.829535e-07
0,0,4.1058254e-07
0,0,4.135803e-07
0,0,5.3799124e-07
0,0,1.03253815e-05
0,0,3.6932224e-07
0,0,4.6073043e-07
0,0,4.6630544e-07
0,0,3.9601565e-07
0,0,7.2525376e-07
0,0,4.383004e-07
0,0,4.5849416e-07
0,0,3.2649257e-07
0,0,3.0566892e-07
0,0,3.7177398e-07
0,0,3.7729055e-07
0,0,3.6747633e-07
0,0,1.3559779e-06
0,0,3.383934e-07
0,0,3.1406267e-07
0,0,3.5138987e-07
1,1,0.99999034
0,0,3.494563e-07
0,0,5.770736e-07
1,1,0.9999914
0,0,5.155382e-07
0,0,4.7537148e-07
0,0,2.970697e-07
0,0,5.4929715e-06
0,0,3.9903753e-07
0,0,3.7239357e-07
0,0,7.608078e-07
0,0,9.3488165e-07
0,0,3.9111237e-07
0,0,3.4213062e-07
0,0,4.1007695e-07
0,0,4.4354945e-07
1,0,3.0805043e-07
0,0,3.0768285e-07
0,0,6.820006e-07
0,0,1.3094198e-06
0,0,4.1789453e-06
1,1,0.9999907
0,0,5.1586176e-07
0,0,3.6586988e-07
0,0,5.61363e-07
0,0,3.4660354e-07
0,0,3.8340386e-07
0,0,4.2787573e-07
0,0,3.182603e-07
1,0,9.024463e-07
0,0,5.1767785e-07
0,0,3.7891428e-07
0,0,5.392832e-07
0,0,4.86938e-07
0,0,4.4609132e-07
0,0,3.216203e-07
0,0,3.932217e-07
1,0,0.0044770343
0,0,3.015114e-07
0,0,3.4171453e-07
1,1,0.99999106
0,0,3.792523e-07
0,0,3.2664266e-07
0,0,3.3134765e-07
0,0,3.646987e-07
1,1,0.9984756
0,0,3.9605416e-07
0,0,6.066077e-07
0,0,8.87192e-07
0,0,3.4922306e-07
0,0,5.044427e-07
0,0,6.504259e-07
1,1,0.99996233
0,0,3.0733506e-07
0,0,5.3863806e-07
0,0,4.1422962e-07
0,0,6.307535e-07
0,0,6.1002004e-07
0,0,3.612213e-07
0,0,6.0681197e-07
0,0,2.725098e-07
1,0,6.063157e-05
0,0,1.1210738e-06
0,0,3.495386e-07
0,0,3.5285436e-07
0,0,3.3199387e-07
0,0,3.3243074e-07
1,1,0.9999329
0,0,4.6431478e-07
0,0,6.2105732e-06
0,0,0.0023127045
0,0,5.1936956e-07
0,0,2.9275543e-07
0,0,3.9896483e-07
1,1,0.99998915
0,0,2.7623292e-07
0,0,3.283179e-07
0,0,3.4079872e-07
0,0,6.579818e-07
0,0,4.1326012e-07
0,0,1.1351111e-06
0,0,3.618468e-07
0,0,3.257828e-07
0,0,4.4835005e-07
0,0,4.4273887e-07
0,0,3.70738e-07
0,0,4.4019842e-07
0,0,3.491681e-07
0,0,3.8275977e-07
0,0,5.044244e-07
0,0,5.4085456e-07
0,0,5.249127e-07
0,0,3.8883073e-07
0,0,3.6572058e-07
0,0,3.2016908e-07
0,0,3.420001e-07
0,0,4.4681425e-07
0,0,3.168521e-07
0,0,4.5064863e-07
0,0,4.2829626e-07
1,0,1.3388796e-05
0,0,3.7375483e-07
0,0,4.1827187e-07
0,0,3.5106666e-07
0,0,1.3996057e-06
0,0,3.7491898e-07
0,0,1.1820455e-06
0,0,3.7885e-07
0,0,5.4861636e-07
0,0,4.7209826e-07
0,0,4.0719394e-07
0,0,3.292906e-07
0,0,3.76358e-07
0,0,3.1712264e-07
0,0,3.1958092e-07
1,1,0.9999305
0,0,2.7442354e-07
0,0,2.8926414e-07
0,0,4.7497903e-07
0,0,4.4207056e-07
0,0,6.5081434e-07
0,0,4.3096273e-07
1,1,0.99999106
0,0,3.9181873e-07
0,0,3.3807953e-07
1,1,0.999977
1,0,7.383192e-07
0,0,2.8795236e-07
1,0,7.688612e-05
0,0,2.9201595e-07
0,0,3.6731237e-07
0,0,5.8340066e-07
0,0,3.5473843e-07
0,0,4.2209305e-07
0,0,3.187001e-07
0,0,1.5289581e-06
1,1,0.98112226
0,0,2.9502928e-07
0,0,4.9506815e-07
0,0,3.37067e-07
0,0,4.429255e-07
1,0,1.1352811e-06
0,0,3.21516e-07
0,0,3.9664002e-07
0,0,6.3920834e-07
0,0,1.9858012e-06
0,0,2.7675713e-07
0,0,3.3614606e-07
0,0,3.659313e-07
0,0,2.6978119e-06
0,0,5.683768e-06
0,0,4.3759707e-07
0,0,2.1278809e-06
0,0,4.3863284e-07
0,0,8.003853e-07
0,0,3.6319582e-07
0,0,2.9007631e-07
0,0,4.8638105e-07
0,0,4.196831e-07
0,0,3.43175e-07
0,0,3.270061e-07
0,0,4.192263e-07
0,0,4.1927427e-07
0,0,4.4595265e-07
1,1,0.99994767
0,0,1.1778425e-06
0,0,8.462279e-07
0,0,4.1775004e-07
0,0,1.5133025e-06
0,0,7.0509253e-07
0,0,3.859631e-07
0,0,3.339579e-07
0,0,3.6418083e-07
0,0,5.041589e-07
0,0,3.014625e-07
1,1,0.99998784
1,1,0.99998665
0,0,1.1950635e-06
0,0,1.1388225e-06
0,0,3.2195476e-07
0,0,4.5101748e-07
0,0,1.2018376e-06
1,1,0.99998534
0,0,8.878615e-07
0,0,4.1177228e-07
0,0,5.331382e-07
0,0,3.9979744e-07
0,0,3.4870456e-07
0,0,4.141202e-07
0,0,4.892696e-07
1,1,0.9999819
0,0,3.0099396e-05
0,0,2.950037e-07
0,0,3.206017e-07
0,0,5.9339374e-07
0,0,3.877321e-07
0,0,7.045669e-07
0,0,4.0499728e-07
0,0,2.7516884e-07
0,0,8.819079e-07
0,0,4.2667978e-07
0,0,4.694431e-07
0,0,2.8001062e-07
0,0,3.4512584e-07
0,0,7.0925097e-07
0,0,6.0723687e-07
0,0,6.4285433e-07
1,0,2.2281514e-05
0,0,2.9763063e-07
0,0,3.630732e-07
1,1,0.99999285
0,0,3.6895048e-07
0,0,3.64094e-07
0,0,5.781263e-07
0,0,3.3719274e-07
1,1,0.9994673
0,0,3.7355915e-07
0,0,3.0939827e-07
0,0,3.8359366e-07
0,0,6.400892e-07
0,0,9.880592e-07
0,0,3.3571035e-07
1,1,0.9999715
0,0,4.340273e-07
0,0,2.8658695e-07
0,0,3.0724186e-07
0,0,3.4393642e-07
1,1,0.99999404
0,0,4.06748e-07
0,0,5.293158e-07
0,0,5.656746e-07
1,1,0.9999871
1,1,0.99997246
0,0,3.5958632e-07
0,0,3.8359843e-07
0,0,5.5652237e-07
0,0,3.777979e-07
0,0,3.139363e-07
0,0,4.876262e-07
0,0,3.5571813e-07
0,0,2.4646977e-07
0,0,3.246972e-07
0,0,3.0124437e-07
0,0,3.3340993e-07
0,0,5.4984827e-07
0,0,3.7986695e-07
0,0,3.6854468e-07
0,0,4.4736854e-07
0,0,1.1123423e-06
0,0,5.6701515e-07
0,0,6.284976e-07
0,0,5.341776e-06
0,0,4.909064e-07
0,0,3.1324726e-07
0,0,6.1785215e-07
0,0,4.178604e-07
0,0,7.7256476e-07
1,0,6.202135e-07
0,0,3.9974867e-07
1,0,4.230315e-06
0,0,3.9932038e-07
0,0,3.7528778e-07
0,0,5.3389834e-07
0,0,8.522837e-07
0,0,1.4758075e-06
0,0,3.4935664e-07
1,0,6.334877e-06
0,0,4.5474047e-07
0,1,0.9987987
0,0,5.906188e-07
0,0,3.0138605e-07
0,0,4.068888e-07
0,0,5.751369e-07
0,0,2.9274423e-07
0,0,7.835576e-06
0,0,7.2353356e-07
0,0,3.7403828e-07
0,0,3.4448922e-07
0,0,3.993592e-07
0,0,2.8215862e-07
0,0,3.5772666e-07
0,0,9.186389e-05
0,0,7.9337315e-07
0,0,4.4474305e-07
0,0,1.3947368e-06
0,0,3.906807e-07
0,0,3.2697054e-07
1,1,0.99965596
1,1,0.9953122
0,0,3.1095007e-07
0,0,4.0713957e-07
0,0,4.0712092e-07
0,0,6.1296095e-07
0,0,1.22407e-06
0,0,4.506022e-07
0,0,3.480062e-07
0,0,2.9479108e-07
1,0,2.9346086e-06
0,0,2.8472303e-07
0,0,5.352902e-07
0,0,4.720528e-07
0,0,3.3484e-07
0,0,3.6943146e-07
0,0,3.1511274e-07
0,0,3.0310397e-07
0,0,3.407701e-07
1,0,4.0965233e-06
0,0,3.5456594e-07
0,0,4.669498e-07
0,0,3.4233494e-07
1,1,0.9999908
0,0,1.4293952e-06
0,0,7.322551e-07
0,0,3.9044787e-07
0,0,4.6775475e-07
0,0,5.8630326e-07
1,1,0.9999279
0,0,3.880998e-07
0,0,3.8923216e-07
1,1,0.99999106
0,0,3.0973044e-07
0,0,9.968111e-07
0,0,3.564639e-07
0,0,8.074786e-07
0,0,5.449947e-07
0,0,2.9891405e-07
0,0,3.8495253e-07
0,0,3.5710494e-07
0,0,3.9074774e-07
0,0,3.1309975e-07
0,0,3.2566194e-07
0,0,3.5872284e-07
0,0,4.5892287e-07
0,0,1.2029809e-06
0,0,4.1492348e-07
0,0,6.9279866e-07
0,0,5.1426537e-07
1,1,0.99997735
0,0,6.155928e-06
0,0,2.818472e-07
0,0,0.030270793
0,0,5.0502564e-07
0,0,5.0122213e-07
0,0,2.9639736e-07
0,0,4.6427314e-07
0,0,4.2055734e-07
1,1,0.99999046
0,0,9.1710115e-07
0,0,3.1494028e-07
0,0,4.014288e-07
0,0,5.3189245e-07
0,0,2.9392953e-07
0,0,7.796271e-07
1,1,0.9999877
0,0,2.9431072e-07
0,0,3.0781786e-07
0,0,3.4614604e-07
0,0,7.609572e-07
0,0,4.0621651e-07
0,0,7.1885046e-07
0,0,6.475201e-07
0,0,5.071807e-07
0,0,3.87937e-07
0,0,3.9902878e-07
0,0,9.36738e-07
0,0,1.3871255e-06
0,0,4.207114e-07
0,0,3.5740953e-07
0,0,3.4458552e-07
0,0,3.7433696e-07
0,0,1.1866593e-06
0,0,3.3870108e-07
0,0,1.6058037e-06
0,0,4.0585445e-07
1,1,0.99918634
0,0,4.7066604e-07
0,0,3.3253318e-07
0,0,3.0735822e-07
0,0,1.996195e-06
0,0,4.9888155e-07
0,0,4.990519e-07
0,0,2.9717089e-07
0,0,3.3703714e-07
0,0,2.9274926e-07
1,0,0.00083171675
0,0,6.2789496e-07
0,0,5.917634e-07
0,0,4.67674e-07
0,0,5.814721e-07
0,0,9.682878e-07
0,0,3.5722925e-07
0,0,9.457719e-07
0,0,3.8545215e-07
0,0,5.529487e-07
0,0,3.4886187e-07
0,0,5.7154347e-07
0,0,7.6490005e-07
0,0,3.2539498e-07
0,0,4.4532197e-07
0,0,2.8803885e-07
0,0,9.1784926e-07
0,0,1.6910774e-06
0,0,1.2449908e-06
0,0,5.0716665e-07
0,0,2.7780825e-07
0,0,2.8729897e-07
1,1,0.9999671
0,0,3.315588e-07
0,0,6.9547707e-07
0,0,3.1871986e-07
0,0,4.821107e-07
0,0,3.87087e-07
0,0,3.5364872e-07
0,0,3.5552688e-07
0,0,1.1261499e-06
1,0,0.0004242821
0,0,3.8717266e-07
0,0,5.3958615e-07
0,0,5.401999e-07
0,0,7.474263e-07
0,0,2.9599371e-07
0,0,5.83837e-07
0,0,2.8964507e-07
0,0,2.9582296e-07
0,0,1.3383284e-06
0,0,8.661544e-07
0,0,5.268144e-07
1,1,0.9999511
1,1,0.99996066
0,0,5.660568e-06
0,0,4.8013953e-07
0,0,1.1717456e-06
0,0,5.5464454e-07
0,0,4.493337e-07
0,0,4.9099725e-07
0,0,3.7789877e-07
0,0,4.4080338e-07
0,0,3.0013948e-07
0,0,3.59074e-07
1,1,0.9999833
0,0,3.39875e-07
0,0,7.08281e-07
0,0,3.2361982e-07
1,0,2.608279e-05
1,1,0.999479
0,0,3.5167517e-07
0,0,4.4522514e-07
0,0,3.6537404e-07
0,0,3.212377e-07
0,0,1.0348028e-06
0,0,3.009793e-07
0,0,3.0306754e-07
0,0,3.342351e-07
0,0,4.0306915e-07
0,0,3.9527686e-07
0,0,3.120183e-07
0,0,4.4021314e-07
0,0,5.52896e-07
0,0,5.320939e-07
0,0,3.7516472e-07
0,0,5.262196e-05
0,0,4.2753393e-07
1,1,0.99998915
0,0,4.8751093e-07
0,0,3.7538766e-07
0,0,1.3363248e-06
0,0,3.6668376e-07
1,1,0.99979645
0,0,3.5232372e-07
0,0,5.305135e-07
0,0,6.5227636e-07
0,0,3.0026288e-07
0,0,4.28794e-07
0,0,2.7688145e-07
0,0,2.8650578e-07
0,0,4.739347e-07
0,0,3.5611427e-07
0,0,4.2010117e-07
1,1,0.9999008
0,0,8.707843e-07
0,0,2.9742915e-07
0,0,0.06471053
0,0,3.9394843e-07
0,0,6.251554e-07
0,0,7.156936e-07
0,0,1.2286699e-06
0,0,5.2161016e-07
0,0,3.105583e-07
0,0,5.752982e-07
1,0,9.1822403e-07
0,0,6.168418e-07
0,0,6.7673454e-07
0,0,3.6427983e-07
1,0,0.00015175017
0,0,6.034308e-07
0,0,3.144649e-07
0,0,2.9599632e-05
0,0,4.8374335e-07
0,0,5.396299e-07
0,0,3.2047302e-07
0,0,4.097736e-07
0,0,1.0997093e-06
1,1,0.99998856
0,0,3.742699e-07
0,0,3.7617716e-07
0,0,1.0718429e-06
0,0,3.5096122e-07
1,1,0.9999864
0,0,4.5451455e-07
0,0,3.4219653e-07
0,0,5.2879057e-07
0,0,4.0935606e-07
0,0,3.6519535e-07
0,0,2.7020866e-07
0,0,3.7896055e-07
0,0,6.157921e-07
0,0,7.128395e-07
0,0,7.778843e-06
0,0,3.7737147e-05
0,0,3.8851158e-07
1,1,0.99947244
0,0,3.1068123e-07
0,0,5.894248e-07
0,0,2.9756933e-07
0,0,4.2524297e-07
0,0,7.564928e-07
0,0,4.9888064e-07
0,0,1.397365e-06
0,0,3.160454e-07
0,0,3.980444e-07
0,0,2.0974996e-06
1,0,1.2383514e-06
0,0,6.872644e-07
0,0,4.1301192e-07
0,0,3.311038e-07
0,0,4.0956343e-07
0,0,4.4721457e-07
0,0,2.8272672e-07
0,0,3.110005e-07
0,0,3.0676686e-06
0,0,3.2122057e-07
0,0,1.0344111e-06
0,0,8.225289e-07
0,0,3.311979e-07
0,0,4.902243e-07
0,0,3.2833168e-07
0,0,4.825716e-07
0,0,3.536838e-07
0,0,4.806371e-07
0,0,4.3649254e-07
0,0,3.8027764e-07
0,0,1.6343798e-06
0,0,3.8759012e-07
0,0,3.7956167e-07
0,0,9.1805765e-07
0,0,3.0592903e-07
0,0,4.674689e-07
0,0,4.3517704e-07
0,0,5.0348433e-07
0,0,2.853613e-07
0,0,3.934513e-07
0,0,5.960964e-07
1,1,0.9999863
0,0,8.337244e-07
0,0,6.6239085e-07
0,0,3.1273626e-07
0,0,4.2598006e-07
0,0,3.6118618e-07
1,1,0.99996185
1,0,0.0050886674
0,0,3.9689354e-07
0,0,3.6738942e-07
0,0,4.1097587e-07
0,0,2.9684202e-07
0,0,1.3200824e-06
0,0,4.9262945e-07
0,0,4.0886758e-07
0,0,4.1444102e-07
0,0,4.11215e-07
0,0,7.4428874e-07
0,0,7.055681e-07
0,0,5.001554e-07
1,1,0.9999827
0,0,5.1278346e-07
0,0,2.87623e-07
0,0,1.2251584e-05
0,0,4.7182192e-07
0,0,3.207571e-07
0,0,2.4509704e-05
0,0,3.9022714e-07
0,0,3.0639475e-07
0,0,1.3015166e-06
0,1,0.9999825
0,0,4.8063066e-07
0,0,3.4254197e-07
0,0,4.7897976e-07
0,0,4.8424045e-07
0,0,3.0636525e-07
0,0,3.433806e-07
0,0,3.9336575e-07
0,0,1.4782627e-06
0,0,3.2968686e-07
0,0,4.7001743e-07
0,0,5.49832e-07
1,0,2.362275e-06
0,0,5.254396e-07
0,0,5.326269e-07
1,1,0.9996352
1,0,6.6212937e-07
0,0,3.9455526e-07
0,0,6.1986464e-07
0,0,3.5110716e-07
0,0,3.394623e-07
0,0,3.6030752e-07
0,0,2.8010356e-06
0,0,6.143796e-07
0,0,2.874947e-07
0,0,3.794238e-07
0,0,4.6208575e-07
0,0,4.9963285e-07
0,0,8.663213e-07
0,0,3.9182544e-07
0,0,6.1342996e-07
0,0,2.7140957e-06
0,0,6.6546426e-07
0,0,1.9743895e-05
0,0,8.1652496e-07
0,0,1.1470758e-05
0,0,6.432781e-07
0,0,4.1558485e-07
0,0,4.912371e-07
0,0,6.0106277e-07
0,0,1.5855237e-06
0,0,1.0324459e-06
0,0,4.93844e-07
0,0,4.830274e-07
0,0,4.6239566e-07
0,0,3.0281214e-07
0,0,2.1086873e-06
0,0,4.1819447e-07
0,0,9.045841e-07
0,0,4.8214605e-07
0,0,4.1244473e-07
0,0,3.1499977e-07
0,0,3.5404895e-07
0,0,3.2354606e-07
0,0,4.9865895e-07
1,1,0.9999721
0,0,3.38145e-07
0,0,0.24332087
1,1,0.9999752
0,0,5.394884e-07
1,0,0.00077737344
0,0,5.628006e-07
0,0,5.7740885e-07
0,0,3.582818e-07
0,0,4.779129e-07
0,0,4.0384484e-07
0,0,4.95722e-07
0,0,4.698117e-07
0,0,1.146189e-05
0,0,3.646076e-07
0,0,6.170395e-07
0,0,4.812829e-07
0,0,1.3542436e-06
0,0,0.011551406
0,0,4.5254444e-07
0,0,5.024502e-07
0,0,6.698149e-07
0,0,3.1325445e-07
0,0,3.6799398e-07
0,0,4.635334e-07
0,0,5.60063e-07
0,0,4.0881923e-07
0,0,3.5860722e-07
0,0,3.811341e-07
0,0,2.9832796e-07
1,0,6.743342e-06
1,0,0.00016579167
0,0,3.1916852e-07
0,0,4.873403e-07
0,0,6.307139e-07
1,1,0.99998784
0,0,3.537297e-07
0,0,3.373703e-07
0,0,3.4409655e-07
0,0,3.857986e-07
0,0,3.8462738e-07
0,0,3.0054335e-07
0,0,5.2081685e-07
1,1,0.9997528
0,0,3.3124718e-07
0,0,3.1708484e-07
0,0,3.8047207e-07
0,0,1.1755511e-06
0,0,5.540588e-07
0,0,9.294766e-07
0,0,5.91334e-07
1,1,0.99998605
0,0,4.9243124e-07
0,0,3.0516676e-07
0,0,6.135171e-07
0,0,6.8310135e-07
0,0,3.5155279e-07
0,0,6.234603e-07
1,1,0.9999939
0,0,4.573543e-07
0,0,4.0166623e-07
0,0,5.4788694e-07
0,0,1.741983e-05
0,0,3.9273303e-07
0,0,1.1607823e-06
0,0,3.5297887e-07
0,0,4.8823813e-07
0,0,5.0465137e-06
0,0,9.5348605e-07
0,0,3.096312e-07
0,0,3.0257428e-07
1,1,0.99999213
0,0,3.251403e-07
1,1,0.9999888
0,0,2.233032e-06
0,0,3.952633e-07
0,0,7.4197947e-06
0,0,4.0080377e-07
0,0,4.0487254e-07
0,0,4.5420907e-07
0,0,4.5985382e-07
0,0,3.711077e-07
1,1,0.9999856
1,0,7.003998e-07
0,0,0.00010725952
0,0,1.9521715e-06
1,1,0.9999896
0,0,7.32633e-07
0,0,4.847737e-07
0,0,4.7224776e-07
0,0,4.0150155e-07
0,0,4.843467e-07
0,0,7.55119e-07
0,0,3.052058e-07
0,0,7.046186e-07
0,0,1.3329557e-06
0,0,4.180525e-07
0,0,3.0010884e-07
0,0,3.8592736e-07
1,1,0.99997413
1,1,0.9999703
0,0,2.2861394e-05
0,0,6.688689e-07
1,0,1.3003705e-05
0,0,4.3908065e-07
0,0,3.6120824e-07
0,0,3.259755e-07
0,0,5.0217903e-07
0,0,6.815806e-07
0,0,1.6370132e-06
0,0,2.6605383e-05
0,0,3.1504842e-07
0,0,3.3401204e-07
0,0,2.9352813e-07
1,1,0.9997925
1,1,0.99946886
0,0,1.0290034e-06
0,0,3.99296e-07
1,0,2.5345273e-06
0,0,5.6467474e-07
0,0,5.892466e-06
0,0,6.792212e-07
0,0,2.8047561e-06
0,0,3.1780354e-07
0,0,4.877671e-07
0,0,3.6361584e-07
0,0,7.9239544e-07
0,0,3.0248628e-07
0,0,5.6085076e-07
0,0,7.951676e-07
0,0,3.064225e-07
0,0,6.498207e-07
0,0,1.3653415e-06
0,0,3.936495e-07
0,0,3.501956e-07
0,0,3.9109074e-07
0,0,4.0282552e-07
0,0,3.4693292e-07
0,0,3.2234064e-07
0,0,3.80761e-07
0,0,6.620296e-07
1,0,7.4149275e-06
0,0,4.1605753e-07
0,0,7.551794e-07
0,0,3.220429e-07
0,0,1.3499986e-06
0,0,5.10057e-07
0,0,3.5900416e-07
0,0,4.638881e-07
0,0,2.38568e-05
0,0,1.1598748e-06
0,0,3.5711923e-07
0,0,5.93366e-07
0,0,5.188636e-07
1,0,0.00015647097
0,0,3.2458573e-07
0,0,3.987762e-07
0,0,3.9047013e-06
0,0,9.781186e-07
0,0,6.8155714e-07
0,0,5.312339e-07
0,0,3.087527e-06
0,0,4.2638976e-07
0,0,3.4126379e-07
0,0,3.8846196e-07
0,0,1.2210561e-06
0,0,4.698435e-07
1,1,0.99766374
1,1,0.99988437
0,0,1.1403246e-06
0,0,6.8978846e-07
0,0,4.4885114e-06
0,0,3.473971e-07
0,0,3.5666656e-07
0,0,4.1565858e-07
0,0,1.2157391e-06
0,0,4.4415137e-07
0,0,3.3495883e-07
0,0,4.0913906e-07
0,0,1.5282408e-06
0,0,3.2374237e-07
0,0,9.474031e-07
0,0,5.0917447e-07
1,0,2.144004e-05
0,0,4.0550702e-07
0,0,6.1949e-07
0,0,3.5460718e-07
0,0,3.9738782e-07
0,0,3.0423803e-07
0,0,5.3343723e-07
0,0,5.6628124e-07
0,0,5.1659237e-07
0,0,3.8872136e-07
0,0,3.8974176e-07
0,0,7.6220283e-07
0,0,2.9515004e-07
1,0,0.00033051713
0,0,5.0334796e-07
0,0,7.352697e-07
0,0,9.449758e-07
0,0,1.0571725e-06
0,0,3.1061577e-07
0,0,8.5542354e-07
0,0,8.8710067e-07
0,0,2.9985736e-07
0,0,3.4958293e-07
0,0,3.7585905e-06
1,1,0.9999864
0,0,3.288917e-07
0,0,5.4784203e-07
0,0,2.6478483e-07
0,0,3.3886295e-07
0,0,3.9324948e-07
0,0,5.1166677e-07
0,0,4.275421e-07
0,0,3.89937e-07
0,0,8.3837597e-07
0,0,7.5589134e-07
0,0,3.2508726e-07
0,0,7.702174e-06
0,0,3.891598e-07
1,0,5.7939018e-05
0,0,3.6741676e-07
0,0,1.2464949e-06
0,0,4.0608714e-07
0,0,5.590341e-07
0,0,3.552557e-07
0,0,6.300147e-07
0,0,3.9109372e-07
0,0,4.181506e-07
0,0,2.987462e-07
0,0,4.045078e-07
0,0,4.6377485e-07
1,0,6.632423e-07
1,1,0.99997926
0,0,1.1955445e-06
0,0,4.1591076e-07
0,0,4.6997036e-07
0,0,3.8715862e-07
0,0,3.3458977e-07
0,0,6.700302e-07
0,0,6.0796816e-07
0,0,3.184261e-07
0,0,3.9387703e-07
0,0,3.2605556e-06
0,0,3.4914612e-07
0,0,3.9894582e-07
0,0,3.210861e-07
0,0,5.3196857e-07
0,0,4.1140802e-07
0,1,0.999739
1,1,0.9999889
0,0,2.9765448e-07
0,0,4.7453304e-07
0,1,0.9783985
0,1,0.9984407
0,0,5.190611e-07
0,0,2.9616677e-07
0,0,3.5903085e-07
0,0,6.1052293e-07
0,0,4.0087028e-07
0,0,3.6054468e-07
0,0,3.4986644e-07
0,0,2.7966797e-07
0,0,4.955651e-07
1,1,0.99998415
0,0,4.505717e-07
0,0,3.0570797e-07
0,0,3.6059765e-07
0,0,3.6939657e-06
0,0,3.12347e-07
0,0,3.6067468e-07
0,0,7.8436113e-07
0,0,4.4068778e-07
0,0,4.0457726e-07
0,0,6.611185e-07
0,0,2.8352565e-07
0,0,3.2482788e-07
0,0,4.509934e-07
0,0,5.917645e-07
0,0,3.40507e-07
0,0,3.295916e-07
1,0,0.00011651599
0,0,5.6494895e-07
0,0,8.362949e-07
0,0,4.1190344e-07
0,0,3.128496e-07
0,0,1.3763085e-06
0,0,1.1671996e-06
0,0,4.343093e-07
0,0,7.381115e-07
0,0,4.070829e-07
0,0,9.699543e-07
0,0,3.9574758e-07
0,0,3.904289e-07
0,0,3.4327843e-07
0,0,2.8898978e-07
0,0,4.2964217e-07
0,0,5.052761e-07
0,0,3.0770047e-07
0,0,4.89878e-07
0,0,6.149013e-07
0,0,3.327543e-07
0,0,4.5148138e-07
0,0,2.7405477e-07
1,0,6.747266e-06
0,0,5.029267e-07
0,0,3.6617882e-07
0,0,4.767185e-07
0,0,3.7175343e-07
0,0,2.8929034e-07
0,0,3.555472e-07
0,0,3.538903e-07
0,0,4.601166e-07
1,0,0.0003556276
0,0,3.5426578e-07
0,0,4.459756e-07
0,0,1.4764212e-06
0,0,5.74116e-07
0,0,3.3219877e-07
0,0,6.084403e-07
0,0,3.0656105e-07
0,0,3.5231432e-07
0,0,4.949303e-07
1,1,0.99997735
0,0,3.9000838e-07
0,0,2.6606715e-06
0,0,4.7600795e-07
0,0,4.9283244e-07
0,0,5.0792903e-07
0,0,3.613819e-07
0,0,5.6987204e-07
0,0,2.978402e-07
0,0,4.2405154e-07
0,0,3.547655e-07
0,0,2.6827547e-07
0,0,0.00015130054
0,0,2.1106307e-06
0,0,4.6221356e-07
0,0,3.8191385e-07
0,0,3.91415e-07
0,0,3.544875e-07
0,0,5.6880134e-07
0,0,8.06989e-07
0,0,3.8476608e-07
0,0,3.1019067e-07
0,0,3.8686557e-07
1,0,2.390711e-05
0,0,2.928512e-07
0,0,4.5089794e-07
0,0,3.6309052e-07
0,0,3.1357547e-07
0,0,5.572659e-07
0,0,3.8608346e-07
0,0,3.14467e-07
0,0,5.971627e-07
0,0,6.0921076e-07
1,0,0.019694882
0,0,5.523942e-07
0,0,8.0019674e-07
0,0,5.5880173e-07
0,0,4.1173692e-07
0,0,3.3518506e-07
0,0,1.6558516e-06
0,0,4.4795001e-07
0,0,8.5903775e-07
0,0,6.172926e-07
0,0,6.4491445e-07
0,0,4.0291312e-07
0,0,4.127985e-07
0,0,3.727432e-07
0,0,0.011895536
0,0,4.4119832e-07
0,0,0.000101579164
0,0,4.2669402e-07
0,0,2.829738e-07
0,0,3.44739e-07
0,0,6.1626565e-07
0,0,8.615689e-07
0,0,3.8876658e-07
0,0,3.4251585e-07
0,0,3.8336546e-07
0,0,4.4237967e-07
0,0,3.1884116e-07
0,0,4.7166986e-07
0,0,3.7641257e-07
0,0,8.968165e-07
0,0,1.4228303e-06
0,0,3.977833e-07
0,0,1.2574302e-06
0,0,3.4255896e-07
1,0,4.7305373e-05
0,0,5.374754e-07
0,0,0.105981134
0,0,3.8480974e-07
0,0,5.614074e-07
0,0,4.278692e-07
0,0,3.7095091e-07
0,0,3.999538e-07
1,0,0.00036268134
0,0,3.4529046e-07
0,0,4.2172448e-07
1,1,0.99998474
0,0,3.4655793e-07
0,0,8.198443e-07
0,0,5.4365177e-07
0,0,3.8932532e-07
1,1,0.9999269
0,0,5.289893e-07
0,0,4.0229494e-07
0,0,3.114267e-07
0,0,3.626268e-07
0,0,7.0230345e-07
0,0,1.5397261e-06
0,0,3.510653e-07
0,0,3.002586e-07
0,0,4.968039e-07
0,0,3.740069e-07
0,0,5.7045384e-07
0,0,3.2904637e-07
0,0,6.0943336e-07
0,0,3.5017052e-07
0,0,5.2984456e-07
1,1,0.999974
1,0,2.5222275e-06
0,0,4.5897144e-07
1,1,0.9999889
0,0,4.4534022e-07
0,0,6.003856e-07
0,0,5.274096e-07
0,0,2.953049e-07
0,0,6.413235e-07
0,0,3.82954e-07
0,0,5.005906e-07
0,0,4.031841e-07
0,0,4.8353905e-07
0,0,4.0068682e-07
0,0,1.3887378e-06
0,0,3.7238965e-06
0,0,4.0821186e-07
1,0,0.0012157358
0,0,3.9864804e-07
1,1,0.9999907
0,0,7.212394e-07
0,0,2.8656262e-07
0,0,4.1216518e-07
0,0,3.8528233e-07
0,0,4.6470547e-07
0,0,4.945439e-07
0,0,6.5160054e-07
1,0,9.444307e-07
0,0,4.8272716e-07
0,0,1.101022e-06
0,0,4.5726534e-07
0,0,4.468667e-07
0,0,3.340904e-07
0,0,3.9746024e-07
0,0,6.303939e-07
0,0,4.2747766e-07
1,1,0.999785
0,0,3.7618003e-07
0,0,3.5711105e-07
0,0,3.070362e-07
1,1,0.9999887
0,0,3.8612617e-07
0,0,4.4062097e-07
0,0,7.302118e-07
0,0,2.3899294e-05
0,0,9.931465e-07
0,0,1.9717872e-06
0,0,3.0694312e-07
0,0,2.871642e-07
0,0,7.116053e-07
0,0,3.3949468e-07
1,1,0.99259937
0,0,4.3773347e-05
0,0,4.0011938e-07
0,0,3.1969796e-07
0,0,3.330667e-07
0,0,3.788908e-07
0,0,5.4442535e-07
0,0,4.8441876e-07
0,0,9.4536244e-07
0,0,2.919349e-07
0,0,3.3619477e-07
0,0,6.315842e-07
0,0,4.2323015e-07
0,0,9.069466e-07
0,0,2.9758493e-07
0,0,3.263282e-07
0,0,3.636599e-06
0,0,3.1708242e-07
0,0,4.8131136e-07
0,0,4.6739623e-07
0,0,4.365687e-07
0,0,4.6465587e-07
0,0,4.914357e-07
0,0,8.0342596e-07
0,0,3.1572938e-07
0,0,4.836783e-07
0,0,9.3397625e-07
0,0,3.368161e-07
0,0,3.3740181e-07
0,0,3.8691576e-07
0,0,4.2753516e-07
1,0,4.2172796e-06
0,0,4.6794796e-07
0,0,4.4180754e-07
0,0,3.611152e-07
0,0,4.592083e-07
0,0,4.845777e-07
0,0,4.3859268e-07
0,0,3.1055117e-07
0,0,4.1328616e-07
0,0,1.0272836e-06
0,0,4.273132e-06
0,0,8.0674437e-07
0,0,5.200228e-07
0,0,5.232319e-07
1,1,0.9999896
0,0,3.2917507e-07
0,0,5.0713373e-07
0,0,7.262975e-07
0,0,5.360386e-07
0,0,5.7513193e-07
0,0,3.2791172e-07
0,0,6.6363015e-07
0,0,3.7923098e-07
0,0,3.3445065e-07
0,0,3.4510674e-07
0,0,5.058677e-07
1,0,1.1664273e-06
0,0,3.4079903e-07
0,0,5.771165e-07
0,0,4.4509054e-07
1,0,1.4398562e-06
0,0,3.0383848e-07
0,0,4.8146103e-07
0,0,3.395588e-07
0,0,4.1348562e-07
0,0,3.4070413e-07
0,0,7.062595e-07
1,1,0.99999356
0,0,2.9285482e-07
0,0,4.995119e-07
0,0,3.8298288e-07
0,0,3.6921378e-07
0,0,4.1831615e-07
0,0,7.130455e-07
0,0,5.034536e-07
0,0,3.054518e-07
0,0,3.344207e-07
0,0,2.933641e-07
0,0,3.5008972e-07
0,0,5.8225453e-07
1,1,0.99997437
0,0,5.304801e-07
0,0,7.3881364e-07
0,0,8.000479e-07
0,0,2.8775415e-07
0,0,6.7015867e-07
0,0,3.0194355e-05
0,0,5.5659024e-07
0,0,3.4234276e-07
0,0,4.451793e-07
0,0,3.6968274e-07
0,0,2.9609902e-07
0,0,3.3100653e-07
0,0,3.720102e-07
0,0,3.9750753e-06
0,0,7.034725e-07
0,0,6.8369053e-07
0,0,4.067503e-07
0,0,4.5333059e-07
0,0,4.78755e-07
0,0,3.2430785e-07
0,0,3.750946e-07
0,0,3.3264578e-07
1,0,1.3717105e-06
0,0,4.4053357e-07
0,0,3.282584e-07
0,0,3.6665998e-07
1,0,0.00014438428
0,0,7.943839e-07
0,0,2.8787656e-07
0,0,3.8018044e-07
0,0,3.0024395e-07
0,0,4.5018555e-07
0,0,1.4109758e-06
0,0,3.0202796e-07
0,0,3.9154676e-07
0,0,4.5832192e-07
0,0,1.2518449e-06
0,0,4.9844783e-07
0,0,2.3446294e-06
0,0,3.1737076e-07
0,0,3.6121168e-07
0,0,3.6213535e-07
0,0,2.6776246e-07
1,0,0.00046831137
0,0,5.9392653e-07
0,0,8.762841e-07
0,0,1.1733894e-06
0,0,2.614121e-07
0,0,5.9520227e-07
0,0,6.060104e-07
0,0,4.142229e-07
1,0,1.1478856e-05
0,0,3.7564013e-07
0,0,3.7432412e-07
0,0,3.4369052e-07
0,0,3.070456e-07
1,1,0.9999403
0,0,2.603339e-06
0,0,6.7108795e-07
0,0,1.2925561e-06
0,0,2.813544e-07
0,0,1.21734e-06
0,0,3.3159864e-07
0,0,3.8301027e-07
0,0,5.5510816e-07
0,0,3.050002e-05
0,0,2.1614746e-06
0,0,3.97951e-07
0,0,1.0255726e-06
0,0,3.246015e-07
0,0,4.2437802e-07
0,0,1.1043661e-05
0,0,3.974337e-07
0,0,4.5347414e-07
0,0,3.9886748e-07
0,0,3.6030102e-07
1,1,0.9999882
0,0,3.2776416e-07
0,0,3.7893165e-07
1,0,5.0836723e-05
0,0,4.5539662e-07
1,1,0.99999094
0,0,4.3880942e-07
0,0,4.78021e-07
0,0,4.0756768e-07
1,1,0.99998415
0,0,4.2081894e-07
1,1,0.99998975
0,0,4.1608294e-07
0,0,1.2622432e-06
0,0,4.7976147e-07
1,0,0.0033180302
0,0,9.818185e-07
0,0,5.5559747e-07
0,0,2.747388e-06
0,0,1.3286101e-06
0,0,3.5673256e-07
0,0,3.9495205e-07
0,0,3.6137018e-07
0,0,2.8958377e-07
0,0,7.47648e-07
1,1,0.9999559
0,0,3.2168776e-07
0,0,1.0914312e-06
0,0,9.644937e-07
1,1,0.99999046
0,0,7.012353e-07
0,0,3.1104383e-07
0,0,3.9328773e-07
0,0,5.9961656e-07
0,0,9.244642e-07
0,0,3.5886208e-07
0,0,3.349518e-07
0,0,3.469766e-07
0,0,3.197425e-07
0,0,4.4906125e-07
0,0,3.4752964e-07
0,0,3.7620512e-07
1,1,0.9999912
0,0,3.4837814e-07
0,0,4.227344e-07
0,0,2.9265325e-07
0,0,1.5837933e-06
0,0,6.2482036e-07
1,1,0.9999896
0,0,3.4036933e-07
0,0,3.574852e-07
0,0,4.321942e-07
0,0,2.8252293e-07
0,0,3.0529893e-07
0,0,1.0729617e-06
0,0,2.7597198e-07
0,0,3.8174085e-07
0,0,4.7047484e-07
0,0,1.3733755e-06
0,0,3.7959424e-07
0,0,8.25745e-07
0,0,4.3535718e-07
0,0,5.811977e-07
0,0,7.210393e-07
0,0,2.3217956e-06
0,0,3.6664636e-07
0,0,3.2272018e-07
0,0,5.7720183e-07
0,0,4.6156427e-07
0,0,4.7932247e-07
1,1,0.99998665
0,0,4.2110477e-07
0,0,5.01073e-07
0,0,3.6495197e-07
0,0,4.4406536e-07
0,0,5.055706e-07
0,0,2.966298e-07
0,0,4.7203702e-07
0,0,6.345734e-07
0,0,1.2863118e-06
0,0,3.4554674e-07
0,0,6.968952e-07
0,0,4.85102e-07
0,0,5.2154132e-06
0,0,4.1507272e-07
0,0,2.982466e-07
0,0,4.6086708e-07
0,0,3.045562e-07
0,0,2.8798587e-07
0,0,6.4324314e-07
0,0,1.1383296e-06
0,0,6.205767e-07
1,1,0.9999783
0,0,4.6516394e-07
0,0,3.5670874e-07
0,0,3.2526623e-07
0,0,4.394158e-07
0,0,4.0320526e-07
0,0,4.0853666e-07
0,0,3.919813e-07
0,0,3.8927004e-07
0,0,6.4211906e-07
0,0,3.7161874e-07
0,0,1.7218789e-06
0,0,7.1758944e-07
0,0,2.9490297e-07
0,1,0.99977523
0,0,2.0305708e-05
0,0,2.959192e-07
0,0,3.254558e-07
0,0,3.591524e-07
0,0,3.1881805e-07
0,0,5.2560097e-07
0,0,3.451927e-07
0,0,5.120172e-07
0,0,3.526693e-07
0,0,4.2447311e-07
0,1,0.9998735
1,1,0.99997663
0,0,6.2717436e-07
0,0,2.7299932e-06
0,0,4.874598e-07
0,0,6.29942e-07
0,0,5.402298e-07
0,0,4.637776e-06
0,0,4.3488663e-07
0,0,3.0364498e-07
0,0,3.4717917e-07
1,0,8.724586e-06
0,0,4.870713e-07
0,0,6.5857903e-06
0,0,8.1290267e-07
0,0,3.5990092e-07
0,0,3.7904007e-07
0,0,3.4625202e-07
0,0,3.5605143e-07
0,0,8.179761e-07
0,0,3.1716831e-07
0,0,0.0005197476
0,0,3.1678863e-07
0,0,7.891105e-07
0,0,5.0076346e-07
0,0,4.3975788e-07
0,0,5.0004763e-07
0,0,3.209159e-07
0,0,4.1369466e-07
0,0,3.6870955e-07
0,0,5.6889786e-07
0,0,3.9880888e-07
0,0,4.785332e-07
0,0,8.1911196e-07
1,0,3.3264467e-05
0,0,4.8167226e-07
0,0,3.4479655e-07
1,0,0.0033125863
0,0,2.4198675e-05
0,0,5.2353073e-05
0,0,4.005798e-07
0,0,7.4636574e-07
0,0,1.5106609e-06
0,0,2.6724993e-07
0,0,4.7885277e-07
0,0,3.5279444e-07
0,0,3.4516665e-07
1,0,4.0051627e-06
0,0,3.4459634e-07
1,1,0.99993527
0,0,8.5018115e-07
0,0,4.5758074e-07
1,1,0.9999939
0,0,5.615284e-07
0,0,4.066072e-07
1,1,0.99999166
0,0,2.9345983e-07
0,0,1.1886937e-06
0,0,7.452504e-07
0,0,3.1110997e-07
1,0,4.7135063e-06
0,0,7.546324e-07
0,0,3.0028949e-07
0,0,3.4497086e-07
0,1,0.9991667
1,1,0.99999094
0,0,3.563361e-07
0,0,6.426128e-07
0,0,5.555466e-07
0,0,9.804627e-07
0,0,4.085916e-07
0,0,3.3998393e-07
0,0,3.72996e-07
0,0,3.530213e-07
0,0,7.744606e-07
0,0,3.2626596e-07
0,0,4.042217e-07
0,0,4.3204503e-07
0,0,1.0154297e-06
0,0,7.314036e-07
0,0,1.2013758e-06
0,0,4.4241006e-07
0,0,3.5097094e-07
0,0,3.9533984e-07
0,0,0.00027663962
1,0,8.326839e-05
0,0,5.211985e-07
0,0,4.834578e-07
0,0,3.846993e-07
0,0,5.8810866e-07
1,1,0.9997707
0,0,3.399366e-07
0,0,3.2750233e-07
0,0,5.036649e-07
0,0,3.050879e-07
1,1,0.9999455
0,0,3.5355296e-07
0,0,6.3011925e-07
0,0,6.9631125e-07
0,0,1.6312157e-06
0,0,6.512719e-07
1,0,8.526381e-07
0,0,4.9377996e-07
0,0,4.480517e-07
0,0,4.6683675e-07
0,0,3.1033153e-07
0,0,3.2079382e-07
0,0,3.5351755e-07
0,0,4.0909265e-07
0,0,6.9490557e-07
0,0,5.2978396e-07
0,0,4.4089083e-07
0,0,2.932338e-07
0,0,5.1295757e-07
0,0,4.3166284e-07
0,0,3.501398e-07
0,0,3.2043758e-07
0,0,4.0936894e-07
1,1,0.99999034
0,0,3.0002673e-07
0,0,3.824095e-07
0,0,4.0794137e-07
0,0,8.95883e-07
0,0,5.206709e-07
0,0,2.9501328e-07
0,0,3.4890414e-07
0,0,3.2007688e-07
0,0,5.891528e-07
0,0,3.8651007e-07
0,0,2.8127042e-07
0,0,4.0073724e-07
0,0,9.1250433e-07
0,0,1.285777e-06
0,0,3.1438873e-07
0,0,6.3734325e-07
0,0,3.33176e-07
0,0,3.6688348e-07
0,0,3.5556482e-07
0,0,3.766812e-07
0,0,3.5950643e-07
0,0,5.219237e-07
0,0,4.344265e-07
0,0,4.892762e-07
0,0,6.477764e-07
0,0,4.674944e-06
0,0,4.1849847e-07
1,1,0.99998474
0,0,3.8664723e-07
0,0,5.432563e-07
1,1,0.99999046
0,0,5.165362e-07
0,0,4.355258e-07
0,0,3.9849445e-07
0,0,4.235738e-07
0,0,3.9907482e-07
0,0,4.442509e-07
0,0,1.3691359e-06
0,0,4.2263886e-07
0,0,3.227605e-07
0,0,3.5483654e-07
0,0,3.8876212e-07
0,0,5.8396563e-07
0,0,3.105035e-07
0,0,4.723248e-07
0,0,4.0648806e-06
0,0,1.1688181e-06
0,0,3.258791e-07
0,0,3.9345056e-07
0,0,3.74247e-07
1,0,1.9631866e-06
0,0,6.528757e-07
0,0,5.426857e-07
0,0,5.4409315e-07
0,0,3.3491827e-07
0,0,4.7059868e-07
0,0,3.875162e-07
0,0,3.0691882e-07
1,1,0.99936587
0,0,3.3260136e-07
0,0,3.453191e-07
0,0,4.952901e-07
0,0,3.6342448e-07
0,0,3.1847406e-07
0,0,3.6334825e-07
0,0,4.229727e-07
0,0,4.2990285e-07
0,0,5.5724564e-07
0,0,4.198016e-07
0,0,4.0460276e-07
0,0,1.0145546e-06
0,0,3.8014417e-07
0,0,1.0143476e-06
0,0,6.678796e-07
0,0,4.3687942e-07
0,0,3.7865564e-07
0,0,4.791232e-07
0,0,4.6454153e-07
0,0,3.1382885e-07
0,0,6.397041e-07
1,1,0.6276645
0,0,5.195251e-07
0,0,4.2498837e-07
0,0,4.5207338e-07
0,0,3.5066176e-07
0,0,6.4678505e-07
0,0,3.639031e-07
1,0,0.0012931573
0,0,2.9827504e-07
0,0,4.180533e-07
0,0,3.103404e-07
0,0,8.50306e-07
0,0,5.643501e-07
0,0,3.4633885e-07
0,0,4.703968e-07
0,0,3.437869e-07
0,0,4.2117182e-07
0,0,3.4810682e-07
0,0,1.1063796e-06
0,0,3.4029108e-07
0,0,4.41034e-06
0,0,3.3471676e-07
0,0,3.593748e-07
0,0,7.5320156e-07
0,0,5.5277735e-07
0,0,7.6999335e-05
0,0,5.863401e-07
0,0,4.0186163e-07
1,1,0.9999907
0,0,4.7920815e-07
0,0,2.5852876e-06
0,0,4.6649134e-07
1,0,7.618067e-05
0,0,3.3090492e-07
0,0,8.563729e-07
0,0,5.82859e-07
0,0,4.803878e-07
0,0,2.96016e-07
1,1,0.9999602
1,0,1.7601484e-06
0,0,3.697134e-07
0,0,1.8360095e-06
0,0,3.164797e-07
0,0,6.201364e-06
0,0,4.6639528e-07
1,0,0.002697111
0,0,4.6612636e-06
0,0,2.8608503e-07
0,0,8.613701e-07
0,0,3.847657e-07
0,0,0.365178
0,0,5.313434e-07
0,0,3.0745113e-07
0,0,1.1208633e-05
0,0,3.2185284e-07
1,0,0.18031095
0,0,4.6351885e-05
0,0,2.8762355e-07
0,0,3.4258542e-07
0,0,3.745155e-07
1,1,0.99972004
0,0,2.9461458e-07
0,0,4.452591e-07
0,0,5.456822e-07
0,0,7.0508446e-07
0,0,5.236787e-07
0,0,3.2456094e-07
0,0,3.0126017e-07
0,0,9.6327785e-06
1,1,0.9999902
0,0,3.1927019e-07
0,0,3.6726053e-07
0,0,3.1434948e-07
0,0,2.7177532e-07
0,0,3.313208e-07
0,0,3.3767836e-07
0,0,3.0904647e-07
0,0,3.9993853e-07
0,0,4.4448865e-07
0,0,1.0441618e-06
0,0,2.6600728e-07
0,0,4.167829e-06
0,0,3.24888e-07
0,0,3.9245222e-07
0,0,2.9197525e-07
0,0,3.374694e-07
0,0,6.4502643e-07
0,0,3.990813e-07
0,0,6.7155656e-07
0,0,2.961428e-07
0,0,3.9811044e-07
0,0,4.2037772e-07
0,0,1.3533335e-06
0,0,3.2472073e-07
0,0,5.297233e-07
0,0,6.455612e-07
0,0,3.3984904e-07
0,0,1.0734366e-06
0,0,5.2245457e-07
0,0,4.7907884e-07
0,0,4.2329637e-07
0,0,4.5940365e-07
0,0,2.9073962e-07
0,0,5.556494e-07
0,0,2.9273755e-07
0,0,6.008645e-07
0,0,3.3677622e-07
0,0,3.125663e-07
0,0,4.601359e-07
0,0,4.1819285e-07
0,0,4.1287646e-07
0,0,5.093998e-07
0,0,3.9579777e-07
0,0,8.628911e-07
1,1,0.999979
0,0,1.770357e-06
0,0,1.0005245e-06
0,0,3.4520517e-07
0,0,1.1259973e-06
1,1,0.9999498
0,0,5.283429e-07
1,1,0.9977908
0,0,5.334805e-07
0,0,3.3043946e-07
0,0,1.3075155e-06
0,0,3.459688e-07
0,0,4.832615e-07
0,0,8.709237e-07
0,0,4.129107e-07
0,0,1.4951545e-06
1,1,0.9998772
0,0,3.168563e-07
0,0,1.1549707e-06
0,0,4.0391802e-07
0,0,1.189424e-06
0,0,6.199343e-07
0,0,7.3398127e-07
0,0,4.235738e-07
0,0,3.716439e-07
0,0,3.0926435e-07
0,0,3.80059e-07
0,0,3.7172472e-07
1,1,0.99999034
0,0,3.6312863e-07
0,0,1.224028e-06
0,0,4.0866996e-07
0,0,4.3702656e-07
0,0,5.5055034e-07
0,0,8.926236e-07
0,0,4.1249706e-07
0,0,4.2882758e-07
0,0,3.8847824e-07
0,0,4.3732172e-07
0,0,4.4724396e-07
0,0,1.3115969e-06
0,0,4.0800664e-06
0,0,5.5017193e-07
0,0,3.481679e-07
0,0,3.7573363e-07
0,0,4.3610518e-07
0,0,9.775841e-07
1,1,0.6558802
0,0,3.7083845e-07
0,0,7.2454515e-07
1,0,8.7887105e-07
1,1,0.9999902
0,0,1.0318139e-06
0,0,6.0049445e-07
0,0,1.7221581e-06
0,0,5.3937265e-07
0,0,6.1241286e-07
0,0,0.00500672
0,0,3.5450373e-07
0,0,6.1695476e-07
0,0,3.2184118e-07
0,0,5.2807894e-07
0,0,4.380568e-07
0,0,4.241389e-07
0,0,3.1818323e-07
0,0,7.913042e-07
0,0,7.3875947e-07
0,0,3.6811963e-07
0,0,4.6649134e-07
1,0,7.44561e-06
0,0,3.2774292e-07
0,0,3.5951567e-07
0,0,2.114924e-05
0,0,4.473626e-07
0,0,6.980832e-07
0,0,6.2170994e-07
1,1,0.99998295
1,1,0.96168137
0,0,3.210408e-07
0,0,1.2864062e-06
1,1,0.9999913
0,1,0.9959389
0,0,4.2610438e-07
0,0,6.8868417e-07
0,0,8.0675204e-07
0,0,3.6828115e-07
0,0,6.201721e-07
0,0,2.9290007e-07
0,0,1.0997575e-06
0,0,8.429787e-07
0,0,3.425789e-07
0,0,2.9758237e-07
0,0,5.0188794e-07
0,0,6.4476408e-06
0,0,1.2930025e-06
1,1,0.9999912
0,0,6.169819e-07
0,0,3.8142392e-07
0,0,3.3842986e-07
0,0,3.0508443e-07
0,0,4.55434e-07
0,0,3.4977734e-07
0,0,3.5448883e-07
1,1,0.9678486
0,0,8.551258e-07
0,0,3.5316273e-07
0,0,2.9526572e-07
0,0,2.853281e-07
0,0,3.5587524e-07
0,0,3.3454094e-07
0,0,3.3379106e-07
0,0,4.4084797e-07
0,0,3.999988e-07
1,1,0.99998784
0,0,5.2696515e-07
0,0,3.1887524e-07
1,0,2.541588e-06
0,0,2.8713518e-07
0,0,9.721464e-07
0,0,5.230027e-06
0,0,7.22035e-07
0,0,3.06805e-07
0,0,4.4069157e-07
0,0,5.1427617e-07
0,0,5.377809e-07
0,0,4.6248869e-07
0,0,3.541131e-07
0,0,4.2592322e-07
0,0,5.650847e-07
0,0,4.2650322e-07
0,0,5.0094206e-07
0,0,7.604045e-07
0,0,4.6383235e-07
0,0,4.5332192e-07
0,0,4.1496148e-07
0,0,3.1377948e-07
0,0,4.5304535e-07
0,0,3.8596787e-07
0,0,3.1630805e-07
0,0,6.8264154e-07
0,0,9.563839e-07
0,0,4.57823e-07
1,0,4.8192223e-06
0,0,4.4378976e-07
0,0,2.9996463e-07
0,0,3.1118032e-07
0,0,5.578598e-07
0,0,5.696275e-07
0,0,7.910605e-07
0,0,4.4457684e-07
0,0,2.6543256e-07
0,0,3.5099401e-07
1,1,0.9999846
0,0,3.0351498e-07
0,0,4.1558565e-07
0,0,3.8886597e-07
0,0,4.1153555e-07
0,0,2.458721e-06
0,0,2.9818912e-07
0,0,3.007403e-07
0,0,2.9333756e-07
0,0,4.581095e-07
0,0,2.9241278e-07
0,0,3.7291312e-07
0,0,5.705246e-07
0,0,3.2607187e-07
0,0,3.0674266e-07
0,0,5.211518e-07
0,0,3.0799816e-07
0,0,3.325154e-07
0,0,1.0014065e-06
0,0,0.0023660902
0,0,4.1318842e-07
0,0,5.4266496e-07
0,0,2.7123625e-07
0,0,5.482826e-07
0,0,4.9985596e-07
0,0,3.1271836e-07
0,0,7.507998e-07
0,0,1.0218373e-06
0,0,5.421744e-06
0,0,4.1507153e-07
0,0,3.7462695e-07
0,0,4.1043677e-06
0,0,3.297425e-07
0,0,4.0597834e-07
0,0,4.4319e-07
0,0,3.000479e-07
1,1,0.9999889
0,0,1.5510848e-06
0,0,1.4822931e-06
0,0,3.485553e-07
0,0,5.0022976e-07
0,0,1.1128026e-06
0,0,3.5105327e-07
0,0,5.5308584e-07
0,0,3.7827306e-07
0,0,3.5536925e-07
0,0,4.0304994e-07
0,0,4.1156576e-07
0,0,3.0403618e-07
0,0,3.410738e-07
0,0,7.8604074e-07
0,0,8.5281215e-07
0,0,3.7812518e-07
0,0,3.292752e-07
0,0,5.088919e-07
0,0,4.2168347e-07
0,0,6.919113e-07
0,0,2.9993916e-07
0,0,3.9682695e-07
1,1,0.9999862
0,0,1.1874089e-06
0,0,5.0919823e-07
1,0,2.3246978e-06
0,0,3.3448447e-07
0,0,1.275355e-06
0,0,6.4685906e-07
0,0,3.5320448e-07
0,0,6.30869e-07
0,0,4.155258e-07
0,0,8.1115945e-07
0,0,3.7338464e-07
0,0,6.575847e-07
0,0,2.847855e-07
0,0,3.760111e-07
0,0,4.163195e-07
0,0,4.7603248e-07
0,0,3.8736725e-06
0,0,7.4831286e-07
0,0,6.48877e-07
0,0,5.1027405e-07
0,0,4.5587376e-07
0,0,4.979936e-07
0,0,1.0204952e-06
0,0,3.0966072e-07
0,0,3.564979e-07
0,0,3.9920843e-07
0,0,5.097633e-07
0,0,5.664174e-07
1,1,0.99999154
0,0,4.544578e-07
0,0,4.8499936e-07
0,0,5.3215683e-07
0,0,3.019142e-07
0,0,4.6941892e-07
0,0,4.5784714e-06
0,0,3.5245682e-07
0,0,3.632713e-07
0,0,3.8917688e-07
0,0,3.1009898e-07
0,0,6.2977864e-07
0,0,4.1188892e-07
0,0,4.982055e-07
0,0,3.277704e-07
0,0,4.375974e-05
0,0,2.9530432e-07
0,0,4.314809e-07
0,0,3.3850065e-06
1,1,0.9999924
0,0,1.2918389e-06
1,1,0.99996126
0,0,3.405324e-06
0,0,3.2035294e-07
0,0,4.2410167e-07
0,0,3.5796006e-07
0,0,4.426274e-07
0,0,3.5324928e-07
0,0,3.908454e-07
0,0,4.1842665e-07
0,0,2.0412583e-06
0,0,3.8598958e-07
0,0,4.9292083e-07
0,0,4.431689e-07
0,0,3.2959127e-07
0,0,5.5780396e-07
0,0,3.3031657e-07
0,0,3.336932e-05
0,0,4.803392e-07
1,1,0.9999858
0,0,4.6075067e-07
0,0,7.9967873e-07
0,0,3.2074792e-07
0,0,8.0437815e-07
0,0,4.0181337e-07
0,0,3.575967e-07
0,0,4.664887e-07
1,1,0.9999831
0,0,4.92051e-07
0,0,3.5730457e-07
0,0,4.1973277e-07
0,0,3.4224158e-07
0,0,4.0500578e-07
0,0,4.3769933e-07
0,0,2.892418e-07
0,0,3.0644765e-07
0,0,9.6416015e-06
0,0,5.250579e-07
0,0,3.817875e-07
0,0,4.863147e-07
1,1,0.9999502
0,0,4.7576196e-07
0,0,4.24546e-07
1,1,0.999767
0,0,5.019157e-07
0,0,2.6134808e-06
0,0,2.944713e-07
0,0,3.3332216e-07
0,0,4.918155e-07
0,0,2.4492565e-06
1,0,0.00014361287
0,0,9.4197867e-07
0,0,4.068504e-07
0,0,6.5730126e-07
0,0,4.3687692e-07
0,0,4.155682e-07
0,0,3.754589e-07
0,0,3.2622398e-07
0,0,1.4159309e-06
0,0,3.928806e-07
0,0,4.857057e-07
0,0,4.976717e-07
0,0,6.6727034e-07
0,0,4.801464e-07
1,0,8.864657e-06
0,0,3.907895e-07
0,0,8.546668e-07
0,0,7.53453e-07
0,0,6.4274275e-07
0,0,3.236405e-07
0,0,4.9708353e-07
0,0,4.7059868e-07
1,0,7.515541e-07
0,0,5.0434886e-07
0,0,4.3976794e-07
0,0,3.851523e-07
0,0,7.3130593e-07
0,0,7.315808e-07
0,0,9.556345e-07
0,0,4.82927e-07
0,0,2.5331353e-06
0,0,4.0786318e-07
0,0,4.3638062e-07
0,0,3.4416874e-07
0,0,7.931348e-07
1,1,0.9999633
0,0,4.3482524e-07
0,0,2.8349837e-07
1,1,0.99989486
0,0,4.9163356e-07
1,1,0.99998796
1,1,0.9999845
0,0,5.44684e-07
0,0,4.3389693e-07
0,0,4.3715534e-07
0,0,4.9309193e-07
0,0,9.758506e-07
0,0,4.3952477e-07
0,0,6.1643897e-07
0,0,2.8110927e-07
0,0,3.1985718e-07
0,0,5.666227e-07
0,0,3.1334767e-07
0,0,9.273764e-07
1,1,0.9999832
1,1,0.99998856
0,0,3.35989e-07
0,0,7.0625003e-07
0,0,4.1533363e-07
0,0,8.017405e-07
0,0,4.80124e-07
0,0,6.6133043e-07
0,0,5.1777266e-07
0,0,6.3413177e-07
0,0,2.8447134e-06
0,0,5.804471e-07
0,0,5.6220676e-07
0,0,4.244452e-07
0,0,3.0656165e-07
0,0,4.1036412e-07
1,1,0.9999902
0,0,6.9163286e-07
0,0,3.704051e-07
0,0,4.85683e-07
1,1,0.99998367
1,1,0.9824785
0,0,5.5397845e-07
0,0,7.9324906e-07
0,0,5.825667e-07
0,0,4.528026e-07
0,0,3.324983e-07
0,0,1.687876e-06
0,0,3.0887648e-07
1,1,0.9999893
0,0,3.7852317e-07
0,0,3.529765e-07
0,0,5.032222e-07
1,0,6.044693e-07
0,0,1.8026213e-06
0,0,3.1699778e-07
0,0,6.887998e-07
0,0,1.2088508e-06
0,0,1.1128992e-06
0,0,5.9055463e-07
0,0,4.520958e-07
0,0,7.813726e-07
0,0,3.83209e-07
1,1,0.9999298
0,0,3.2341157e-07
0,0,4.6503533e-07
0,0,4.776045e-07
1,1,0.9999809
0,0,5.0540626e-07
0,0,4.5823447e-07
0,0,4.5040798e-07
0,0,3.8259373e-07
0,0,2.9162604e-07
0,0,2.9864847e-07
0,0,6.9320845e-07
0,0,6.951296e-07
0,0,4.6969836e-07
1,0,5.975608e-06
1,1,0.99996674
0,0,3.3582884e-07
0,0,3.5220987e-07
0,0,3.7353175e-07
0,0,8.326517e-07
0,0,7.132978e-07
0,0,5.4190474e-07
0,0,5.161827e-07
0,0,3.9720936e-07
0,0,2.5562369e-05
0,0,8.05472e-07
0,0,3.134708e-07
0,0,4.990396e-07
1,0,1.6490753e-06
1,0,0.0015027539
0,0,2.8547345e-07
0,0,4.272087e-07
0,0,3.6546885e-07
0,0,3.3408756e-07
0,0,3.9410173e-07
0,0,1.0325838e-06
0,0,4.1345447e-07
0,0,7.7994986e-07
0,0,5.3461576e-07
0,0,6.403373e-06
0,0,3.676695e-07
1,0,5.90125e-06
0,0,3.0233517e-07
0,0,4.7675846e-07
0,0,4.6511693e-07
0,0,3.286114e-07
0,0,5.680283e-07
1,1,0.99998784
0,0,5.350248e-07
0,0,3.5377556e-07
0,0,4.2188296e-07
0,0,3.3195366e-07
0,0,3.9305105e-06
0,0,2.6474086e-07
0,0,3.0687747e-06
0,0,3.768188e-07
0,0,4.314595e-07
0,0,6.283855e-07
0,0,4.655039e-07
0,0,3.4779455e-07
0,0,3.4943295e-07
1,1,0.9999889
0,0,3.5739794e-07
0,0,4.4875642e-07
0,0,9.0268736e-07
0,0,3.2819204e-07
0,0,6.585568e-07
0,0,4.801116e-07
0,0,3.7794385e-07
0,0,3.4968465e-07
0,0,4.6244548e-07
0,0,2.9233635e-07
0,0,4.7311417e-07
0,0,0.00034858618
0,0,4.8807146e-07
0,0,6.4026375e-07
1,0,9.807198e-07
0,0,2.8657738e-07
0,0,3.1708606e-07
0,0,3.6500836e-07
0,0,3.6351287e-07
0,0,5.6817186e-07
0,0,3.007475e-07
0,0,4.6997798e-07
0,0,9.0951215e-07
0,0,9.957784e-07
0,0,5.0050136e-07
0,0,7.6399755e-07
0,0,1.3798189e-06
0,0,1.349e-06
0,0,3.4524734e-07
0,0,4.4945372e-07
0,0,2.8319732e-07
0,0,3.4782806e-07
0,0,3.418071e-07
1,1,0.999871
0,0,3.9974634e-07
0,0,3.9059202e-07
0,0,2.9782086e-07
0,0,3.326705e-07
1,0,5.097118e-07
0,0,8.2638314e-07
0,0,3.9745188e-07
0,0,1.24737e-06
0,0,1.1219884e-06
0,0,2.872014e-06
0,0,3.795378e-07
0,0,2.858856e-06
0,0,0.00017468401
0,0,3.2118442e-07
0,0,2.856739e-07
0,0,9.5493466e-05
0,0,3.9827486e-07
0,0,4.1521483e-07
0,0,1.1894444e-06
0,0,7.1042075e-07
0,0,3.7784977e-07
0,0,4.057557e-06
0,0,3.515025e-07
0,0,6.223447e-07
0,0,3.1136733e-07
1,1,0.99999404
0,0,1.2116485e-06
0,0,4.1397328e-07
0,0,4.3004553e-07
0,0,2.8014955e-07
0,0,3.2202723e-07
0,0,4.015659e-07
0,0,4.9758535e-07
0,0,3.7769487e-07
0,0,3.4286228e-07
1,1,0.9999846
0,0,4.4309198e-07
0,0,4.011288e-07
0,0,1.4644625e-06
0,0,6.7071045e-07
0,0,5.063842e-07
0,0,3.4095083e-07
0,0,3.4610082e-07
0,0,8.0287293e-07
0,0,2.81962e-07
0,0,2.770278e-07
1,0,0.036914676
1,0,1.0365055e-06
0,0,6.7480886e-07
0,0,3.0042298e-07
1,1,0.9984622
0,0,3.1671932e-06
0,0,5.730996e-07
0,0,4.1356057e-07
0,0,5.2408836e-07
0,0,3.4500377e-07
0,0,9.817754e-07
1,1,0.9999188
0,0,6.0416747e-05
0,0,3.256393e-07
0,0,2.9048658e-07
0,0,8.8587814e-07
0,0,3.6689016e-07
1,1,0.99997807
0,0,3.0361022e-07
0,0,0.11031072
0,0,4.977453e-07
0,0,8.871048e-07
1,1,0.99997866
0,0,3.2885313e-07
0,0,3.9375348e-07
0,0,1.4961943e-06
0,0,2.7142227e-07
0,0,4.7661345e-07
0,0,3.3584996e-07
0,0,3.049829e-07
0,0,2.9722784e-07
0,0,3.0648155e-07
0,0,3.2421326e-07
0,0,3.4473968e-07
0,0,3.0159535e-07
0,0,4.3861442e-07
0,0,2.8667526e-07
0,0,4.2309296e-07
0,0,3.349448e-07
0,0,1.2216478e-06
0,0,4.0138136e-07
0,0,4.711982e-07
0,0,2.8773604e-07
0,0,1.2480829e-06
0,0,3.0143661e-07
0,0,3.0577505e-07
0,0,5.497303e-07
0,0,5.718461e-07
0,0,4.1447936e-07
0,0,6.275388e-07
0,0,3.8602897e-07
0,0,4.6103943e-07
0,0,4.168153e-07
0,0,4.475815e-07
0,0,8.098231e-07
0,0,1.1444776e-06
0,0,3.1544587e-07
0,0,3.7282743e-07
0,0,4.981038e-07
0,0,4.675282e-07
0,0,4.6310308e-07
0,0,4.007923e-07
0,0,3.1838115e-07
0,0,5.173635e-07
0,0,6.112494e-07
0,0,3.3869915e-07
0,0,1.9584593e-05
0,0,4.3455165e-07
0,0,4.805628e-07
0,0,5.1625653e-07
0,0,4.2872287e-07
0,0,0.0009268876
0,0,4.722077e-07
0,0,7.870061e-07
1,0,1.5565884e-06
0,0,4.0839177e-07
0,0,3.0570158e-07
0,0,3.9661055e-07
0,0,3.2530903e-07
0,0,3.681098e-07
0,0,4.78834e-07
0,0,3.59467e-07
1,0,2.1177038e-06
0,0,5.072397e-07
0,0,4.973036e-07
0,0,3.350895e-07
0,0,3.7399013e-07
0,0,3.321614e-07
0,0,2.960513e-07
1,1,0.9999856
0,0,1.7162688e-06
1,0,6.278559e-05
0,0,4.3435566e-07
0,0,3.8184464e-07
0,0,3.626704e-07
0,0,2.7409425e-07
0,0,6.175034e-07
0,0,3.8220423e-07
0,0,3.649624e-07
0,0,4.4223924e-07
0,0,1.1150483e-06
0,0,5.356627e-06
0,0,3.2543997e-07
0,0,6.433033e-07
0,0,3.5977877e-07
0,0,3.039631e-07
0,0,5.98094e-07
0,0,2.787318e-07
0,0,6.5951275e-07
0,0,2.580071e-07
0,0,5.1593366e-07
0,0,3.1521614e-07
0,0,4.5636702e-07
0,0,3.146677e-07
0,0,6.2707693e-07
0,0,2.9551956e-07
0,0,4.7367126e-07
0,0,3.7059874e-07
0,0,3.5524997e-07
0,0,6.3544724e-07
0,0,4.7169007e-07
0,0,5.6356055e-07
1,1,0.9999938
1,1,0.9994634
0,0,1.3435729e-06
0,0,2.7322648e-07
1,1,0.99999106
0,0,4.7942945e-07
1,0,1.4157905e-06
0,0,3.529129e-07
0,0,3.2745828e-07
0,0,4.5778762e-07
0,0,3.930253e-07
1,1,0.99999404
0,0,3.2042078e-07
0,0,3.0725593e-07
0,0,4.279949e-07
0,0,5.3279155e-07
0,0,4.0638082e-07
0,0,3.0612136e-07
0,0,3.2737304e-07
0,0,3.185652e-07
0,0,4.886709e-07
0,0,3.907962e-07
0,0,4.255034e-07
0,0,4.4333714e-07
0,0,2.838935e-05
0,0,4.5893424e-07
0,0,3.4904494e-07
0,0,2.8830848e-07
0,0,4.2371195e-07
1,1,0.9999769
0,0,3.100161e-06
0,0,9.404384e-07
0,0,3.791507e-07
0,0,5.6980576e-07
0,0,3.4376853e-07
0,0,3.5860722e-07
1,1,0.99998236
0,0,3.7544962e-07
0,0,0.4516792
0,0,3.7512753e-05
0,0,2.756516e-07
0,0,2.7901956e-07
0,0,3.5225284e-07
0,0,3.2262295e-07
0,0,6.022515e-06
0,0,4.076019e-07
0,0,1.2427547e-06
0,0,4.7200012e-07
0,0,3.9950018e-07
0,0,5.677922e-07
0,0,8.009045e-07
1,0,0.23871514
0,0,2.924825e-07
0,0,4.91567e-07
0,0,3.6899343e-07
0,0,3.5504098e-07
0,0,4.2271824e-07
0,0,4.210116e-07
0,0,5.357984e-07
0,0,4.9044405e-07
0,0,3.8754246e-07
0,0,1.0610025e-06
0,0,5.801073e-07
0,0,5.7843675e-07
0,0,3.939995e-07
0,0,5.975421e-07
0,0,4.3158624e-07
0,0,3.4430334e-07
0,0,2.9149703e-07
1,1,0.99999106
0,0,4.4741418e-07
1,1,0.9999341
0,0,2.8192812e-07
0,0,5.0055434e-07
0,0,4.1935505e-07
0,0,3.5472254e-07
1,1,0.9999672
1,0,0.00012624082
0,0,3.798307e-07
0,0,8.0169383e-07
0,0,1.7994097e-06
0,0,3.3661698e-07
0,0,3.5660977e-07
0,0,4.874244e-07
0,0,3.8006442e-07
0,0,3.0926083e-07
0,0,2.9251345e-07
0,0,8.391214e-07
0,0,3.8439123e-07
0,0,4.5283022e-07
0,0,7.4071284e-07
0,0,6.697708e-07
0,0,3.2111458e-07
0,0,3.5377388e-07
0,0,4.7802873e-06
0,0,3.243889e-07
0,0,4.4369457e-07
0,0,3.3012952e-07
0,0,3.0163966e-07
0,0,3.0522963e-07
0,0,3.8749477e-07
0,0,4.4883348e-07
0,0,4.754635e-07
0,0,4.854973e-07
0,0,8.238462e-07
0,0,1.9236772e-06
0,0,7.6704254e-07
0,0,3.4382361e-07
0,0,3.1991084e-07
0,0,1.066197e-06
0,0,2.7341414e-07
0,0,3.253779e-07
0,0,7.520575e-07
0,0,3.2095997e-07
0,0,8.383327e-07
0,0,1.0133073e-06
0,0,5.207995e-07
0,0,7.3842483e-07
0,0,3.509495e-07
0,0,5.55142e-07
0,0,2.815549e-07
0,0,3.7908055e-07
1,1,0.99998975
1,1,0.99998224
0,0,9.603743e-07
0,0,4.591102e-07
0,0,4.637797e-07
0,0,4.1426043e-07
0,0,4.3258223e-07
0,0,3.2806813e-07
0,0,3.9267647e-07
0,0,4.9280004e-07
1,1,0.999979
0,0,5.6071497e-07
0,0,3.003227e-07
0,0,3.044749e-07
0,0,3.9896372e-07
0,0,3.376194e-07
0,0,1.1056834e-06
0,0,4.39394e-07
0,0,1.1335327e-06
0,0,3.7284238e-07
0,0,2.960623e-07
0,0,4.0628856e-07
0,0,5.490628e-07
0,0,5.4081846e-07
0,0,4.2818107e-07
0,0,5.410506e-07
0,0,3.325855e-07
0,0,2.8615187e-07
0,0,5.472968e-07
0,0,9.425861e-07
1,0,0.0014652788
0,0,3.676502e-07
0,0,3.5039167e-07
1,1,0.9999907
0,0,3.0631907e-07
0,0,5.362027e-07
0,0,3.5901923e-07
0,0,1.4722818e-06
0,0,4.7023264e-07
0,0,3.2555357e-07
0,0,3.4132046e-07
0,0,3.15789e-07
0,0,3.5220313e-07
0,0,6.7280916e-07
1,1,0.99810374
1,0,0.22370344
0,0,3.9556986e-07
0,0,4.0427722e-07
0,0,3.5904455e-07
0,0,3.8890377e-07
1,0,3.5493405e-05
0,0,9.516056e-07
0,0,3.7796693e-07
0,0,3.8333658e-07
0,0,3.604921e-07
0,0,2.960699e-07
0,0,1.0122702e-06
0,0,4.0763763e-07
0,0,7.8897596e-05
0,0,2.8515944e-07
0,0,5.009363e-07
0,0,4.0822977e-07
0,0,2.861183e-07
1,1,0.9999912
0,0,4.4148746e-07
1,0,0.00019304524
0,0,8.3656937e-07
0,0,3.3695807e-07
0,0,5.494452e-05
0,0,6.460773e-07
0,0,5.305242e-07
0,0,6.089721e-07
0,0,3.4328434e-07
0,0,6.6167235e-07
0,0,4.7690486e-07
0,0,8.052447e-06
0,0,3.2204474e-07
0,0,5.009244e-07
0,0,2.9618965e-07
0,0,3.0903373e-06
0,0,8.2114474e-07
0,0,6.849729e-07
0,0,6.0423184e-07
0,0,3.9866057e-07
0,0,6.705889e-07
0,0,4.6718947e-07
1,1,0.99996233
0,0,7.682124e-07
0,0,3.6691534e-07
0,0,6.5537597e-07
0,0,3.6178602e-07
0,0,2.4416122e-06
0,0,5.167205e-07
0,0,2.8470131e-07
0,0,3.5182882e-07
0,0,3.1811646e-07
1,1,0.9999926
0,0,2.7283355e-07
0,0,3.673162e-07
0,0,6.260005e-06
0,0,3.0029668e-07
0,0,3.843436e-07
0,0,4.392708e-07
0,0,3.5300917e-07
0,0,3.6038725e-07
1,1,0.9999907
0,0,4.2143262e-07
0,0,8.728728e-07
0,0,4.8496514e-07
0,0,2.4597152e-06
1,1,0.9999895
0,0,7.6260056e-07
0,0,3.4131523e-07
0,0,3.6632167e-07
0,0,3.2149117e-07
0,0,4.8822466e-07
0,0,5.250459e-07
0,0,5.6012067e-07
0,0,1.160779e-06
0,0,6.330278e-07
0,0,4.0096853e-07
0,0,3.4927902e-07
0,0,3.3619477e-07
0,0,3.9241257e-07
0,0,3.4214432e-07
1,0,4.956237e-07
0,0,4.0936737e-07
0,0,3.8736323e-07
0,0,3.0220085e-07
0,0,5.371187e-07
0,0,6.450258e-07
1,0,1.764636e-05
1,1,0.9999865
0,0,3.9022453e-07
0,0,3.764018e-07
0,0,1.1558114e-06
0,0,1.4775846e-06
1,0,0.27387765
0,0,3.6323564e-07
0,0,5.9265057e-07
0,0,3.1520864e-07
0,0,3.8575223e-07
0,0,4.914821e-07
0,0,3.9107545e-07
0,0,6.3747393e-07
0,0,4.2946274e-07
0,0,8.7669366e-07
0,0,3.0590863e-07
0,0,6.3879025e-07
0,0,6.3072105e-07
0,0,2.8874982e-07
0,0,4.0066772e-07
1,1,0.99999225
0,0,5.046756e-07
1,1,0.9998851
0,0,3.5978422e-07
0,0,3.8271122e-07
0,0,3.5539534e-07
0,0,4.535546e-07
1,1,0.99997663
0,0,3.1732986e-07
1,0,0.016296545
0,0,3.44813e-07
0,0,6.4703613e-07
0,0,5.586749e-07
0,0,6.0539753e-07
0,0,3.7121848e-07
0,0,3.0432977e-07
1,1,0.9944391
0,0,3.5943032e-07
0,0,3.8956748e-07
0,0,2.6953282e-07
0,0,5.192338e-07
0,0,2.987231e-07
0,0,3.7662264e-07
0,0,3.4694548e-07
0,0,0.00014437932
0,0,4.697297e-07
0,0,6.2583365e-07
0,0,6.3730437e-07
0,0,4.212486e-07
0,0,4.1550956e-07
0,0,1.2458329e-06
0,0,4.7594395e-07
0,0,3.3042937e-07
0,0,3.9294434e-07
0,0,3.4168716e-07
1,0,0.0038921412
1,0,1.7362629e-05
0,0,5.4204844e-07
0,0,7.285966e-07
0,0,7.2659407e-07
0,0,2.9481356e-07
0,0,4.7561682e-07
0,0,4.8084934e-07
0,0,5.655106e-07
0,0,3.6951846e-07
1,0,5.3847987e-07
0,0,2.9774645e-07
0,0,5.2754945e-07
0,0,3.8455994e-07
0,0,2.8961247e-07
0,0,3.614674e-07
0,0,3.4800058e-07
0,0,3.0936408e-07
0,0,6.1465147e-07
0,0,3.6168186e-07
0,0,7.711397e-07
0,0,3.6346157e-07
0,0,3.8312717e-07
0,0,5.602414e-07
0,0,2.8998946e-07
0,0,8.0199675e-07
0,0,4.7127864e-07
0,0,2.9499245e-07
0,0,4.3310732e-07
0,0,6.176695e-07
0,0,2.4035658e-06
1,1,0.99986696
0,0,4.3054618e-07
0,0,3.2598822e-07
0,0,2.8737898e-07
0,0,5.6361273e-07
0,0,1.0224475e-05
0,0,5.7493787e-07
0,0,2.7698394e-07
0,0,5.880167e-07
0,0,5.376763e-07
0,0,4.0083663e-07
0,0,5.006479e-07
0,0,7.4664905e-07
0,0,3.0456204e-07
0,0,1.0165672e-06
0,0,5.750184e-07
0,0,4.3647591e-07
0,0,3.2501256e-07
0,0,3.7487466e-06
0,0,5.0733354e-07
0,0,9.604457e-07
0,0,4.177273e-07
0,0,3.8486735e-07
0,0,3.646806e-07
0,0,6.778526e-07
0,0,6.061289e-07
0,1,0.99537057
0,0,7.0462465e-06
0,0,0.00086072355
0,0,3.5291154e-07
0,0,5.448326e-07
0,0,4.0846302e-07
1,0,0.12845697
0,0,3.221292e-07
0,0,4.284319e-07
0,0,6.418252e-07
0,0,3.5835012e-07
0,0,3.2707095e-07
0,0,4.784018e-07
0,0,7.7209995e-07
0,0,3.1930432e-07
0,0,3.1183805e-07
0,0,6.421582e-07
0,0,3.2079902e-07
0,0,2.0936803e-05
0,0,3.114558e-07
0,0,3.0353206e-07
1,0,6.7074e-06
0,0,3.9269483e-07
0,0,5.4842434e-07
1,1,0.99998903
0,0,2.8214814e-07
0,0,7.8734547e-07
0,0,4.3914054e-07
0,0,3.2337394e-07
0,0,4.1534474e-07
0,0,6.3828116e-07
0,0,6.1564646e-07
1,1,0.99997437
0,0,3.6554763e-07
0,0,5.115604e-07
0,0,4.6895715e-07
0,0,2.7276408e-07
0,0,1.1090226e-06
0,0,5.7525153e-07
0,0,3.066672e-07
0,0,5.766918e-07
0,0,3.861188e-07
0,0,3.265293e-07
0,0,9.742578e-07
0,0,0.00034166276
0,0,4.5006578e-07
0,0,3.1634303e-07
1,1,0.99997604
0,0,4.0782896e-07
0,0,6.258927e-07
0,0,3.1133703e-07
0,0,6.5971534e-07
0,0,4.844312e-07
0,0,3.538984e-07
0,0,4.0766875e-07
0,0,3.309306e-06
0,0,3.5114837e-07
1,0,2.8571308e-06
0,0,5.4079425e-07
1,1,0.9999131
0,0,5.264789e-07
0,0,5.2661596e-07
0,0,1.1614844e-06
0,0,5.20511e-07
0,0,3.209725e-07
0,0,8.681656e-07
1,1,0.99738795
0,0,6.8165724e-07
0,0,3.8753984e-07
0,0,3.254114e-07
0,0,0.01866068
0,0,8.2479585e-07
0,0,7.901249e-05
0,0,7.9216494e-07
0,0,3.2607684e-07
0,0,3.6637653e-07
0,0,6.564167e-07
0,0,9.104356e-07
0,0,3.673369e-07
0,0,3.4373576e-07
0,0,4.3797908e-07
0,0,3.984234e-07
1,1,0.9999896
1,0,8.219118e-07
0,0,2.7868873e-07
0,0,6.0737875e-07
0,0,5.710581e-07
1,1,0.9999757
0,0,4.4363065e-07
0,0,5.2136653e-07
0,0,4.929151e-06
1,1,0.9999471
1,0,7.790674e-07
0,0,4.2946357e-07
1,0,0.0015087934
0,0,7.6715816e-07
0,0,5.852452e-07
0,0,3.4246293e-07
0,0,3.685327e-07
1,1,0.99999166
0,0,4.8292657e-07
0,0,5.0107013e-07
0,0,4.1469286e-07
0,0,3.3022556e-07
1,0,1.2743214e-06
0,0,3.2257557e-07
0,0,3.870235e-07
0,0,3.1946178e-07
0,0,5.831092e-07
0,0,7.4102866e-07
0,0,4.148689e-07
0,0,3.7069773e-07
0,0,2.9602728e-07
0,0,4.796901e-07
0,0,6.13485e-07
0,0,8.3952483e-07
0,0,6.946425e-07
0,0,9.471655e-07
0,0,4.2400177e-07
0,0,4.1716444e-07
0,0,5.1031196e-07
0,0,9.613915e-07
0,0,3.3563865e-07
0,0,4.1515582e-07
0,0,1.5889947e-06
0,0,3.0706198e-07
0,0,9.191965e-07
0,0,3.862234e-07
0,0,8.528577e-07
1,1,0.9999894
0,0,8.053822e-07
0,0,1.5697646e-05
1,0,9.620298e-07
0,0,4.75561e-07
0,0,3.006494e-07
1,1,0.99998796
0,0,3.4228987e-07
0,0,5.459519e-07
0,0,7.1632314e-07
0,0,4.4814232e-07
0,0,3.5421374e-07
0,0,4.659027e-07
0,0,7.5452084e-07
0,0,4.5659036e-07
0,0,3.0691385e-07
1,0,4.3575264e-07
0,0,4.4320862e-07
0,0,2.9362164e-07
0,0,4.3676738e-07
1,1,0.9995776
0,0,3.3728088e-07
0,0,2.807125e-07
0,0,4.799079e-07
0,0,5.3680685e-07
0,0,3.0170438e-07
0,0,5.965832e-07
0,0,3.8217033e-07
0,0,4.7772653e-07
0,0,1.0319793e-06
0,0,4.0190534e-07
0,0,7.5109415e-07
0,0,6.400617e-07
0,0,2.86174e-07
0,0,3.5817624e-07
0,0,1.2972005e-06
0,0,2.9325113e-07
0,0,4.6118325e-07
0,0,4.125537e-07
1,1,0.9998123
1,0,0.008329995
0,0,8.3362505e-07
0,0,4.5321474e-07
0,0,2.9326455e-07
0,0,3.0700167e-07
0,0,1.6358239e-06
0,0,6.3520787e-07
0,0,2.9398308e-07
0,0,1.2673333e-06
0,0,3.0716802e-07
0,0,4.2797208e-07
0,0,3.777071e-07
0,0,4.969158e-07
0,0,3.8134536e-07
0,0,3.4961593e-07
0,0,3.5718497e-07
0,0,6.378655e-07
0,0,6.802234e-07
0,0,3.3377293e-07
1,0,1.2869474e-06
0,0,3.3260136e-07
0,0,5.388107e-07
0,0,4.3226592e-07
0,0,5.1101426e-07
0,0,3.8284665e-07
0,0,3.3833626e-07
1,0,8.008663e-07
1,1,0.99663866
0,0,1.0971522e-06
0,0,9.3670224e-07
0,0,3.220383e-07
0,0,2.7018982e-06
0,0,4.67935e-07
0,0,4.328389e-07
1,1,0.9999676
0,0,4.0548267e-07
0,0,5.9454696e-06
0,0,4.1711195e-07
0,0,9.680479e-07
0,0,2.9403634e-07
0,0,1.932002e-06
0,0,3.015758e-07
0,0,4.8607643e-07
1,0,7.136632e-05
0,0,5.888169e-07
0,0,3.3364276e-07
1,0,0.0011118472
1,1,0.98942906
0,0,3.6352637e-07
0,0,5.931459e-07
0,0,3.2260328e-07
0,0,9.5837386e-05
0,0,1.5160214e-05
0,0,6.4152715e-07
0,0,3.3593133e-07
0,0,3.9673424e-07
0,0,3.147067e-07
0,0,4.932815e-07
0,0,6.346914e-07
0,0,4.3204335e-07
0,0,2.546688e-06
0,0,3.4321755e-07
0,0,5.1053205e-05
0,0,3.429097e-07
0,0,7.422417e-07
0,0,3.1269272e-07
0,0,6.299913e-07
0,0,3.1754846e-07
1,1,0.9999901
0,0,3.827149e-07
0,0,3.732661e-07
0,0,3.120189e-07
0,0,3.1387884e-07
0,0,9.0286386e-07
0,0,3.444971e-07
0,0,0.052016564
0,0,4.389678e-06
0,0,7.207169e-07
0,0,2.0784855e-06
0,0,3.4290676e-07
0,0,3.4659362e-07
0,0,3.5252003e-07
0,0,3.8019567e-07
0,0,8.637688e-07
0,0,3.391963e-07
1,1,0.99999213
0,0,5.2483813e-07
0,0,1.9164809e-06
0,0,2.9938306e-07
0,0,3.2615648e-05
0,0,3.3857188e-07
0,0,3.0426415e-07
0,0,4.4638068e-07
0,0,3.5038434e-07
0,0,3.0739542e-07
0,0,5.849427e-07
1,1,0.9999827
0,0,6.359896e-06
1,1,0.9747499
0,0,0.002840198
0,0,6.5953543e-07
0,0,4.548337e-07
0,0,4.5086955e-07
0,0,3.6009388e-07
0,0,1.5849537e-06
0,0,4.9225844e-07
0,0,3.1804245e-07
0,0,5.047021e-07
0,0,6.2914404e-07
0,0,7.38025e-07
0,0,7.650117e-07
0,0,3.258866e-07
0,0,6.3470225e-07
1,0,0.00078685314
0,0,5.139584e-07
0,0,5.835865e-07
0,0,2.9833905e-07
0,0,3.466346e-07
0,0,4.353987e-07
0,0,4.723874e-07
0,0,4.2874169e-07
0,0,5.670184e-07
0,0,2.9920153e-07
0,0,3.0247446e-07
1,1,0.99998796
0,0,9.051925e-07
0,0,3.8518758e-07
0,0,7.267354e-07
0,0,2.3204143e-06
0,0,3.1979403e-07
0,0,4.080768e-07
0,0,3.8778015e-07
0,0,8.6872546e-07
0,0,3.9261542e-07
0,0,3.6925636e-07
0,0,1.5954116e-06
0,0,4.8516864e-07
0,0,1.0460894e-06
0,0,3.3680902e-07
0,0,3.2061732e-07
0,0,3.2705785e-07
0,0,8.691896e-07
0,0,6.906165e-07
0,0,1.90965e-06
0,0,7.6403467e-07
1,0,0.32198808
0,0,7.7466296e-07
0,0,3.1005405e-07
1,0,0.13080308
0,0,3.6745462e-07
0,0,4.424628e-07
1,1,0.9831057
0,0,3.8333255e-07
0,0,3.984496e-07
0,0,3.1867793e-07
0,0,3.3604925e-07
0,0,3.5158405e-06
0,0,3.0138085e-07
0,0,7.635889e-07
0,0,3.3802536e-07
0,0,4.9217302e-05
1,0,9.272241e-06
0,0,3.2845568e-07
0,0,1.5097968e-06
0,0,1.6087131e-06
0,0,1.2868443e-06
0,0,2.3979517e-05
0,0,5.6440285e-07
0,0,2.8910253e-07
0,0,7.1791806e-07
0,0,3.283561e-07
0,0,2.4391427e-06
1,1,0.9999927
0,0,4.348174e-07
1,1,0.9999721
0,0,3.1699656e-07
0,0,3.663161e-07
0,0,1.138399e-06
0,0,4.8609587e-07
0,0,3.3504764e-07
0,0,5.09461e-07
1,0,0.00036966166
0,0,6.5985e-07
0,0,2.9555957e-07
0,0,4.2151422e-07
0,0,4.7887283e-07
0,0,4.1591434e-07
0,0,0.0023310226
0,0,7.646674e-07
0,0,9.439211e-07
0,0,4.1654985e-07
0,1,0.9885278
0,0,1.5877829e-06
0,0,5.206451e-07
0,0,3.028231e-07
0,0,3.0604517e-07
0,0,4.3597544e-07
0,0,4.8468263e-07
0,0,3.4997421e-07
0,0,3.1883692e-07
0,0,4.1514275e-07
0,0,5.908926e-07
0,0,3.156969e-07
0,0,5.3238676e-07
0,0,4.2019494e-07
0,0,4.340985e-07
0,0,3.9802086e-07
0,0,7.383727e-07
0,0,4.2455815e-07
0,0,3.8603707e-07
0,0,5.98788e-07
0,0,1.178292e-06
0,0,7.0025425e-07
0,0,6.2947e-07
0,0,3.4436735e-07
1,0,0.29092056
0,0,2.7146498e-07
0,0,5.942812e-07
0,0,2.9917697e-07
0,0,1.1901491e-06
0,0,4.7393334e-07
0,0,3.6386524e-07
0,0,3.8063754e-07
0,0,6.692753e-07
0,0,3.6878095e-07
0,0,6.719627e-07
0,0,3.3797767e-07
0,0,3.0349153e-07
0,0,3.66124e-07
0,0,2.8961912e-07
0,0,4.117236e-07
0,0,2.9833706e-07
0,0,1.2528147e-06
0,0,4.1383674e-07
0,0,9.0631283e-07
0,0,3.0469914e-07
0,0,1.4429559e-05
0,0,4.9050345e-07
0,0,5.687905e-07
0,0,3.5239162e-07
0,0,2.7809504e-06
0,0,8.6733723e-07
0,0,3.2014617e-07
0,0,0.00083106797
0,0,3.4760188e-07
0,0,4.1092179e-07
0,0,4.2003467e-07
0,0,5.3150706e-07
0,0,3.4668616e-07
0,0,9.968967e-07
1,0,1.2084336e-06
0,0,4.2389868e-07
0,0,3.3965176e-07
0,0,3.6746934e-07
0,0,3.5442056e-07
0,0,1.4487817e-06
0,0,4.061127e-07
0,0,3.6892305e-07
0,0,3.116121e-07
0,0,2.9769905e-07
0,0,4.207451e-07
0,0,3.4913015e-07
0,0,3.723424e-07
0,0,3.3657014e-07
0,0,3.9002214e-07
0,0,4.3589728e-07
0,0,3.413061e-07
0,0,9.265719e-07
0,0,3.3672742e-07
0,0,3.148376e-07
1,1,0.9999901
0,0,3.41899e-07
0,0,2.9884222e-07
0,0,3.6838932e-07
0,0,5.0573846e-07
0,0,3.1746004e-07
0,0,4.854172e-07
0,0,5.9498893e-07
0,0,7.366123e-07
1,1,0.99757177
0,1,0.99875665
0,0,5.2875225e-07
0,0,4.9336666e-07
0,0,3.4065997e-07
0,0,3.1382137e-07
0,0,3.619724e-07
0,0,6.381923e-07
0,0,3.413725e-07
1,1,0.9999881
0,0,3.2568153e-07
0,0,3.5542448e-07
0,0,4.004278e-07
0,0,3.6445252e-07
0,0,3.659383e-07
1,1,0.5155573
0,0,3.6129023e-07
0,0,3.1674634e-07
0,0,3.718818e-07
0,0,6.0339113e-07
0,0,3.5646593e-07
1,1,0.9999881
0,0,3.1134803e-07
0,0,6.7811317e-07
1,1,0.99999034
0,0,3.5249715e-07
0,0,7.00297e-07
0,0,4.406193e-07
0,0,6.6011835e-06
0,0,4.806105e-07
0,0,1.9787233e-06
0,0,4.0195442e-07
0,0,4.0917692e-07
0,0,2.8374009e-06
0,0,7.906382e-07
0,0,4.68419e-07
0,0,6.4717995e-07
0,0,3.2279192e-07
0,0,5.5359055e-06
1,1,0.99999154
0,0,4.2196262e-07
0,0,4.133098e-07
0,0,7.2267295e-07
0,0,5.2319047e-07
0,0,3.6191165e-07
0,0,5.8868324e-07
0,0,3.432958e-07
0,0,3.2561445e-07
0,0,0.001682325
0,0,5.194072e-07
0,0,5.1031685e-07
0,0,2.9588577e-06
0,0,2.8401956e-07
1,0,0.00020236529
0,0,3.036198e-07
0,0,4.5415925e-07
0,0,2.9917985e-07
0,0,4.4088833e-07
0,0,1.7554295e-06
0,0,9.1288206e-07
0,0,3.829533e-07
0,0,4.186342e-07
0,0,1.0333324e-06
0,0,3.4165785e-07
0,0,4.3541615e-07
0,0,3.9522936e-07
0,0,4.3977002e-07
0,0,3.22783e-07
0,0,3.6362556e-07
1,1,0.99905413
0,0,3.2134068e-07
0,0,3.528207e-07
0,0,3.239499e-07
0,0,3.064348e-07
1,0,5.2519834e-05
0,0,2.5712282e-06
0,0,6.302881e-07
0,0,5.727532e-07
0,0,0.09833396
0,0,5.312076e-07
0,0,1.6317977e-06
0,0,1.38962e-06
0,0,3.113994e-07
0,0,3.1881228e-07
0,0,4.291164e-07
0,0,3.3686746e-07
0,0,3.2142617e-07
0,0,5.701134e-07
0,0,6.852787e-07
0,0,5.78193e-07
0,0,3.1811044e-07
0,0,3.5224812e-07
1,1,0.99997866
0,0,3.5193685e-07
0,0,4.6970104e-07
0,0,3.3600855e-07
0,0,2.229555e-06
0,0,4.7735904e-07
0,0,7.1711605e-07
0,0,3.3172262e-07
0,0,4.0958255e-07
0,0,3.0162124e-07
0,0,4.1110286e-07
0,0,6.4671593e-07
1,1,0.99998474
0,0,3.8961133e-07
0,0,4.320846e-07
0,0,2.45866e-06
0,0,3.1839267e-07
0,0,7.875287e-07
0,0,3.7458517e-07
0,0,3.0501315e-07
0,0,7.030198e-07
0,0,3.0671606e-07
0,0,1.2959579e-06
0,0,7.48517e-07
0,0,5.1366345e-07
0,0,3.471209e-07
0,0,3.1497754e-07
0,0,3.10825e-07
0,0,4.3396025e-07
0,0,1.9002758e-06
0,0,3.5558926e-07
0,0,6.883441e-07
0,0,6.194676e-07
0,0,3.8061614e-07
1,0,0.0046859044
0,0,5.265618e-07
0,0,5.25111e-07
0,0,7.9117143e-07
0,0,8.2699177e-07
0,0,3.0597047e-07
0,0,6.624704e-07
0,0,3.5391795e-07
0,0,5.5775126e-07
0,0,1.2904709e-06
0,0,5.8573204e-07
0,0,2.9897276e-07
0,0,2.9678145e-07
0,0,4.269586e-07
0,0,6.200136e-07
0,0,4.2310126e-06
0,0,5.745717e-07
0,0,0.0024306283
0,0,5.687742e-07
0,0,5.430864e-07
0,0,4.0496096e-07
1,1,0.99992704
0,0,3.6853973e-07
1,1,0.9999887
0,0,6.2938597e-07
0,0,3.3876697e-07
0,0,6.6881654e-07
0,0,3.5239836e-07
1,1,0.9999796
0,0,2.8521765e-07
0,0,4.624384e-07
0,0,6.45948e-07
0,0,3.3452977e-07
0,0,4.1704433e-07
0,0,5.364911e-07
0,0,5.812398e-07
1,0,0.015004808
0,0,5.4594614e-07
1,1,0.9999896
0,0,4.1747003e-07
0,0,7.461992e-07
0,0,6.753085e-07
0,0,3.4400762e-07
0,0,5.2790176e-07
0,0,6.446562e-07
0,0,6.250874e-07
0,0,3.8460503e-06
0,0,3.8576732e-07
0,0,3.5766524e-07
0,0,1.7155389e-06
0,0,3.0356478e-07
0,0,7.142896e-07
0,0,1.0172403e-06
0,0,7.7718477e-07
0,0,3.326147e-07
0,0,3.150716e-07
0,0,4.45712e-07
0,0,4.3729878e-07
0,0,9.906842e-07
0,0,3.3187072e-07
0,0,3.909882e-07
0,0,9.3272917e-07
0,0,5.781279e-07
0,0,4.012275e-07
0,0,6.1891717e-07
0,0,2.171288e-06
0,0,1.0599477e-06
0,0,3.9249414e-07
0,0,3.5039167e-07
0,0,6.629154e-07
0,0,4.0117243e-07
0,0,5.136674e-07
0,0,3.4934972e-06
0,0,1.462489e-06
0,0,5.8050244e-07
0,0,3.5798124e-07
0,0,4.0362613e-07
0,0,5.291694e-07
0,0,4.1336972e-07
0,0,2.860845e-07
0,0,5.0391566e-07
0,0,4.5615818e-07
0,0,3.1540017e-07
0,0,4.5240895e-07
1,1,0.993719
0,0,9.60193e-07
1,1,0.999967
0,0,4.6699793e-07
0,0,6.257101e-07
0,0,5.755067e-07
0,0,3.9624723e-07
0,0,4.541311e-07
0,0,1.1018087e-06
0,0,7.153347e-07
0,0,4.5388518e-07
0,0,3.233314e-07
0,0,3.635233e-07
0,0,4.6438606e-07
0,0,4.839284e-07
0,0,3.6782836e-07
0,0,4.8010384e-07
0,0,1.1768748e-06
0,0,2.804008e-07
0,0,5.2837295e-06
0,0,8.1125773e-07
0,0,5.5146313e-07
0,0,4.9141977e-07
0,0,2.852394e-07
0,0,3.5640406e-07
0,0,7.340002e-07
0,0,2.9766383e-07
0,0,2.989146e-07
0,0,1.0431168e-06
0,0,2.5363092e-06
0,0,3.266894e-07
0,0,3.7632176e-07
0,0,3.9629484e-07
0,0,3.4999093e-07
0,0,5.2024353e-07
0,0,2.9294728e-07
0,0,2.6601629e-05
0,0,3.0065715e-07
0,0,2.056668e-06
0,0,6.9252786e-07
1,0,7.610845e-06
0,0,6.574047e-07
0,0,5.981168e-07
0,0,3.724493e-07
0,0,3.3071595e-07
0,0,1.629953e-06
0,0,5.522136e-07
0,0,4.7136317e-07
0,0,6.047334e-07
0,0,3.79876e-07
0,0,4.9198064e-07
0,0,4.4450388e-07
0,0,3.4843762e-07
0,0,3.4647496e-07
1,1,0.99993825
0,0,4.918774e-07
0,0,5.8897194e-07
0,0,2.9920636e-07
0,0,4.3382286e-07
0,0,5.9124486e-06
0,0,2.8814793e-07
0,0,3.6602484e-07
1,0,0.017357234
0,0,6.9453716e-07
0,0,1.2805738e-06
0,0,3.938511e-07
0,0,4.042988e-07
0,0,3.2228837e-07
0,0,3.8680065e-07
0,0,3.0068955e-07
0,0,3.381969e-07
0,0,4.0834112e-07
0,0,6.492236e-07
0,0,4.437246e-07
0,0,6.5045504e-07
0,0,4.0270643e-07
0,0,4.103011e-07
0,0,4.028286e-07
0,0,3.4547818e-07
0,0,3.4929934e-07
0,0,1.3328297e-06
0,0,5.639525e-07
0,0,3.7430556e-07
0,0,3.3939304e-07
0,0,5.703668e-07
1,0,5.6825803e-07
0,0,3.2217037e-07
0,0,5.514973e-07
0,0,3.2812133e-07
0,0,1.0209548e-06
0,0,4.677048e-07
0,0,3.2520356e-07
0,0,4.3831002e-07
0,0,1.0057441e-06
0,0,5.2665666e-07
0,0,8.1532505e-07
0,0,3.044244e-07
0,0,3.1408305e-07
0,0,4.0020524e-07
0,0,5.44911e-07
0,0,4.905114e-07
0,0,4.6187427e-07
0,0,7.1018155e-07
0,0,3.0489042e-07
0,0,4.8958793e-07
0,0,3.3921506e-07
0,0,9.234914e-07
0,0,3.4706792e-07
1,1,0.9999876
0,0,2.867392e-07
0,0,5.626235e-07
0,0,2.324729e-06
0,0,5.645364e-07
0,0,3.4479294e-07
0,0,7.7117795e-07
0,0,4.3847098e-07
0,0,4.6239694e-07
0,0,3.8064698e-07
0,0,1.7853009e-06
1,1,0.9999888
0,0,8.4887836e-07
0,0,6.3822887e-07
1,0,2.0307605e-05
0,0,8.26458e-07
1,1,0.99997544
0,0,4.5148053e-07
0,0,8.900395e-07
0,0,4.3153113e-07
0,0,3.3992947e-07
0,0,3.3952577e-07
0,0,3.6973034e-07
0,0,4.2729224e-07
0,0,4.9723053e-07
0,0,6.402162e-07
0,0,2.892578e-07
0,0,4.8970657e-07
0,0,3.1998349e-07
0,0,3.1642057e-07
0,0,7.34122e-07
0,0,3.273484e-07
0,0,0.00064189185
0,0,3.9050894e-07
0,0,5.738193e-07
0,0,8.708905e-07
0,0,3.3347226e-07
0,0,4.371245e-07
0,0,4.246756e-07
0,0,6.1236034e-07
0,0,1.2560232e-06
0,0,4.2531678e-07
1,1,0.99998045
0,0,3.1280666e-07
0,0,8.8070595e-07
0,0,3.6496172e-07
0,0,9.130406e-07
0,0,1.2870897e-06
0,0,3.686213e-07
0,0,4.357294e-07
0,0,3.32297e-07
0,0,3.783131e-07
0,0,4.0497642e-07
0,0,3.6967322e-07
0,0,3.8028705e-07
0,0,4.896225e-07
0,0,3.5159e-07
0,0,3.5439353e-07
0,0,4.4484443e-07
0,0,3.5456898e-07
0,0,3.600372e-07
1,0,0.09588613
0,0,7.865214e-07
0,0,3.7355312e-07
0,0,4.839145e-07
0,0,5.032328e-07
0,0,5.281586e-07
0,0,3.2239905e-07
1,1,0.9998982
0,0,3.2726814e-07
0,0,5.7872813e-07
1,1,0.99998915
0,0,2.734037e-07
0,0,4.4873764e-07
0,0,8.689312e-06
0,0,6.0770907e-07
0,0,1.4562662e-06
0,0,1.1836361e-06
0,0,4.8660934e-07
0,0,4.643254e-07
0,0,3.6247192e-07
0,0,4.4161715e-07
0,0,3.3013518e-07
1,1,0.9971643
0,0,3.610103e-06
0,0,4.4701545e-07
0,0,4.9855436e-07
0,0,4.9860614e-07
0,0,8.5204465e-07
1,1,0.999759
0,0,3.4181036e-07
1,1,0.99997246
0,0,1.0486845e-06
0,0,4.4970068e-07
0,0,3.3659867e-07
0,0,5.5222097e-07
0,0,3.484695e-07
0,0,3.185813e-07
0,0,4.5873992e-07
0,0,4.2319667e-07
0,0,5.021254e-07
0,0,1.0974828e-06
0,0,3.0103044e-07
1,1,0.8076684
0,0,2.7797657e-07
0,0,4.1214906e-07
0,0,3.6138016e-07
0,0,3.640961e-07
0,0,4.0101443e-07
0,0,7.9134946e-07
0,0,3.2506466e-07
1,1,0.9999503
1,1,0.9999236
0,0,2.9223435e-07
0,0,5.423877e-07
0,0,4.0109666e-07
0,0,4.4593904e-07
0,0,2.833913e-07
0,0,3.831553e-07
0,0,3.4918608e-07
0,0,7.342284e-07
0,0,5.886889e-07
1,1,0.9998965
0,0,7.066623e-07
0,0,3.89702e-07
0,0,5.055465e-07
0,0,2.7320818e-06
0,0,1.1567928e-06
0,0,1.800752e-06
1,1,0.9999927
0,0,3.1478714e-07
1,1,0.9999913
0,0,3.1221265e-07
0,0,2.971808e-07
0,0,7.704149e-07
0,0,4.5931256e-07
0,0,4.112119e-07
0,0,5.7093064e-07
0,0,5.6121945e-07
0,0,6.621603e-07
0,0,3.2220447e-07
0,0,6.41753e-07
0,0,5.663828e-07
0,0,4.3300363e-07
0,0,4.0329715e-07
1,1,0.9999908
0,0,2.533935e-06
0,0,4.1444812e-07
0,0,6.1683716e-07
0,0,3.66006e-07
0,0,4.0684148e-07
0,0,3.7420847e-07
0,0,3.564367e-07
0,0,3.914736e-07
0,0,4.301493e-07
1,0,4.157093e-07
1,0,1.428989e-05
0,0,3.327457e-07
0,0,7.985006e-07
0,0,3.684617e-07
0,0,7.0024964e-07
0,0,4.270653e-07
0,0,3.333018e-07
0,0,2.3674736e-06
0,0,1.8046097e-06
0,0,6.700903e-07
0,0,5.577071e-07
0,0,4.878002e-07
0,0,3.4305197e-07
0,0,5.4190787e-07
0,0,1.911197e-06
0,0,1.1368932e-06
0,0,1.7050253e-06
0,0,5.7486e-07
0,0,4.0606506e-07
0,0,3.1720433e-07
1,1,0.99953425
0,0,3.8357098e-07
0,0,5.4277626e-07
0,0,2.7952345e-07
0,0,5.5527124e-07
0,0,3.5581112e-07
0,0,5.340323e-07
0,0,2.9591945e-07
0,0,3.6012477e-07
0,0,5.298314e-07
0,0,5.275117e-07
0,0,7.929798e-07
0,0,4.2542428e-07
0,0,2.9163215e-07
0,0,3.9401678e-07
0,0,3.2343561e-07
0,0,7.1666346e-07
0,0,6.9609814e-07
1,1,0.99998987
0,0,4.5516828e-07
0,0,4.1891536e-07
1,1,0.9999881
0,0,4.4414966e-07
0,0,8.311443e-07
0,0,3.0432219e-07
0,0,2.992472e-07
0,0,5.9501383e-07
0,0,2.851774e-07
0,0,5.1293114e-07
0,0,4.386822e-07
0,0,3.8084016e-07
0,0,4.3153523e-07
0,0,6.2443917e-07
0,0,5.955407e-07
0,0,3.48989e-07
0,0,7.816446e-07
0,0,2.934296e-07
0,0,8.616198e-07
0,0,4.1479373e-07
1,1,0.9999932
1,0,3.1314382e-06
0,1,0.56404424
0,0,3.9953142e-07
1,0,8.4301e-07
0,0,3.097449e-07
0,0,5.150232e-07
1,0,4.614693e-06
0,0,2.613852e-07
0,0,7.6927836e-07
0,0,4.6156867e-07
0,0,3.868737e-07
0,0,2.9705043e-07
0,0,3.8733958e-07
1,0,7.963538e-06
0,0,4.3467764e-07
0,0,3.2853964e-07
0,0,4.4875557e-07
0,0,3.65118e-07
0,0,4.8297585e-07
0,0,4.6455304e-07
0,0,3.370484e-07
0,0,7.782365e-07
1,0,8.584629e-07
0,0,5.102497e-07
0,0,4.9594e-07
0,0,1.3557142e-06
0,0,3.2078952e-07
0,0,3.3978102e-07
0,0,3.4184e-07
0,0,6.293079e-07
0,0,3.464175e-07
0,0,4.755923e-07
0,0,3.1438543e-07
0,0,3.4301337e-07
0,0,3.4024632e-07
0,0,3.1755664e-07
1,1,0.99997973
0,0,3.3455018e-07
0,0,4.062909e-07
0,0,3.4438673e-07
0,0,2.0557209e-06
0,0,1.7497784e-06
0,0,3.7659927e-07
0,0,3.5678596e-07
0,0,3.3630445e-07
0,0,3.8836342e-07
0,0,3.487255e-07
0,0,5.151175e-07
0,0,3.777125e-07
0,0,1.7999914e-06
0,0,2.3422506e-05
0,0,3.346689e-07
0,0,4.1189324e-07
1,0,1.5843245e-05
0,0,1.2945201e-06
1,1,0.9999857
1,0,7.7270624e-07
0,0,3.1793087e-07
0,0,3.9589028e-07
0,0,3.2699796e-07
1,0,5.149343e-07
0,0,3.3743788e-07
0,0,3.3096677e-07
0,0,7.2712845e-07
0,0,6.6270803e-07
0,0,3.2839039e-06
0,0,6.831515e-07
0,0,0.00015479082
0,0,8.76488e-07
0,0,5.531692e-07
0,0,7.7096905e-07
0,0,4.5384186e-07
0,0,3.3389932e-07
0,0,4.0946344e-07
0,0,5.400618e-07
1,1,0.9999838
0,0,8.7092786e-07
0,0,1.5427496e-06
0,0,9.158487e-07
0,0,4.7210548e-07
1,1,0.99998677
0,0,1.1040649e-05
0,0,6.125548e-07
0,0,3.4358172e-07
0,0,3.4901896e-07
0,0,1.9886552e-06
0,0,4.703573e-07
0,0,1.0191299e-06
0,0,3.0764704e-07
0,0,4.1785162e-07
0,0,3.1356797e-07
0,0,4.898878e-07
0,0,3.7037827e-07
0,0,3.016877e-07
0,0,5.2100665e-07
0,0,3.8514682e-07
0,0,3.2492113e-07
0,0,3.6108045e-07
0,0,4.2747848e-07
0,0,3.40865e-07
0,0,3.057383e-07
0,0,2.4634996e-06
0,0,4.21165e-07
0,0,3.4897568e-07
0,0,5.484976e-07
0,0,6.659124e-07
0,0,4.5926961e-07
0,0,4.2570068e-07
0,0,6.0645095e-07
0,0,3.0352743e-07
0,0,3.8031024e-07
0,0,1.0885559e-06
0,0,3.6982132e-07
1,0,7.6802775e-07
1,0,0.057625834
0,0,3.7434626e-07
0,0,3.09568e-07
0,0,2.9319074e-07
0,0,5.197917e-07
0,0,4.4111036e-07
1,1,0.9999801
0,0,2.9081144e-07
0,0,3.958344e-07
0,0,3.23601e-07
0,0,3.8508105e-07
0,0,5.119303e-07
0,0,4.771137e-07
0,0,1.2304874e-06
1,1,0.99998534
0,0,7.103204e-07
0,0,0.00018993697
0,0,5.082692e-07
1,1,0.9950594
0,0,5.752291e-07
0,0,3.1884116e-07
0,0,4.2669402e-07
1,1,0.9999914
0,0,1.6624577e-06
0,0,5.6597355e-07
1,1,0.99997854
0,0,2.3623177e-06
0,0,4.3327378e-07
1,1,0.6750492
0,0,2.6034108e-06
1,1,0.9999907
0,0,2.8884952e-07
0,0,1.3498465e-05
0,0,3.1372942e-06
0,0,3.8311254e-07
0,0,4.0556543e-07
0,0,5.063514e-07
0,0,3.2131907e-06
0,0,1.0233665e-06
0,0,3.8029432e-07
0,0,4.1279063e-07
0,0,5.837758e-07
0,0,4.609027e-07
0,0,1.0994754e-06
0,0,4.408674e-06
0,0,5.129202e-06
0,0,5.7985176e-07
0,0,4.1593296e-07
0,0,4.4468752e-07
0,0,2.8473065e-07
0,0,5.408809e-07
0,0,3.7538908e-07
0,0,7.338014e-07
0,0,3.8117082e-07
0,0,2.917565e-07
1,1,0.9999901
0,0,2.9205492e-07
0,0,1.3491465e-06
0,0,3.6876685e-07
0,0,6.155391e-07
0,0,5.041912e-07
1,1,0.99995947
0,0,5.4065345e-07
0,0,5.9086557e-07
0,0,8.1677257e-07
0,0,5.17713e-07
0,0,3.22495e-07
0,0,4.1097744e-07
0,0,3.107793e-07
0,0,4.3126204e-07
0,0,4.4418778e-07
0,0,6.24363e-07
0,0,3.238721e-07
0,0,6.466481e-07
0,0,5.637949e-07
0,0,5.87044e-07
0,0,1.5430262e-06
0,0,4.4189773e-07
0,0,3.7629124e-07
0,0,3.8018624e-07
0,0,4.0517074e-07
0,0,3.9452215e-07
0,0,1.4812728e-06
0,0,3.247681e-07
0,0,3.0328613e-07
0,0,3.3886778e-07
0,0,9.241239e-07
0,0,5.108871e-07
1,1,0.9999838
0,0,4.630749e-06
1,0,0.00017064514
0,0,4.1432483e-07
1,0,3.6335518e-07
0,0,3.0820502e-07
0,0,7.4905824e-07
0,0,3.054119e-07
0,0,6.3949307e-07
0,0,5.1648107e-07
0,0,5.300973e-07
0,0,3.033191e-07
0,0,3.0304818e-07
1,0,0.056995515
0,0,5.806985e-07
1,1,0.9999893
0,0,8.156617e-06
0,0,3.178175e-07
0,0,3.58974e-07
0,0,8.581477e-07
0,0,3.6803644e-07
0,0,4.0549273e-07
0,0,5.552172e-07
0,0,9.923968e-06
0,0,3.5014045e-07
0,0,1.2966221e-05
0,0,4.558416e-07
0,0,3.0362182e-07
0,0,6.414258e-06
0,0,5.2303335e-07
1,1,0.9999703
0,0,6.460625e-07
0,0,8.0964935e-07
0,0,3.6188405e-07
0,0,4.3125303e-07
0,0,9.64043e-07
0,0,3.8825084e-07
1,0,5.0983135e-07
0,0,3.642746e-07
0,0,4.108254e-07
0,0,2.036914e-06
0,0,1.3084884e-06
0,0,3.3838595e-07
0,0,5.258747e-07
0,0,8.096717e-07
0,0,3.3471485e-07
1,1,0.9999807
0,0,3.288682e-07
0,0,3.8063467e-07
0,0,6.8638934e-07
0,0,3.4996623e-07
0,0,3.6921517e-07
1,1,0.99999
0,0,7.1826594e-07
0,0,3.2110478e-07
0,0,3.1967357e-07
0,0,5.157059e-07
0,0,4.2137714e-07
0,0,3.491055e-07
0,0,3.4724474e-07
0,0,3.1814076e-07
0,0,5.118903e-07
0,0,6.363727e-07
1,0,0.01524298
1,0,1.7635358e-06
1,1,0.9999937
0,0,3.1150157e-07
0,0,3.790603e-07
0,0,3.0212132e-07
1,0,0.006196765
0,0,3.8077152e-07
0,0,3.5411412e-07
0,0,3.7379337e-05
0,0,3.6510795e-07
0,0,3.5581112e-07
0,0,3.1793422e-07
0,0,3.7699564e-07
1,0,0.00043477552
0,0,4.3770686e-07
0,0,3.022905e-07
0,0,2.835054e-07
0,0,3.383698e-07
0,0,5.3709414e-07
0,0,2.8701828e-07
0,0,3.568207e-07
0,0,2.1418882e-06
0,0,5.754661e-07
0,0,4.738416e-07
0,0,2.9782143e-07
0,0,4.5639317e-07
0,0,8.8957273e-07
0,0,3.469925e-07
0,0,3.1485743e-07
0,0,8.1809003e-07
0,0,3.8665533e-07
0,0,1.1182186e-06
0,0,3.759559e-07
0,0,0.00014377621
0,0,3.280112e-07
0,0,3.0437735e-07
1,1,0.9999938
0,0,3.491708e-07
0,0,3.4178947e-07
0,0,4.0386718e-07
0,0,2.6718496e-07
0,0,6.731654e-07
0,0,4.4090135e-07
0,0,3.6594736e-07
1,1,0.99998355
0,0,2.8773604e-07
0,0,4.673459e-07
0,0,3.1691707e-07
0,0,4.7071902e-07
0,0,5.516209e-07
1,1,0.99950504
0,0,4.0691754e-07
0,0,5.976829e-07
1,1,0.99974924
0,0,4.9921135e-07
0,0,3.9346781e-07
0,0,5.247015e-07
1,0,0.00015612552
0,0,9.3962615e-07
0,0,4.017743e-07
0,0,2.1630458e-06
0,0,3.4648323e-07
0,0,0.00013433634
0,0,8.9352034e-07
0,0,3.216003e-07
0,0,4.3869724e-07
0,0,3.5915073e-07
0,0,9.564696e-07
1,0,1.0067325e-06
0,0,3.291983e-07
0,0,3.6392322e-07
0,0,3.092039e-07
0,0,5.595814e-07
1,1,0.99998975
0,0,4.1580964e-07
0,0,4.763617e-07
0,0,2.8612214e-07
1,0,0.0025669292
0,0,2.6557183e-07
0,0,3.3363065e-07
0,0,3.076412e-07
0,0,3.474097e-07
0,0,3.9636288e-07
0,0,5.520209e-07
0,0,9.758126e-07
0,0,3.1630591e-07
0,0,3.149478e-07
1,0,4.3813657e-07
1,0,0.044200893
0,0,6.632543e-07
0,0,3.4643136e-07
0,0,3.0322946e-07
1,0,8.506634e-05
0,0,1.0239131e-05
0,0,3.11819e-07
0,0,3.8962992e-07
0,0,6.5388014e-07
0,0,6.7868523e-06
1,1,0.9999709
0,0,6.00743e-07
0,0,3.0927114e-07
0,0,1.5801243e-06
0,0,6.598714e-07
0,0,4.288366e-07
0,0,3.3848087e-07
0,0,2.358242e-05
0,0,4.1975755e-07
0,0,5.1430163e-07
0,0,4.478082e-07
0,0,3.5647952e-07
0,0,4.6438385e-07
0,0,3.1563638e-07
0,0,4.580431e-07
0,0,5.9755695e-07
0,0,2.979061e-07
1,1,0.9999844
0,0,9.509996e-07
0,0,3.4683367e-07
0,0,2.8013136e-07
0,0,4.543395e-07
0,0,3.1656455e-07
1,1,0.9999914
0,0,3.055325e-07
0,0,6.910619e-07
0,0,8.4837984e-07
0,0,3.1278188e-07
0,0,5.5572755e-06
0,0,4.0904737e-07
0,0,8.7877294e-07
0,0,5.6315014e-07
0,0,5.757257e-07
0,0,3.1056186e-07
0,0,4.53912e-07
0,0,2.8179264e-07
0,0,3.8100399e-07
1,0,7.3017765e-07
0,0,3.8301832e-07
0,0,3.3069986e-07
0,0,3.7220892e-07
0,0,5.816119e-07
0,0,3.6906238e-07
1,0,0.00012797388
0,0,3.5061564e-07
0,0,4.0477715e-07
0,0,5.85032e-07
0,0,2.8582275e-05
0,0,4.1598454e-07
1,0,0.0010566988
1,1,0.92270875
0,0,8.2815035e-07
0,0,5.275867e-07
0,0,4.3026463e-07
0,0,3.909565e-07
0,0,4.289331e-07
0,0,4.4540224e-07
0,0,4.4272156e-07
1,0,5.2934024e-06
1,1,0.9999901
0,0,3.334166e-07
0,0,3.537742e-07
1,1,0.9999932
0,0,2.6083737e-07
0,0,3.862352e-07
0,0,9.82924e-07
0,0,1.1793397e-06
0,0,4.4082105e-07
0,0,1.9467873e-06
1,1,0.9999871
0,0,3.8865835e-07
0,0,4.2429667e-07
0,0,4.7591897e-07
0,0,5.528849e-07
1,0,0.0019351726
0,0,4.2695535e-07
0,0,3.4410442e-07
0,0,3.7100187e-07
0,0,3.7605736e-07
0,0,6.3990973e-07
0,0,3.1963611e-07
1,0,8.907825e-07
0,0,4.8596144e-07
0,0,3.3031847e-07
0,0,3.0161434e-07
0,0,4.0399738e-07
0,0,4.6403585e-07
0,0,2.2447973e-06
0,0,0.00011741989
0,0,2.983063e-07
0,0,1.2551084e-06
0,0,1.1322883e-06
0,0,3.1880347e-07
0,0,2.960013e-07
0,0,5.526593e-07
0,0,4.802705e-07
0,0,3.5422457e-07
0,0,3.4422123e-07
0,0,4.5166703e-07
0,0,3.3898348e-07
0,0,3.8231104e-07
0,0,5.249878e-07
0,0,4.6397125e-07
1,1,0.999315
0,0,3.8505388e-07
1,0,6.539543e-07
0,0,5.317418e-07
0,0,3.276904e-07
0,0,3.0149556e-07
0,0,3.6035084e-07
0,0,3.619365e-07
0,0,3.6070807e-07
0,0,3.737812e-07
0,0,3.2488674e-07
0,0,5.302899e-07
0,0,3.543783e-07
0,0,2.7222927e-07
0,0,2.6310963e-06
0,0,5.924172e-07
0,0,4.4397366e-06
0,0,5.1240016e-07
0,0,1.00641e-06
1,0,3.6898853e-06
0,0,3.1133703e-07
1,1,0.9999939
1,1,0.9999924
1,1,0.99997747
0,0,3.5883028e-07
0,0,3.039428e-07
0,0,2.900888e-07
0,0,6.5632037e-07
0,0,3.6016564e-07
0,0,3.70521e-07
0,0,4.3357304e-07
0,0,4.5365408e-07
0,0,4.7432042e-07
0,0,2.9610888e-07
1,1,0.8892234
0,0,6.308053e-07
0,0,3.749794e-07
0,1,0.7648933
0,0,4.2043865e-07
0,0,4.840225e-07
0,0,3.4604471e-07
0,0,3.3876537e-07
0,0,4.9932135e-07
1,1,0.9994344
0,0,4.3990633e-07
0,0,9.627365e-07
1,1,0.99998784
0,0,2.8810618e-07
0,0,4.560755e-07
0,0,1.1265903e-06
0,0,4.2615235e-07
0,0,5.60869e-07
0,0,4.006253e-07
0,0,2.7521295e-07
0,0,3.9435324e-07
0,0,3.8883852e-07
0,0,4.518747e-07
0,0,6.4722e-07
0,0,4.002434e-07
0,0,3.184255e-07
0,0,0.00038624366
0,0,1.1611288e-06
1,1,0.9999888
0,0,5.375184e-07
0,0,4.873315e-07
0,0,9.923106e-07
0,0,3.3326052e-07
0,0,4.289425e-07
0,0,3.435224e-07
0,0,4.1248526e-07
0,0,4.3776697e-07
0,0,7.0027563e-06
0,0,4.3795572e-07
0,0,4.188431e-07
0,0,4.5865377e-07
0,0,5.1886855e-07
0,0,1.0810039e-06
0,0,4.6646332e-07
0,0,4.300759e-07
0,0,8.5666284e-07
1,0,7.1487893e-06
0,0,3.6798343e-07
0,0,6.9651253e-07
0,0,5.9635687e-07
0,0,1.9270558e-06
0,0,5.7147486e-07
0,0,4.7613688e-07
0,0,1.0307026e-06
0,0,5.160606e-07
0,0,6.762913e-07
0,0,4.2758205e-07
0,0,4.7054843e-07
0,0,8.881181e-07
0,0,3.6269114e-07
1,1,0.999987
0,0,4.9802594e-07
0,0,2.7963756e-07
0,0,4.512537e-07
0,0,3.5475804e-07
0,0,1.0444287e-06
0,0,4.5723615e-07
0,0,4.6074274e-07
0,0,3.42508e-07
0,0,3.187293e-07
0,0,3.2961168e-07
0,0,3.3774597e-07
0,0,4.3170317e-07
1,1,0.9999802
0,0,2.9497104e-07
0,0,3.8511482e-07
0,0,4.1177623e-07
0,0,4.2924654e-07
0,0,2.9281767e-07
0,0,3.167131e-07
0,0,3.2407107e-07
0,0,8.277618e-07
0,0,3.3024727e-07
0,0,2.9721593e-07
0,0,5.402468e-07
0,0,3.2459192e-07
0,0,3.5647784e-07
0,0,5.0587397e-07
0,0,4.990386e-07
0,0,5.139991e-07
0,0,4.924632e-07
0,0,1.6889935e-06
0,0,3.7829577e-07
0,0,3.4332098e-07
0,0,9.576562e-07
0,0,3.5754078e-07
0,0,2.77652e-07
0,0,4.434606e-07
0,0,2.9591186e-07
0,0,3.3584388e-07
1,0,2.3824516e-06
0,0,4.4959134e-07
0,0,4.6633124e-07
0,0,2.8744313e-07
0,0,1.496504e-06
1,1,0.9999877
0,0,3.289378e-07
1,1,0.9999597
0,0,3.1789722e-07
0,0,2.992569e-07
0,0,2.724131e-06
0,0,3.6632795e-07
0,0,6.5904186e-07
0,0,4.3468842e-07
1,1,0.98808265
0,0,4.5050078e-07
0,0,7.642679e-07
0,0,3.463967e-07
0,0,3.5665227e-07
0,0,3.432313e-07
0,0,3.0284392e-07
0,0,2.673672e-07
0,0,4.1505487e-07
0,0,3.392429e-07
0,0,3.0108785e-07
0,0,7.552518e-06
0,0,3.5540143e-07
0,0,3.5923637e-07
0,0,4.86369e-07
0,0,1.7450192e-06
0,0,4.050506e-07
0,0,3.5617916e-07
0,0,4.1986485e-07
0,0,3.1432697e-07
0,0,4.382837e-07
1,1,0.9999683
0,0,6.390907e-07
0,0,3.3236958e-07
0,0,5.0949404e-07
0,0,2.8737898e-07
0,0,5.319934e-07
0,0,3.118065e-07
1,0,4.412004e-07
0,0,1.6958984e-06
0,0,3.3226848e-07
0,0,3.23054e-07
0,0,4.068314e-07
0,0,3.9610026e-07
0,0,1.2406327e-06
0,0,3.4117528e-07
0,0,5.2154155e-07
0,0,4.399374e-07
0,0,5.9358103e-07
0,0,4.2336944e-07
0,0,5.3250704e-07
0,0,3.484992e-06
0,0,3.3482021e-07
0,0,5.395337e-07
0,0,6.7530203e-07
0,0,3.9650993e-07
0,0,3.2667694e-07
0,0,6.923509e-07
0,0,5.21461e-07
0,0,9.054412e-07
0,0,3.3506936e-07
0,0,4.400725e-07
0,0,7.2581906e-07
0,0,6.3283886e-07
0,0,3.3663142e-07
0,0,3.4364857e-07
0,0,4.5161747e-07
0,0,5.1242955e-07
0,0,5.2134266e-07
1,0,8.273223e-07
0,0,3.1364485e-07
0,0,3.256834e-07
0,0,2.1274243e-06
0,0,6.175234e-07
0,0,3.2141944e-07
0,0,6.0291137e-07
0,0,3.8457094e-07
0,0,2.8697255e-07
0,0,2.9982877e-07
0,0,5.3482074e-07
0,0,3.666796e-07
0,0,6.933142e-07
0,0,9.184456e-07
0,0,2.7689785e-07
0,0,3.0895512e-07
0,0,3.078942e-07
0,0,3.88774e-07
0,0,5.573382e-07
0,0,3.2906865e-07
1,0,2.8444223e-05
0,0,4.2807412e-07
0,0,5.014769e-07
1,1,0.99998844
0,0,4.0477332e-07
0,0,6.569967e-07
0,0,5.265763e-07
0,0,7.6277655e-07
0,0,4.488917e-07
0,0,7.668257e-05
0,0,3.3292696e-07
0,0,3.371336e-07
0,0,5.3548933e-07
0,0,3.239391e-07
0,0,7.2903237e-07
0,0,7.4794684e-07
0,0,5.4999464e-07
0,0,1.1145423e-06
0,0,5.577811e-07
0,0,4.7194433e-07
0,0,3.6824993e-06
0,0,3.2508262e-07
0,0,3.3734136e-07
0,0,1.5089317e-06
0,0,3.0363861e-07
1,0,0.0001384587
0,0,3.4382361e-07
0,0,4.5913208e-07
0,0,3.249317e-07
1,1,0.9968354
0,0,3.4102564e-07
0,0,3.068123e-07
0,0,4.637828e-07
0,0,3.3746747e-07
0,0,1.2431839e-06
0,0,1.7704853e-06
0,0,3.3004798e-07
0,0,2.794616e-07
0,0,8.1321906e-07
0,0,3.3851862e-07
0,0,3.4470153e-07
1,1,0.9999821
0,0,1.0304293e-06
0,0,3.6062207e-07
1,0,1.2295537e-06
0,0,7.7281385e-07
0,0,5.03895e-07
0,0,4.0814024e-07
0,0,2.17186e-06
0,0,1.4488066e-06
0,0,4.0949465e-07
0,0,3.5927576e-07
0,0,3.942205e-07
0,0,7.300531e-07
0,0,3.600609e-07
1,0,1.8302404e-06
0,0,1.1155951e-06
0,0,1.4393565e-06
0,0,9.2786024e-07
0,0,4.812246e-07
0,0,3.6601156e-07
0,0,3.0778145e-07
0,0,5.7212975e-07
0,0,0.0001480913
0,0,5.332531e-07
0,0,1.7974388e-06
0,0,3.620867e-07
0,0,3.0832024e-07
0,0,4.809663e-07
1,1,0.99998796
0,0,1.3727288e-06
1,1,0.9999553
0,0,3.0366064e-07
0,0,3.1104975e-07
0,0,7.56526e-07
0,0,4.8717675e-07
0,0,3.4180423e-06
0,0,3.976058e-07
0,0,6.658661e-07
0,0,3.8147704e-07
0,0,8.7554986e-07
0,0,3.7895765e-07
0,0,8.5818374e-07
0,0,3.3645972e-07
0,0,8.9463214e-07
0,0,6.902702e-07
0,0,2.9040683e-07
0,0,2.8737762e-07
0,0,3.8272617e-07
0,0,3.443687e-07
0,0,3.0344987e-07
0,0,2.845661e-07
0,0,3.6739152e-07
0,0,3.7283385e-07
1,0,0.043724686
0,0,4.0863253e-07
0,0,4.581803e-07
0,0,3.6442992e-07
0,0,3.94101e-07
0,0,3.5605586e-07
0,0,5.897509e-07
0,0,3.2316305e-07
0,0,6.986653e-07
0,0,3.814945e-07
0,0,2.6966086e-07
1,0,0.15582353
0,0,5.708631e-07
0,0,2.9506286e-05
0,0,4.0298076e-07
0,0,3.057342e-07
0,0,4.032264e-07
0,0,4.425759e-07
0,0,4.9425296e-07
0,0,1.9731265e-06
0,0,4.1849088e-07
0,0,6.131141e-07
0,0,6.290085e-07
0,0,2.1041033e-06
0,0,3.559367e-07
0,0,5.710058e-07
0,0,4.0422978e-07
0,0,4.1349116e-07
1,0,3.331323e-06
0,0,4.1594407e-07
0,0,4.3877174e-07
0,0,0.00091584236
0,0,5.715811e-07
0,0,3.7977458e-07
0,0,5.698796e-07
0,0,5.0749134e-07
1,1,0.9999906
0,0,3.0180712e-07
0,0,8.492549e-07
0,0,1.1959334e-06
0,0,9.3959386e-07
0,0,3.6481174e-07
0,0,3.5666997e-07
0,0,6.468763e-07
0,0,4.302084e-07
0,0,3.2694933e-07
0,0,1.8709825e-06
0,0,3.7232005e-07
0,0,3.701184e-07
0,0,2.9975902e-07
0,0,3.0327223e-07
0,0,1.0332033e-06
0,0,6.786392e-07
0,0,3.0522034e-07
0,0,3.3327197e-07
0,0,3.9547518e-07
0,0,3.7053584e-07
0,0,3.0718033e-07
0,0,4.0880482e-07
0,0,2.9916615e-07
0,0,4.6740604e-07
0,0,2.8506972e-07
0,0,3.3851828e-07
0,0,7.5031164e-07
0,0,3.9437504e-07
0,0,3.292071e-07
0,0,3.3892982e-07
1,1,0.9998392
0,0,5.362462e-07
0,0,3.9629484e-07
0,0,4.366312e-07
0,0,3.043701e-07
0,0,5.471089e-07
0,0,3.2267897e-07
0,0,3.7707082e-07
0,0,3.8292552e-07
0,0,6.3904986e-07
0,0,3.183769e-07
0,0,1.0904905e-06
0,0,7.392704e-07
0,0,5.7126067e-07
0,0,5.2939004e-07
0,0,6.088965e-07
0,0,3.2077543e-07
0,0,7.4346445e-07
0,0,5.475881e-07
0,0,3.3686104e-07
0,0,4.6485886e-07
0,0,5.163594e-07
0,0,3.267991e-07
0,0,3.384647e-07
0,0,4.068667e-07
0,0,6.232428e-07
0,0,5.669984e-07
1,1,0.99998665
0,0,3.262112e-07
0,0,3.2486506e-07
0,0,0.16324478
0,0,3.2730622e-07
1,0,1.1219221e-06
1,0,0.0004022405
0,0,3.324986e-07
0,0,3.521064e-07
0,0,3.3625633e-07
0,0,3.37416e-07
0,0,3.779125e-07
0,0,3.2126835e-07
0,0,2.7601436e-07
0,0,3.8275832e-07
0,0,4.0391572e-07
0,1,0.99993455
0,0,4.3093274e-07
1,0,1.87966e-06
0,0,5.120133e-07
0,0,4.2648736e-07
0,0,4.2978562e-07
0,0,5.511834e-07
0,0,4.788692e-07
0,0,5.240394e-07
0,0,9.913969e-07
0,0,5.968177e-07
1,1,0.9999831
0,0,1.0090807e-06
1,0,8.4145336e-07
0,0,3.2082318e-07
0,0,1.4410775e-06
0,0,4.929589e-07
0,0,2.9625065e-07
0,0,3.2952119e-07
0,0,5.531048e-07
0,0,3.3599926e-07
0,0,2.984452e-07
0,0,5.6423386e-07
0,0,7.1472914e-07
1,1,0.9999925
0,0,4.2142457e-07
0,0,3.0611523e-07
0,0,8.3148524e-07
0,0,5.313029e-07
0,0,3.3234136e-07
0,0,2.7855106e-07
1,1,0.9997391
0,0,3.0064166e-07
0,0,4.0814334e-07
0,0,2.7312483e-06
0,0,3.029225e-07
0,0,3.1357936e-07
0,0,3.5626812e-07
0,0,1.808069e-06
1,1,0.9999863
0,0,3.3614606e-07
0,0,3.9412276e-07
1,1,0.99989176
0,0,5.7605416e-07
0,0,7.001141e-07
1,1,0.9999893
0,0,5.874461e-07
0,0,2.9061488e-07
0,0,3.5127294e-07
0,0,5.119399e-06
0,0,3.4236822e-07
0,0,3.0472995e-07
0,0,3.8051888e-07
0,0,3.902041e-07
0,0,2.791952e-07
0,1,0.9998331
0,0,3.716035e-07
0,0,3.1288064e-07
0,0,5.034195e-07
0,0,5.552066e-07
0,0,3.339818e-07
0,0,5.311782e-07
0,0,1.4529355e-06
0,0,3.6715545e-07
0,0,1.5079879e-06
0,0,3.544591e-07
0,0,1.0019626e-06
0,0,3.498521e-07
0,0,4.0675886e-07
0,0,1.2393863e-06
0,0,3.7230512e-07
0,0,3.384021e-07
0,0,8.133012e-07
0,0,3.409736e-07
0,0,4.1955823e-07
0,0,1.0275148e-06
0,0,5.0953196e-07
0,0,4.3579254e-07
1,1,0.9999151
0,0,5.0438973e-07
0,0,1.2495871e-06
0,0,3.7618756e-07
0,0,3.4125703e-06
0,0,3.3292696e-07
0,0,3.9456052e-07
0,0,9.762854e-07
0,0,3.2665076e-07
0,0,1.0330683e-06
0,0,4.021396e-07
0,0,5.028346e-07
0,0,3.468846e-07
0,0,3.6564313e-07
0,0,5.6236763e-07
0,0,2.865823e-07
0,0,2.998762e-06
0,0,5.4724256e-07
0,0,3.9354737e-07
0,0,3.7953416e-07
0,0,4.2216752e-07
0,0,5.659001e-07
0,0,4.862257e-07
0,0,4.615317e-07
0,0,1.1016281e-06
0,0,3.4042193e-07
0,0,5.8165404e-07
0,0,4.119459e-07
0,0,6.171254e-07
0,0,3.7254273e-07
0,0,3.9821373e-07
0,0,1.8376036e-06
0,0,4.0253366e-07
0,0,4.920998e-07
0,0,2.6798983e-07
0,0,3.4268706e-07
0,0,8.144943e-07
0,0,3.9392435e-07
0,0,3.411616e-07
0,0,4.2653699e-07
0,0,1.5304081e-06
0,0,2.8480994e-07
0,0,4.1225874e-07
0,0,3.574259e-07
0,0,4.0870464e-07
0,0,3.8762882e-05
0,0,5.609316e-07
0,0,3.7231257e-07
0,0,4.3074004e-07
0,0,1.1049476e-06
0,0,1.1564322e-06
0,0,2.9897276e-07
0,0,1.2262443e-06
0,0,5.728996e-07
0,0,5.2713654e-07
0,0,3.2422747e-07
1,1,0.999949
1,1,0.9999938
0,0,7.6198944e-06
0,0,3.865521e-07
0,0,3.148316e-07
0,0,4.4830216e-07
0,0,6.1307435e-07
0,0,6.569992e-07
0,0,3.14001e-07
0,0,5.5066323e-07
0,0,4.5640056e-07
0,0,4.430717e-07
0,0,3.58922e-07
0,0,4.8861216e-07
0,0,6.453162e-07
0,0,2.9935964e-07
0,0,4.5986525e-07
0,0,1.3797635e-06
1,0,0.036931958
0,0,3.5895894e-07
0,0,3.8495878e-07
0,0,9.830374e-07
1,1,0.99999046
0,0,1.2412801e-06
0,0,3.6882173e-07
0,0,4.0197742e-07
0,0,4.1386318e-07
1,1,0.9999863
0,0,3.4878636e-07
0,0,1.1098903e-06
0,0,2.842675e-07
0,0,4.2661185e-07
0,0,4.464335e-07
0,0,6.113066e-07
0,0,2.823635e-07
0,0,1.351395e-06
0,0,6.890021e-07
0,0,3.6771473e-07
0,0,3.8238178e-07
1,0,3.440602e-06
0,0,5.100361e-07
0,0,5.181871e-07
0,0,2.906889e-07
0,0,4.1132995e-07
0,0,3.933474e-07
0,0,5.7090665e-07
0,0,6.399073e-07
1,1,0.9643636
0,0,4.0475905e-07
0,0,1.3107253e-06
0,0,3.7493004e-07
0,0,0.0012148867
0,0,5.102171e-07
0,0,4.812407e-07
0,0,1.0589601e-05
0,0,1.0887344e-06
1,1,0.9999864
1,1,0.9999852
0,0,3.40065e-07
1,0,0.0005392822
0,0,6.0673774e-06
0,0,4.830965e-07
0,0,8.701251e-07
0,0,3.7340638e-07
0,0,6.2291794e-05
0,0,2.093363e-06
0,0,1.2718641e-06
1,1,0.9686591
1,0,7.740294e-07
1,1,0.99990356
0,0,3.897325e-07
0,0,4.3474728e-07
0,0,3.6337664e-07
0,0,3.7532325e-07
0,0,5.462047e-06
0,0,8.279356e-07
0,0,4.6441838e-07
1,0,1.0737613e-06
0,0,4.2256025e-07
1,1,0.9999925
0,0,5.0149692e-06
0,0,4.448627e-07
0,0,2.8525653e-07
0,0,2.8267763e-07
0,0,3.0529882e-06
0,0,1.3353987e-06
0,0,0.0006155681
1,0,2.2742557e-05
0,0,3.4189642e-07
0,0,5.572945e-07
0,0,9.654857e-07
1,0,1.4100897e-05
0,0,4.3917697e-07
0,0,3.3398084e-07
0,0,5.295607e-07
0,0,4.032933e-07
0,0,6.360996e-07
0,0,5.52693e-07
0,0,5.4813887e-07
0,0,3.23997e-05
0,0,3.5842325e-07
0,0,5.162125e-06
0,0,3.116959e-07
0,0,6.1977835e-07
0,0,3.3160117e-07
0,0,2.020342e-06
0,0,3.7554986e-07
0,0,6.759387e-06
0,0,9.786279e-07
0,0,7.8141954e-07
0,0,4.44816e-07
0,0,9.504873e-07
0,0,4.8812683e-07
0,0,5.4460395e-07
0,0,5.6808034e-07
0,0,4.3519532e-07
0,0,3.0511615e-07
1,1,0.99998856
0,0,7.94293e-07
0,0,2.882197e-07
0,0,3.1334946e-07
1,1,0.9993272
1,1,0.99998975
0,0,3.248025e-07
0,0,2.1963042e-06
0,0,3.2215502e-07
0,0,3.5939328e-07
0,0,4.3538976e-06
0,0,5.4206754e-07
0,0,5.949866e-07
0,0,4.466711e-07
0,0,2.6807803e-07
1,1,0.9999926
0,0,4.8318776e-07
0,0,3.0449405e-07
0,0,8.0189574e-07
0,0,3.9373057e-07
0,0,1.1485166e-06
0,0,4.2389547e-07
0,0,2.9737302e-07
0,0,2.9251876e-07
0,0,7.5576736e-07
0,0,2.7802665e-07
0,0,3.5531943e-07
1,1,0.9999696
0,0,3.5731853e-07
0,0,3.6505293e-07
0,0,6.804388e-07
0,0,3.4779157e-07
0,0,4.1203938e-07
0,0,2.6804707e-06
1,1,0.9999907
0,0,6.2557524e-07
0,0,3.2592948e-07
0,0,3.3355812e-07
0,0,4.2097588e-07
0,0,7.850302e-07
0,0,2.8642847e-07
0,0,6.521638e-07
0,0,3.1075444e-07
0,0,1.5609157e-06
0,0,6.005895e-07
0,0,3.1586342e-07
0,0,8.3985475e-07
0,0,5.1430266e-07
0,0,3.999454e-07
0,0,6.590488e-07
0,0,2.88215e-07
0,0,4.368161e-07
0,0,3.7893452e-07
0,0,3.9045645e-07
0,0,4.220351e-07
1,1,0.9999924
0,0,3.6276447e-07
0,0,3.324615e-07
0,0,1.1927795e-06
0,0,7.106328e-07
0,0,3.2690008e-07
0,0,4.759317e-07
0,0,5.268561e-07
0,0,3.4766458e-07
0,0,3.3780623e-07
0,0,3.8141152e-07
1,0,6.825955e-05
0,0,6.578255e-07
0,0,4.6202715e-07
0,0,4.0249373e-07
0,0,3.3514735e-07
0,0,3.5178854e-07
0,0,2.836395e-07
0,0,4.392725e-07
0,0,5.343629e-07
0,0,3.9220566e-07
0,0,6.6615826e-07
0,0,3.516034e-07
0,0,5.2355284e-07
0,0,3.626517e-07
0,0,4.719344e-07
0,0,1.2586371e-06
0,0,1.2583731e-06
0,0,3.2858415e-07
1,1,0.999985
0,0,3.5854157e-07
0,0,3.8542896e-07
1,0,7.4822583e-07
1,1,0.99995863
0,0,1.1661915e-06
1,1,0.9998511
0,0,4.115838e-07
0,0,6.8157146e-07
0,0,4.3192597e-07
0,0,3.69042e-07
0,0,1.2740165e-06
0,0,3.3791608e-07
0,0,1.6453365e-06
0,0,3.3797312e-07
0,0,6.675744e-05
0,0,3.7602473e-07
0,0,6.46827e-07
0,0,4.1018492e-07
0,0,3.1504604e-07
0,0,5.4682624e-07
0,0,5.1936314e-07
0,0,6.2635013e-07
0,0,3.681526e-07
0,0,4.8163554e-07
0,0,8.365861e-07
0,0,3.8530146e-07
0,0,5.993153e-07
0,0,3.5567948e-07
0,0,2.698435e-07
0,0,3.5083235e-07
1,1,0.9954497
0,0,3.8050618e-07
0,0,5.45523e-07
0,0,3.8515635e-05
0,0,3.396773e-07
1,1,0.999969
0,0,4.2538898e-07
0,0,4.9512477e-07
0,0,3.7978614e-07
0,0,4.583665e-07
0,0,7.278229e-07
0,0,4.1182176e-07
0,0,5.4385345e-07
0,0,4.9890537e-07
0,0,2.9624758e-07
0,0,3.200372e-07
0,0,7.7874654e-07
1,1,0.99998903
0,0,3.8803543e-07
0,0,4.970143e-07
0,0,4.9390525e-07
1,0,6.777839e-05
0,0,9.4186726e-07
0,0,3.6337042e-07
0,0,4.3584407e-07
0,0,6.80457e-07
0,0,3.282152e-07
0,0,3.6027248e-07
0,0,4.3370207e-07
0,0,6.969976e-07
0,0,3.4837052e-07
0,0,6.371639e-07
0,0,3.2991989e-07
0,0,4.0670494e-07
0,0,4.396413e-07
0,0,2.944438e-07
0,0,6.605224e-07
0,0,6.3932356e-07
0,0,4.527974e-07
0,0,3.6339813e-07
0,0,3.003187e-07
0,0,4.3421528e-07
0,0,2.9667277e-07
0,0,3.276532e-07
0,0,3.6780696e-07
0,0,3.138513e-07
0,0,4.1840988e-07
0,0,3.905667e-07
1,1,0.999977
0,0,2.743487e-07
0,0,3.56137e-07
0,0,5.1963013e-07
0,0,5.1228244e-07
0,0,3.6588455e-07
0,0,3.7991003e-07
0,0,1.0897692e-06
0,0,3.2782918e-07
0,0,6.333533e-07
0,0,2.9915873e-07
0,0,2.9364793e-07
0,0,3.2694933e-07
0,0,7.4300016e-07
0,0,4.2853486e-07
0,0,4.2076275e-07
0,0,4.613495e-07
0,0,3.391009e-07
0,0,4.9273143e-07
0,0,3.5490353e-07
0,0,5.2955005e-07
0,0,4.22659e-07
0,0,3.9582196e-07
0,0,4.0644204e-07
0,0,1.1487707e-06
1,1,0.9470043
0,0,3.2571694e-07
0,0,3.168527e-07
0,0,3.2191733e-07
0,0,3.8529706e-07
0,0,1.2928051e-06
0,0,4.1710558e-07
0,0,5.07867e-07
0,0,4.9002807e-05
0,0,4.712526e-07
0,0,3.4692496e-07
0,0,5.7124976e-07
0,0,3.2503613e-07
1,1,0.9999665
0,0,1.2614443e-06
0,0,3.9464632e-07
0,0,5.008809e-07
0,0,3.176369e-07
0,0,5.6422203e-07
0,0,1.0330979e-06
0,0,4.0388605e-07
0,0,3.231797e-07
1,1,0.99852645
0,0,4.400826e-07
0,0,3.8442718e-07
0,0,3.8152797e-07
0,0,3.839509e-07
0,0,5.4869747e-07
0,0,7.681347e-07
0,0,3.9556687e-07
0,0,3.894906e-07
0,0,3.9200634e-07
0,0,2.9744308e-07
0,0,6.021822e-07
1,1,0.9999918
0,0,4.2608897e-07
0,0,3.684628e-07
0,0,2.232074e-06
0,0,5.5160564e-07
0,0,3.5718534e-07
0,0,5.355297e-07
0,0,3.5566862e-07
0,1,0.9995946
0,0,3.9060023e-07
1,0,0.0005559063
0,0,7.7028704e-07
0,0,4.0252905e-07
0,0,3.1759023e-07
0,0,3.3699763e-07
0,0,6.505301e-07
0,0,3.368983e-07
0,0,3.9230554e-07
1,1,0.99997973
0,0,1.4824387e-06
0,0,3.5469648e-07
0,0,6.5557725e-07
0,0,9.976337e-07
0,0,3.9290722e-07
0,0,5.7299694e-06
0,0,3.614384e-07
0,0,1.478508e-06
0,0,3.6488376e-07
0,0,3.37342e-07
0,0,5.9254717e-07
0,0,4.3405046e-07
0,0,5.90718e-07
0,0,3.8791885e-07
0,0,3.931058e-06
0,0,4.2804228e-07
1,1,0.60451406
0,0,2.985676e-07
0,0,5.289812e-07
0,0,4.7086636e-05
0,0,4.9703e-07
0,0,6.395961e-07
0,0,3.4109655e-07
0,0,2.927772e-07
0,0,3.617636e-07
1,1,0.9999889
1,1,0.999987
0,0,3.3042812e-07
0,0,9.81693e-07
1,0,0.00011266162
0,0,3.1859497e-07
0,0,8.2947514e-07
0,0,2.931583e-07
0,0,4.7027393e-06
0,0,9.901685e-07
0,0,7.767209e-07
0,0,5.547747e-07
0,0,5.2891613e-07
0,0,4.0896236e-07
0,0,5.4055243e-07
0,0,4.2318734e-07
0,0,2.957564e-07
0,0,3.7499908e-07
0,0,3.4876243e-07
0,0,3.627226e-07
0,0,6.193376e-07
0,0,5.975387e-07
0,0,3.5531468e-07
0,0,5.3501867e-07
0,0,5.5719676e-07
0,0,7.749873e-07
0,0,1.0891603e-06
1,1,0.9999441
0,0,7.2063567e-06
0,0,2.931415e-07
0,0,3.1139226e-07
0,0,2.2742795e-06
0,0,4.876216e-07
0,0,6.255126e-07
0,0,3.6272607e-07
0,0,5.351983e-07
0,0,2.9195022e-07
0,0,2.9818798e-07
0,0,5.4798727e-07
0,0,4.120944e-07
0,0,3.7614632e-07
0,0,6.5855994e-07
0,0,3.495997e-06
0,0,3.7333015e-07
0,0,2.9347382e-07
0,0,3.2286056e-07
0,0,4.4267637e-07
0,0,5.1685606e-07
0,0,3.580345e-07
0,0,3.046698e-07
0,0,4.4844242e-07
0,0,1.0555879e-06
0,0,3.2194862e-07
0,0,3.6702664e-07
1,1,0.99901664
0,0,5.677386e-07
1,1,0.99998903
0,0,1.8886876e-06
0,0,3.0125096e-07
0,0,5.98264e-07
0,0,4.745982e-07
0,0,3.2972017e-07
0,0,3.7261202e-07
0,0,4.0963062e-07
0,0,7.079082e-07
0,0,3.187977e-07
0,0,5.9088813e-07
0,0,3.8965817e-07
0,0,4.6509388e-07
0,0,5.9456005e-07
0,0,3.6501743e-07
0,0,1.6753654e-06
0,0,3.3198657e-07
0,0,4.1113896e-07
0,0,4.0813944e-07
0,0,2.9569125e-07
0,0,2.8127496e-07
1,0,0.0013221281
1,1,0.9999924
1,1,0.9999862
0,0,4.5131264e-07
0,0,3.4601896e-07
1,1,0.9999138
0,0,3.5649006e-07
1,1,0.99995196
0,0,6.4470106e-07
0,0,3.2916375e-07
0,0,3.7153404e-07
0,0,2.809415e-07
0,0,3.3412834e-07
0,0,4.5795838e-07
0,0,3.3667348e-07
0,0,4.1485507e-07
0,0,1.7823339e-06
1,1,0.9776349
0,0,1.4758791e-06
0,0,5.2138193e-07
0,0,5.524369e-07
0,0,5.5047946e-07
0,0,5.6379173e-07
0,0,5.7692506e-07
0,0,4.743783e-07
0,0,3.2748483e-07
0,0,3.4759094e-07
0,0,3.180643e-07
1,1,0.99998975
0,0,5.07852e-07
0,0,3.390074e-07
0,0,5.879124e-07
0,1,0.99997735
0,0,1.2000727e-06
0,0,4.1706897e-07
0,0,3.414676e-07
0,0,3.8424903e-07
0,0,3.1586643e-07
0,0,3.6525282e-07
0,0,4.5012888e-07
0,0,5.540493e-07
0,0,4.7148453e-07
0,0,3.0180166e-07
0,0,0.020254591
0,0,3.7947987e-07
0,0,5.2886315e-07
1,1,0.9999794
0,0,3.4403877e-07
0,0,6.327236e-07
0,0,0.012762348
0,0,4.327283e-07
0,0,3.0359055e-07
0,0,2.9723833e-07
0,0,4.7617596e-07
0,0,1.0448989e-06
0,0,4.1711075e-07
1,1,0.99999225
0,0,3.850032e-07
0,0,4.2168347e-07
1,1,0.99738866
0,0,9.1080295e-07
0,0,3.120516e-07
0,0,8.6958926e-07
0,0,2.8716477e-07
0,0,1.0489156e-06
0,0,1.0766785e-06
0,0,3.8484902e-07
0,0,1.0864194e-06
0,0,3.823278e-07
1,1,0.9999875
0,0,3.6861564e-07
0,0,3.2160247e-07
0,0,5.1847087e-07
0,0,1.1873884e-06
0,0,3.779914e-07
0,0,3.2221524e-07
1,1,0.9999832
0,0,4.570805e-07
0,0,1.2176442e-06
0,0,3.552557e-07
0,0,5.1424774e-07
1,1,0.9997824
0,0,3.5103184e-07
1,0,5.3243093e-07
0,0,3.2050758e-07
0,0,3.4276127e-07
0,0,3.2442915e-07
0,0,6.1815973e-07
0,0,3.1397227e-07
0,0,3.474342e-07
0,0,5.394035e-07
1,0,0.0014033675
0,0,2.9600554e-07
0,0,3.168001e-07
0,0,4.2712887e-07
0,0,4.6190553e-07
0,0,3.0451207e-07
1,1,0.9997067
0,0,1.1849721e-06
0,0,4.609058e-07
0,0,4.348891e-07
0,0,3.102161e-07
0,0,3.8486516e-07
0,0,3.3912931e-07
0,0,3.7062844e-07
0,0,4.3151383e-07
0,0,7.946657e-07
0,0,3.50906e-07
0,0,3.322368e-07
0,0,1.2405333e-06
0,0,3.9080032e-07
1,0,1.7410431e-06
0,0,2.604824e-06
0,0,5.251621e-07
0,0,2.940731e-07
1,1,0.9999919
0,0,1.1487839e-06
1,1,0.9999869
0,0,0.0005076644
0,0,3.1624168e-07
0,0,3.235871e-07
0,0,3.132634e-07
0,0,5.031445e-07
0,0,3.26378e-07
0,0,2.979788e-07
0,0,1.762258e-06
1,0,0.00037837232
0,0,2.4082972e-06
0,0,9.656865e-07
0,0,4.88807e-07
0,0,6.023947e-07
0,0,1.1216962e-06
0,0,3.502333e-07
0,0,2.8291117e-07
0,0,3.628482e-07
0,0,1.1240104e-06
0,0,5.0731325e-07
0,0,5.3612496e-07
0,0,4.7304783e-07
0,0,4.1950864e-07
0,0,3.4023304e-07
0,0,3.0595416e-07
0,0,7.9681337e-07
1,1,0.9999194
0,0,4.9067336e-07
0,0,9.265754e-07
0,0,3.4340974e-07
0,0,4.7766144e-07
0,0,2.9215298e-07
1,1,0.9991067
0,0,4.4137042e-07
1,1,0.99997056
1,1,0.99977297
1,1,0.9999893
0,0,6.7670675e-07
0,0,4.3355735e-07
0,0,4.0573485e-07
1,0,2.1731983e-05
0,0,3.5610205e-07
1,1,0.99984074
0,0,3.721083e-05
0,0,4.2482787e-07
0,0,2.2730435e-06
0,0,3.1169353e-07
0,0,7.7141476e-07
0,0,3.4283022e-07
0,0,3.9075522e-07
0,0,5.186548e-07
0,0,6.624098e-07
0,0,5.2022466e-07
0,0,5.449573e-07
0,0,3.8202094e-07
0,0,4.0486984e-07
0,0,8.4051663e-07
1,0,6.8926767e-07
0,0,5.3202285e-07
0,0,4.949973e-07
0,0,7.202455e-07
0,0,0.00014735095
0,0,3.0303227e-07
0,0,3.8037845e-07
0,0,9.763525e-07
0,0,3.129078e-07
0,0,3.873071e-07
0,0,5.078181e-07
0,0,2.215354e-05
0,0,3.0617306e-07
0,0,9.3292226e-07
0,0,3.7953055e-07
0,0,4.1357595e-07
0,0,5.179213e-07
1,0,0.00024465047
0,0,3.6894204e-07
0,0,3.4824592e-07
0,0,9.678992e-07
0,0,1.5102e-06
0,0,3.9756029e-07
0,0,7.4636574e-07
0,0,2.695346e-07
0,0,5.059092e-07
0,0,8.035807e-07
0,0,3.7572288e-06
0,0,2.9353595e-07
0,0,8.898646e-07
0,0,8.3303695e-07
0,0,4.980316e-07
0,0,3.3858223e-07
0,0,9.218459e-07
0,0,7.5026225e-07
1,0,3.917316e-06
1,1,0.999987
0,0,7.491462e-07
0,0,3.2749483e-07
0,0,6.293967e-07
0,0,3.73988e-07
0,0,1.1270395e-06
0,0,4.0922998e-07
0,0,4.007988e-07
0,0,5.0428633e-07
0,0,3.3989573e-07
0,0,3.8352562e-07
0,0,1.1540678e-06
0,0,3.5098162e-07
0,0,4.0029113e-07
0,0,2.9108338e-07
0,0,2.9569998e-07
0,0,3.350176e-07
0,0,2.922243e-07
0,0,4.4295848e-07
0,0,6.7697266e-07
1,1,0.99998593
0,0,2.944055e-06
1,1,0.99998903
0,0,3.4622627e-07
0,0,5.1385894e-07
1,1,0.9999386
0,0,2.919452e-07
1,0,3.2178393e-06
0,0,3.684547e-07
0,0,1.6435706e-06
0,0,3.336485e-07
0,0,4.889282e-07
0,0,6.7384684e-07
0,0,4.6223516e-07
0,0,4.48771e-07
0,0,5.5042955e-07
0,0,5.7503655e-07
0,0,1.1284944e-05
0,0,1.6649409e-06
0,0,2.8959977e-07
0,0,3.7463624e-07
0,0,8.33083e-07
0,0,4.1663526e-07
0,0,1.1725157e-06
0,0,4.0105382e-07
1,1,0.9999403
1,0,0.00038019178
0,0,4.0457573e-07
0,0,3.8784523e-07
0,0,3.3205768e-05
0,0,4.6427934e-07
0,0,4.167342e-07
0,0,3.746341e-07
0,0,5.252492e-07
0,0,4.1025376e-07
0,0,4.890373e-07
0,0,3.638295e-07
0,0,2.1170817e-06
0,0,7.894447e-07
0,0,5.980974e-07
0,0,8.814255e-06
0,0,1.4202667e-06
0,0,6.048522e-07
0,0,3.5664138e-07
0,0,5.804914e-07
0,0,3.437046e-07
0,0,4.0189536e-07
0,0,2.9987226e-07
1,1,0.99997354
0,0,4.5498598e-07
0,0,4.3088917e-07
0,0,3.6259706e-07
0,0,4.7221715e-07
0,0,3.0943636e-07
0,0,2.035186e-06
0,1,0.9999324
0,0,1.1413919e-06
0,0,3.2665577e-07
0,0,6.2037243e-06
1,0,1.3641545e-06
0,0,7.2564535e-07
0,0,3.524111e-07
0,0,4.3570444e-07
0,0,1.6998688e-06
0,0,3.8925256e-07
0,0,3.8190473e-07
0,0,3.454993e-07
0,0,4.5398994e-07
0,0,3.2663425e-07
0,0,3.0262535e-07
0,0,4.1434103e-07
1,0,1.5370574e-06
0,0,3.795461e-07
1,1,0.99826163
0,0,4.3858347e-07
0,0,4.9184223e-07
0,0,2.6955647e-07
0,0,6.267337e-07
0,0,4.2778842e-07
0,0,6.1561946e-07
0,0,4.6080427e-07
0,0,0.040504582
0,0,4.826811e-07
0,0,6.652853e-07
0,0,4.2189262e-07
1,1,0.9999869
0,0,1.5427452e-06
0,0,8.302135e-07
0,0,5.601741e-07
0,0,3.3548153e-07
1,0,0.15947275
0,0,3.6217543e-07
0,0,3.4527332e-07
0,0,3.8332377e-07
0,0,3.758788e-07
0,0,1.4355372e-06
0,0,4.4967837e-07
0,0,1.1525347e-06
0,0,4.0520356e-07
0,0,3.479714e-07
0,0,3.2063596e-07
0,0,6.65081e-07
0,0,3.635673e-07
0,0,5.1007066e-07
0,0,7.4047273e-07
0,0,4.889669e-07
0,0,6.1139053e-07
0,0,4.2182504e-07
0,0,4.19778e-07
0,0,3.5871804e-07
1,1,0.9997366
0,0,5.0366157e-07
0,0,4.7683847e-07
0,0,4.3824147e-07
0,0,3.0840437e-07
0,0,2.978936e-07
0,0,3.765605e-07
0,0,3.072319e-07
0,0,5.056565e-07
1,0,0.006786525
0,0,1.3576316e-06
0,0,5.8957545e-07
0,0,1.0602207e-06
0,0,3.5342015e-07
1,0,5.969742e-06
0,0,5.89431e-07
0,0,5.606337e-07
0,0,6.9446304e-07
1,1,0.9999894
0,0,1.0984902e-06
0,0,7.262954e-07
0,0,3.7589456e-07
0,0,4.550068e-07
0,0,4.6181347e-07
0,0,3.7423274e-07
0,0,4.9497e-07
0,0,4.6566373e-07
0,0,2.9555028e-07
0,0,6.052457e-07
1,0,6.4192336e-06
0,0,4.247177e-07
0,0,5.694027e-07
0,0,0.0002673084
0,0,3.8100146e-07
0,0,3.4303497e-07
0,0,4.3944175e-07
0,0,1.0511055e-06
0,0,3.9618337e-07
0,0,6.0504027e-07
0,0,7.5373333e-07
0,0,3.989253e-07
0,0,3.154561e-07
0,0,5.4155134e-07
0,0,2.7572366e-07
0,0,5.414419e-07
0,0,3.3977324e-07
0,0,3.9888724e-07
0,0,3.6130746e-07
0,0,7.523545e-07
0,0,7.1996334e-07
0,0,3.587283e-07
0,0,2.1495393e-06
0,0,2.487101e-06
0,0,2.529097e-06
0,0,7.749038e-07
0,0,5.0317857e-07
0,1,0.99985635
0,0,3.8743417e-07
0,0,1.7424816e-06
1,1,0.99718
0,0,4.293182e-07
0,0,1.3989904e-06
0,0,2.6568478e-06
0,0,4.125592e-07
0,0,3.16474e-07
0,0,4.6040145e-07
0,0,9.2820454e-07
0,0,4.360948e-07
0,0,2.9431325e-07
0,0,3.3404964e-07
0,0,3.9967113e-06
0,0,3.3032038e-07
0,0,3.178945e-07
0,0,3.700136e-07
0,0,3.2159699e-07
1,1,0.9999919
0,0,5.3312704e-07
0,0,4.6600934e-07
0,0,8.8845866e-07
0,0,3.5885287e-07
0,0,1.1351359e-06
0,0,4.769313e-06
0,0,5.499175e-07
0,0,4.409598e-07
0,0,3.4839374e-07
0,0,2.0903985e-06
0,0,3.658929e-07
1,1,0.99993193
0,0,4.1835804e-07
0,0,2.5201741e-06
0,0,1.2699273e-06
0,0,4.806408e-07
0,0,3.2230008e-07
0,0,6.5045566e-07
0,0,3.6203564e-06
0,0,3.3043378e-07
0,0,3.6376707e-07
0,0,2.9211066e-07
0,0,4.315019e-07
1,1,0.9999006
1,1,0.9998053
1,1,0.99974316
0,0,5.550155e-07
1,1,0.9999753
0,0,5.962886e-07
0,0,5.147001e-07
0,0,4.4136831e-07
0,0,4.493577e-07
0,0,3.6700985e-07
1,1,0.99998796
0,0,2.9632977e-07
0,0,4.291074e-07
0,0,4.57418e-07
0,0,4.786117e-07
0,0,5.986418e-07
0,0,2.5997613e-06
0,0,6.2121507e-07
0,0,2.7749107e-07
1,0,1.6353015e-05
0,0,1.7588194e-06
0,0,4.533617e-07
0,0,5.5752736e-07
0,1,0.99990547
0,0,3.2013793e-07
1,0,0.01683811
0,0,5.522652e-07
0,0,4.34948e-07
0,0,4.2762244e-07
1,0,0.0018411822
0,0,3.8269843e-07
0,0,5.119103e-07
0,0,3.05666e-07
0,0,3.6459264e-07
0,0,3.3574236e-07
1,1,0.9999937
0,0,5.379251e-07
1,1,0.9999726
0,0,4.1894654e-07
0,0,5.283102e-07
0,0,4.941663e-07
0,0,3.5762568e-07
0,0,4.1436437e-07
1,0,1.2274636e-06
0,0,8.5626914e-07
1,1,0.9999788
0,0,4.1736138e-07
0,0,3.3425678e-07
0,0,2.764804e-07
0,0,3.118755e-07
0,0,1.7791378e-06
0,0,1.0691273e-06
0,0,3.4440512e-07
0,0,4.5104846e-07
0,0,4.1831015e-07
0,0,3.5815742e-07
0,0,3.8951177e-07
0,0,3.578638e-07
0,0,5.991022e-07
0,0,3.9921224e-07
0,0,9.588323e-07
0,0,6.098147e-07
0,0,1.0423272e-06
0,0,3.5437256e-07
1,0,0.00060405413
0,0,4.6490408e-07
0,0,4.1239755e-07
0,0,0.0005991703
0,0,4.5630262e-07
0,0,3.2491712e-07
0,0,8.0348724e-07
0,0,3.938575e-07
0,0,3.5877414e-07
0,0,3.0337173e-07
0,0,3.6079751e-07
0,0,5.7831653e-07
0,0,5.823811e-07
0,0,4.5661866e-07
0,0,3.2997278e-07
0,0,3.87104e-07
0,0,3.2855033e-07
0,0,3.2612598e-07
0,0,3.8078497e-07
0,0,4.4236407e-07
0,0,1.8813888e-06
0,0,1.0219708e-06
0,0,4.6947622e-07
0,0,3.4418022e-07
0,0,3.0722956e-07
0,0,3.615732e-07
0,0,6.05911e-07
0,0,8.4925404e-07
0,0,3.015246e-07
0,0,3.3350628e-07
0,0,5.065436e-07
0,0,1.6134188e-06
0,0,3.0621217e-07
0,0,6.946339e-07
0,0,3.664167e-07
0,0,3.2680407e-07
1,0,4.2400703e-07
0,0,4.8730286e-05
0,0,1.1759259e-05
0,0,4.4165338e-07
1,1,0.9999901
0,0,3.1921965e-07
0,0,7.523645e-07
0,0,5.4340245e-07
0,0,7.469809e-07
0,0,3.368392e-07
0,0,3.832068e-07
0,0,2.5277755e-06
0,0,3.0084243e-07
0,0,3.4216094e-07
0,0,2.7439268e-07
0,0,2.922087e-07
0,0,4.878946e-07
0,0,3.7805523e-07
0,0,7.493048e-07
0,0,3.591692e-07
0,0,3.6118414e-07
1,1,0.9999877
0,0,3.2973998e-07
0,0,5.1804335e-07
0,0,3.4848446e-07
0,0,3.2571137e-07
0,0,7.406055e-07
0,0,8.403739e-07
0,0,2.108631e-06
0,0,4.254685e-07
0,0,4.046286e-07
0,0,3.819284e-07
1,1,0.9999845
0,0,2.998328e-07
1,0,0.12835886
0,0,5.532789e-07
0,0,6.6021255e-07
0,0,9.038641e-07
0,0,4.546407e-07
0,0,4.723189e-07
0,0,5.17107e-07
1,1,0.99537826
0,0,4.4528375e-07
0,0,2.996927e-07
0,0,3.994316e-07
0,0,3.291035e-07
1,1,0.9999945
0,0,1.1711077e-06
0,0,3.0635675e-07
0,0,5.396824e-07
0,0,3.2384983e-07
0,0,3.9901852e-07
1,1,0.9999038
1,1,0.9999919
0,0,4.352152e-07
0,0,4.9052034e-07
1,1,0.9999865
0,0,5.202073e-07
0,0,1.2067877e-06
1,1,0.9999914
0,0,1.0559503e-06
0,0,3.643038e-07
0,0,3.4737488e-07
1,1,0.9862265
1,1,0.99998355
0,0,5.298865e-07
1,1,0.99990034
0,0,4.1891417e-07
0,0,5.15033e-07
0,0,5.0229494e-07
0,0,5.6189583e-07
1,1,0.9999889
0,0,3.9457598e-07
0,0,5.919169e-07
0,0,3.5695786e-07
0,0,6.623087e-07
1,0,2.418603e-05
0,0,6.0082607e-07
0,0,5.685817e-07
0,0,4.369211e-07
0,0,1.0601175e-06
0,0,3.8849083e-07
0,0,9.0374687e-07
0,0,4.1732198e-07
0,0,2.8724062e-07
0,0,3.82178e-06
0,0,7.993372e-07
0,0,3.9082306e-07
0,0,9.33207e-07
0,0,2.841011e-07
0,0,6.665828e-07
0,0,3.17299e-07
1,0,5.0415605e-07
0,0,3.5589358e-07
0,0,3.107568e-07
0,0,4.5029647e-05
0,0,6.137963e-07
0,0,4.8346016e-07
0,0,4.818533e-07
0,0,8.9223374e-07
0,0,1.328676e-06
0,0,4.2411097e-07
0,0,3.4320675e-07
0,0,4.4306663e-07
0,0,3.0768638e-07
1,1,0.99998593
0,0,5.8243336e-07
0,0,2.960623e-07
0,0,5.1033726e-07
0,0,3.375843e-07
0,0,3.6480478e-07
0,0,8.415738e-07
0,0,4.201805e-07
0,0,3.7914273e-07
1,0,6.5604772e-06
0,0,9.050173e-07
0,0,3.4283062e-06
0,0,3.4296724e-07
0,0,3.7051146e-07
0,0,5.0603467e-07
1,1,0.9990676
0,0,5.319183e-07
0,0,2.8994853e-07
1,1,0.9999907
0,0,4.5943258e-07
0,0,7.1149593e-06
0,0,3.629375e-07
0,0,3.7750038e-07
0,0,4.034037e-07
1,1,0.9999777
0,0,5.2698323e-07
0,0,2.2326276e-06
0,0,3.8729564e-07
0,0,6.4948745e-07
0,0,3.9054657e-07
0,0,4.91732e-07
1,1,0.99998784
0,0,4.2489594e-07
0,0,3.1830584e-07
0,0,5.184506e-07
0,0,2.9309456e-07
0,0,3.5086518e-07
0,0,3.19598e-07
0,0,5.5274154e-07
0,0,6.2420577e-07
0,0,4.8959544e-07
0,0,1.0220351e-06
0,0,3.9255252e-07
1,1,0.9999889
0,0,3.719726e-07
0,0,7.614625e-07
0,0,1.300705e-06
0,0,4.7245814e-07
0,0,3.886817e-07
0,0,5.678133e-07
0,0,4.9649606e-07
0,0,5.049258e-06
1,1,0.9998597
0,0,4.3918115e-07
0,0,2.8900274e-07
0,0,3.4348605e-07
0,0,2.963668e-07
0,0,5.9233304e-07
0,0,5.2209396e-07
1,1,0.9999405
0,0,3.785596e-07
0,0,3.861711e-07
0,0,2.944045e-07
0,0,6.934915e-07
0,0,4.090778e-07
0,0,7.6868434e-07
0,0,4.7785915e-07
1,0,2.4359836e-06
1,1,0.999992
0,0,6.575621e-07
0,0,2.573149e-07
1,0,1.9664974e-05
0,0,3.1255735e-07
0,0,4.5476474e-07
0,0,3.867468e-07
0,0,8.7201084e-07
0,0,5.5160723e-07
0,0,9.576388e-07
1,1,0.9999875
0,0,3.7805307e-07
0,0,3.0934993e-07
0,0,4.9657655e-07
0,0,7.0195927e-07
0,0,2.8337672e-07
0,0,3.2956643e-07
0,0,4.511207e-07
0,0,9.875109e-07
0,0,3.479183e-07
0,0,5.5367e-07
0,0,2.6024404e-06
0,0,5.5940745e-07
0,0,6.788651e-07
0,0,3.3293014e-07
0,0,3.0354596e-07
0,0,3.594543e-07
0,0,3.599016e-07
0,0,4.45074e-07
0,0,9.506405e-07
0,0,4.5885022e-07
0,0,5.603766e-07
0,0,7.0060366e-07
0,0,8.442233e-07
0,0,3.120814e-07
0,0,3.1802912e-07
0,0,6.2081824e-07
0,0,4.1660866e-07
0,0,4.957863e-07
0,0,4.696043e-07
0,0,3.8056643e-07
0,0,3.0619057e-07
0,0,3.534181e-07
0,0,3.36384e-07
0,0,7.085857e-07
0,0,6.117165e-07
0,0,5.2527827e-07
0,0,4.556095e-07
0,0,6.2694653e-07
1,1,0.9999465
0,0,3.3243646e-07
0,0,3.4989947e-07
0,0,1.2921277e-05
0,0,3.6637653e-07
0,0,3.9370502e-07
1,1,0.9999734
0,0,3.262884e-07
0,0,3.9273303e-07
0,0,3.689519e-07
0,0,6.048268e-07
0,0,3.895831e-07
0,0,3.2827282e-07
0,0,4.5866864e-07
0,0,4.4767842e-07
0,0,3.1053818e-07
0,0,7.9648515e-07
0,0,4.769395e-07
0,0,1.1790452e-06
0,0,3.0354482e-07
0,0,5.6102687e-07
0,0,4.8508355e-07
0,0,4.5910497e-07
0,0,3.7850512e-07
0,0,3.2790734e-07
0,0,3.3133944e-07
0,0,3.1488923e-07
0,0,3.015062e-07
0,0,3.347669e-07
0,0,5.028423e-07
0,0,3.8615195e-07
1,0,1.7220925e-06
0,0,4.1799908e-07
0,0,4.501641e-07
0,0,7.02621e-07
0,0,1.1199977e-06
0,0,8.158446e-07
0,0,4.736514e-07
0,0,1.0090682e-06
0,0,3.7023278e-07
0,0,3.7053445e-07
0,0,3.747935e-07
0,0,3.3570075e-07
0,0,5.1931704e-07
0,0,3.2715443e-06
0,0,3.557636e-07
0,0,5.3154764e-07
0,0,3.60717e-07
1,1,0.999992
0,0,3.6912928e-07
0,0,3.6516923e-07
0,0,6.6295325e-07
0,0,3.663905e-07
0,0,4.4902015e-07
1,1,0.99999
0,0,3.6938354e-07
0,0,1.059197e-06
0,0,4.5928275e-07
0,0,4.9200315e-07
0,0,3.8595684e-07
0,0,4.0657306e-07
0,0,3.0588293e-07
0,0,3.0511325e-07
0,0,3.598371e-07
0,0,4.9487653e-07
0,0,7.492269e-07
0,0,9.555597e-07
0,0,4.5825504e-07
0,0,2.7585884e-07
0,0,5.119489e-07
0,0,8.853428e-06
0,0,4.696249e-07
0,0,8.624074e-07
0,0,4.465723e-07
0,0,4.188291e-07
1,1,0.99999285
0,0,5.409562e-07
1,0,1.1838924e-06
0,0,3.024889e-07
0,0,3.7457983e-07
0,0,7.9201163e-07
0,0,4.554053e-07
0,0,2.960623e-07
0,0,5.088846e-07
0,0,1.7875087e-06
1,0,2.094765e-06
0,0,5.107619e-07
0,0,7.171003e-07
1,0,0.0010014351
0,0,3.829745e-07
0,0,3.8658604e-07
0,0,3.894516e-07
0,0,5.155618e-07
0,0,6.464875e-06
0,0,5.409877e-07
0,0,3.3428358e-07
0,0,2.7869112e-07
0,0,6.932891e-07
0,0,3.1433177e-07
0,0,6.425528e-07
0,0,7.560456e-07
0,0,5.145116e-07
0,0,2.961086e-07
0,0,4.169278e-07
0,0,3.4719008e-07
0,0,3.1359758e-07
0,0,3.3238953e-07
0,0,2.8388956e-07
0,0,3.413315e-07
0,0,3.5632488e-07
0,0,5.4124314e-07
1,1,0.9998932
0,0,5.931012e-07
0,0,5.3856513e-07
0,0,4.2894945e-07
0,0,3.5629023e-07
0,0,1.0468898e-06
0,0,4.814601e-07
0,0,4.283624e-07
0,0,2.9678088e-07
0,0,4.8558064e-07
0,0,1.047623e-06
1,1,0.99992335
0,0,3.9401527e-07
0,0,4.3601287e-07
0,0,2.3024359e-06
0,0,3.5734274e-07
0,0,4.0711316e-07
1,1,0.99999404
1,1,0.99982977
0,0,7.414359e-07
0,0,4.3859856e-07
0,0,2.8532756e-07
0,0,4.612338e-07
1,1,0.9999893
1,1,0.99998844
0,0,1.5147436e-06
0,0,3.056153e-07
0,0,4.622497e-07
0,0,3.307661e-07
0,0,8.076296e-07
0,0,3.727567e-07
0,0,8.799454e-07
0,0,7.586161e-07
0,0,7.701298e-07
0,0,8.7743473e-07
0,0,6.8496183e-07
0,0,5.556537e-07
0,0,3.3481447e-07
0,1,0.9992654
0,0,4.394067e-06
0,0,2.9871796e-07
0,0,4.874895e-07
0,0,5.581594e-07
0,0,3.8995927e-07
1,0,0.024131585
0,0,3.8359659e-07
0,0,1.1311506e-06
0,0,6.379282e-07
0,0,4.0287932e-07
0,0,4.32614e-07
0,0,3.7145398e-07
0,0,5.71507e-07
0,0,3.808656e-07
0,0,5.642328e-07
0,0,3.4737855e-07
0,0,8.096733e-07
0,0,3.8874546e-07
1,1,0.99999106
0,0,2.2524207e-06
0,0,3.528651e-07
0,0,7.2314697e-06
0,0,4.0926238e-07
0,0,5.500114e-07
0,0,3.9844392e-07
0,0,4.466873e-07
0,0,2.2540473e-06
1,0,0.00016389327
0,0,3.5623384e-07
0,0,1.1636874e-06
0,0,3.0015778e-07
0,0,4.50092e-07
0,0,2.0902512e-06
0,0,6.1317377e-07
0,0,9.625126e-07
1,0,9.486662e-07
0,0,3.0756786e-07
0,0,5.233821e-07
0,0,1.0738668e-06
1,1,0.9998913
0,0,3.7306253e-07
0,0,1.9674744e-06
0,0,3.779925e-07
0,0,3.4309778e-07
0,0,7.024776e-07
0,0,5.630443e-07
0,0,4.3179622e-07
0,0,9.2911324e-07
0,0,3.6326927e-07
0,0,3.1844309e-07
0,0,9.3970505e-07
0,0,3.2227823e-07
0,0,8.134269e-07
0,0,2.87803e-07
0,0,7.859681e-07
0,0,3.5176507e-07
0,0,4.2247402e-07
0,0,3.2187495e-07
0,0,1.6287348e-06
0,0,4.0386564e-07
0,0,6.091289e-07
0,0,6.3786496e-07
0,0,3.106845e-07
0,0,2.9603265e-07
0,0,7.329761e-07
0,0,2.2825973e-06
0,0,1.8718571e-06
1,1,0.9998185
0,0,3.6673202e-07
0,0,6.3574123e-07
0,0,0.008736407
0,0,5.196961e-07
0,0,3.5915448e-07
1,0,2.0602016e-05
0,0,3.147397e-07
0,0,7.6091374e-07
0,0,5.064045e-07
1,1,0.99998903
0,0,1.6337627e-06
0,0,9.563865e-07
0,1,0.69258153
0,0,3.71813e-07
0,0,3.3218737e-07
0,0,3.6479958e-07
0,0,4.6033426e-07
0,0,3.0759043e-07
0,0,8.528284e-07
0,0,1.1837038e-06
0,0,3.372313e-07
0,0,1.028764e-06
0,0,4.1087165e-07
1,1,0.99998224
0,0,3.0826496e-07
0,0,5.182914e-07
0,0,3.0195483e-07
1,0,1.6658239e-06
0,0,3.698305e-07
0,0,2.3358673e-06
0,0,3.247486e-07
0,0,3.2659096e-07
0,0,3.531358e-07
0,0,4.78379e-07
0,0,3.2234433e-07
0,0,8.118049e-07
0,0,3.9226066e-07
0,1,0.99997103
0,0,2.775641e-07
0,0,9.621785e-07
0,0,3.8306067e-07
0,0,8.4260813e-07
0,0,2.731452e-07
0,0,6.268736e-07
0,0,4.7826035e-07
0,0,3.7354815e-07
1,1,0.99999166
0,0,4.040367e-07
1,1,0.9999932
0,0,4.4436786e-07
0,0,4.049602e-07
0,0,1.7556287e-06
0,0,5.774799e-07
0,0,3.297884e-07
0,0,4.2967372e-07
0,0,8.900717e-07
0,0,3.389124e-07
0,0,5.020435e-07
0,0,3.4862242e-07
0,0,3.0312594e-07
0,0,3.501672e-07
0,0,5.2367767e-07
0,0,4.4767071e-07
0,0,1.32058485e-05
0,0,3.4034596e-07
0,0,6.473577e-07
0,0,5.8584044e-07
0,0,8.0537063e-07
0,0,4.1442127e-07
0,0,3.7391024e-07
0,0,4.4242063e-07
0,0,4.745095e-07
1,1,0.99997306
0,0,7.353931e-07
0,0,5.417952e-07
0,0,5.3676213e-06
1,1,0.99998975
1,1,0.99998915
0,0,1.2726225e-06
0,1,0.99654394
0,0,4.2945865e-07
0,0,0.3787889
0,0,3.244081e-07
0,0,3.1098864e-07
0,0,4.0000646e-07
1,1,0.9998323
1,0,0.00025636476
0,0,5.4654674e-07
0,0,4.041662e-07
0,0,5.9111187e-07
0,0,3.3525285e-07
0,0,3.7663486e-07
0,0,2.8447468e-07
0,0,3.3068787e-07
0,0,3.8139189e-07
0,0,1.5301863e-06
0,0,4.1901285e-07
0,0,3.4022978e-07
0,0,2.9250705e-07
0,0,4.209032e-07
0,0,5.31044e-07
0,0,5.913075e-07
0,0,5.664471e-07
0,0,4.0256282e-07
0,0,6.1761415e-07
0,0,7.0748905e-07
0,0,3.373246e-07
0,0,5.435113e-07
0,0,4.1826345e-07
0,0,3.8770577e-05
0,0,3.122106e-07
0,0,3.4491887e-07
0,0,3.2812852e-07
0,0,4.5857504e-07
0,0,3.000765e-07
0,0,3.558281e-07
0,0,4.2461727e-07
1,1,0.9999839
0,0,3.9113513e-07
0,0,7.4438217e-06
0,0,6.4264344e-07
1,0,0.0107222125
0,0,5.576997e-07
0,0,4.226167e-07
1,0,7.0045866e-07
0,0,3.7359231e-07
0,0,6.214201e-07
0,0,4.5607203e-07
0,0,1.1097801e-06
0,0,3.2620684e-07
0,0,3.2834546e-07
0,0,6.8967796e-07
0,0,4.335499e-07
0,0,5.6179834e-07
0,0,3.7477884e-07
0,0,3.1128357e-07
0,0,9.1378456e-07
0,0,3.6314938e-07
0,0,3.31784e-07
1,1,0.9999918
0,0,2.8386845e-07
0,0,3.8171646e-07
0,0,7.349717e-07
0,0,1.4299529e-05
0,0,4.6261485e-07
0,0,3.6926238e-07
1,1,0.9433461
0,0,2.9049045e-07
0,0,5.6248615e-07
0,0,5.191843e-07
0,0,3.014947e-07
0,0,3.8112864e-07
0,0,3.963421e-07
0,0,4.198961e-07
0,0,4.2393347e-07
0,0,6.3127584e-07
0,0,3.5559773e-07
0,0,3.238452e-07
0,0,2.8916153e-07
0,0,2.7651308e-07
1,1,0.99997044
0,0,3.9143924e-07
0,0,4.7073604e-07
0,0,3.938868e-07
0,0,4.627084e-07
0,0,3.0383674e-07
0,0,3.2892777e-07
0,0,3.4707986e-07
0,0,3.0453646e-07
1,1,0.99998856
0,0,3.842461e-07
0,0,7.254557e-07
0,0,4.534032e-07
0,0,2.8863863e-07
0,0,4.5854048e-07
0,0,5.95627e-07
0,0,2.998365e-07
0,0,3.1022913e-07
0,0,2.9862343e-07
0,0,4.43119e-07
0,0,5.0060345e-07
0,0,4.8749325e-07
0,0,4.0648314e-07
0,0,5.627942e-07
0,0,1.1982657e-06
0,0,5.3697073e-07
0,0,2.975137e-07
1,1,0.9999896
0,0,8.470556e-07
0,0,6.174274e-07
0,0,5.1510716e-07
0,0,6.968088e-07
0,0,2.886708e-07
0,0,6.1248693e-06
0,0,4.3679236e-07
0,0,4.1197336e-07
0,0,3.532594e-07
0,0,8.26287e-07
0,0,4.623824e-07
0,0,4.412854e-07
0,0,3.2253806e-07
0,0,3.303005e-07
0,0,3.6733618e-07
0,0,3.479329e-07
0,0,4.6337607e-07
0,0,4.0922296e-07
0,0,4.6873717e-07
0,0,3.920314e-07
0,0,5.271662e-07
0,0,4.6153477e-07
0,0,5.8411325e-07
0,0,9.579913e-07
0,0,3.1233585e-06
0,0,3.6478633e-07
0,0,3.492274e-07
0,0,4.9351917e-07
0,0,3.7703916e-07
0,0,5.3066833e-07
0,0,5.021943e-07
0,0,5.329308e-07
1,1,0.99997795
0,0,3.4789704e-07
0,0,1.4392797e-06
0,0,3.172603e-07
0,0,9.4087613e-07
0,0,3.8585378e-07
0,0,1.4084284e-05
0,0,3.7189173e-07
0,0,3.311859e-07
0,0,5.0388974e-07
0,0,7.264444e-07
0,0,4.996786e-07
0,0,2.9629362e-07
0,0,5.08627e-07
0,0,5.878047e-07
0,0,1.657381e-06
0,0,3.5363723e-07
0,0,1.2507853e-06
0,0,3.4524567e-07
0,0,3.566169e-07
1,0,0.008248673
0,0,6.2496983e-06
0,0,3.4250866e-07
0,0,6.0405364e-06
0,0,5.6200304e-07
0,0,7.9908415e-07
0,0,1.4485663e-06
0,0,3.9613877e-07
0,0,2.6358507e-06
0,0,4.954479e-07
1,1,0.99985254
0,0,9.516065e-07
0,0,3.448416e-07
1,1,0.99998426
1,1,0.9999865
0,0,3.153755e-07
0,0,3.8587402e-07
0,0,4.4455268e-07
0,0,7.787309e-07
0,0,6.604928e-07
0,0,4.236368e-07
0,0,3.680947e-07
1,1,0.9999807
0,0,7.431483e-07
1,1,0.9999931
0,0,3.323458e-07
0,0,4.454927e-07
0,0,6.5928384e-07
0,0,4.835086e-07
0,0,7.7502136e-07
0,0,2.8097364e-07
0,0,1.9125225e-06
0,0,7.40963e-07
0,0,4.0658625e-07
0,0,4.4656633e-07
0,0,3.8005936e-07
1,1,0.9999914
0,0,3.148328e-07
0,0,6.238987e-07
0,0,4.2685278e-07
0,0,4.6370894e-07
0,0,1.0163733e-06
0,0,3.7358376e-07
0,0,3.0485117e-07
0,0,3.593878e-07
0,0,4.5906213e-06
0,0,1.0141387e-06
0,0,5.2053286e-07
0,0,3.8863016e-07
0,0,3.394691e-07
0,0,6.5816755e-07
0,0,3.1659897e-07
0,0,3.7431053e-07
0,0,4.0036292e-07
0,0,3.7625827e-07
0,0,4.239092e-07
0,0,4.6002182e-07
0,0,3.855411e-07
0,0,2.9811804e-07
0,0,2.7809799e-07
0,0,1.5912906e-06
0,0,1.9381362e-06
0,0,4.5026283e-07
0,0,4.7804696e-07
0,0,6.220041e-07
0,0,9.094948e-07
0,0,4.2622224e-07
0,0,3.6263583e-07
0,0,2.405781e-06
0,0,3.6639435e-07
0,0,1.7700344e-05
0,0,5.6567023e-07
0,0,3.98526e-07
0,0,7.583101e-07
0,0,1.5875376e-06
0,0,0.00018160709
0,0,5.3621653e-07
0,0,4.547079e-05
0,0,4.378438e-07
0,0,4.7394826e-07
0,0,5.153254e-07
0,0,6.453593e-07
0,0,3.644108e-07
0,0,5.627818e-07
1,0,1.2148965e-05
0,0,4.1443232e-07
0,0,3.712199e-07
0,0,3.6640063e-07
0,0,2.9597308e-07
0,0,3.3109367e-07
1,0,0.39832208
0,0,3.627368e-07
1,0,9.9742385e-05
0,0,4.547335e-07
0,0,3.190103e-07
0,0,4.1588578e-07
0,0,3.8094117e-07
0,0,4.693509e-07
0,0,1.0081371e-06
0,0,3.895559e-06
0,0,1.4030643e-06
0,0,3.0521625e-07
0,0,3.436276e-07
0,0,3.9847887e-07
0,0,8.918918e-07
0,0,5.5751852e-06
0,0,5.7405686e-07
0,0,3.3825108e-07
0,0,8.574589e-07
0,0,9.3236724e-07
0,0,3.0058575e-07
0,0,1.1247953e-06
0,0,5.0381186e-07
0,0,3.5489137e-07
0,1,0.99998593
0,0,3.9959238e-07
0,0,3.6438303e-07
0,0,1.528993e-06
0,0,4.779494e-07
0,0,3.0558323e-07
0,0,3.0674414e-07
0,0,3.7856395e-07
0,0,3.744516e-06
0,0,3.483313e-07
0,0,1.889646e-06
0,0,4.09269e-07
0,0,3.8875658e-07
0,0,3.0215907e-07
1,1,0.99990976
0,0,2.8930387e-07
0,0,3.2184855e-07
0,0,5.9961656e-07
0,0,5.818643e-07
0,0,3.7068148e-07
0,0,4.7310246e-07
0,0,3.2661586e-07
0,0,3.75242e-07
1,1,0.9999913
0,0,4.372938e-07
0,0,9.610267e-07
0,0,4.482202e-06
0,0,4.2783657e-07
0,0,4.0271797e-07
0,0,4.2104293e-07
0,0,2.7219292e-07
1,0,4.0495866e-07
0,0,3.0470147e-07
0,0,0.00026671655
0,0,3.3096393e-07
0,0,3.6385345e-07
1,1,0.99997795
0,0,3.5612786e-07
0,0,3.3540377e-07
0,0,4.117746e-07
0,0,1.2931356e-06
0,0,3.7098349e-07
1,0,0.00052906177
0,0,3.336141e-07
0,0,2.9162965e-07
0,0,4.0663048e-07
0,0,1.3208833e-06
0,0,7.445387e-07
0,0,3.2529476e-07
0,0,4.2801207e-07
0,0,5.5293714e-07
0,0,6.60891e-07
0,0,3.09856e-07
1,1,0.9999893
0,0,4.048598e-07
1,0,0.45885426
0,0,5.3101616e-07
0,0,3.9216816e-06
0,0,2.896346e-07
0,0,5.998328e-07
0,0,3.2088928e-07
0,0,1.2487794e-06
0,0,3.1797452e-07
0,0,3.9654623e-07
0,0,8.2943393e-07
0,0,3.4247142e-07
0,0,4.5832454e-07
0,0,5.2279245e-07
0,0,5.0659526e-07
1,0,4.056245e-06
0,0,3.7288538e-07
0,0,5.248196e-07
0,0,3.993299e-07
0,0,2.861843e-06
0,0,3.7041008e-07
0,0,3.3087747e-07
1,0,2.9506718e-06
0,0,3.268153e-07
0,0,5.459706e-07
0,0,4.947038e-07
0,0,4.8401887e-07
0,0,7.511371e-07
0,0,5.684342e-07
1,0,0.00037594483
0,0,3.8283025e-07
0,0,3.4439526e-07
0,0,4.486807e-07
0,0,4.1696399e-07
0,0,7.638955e-07
0,0,3.4336455e-07
0,0,4.3218924e-07
1,1,0.9996075
1,1,0.99996877
0,0,4.6723136e-07
1,1,0.9999893
0,0,3.0403908e-07
0,0,4.323624e-07
0,0,3.5728888e-07
0,0,3.8582874e-07
0,0,4.3602324e-07
0,0,2.768561e-07
0,0,3.135288e-07
0,0,3.3553783e-07
0,0,3.6357216e-07
0,0,4.6027898e-07
0,0,2.916341e-07
0,0,3.6974444e-07
0,0,3.0395964e-07
0,0,8.193925e-07
0,0,3.5249008e-07
0,0,2.3566677e-06
0,0,2.0767993e-06
0,0,4.0247878e-07
0,0,4.5397005e-07
0,0,2.850844e-07
0,0,3.9069636e-07
1,0,0.001036494
0,0,3.6123993e-07
0,0,4.6472587e-07
1,1,0.999984
0,0,3.0561702e-07
0,0,6.2358816e-07
0,0,3.3784423e-07
0,0,3.033411e-07
0,0,3.302687e-07
1,0,1.1707967e-05
0,0,4.3109142e-07
0,0,4.7008197e-07
0,0,3.5909866e-07
0,0,5.147737e-07
0,0,3.992507e-07
0,0,3.363115e-07
0,0,3.4690447e-07
0,0,3.38416e-07
0,0,1.1593562e-06
0,0,4.919844e-07
0,0,3.0701514e-07
0,0,4.0364924e-07
0,0,5.7917646e-07
0,0,3.8182245e-07
0,0,1.1483238e-06
0,0,2.899812e-07
0,0,4.307417e-07
0,0,3.702589e-07
0,0,6.0253893e-07
0,0,5.817195e-07
0,0,2.911322e-07
0,0,0.00014146436
0,0,3.5361836e-07
0,0,5.8619923e-07
0,0,6.174769e-07
0,0,3.2123523e-07
0,0,3.6909407e-07
1,1,0.97656554
0,0,2.947939e-07
0,0,3.783979e-07
0,0,7.1447016e-07
0,0,3.6953327e-07
0,0,5.6706067e-06
0,0,3.210576e-07
0,0,1.2859634e-06
0,0,3.4203666e-07
0,0,5.436191e-07
0,0,4.8269584e-07
0,0,3.1314335e-07
0,0,3.9674822e-07
1,1,0.99997795
0,0,4.439811e-07
0,0,5.41774e-07
0,0,4.029339e-07
0,0,4.0279747e-07
0,0,3.372011e-07
0,0,4.362957e-07
0,0,6.6851493e-07
0,0,3.803806e-07
0,0,3.6593062e-07
0,0,5.829646e-07
0,0,6.813122e-07
0,0,5.4719766e-07
0,0,3.5826062e-07
0,0,1.1287669e-06
0,0,4.1236015e-07
0,0,4.3621498e-07
0,0,9.452507e-07
1,0,2.701852e-05
0,0,3.9108028e-07
0,0,7.65949e-07
0,0,1.0900271e-05
0,0,3.25291e-07
0,0,2.4565234e-05
0,0,4.103923e-07
1,1,0.99943656
0,0,4.7250904e-07
0,0,4.696012e-07
0,0,1.50063e-06
0,0,3.434127e-07
0,0,5.9925986e-07
0,0,2.9068335e-07
0,0,5.33481e-07
1,1,0.99992776
0,0,3.6715545e-07
0,0,4.5134965e-07
0,0,4.8187536e-07
0,0,3.7261094e-07
0,0,4.435913e-07
0,0,3.025636e-07
0,0,3.3086863e-07
0,0,3.7309312e-07
0,0,3.448038e-07
0,0,4.1607127e-06
1,1,0.9998977
0,0,3.5770137e-07
1,1,0.9999107
0,0,3.2727752e-07
0,0,3.6458601e-07
0,0,0.02660874
0,0,5.100089e-07
1,1,0.9777233
0,0,2.9121554e-07
0,0,5.41381e-07
0,0,5.2145947e-07
0,0,3.2594502e-07
0,0,0.0011782062
0,0,4.7210727e-07
0,1,0.99978584
1,1,0.782379
0,0,3.663842e-07
0,0,3.2183075e-07
0,0,8.6650635e-07
0,0,3.351825e-07
0,0,2.2536562e-06
0,0,3.2081337e-07
0,0,5.4368127e-07
0,0,5.835075e-07
1,1,0.9999902
0,0,5.585797e-06
0,0,6.482498e-07
1,1,0.99999
0,0,2.7000567e-07
0,0,4.2308446e-07
0,0,9.401209e-07
0,0,3.4854762e-07
0,0,3.094464e-07
0,0,3.0257024e-07
1,0,1.956835e-06
0,0,3.9951465e-07
0,0,2.1439055e-06
0,0,3.512294e-07
0,0,4.3069446e-07
1,1,0.999876
0,0,5.7110924e-07
0,0,3.2522652e-07
0,0,3.6595853e-07
0,0,2.9542264e-07
1,0,1.1528859e-05
0,0,5.827923e-07
0,0,3.2599786e-07
1,1,0.73378134
0,0,3.5669171e-07
0,0,3.956344e-07
0,0,3.008123e-07
0,0,3.7957832e-07
0,0,3.6538867e-07
0,0,3.1305615e-07
0,0,5.0021595e-07
0,0,3.496006e-07
0,0,3.9875562e-07
0,0,3.8297594e-07
0,0,4.7507913e-07
0,0,3.0646052e-07
0,0,4.5749394e-07
0,0,1.7855425e-06
0,0,3.7869032e-07
0,0,6.7628804e-07
0,0,3.922917e-07
0,0,9.575183e-07
0,0,5.4092885e-07
1,1,0.9999914
0,0,3.872391e-07
0,0,8.0161817e-07
0,0,4.2086708e-07
0,0,3.9087075e-07
1,1,0.99970204
0,0,3.2703946e-07
0,0,3.9933255e-07
0,0,5.4046683e-07
0,0,4.6205227e-07
0,0,6.4109963e-07
0,0,3.5668631e-07
0,0,5.14653e-07
0,0,9.5189245e-07
0,0,2.7595252e-07
0,0,2.9016874e-07
1,0,6.0531033e-07
0,0,3.258667e-07
0,0,6.6744343e-07
0,0,4.5248143e-07
0,0,3.0494684e-07
0,0,1.9520298e-06
1,1,0.9999652
0,0,1.0239316e-06
1,1,0.99991953
0,0,3.146797e-07
0,0,7.8374876e-07
0,0,3.228153e-07
0,0,3.5469648e-07
0,0,1.6402229e-06
0,0,3.447574e-07
0,0,3.1432637e-07
0,0,5.332531e-07
0,0,1.0004863e-06
0,0,5.178665e-07
0,0,4.1091042e-07
0,0,3.2135904e-07
0,0,2.6874482e-06
0,0,3.3691697e-07
1,1,0.9991436
0,0,3.1693548e-07
0,0,3.0286355e-07
1,0,7.5666267e-06
0,0,1.6645519e-06
0,0,2.3346226e-06
0,0,4.990481e-07
0,0,3.8142463e-07
0,0,3.4069765e-07
0,0,9.4311036e-07
0,0,4.1351402e-07
0,0,1.8873134e-05
0,0,2.8636347e-07
1,1,0.99998534
0,0,5.7158655e-07
0,0,1.0322017e-06
0,0,6.740956e-07
0,0,1.0098346e-06
0,0,2.991051e-07
0,0,4.5168508e-07
0,0,3.093617e-07
0,0,4.2030715e-07
0,0,4.0584322e-07
0,0,3.6235093e-07
0,0,4.4840735e-07
0,0,2.8506835e-07
0,0,4.412252e-07
0,0,4.7162396e-07
0,0,4.627649e-07
0,0,6.3536123e-07
0,1,0.9995658
0,0,4.831509e-07
0,0,3.3784136e-07
0,0,1.1888229e-06
0,0,3.923886e-07
0,0,3.9968882e-07
0,0,3.3939756e-07
0,0,2.9879806e-07
0,0,2.0409898e-06
0,0,1.3274905e-06
0,0,4.136568e-07
0,0,3.2577225e-07
1,0,1.0616671e-05
0,0,5.3544494e-07
0,0,4.05107e-07
0,0,3.5978354e-07
0,0,4.3119255e-07
0,0,3.1368552e-07
0,0,1.0644749e-06
0,0,5.8659623e-07
0,0,8.37096e-07
0,0,5.608872e-07
0,0,2.7413947e-07
1,0,0.0003842622
0,0,3.894605e-07
0,0,5.068248e-07
0,0,3.3122632e-07
1,1,0.99970394
0,0,3.5668697e-07
0,0,1.0109195e-06
0,0,7.201741e-07
0,0,1.0881511e-06
1,0,0.004393942
0,0,0.00018622701
0,0,2.9457075e-07
0,0,3.2857787e-07
0,0,6.9166254e-07
0,0,4.0075292e-07
0,0,3.5604702e-07
0,0,2.791638e-07
0,0,9.477474e-07
0,0,5.5138105e-07
0,0,6.8405774e-07
0,0,4.0584015e-07
0,0,4.873436e-07
0,0,3.982608e-07
1,0,1.357075e-06
0,0,3.912616e-07
0,0,3.3421725e-07
0,0,3.3340993e-07
0,0,6.360984e-05
0,0,3.1440882e-07
0,0,3.3525666e-07
0,0,3.3184287e-07
0,0,9.2721183e-07
0,0,3.5475264e-07
0,0,2.826372e-07
0,0,7.444605e-07
0,0,8.8193985e-07
0,0,2.9668354e-07
0,0,3.8920803e-07
1,1,0.9999862
0,0,3.6209462e-07
0,0,7.134502e-07
0,0,2.8637e-07
0,0,8.595049e-07
0,0,3.1037828e-07
0,0,8.168006e-07
0,0,4.3608355e-07
0,0,6.1431865e-07
0,0,6.0243894e-07
0,0,3.2506526e-07
0,0,7.8735144e-07
0,0,5.565993e-07
0,0,5.1488075e-07
0,0,3.076585e-07
0,0,2.619247e-06
0,0,4.7074008e-07
0,0,4.1404752e-07
0,0,4.891474e-07
0,0,4.7584362e-07
0,0,6.288358e-07
0,0,4.0138673e-07
0,0,3.4107705e-07
1,1,0.9999871
0,0,3.3856477e-07
0,0,4.5932742e-07
0,0,3.8055333e-07
0,0,3.7108754e-07
0,0,5.467016e-07
0,0,4.510975e-07
1,0,9.900391e-06
0,0,3.1072304e-07
0,0,3.0466893e-07
0,0,1.1833686e-06
0,0,5.5160723e-07
0,0,4.2293763e-07
0,0,3.7855236e-07
0,0,3.7715424e-07
0,0,3.969458e-07
0,0,3.663475e-07
0,0,4.095681e-07
0,0,6.19386e-07
0,0,7.228328e-07
0,0,3.5764546e-07
0,0,4.1526394e-07
0,0,6.423169e-07
0,0,3.8438355e-07
0,0,3.2327313e-07
0,0,6.2475726e-07
0,0,6.96644e-07
1,1,0.9999584
0,0,1.21839585e-05
0,0,4.2402726e-07
0,0,3.2692532e-07
0,0,3.1320215e-07
0,0,2.9071052e-07
0,0,4.7456928e-07
0,0,6.292623e-07
0,0,5.6451967e-07
0,0,5.9918096e-07
0,0,6.6265875e-07
0,0,4.897757e-07
0,0,6.4498215e-07
0,0,6.3896454e-07
0,0,4.787655e-07
0,0,1.0755548e-06
0,0,1.4813024e-06
0,0,3.225836e-07
0,0,6.8124393e-07
0,0,3.1816444e-07
0,0,3.620456e-07
1,1,0.99999535
0,0,4.24868e-07
0,0,3.9477507e-07
0,0,1.5822021e-06
0,0,3.0029005e-07
0,0,2.8611586e-07
0,0,6.681988e-07
0,0,3.1870377e-07
0,0,3.9251586e-07
0,0,2.876447e-07
0,0,2.8294195e-07
0,0,3.1490003e-07
0,0,3.763074e-07
0,0,3.8159564e-07
0,0,3.5733487e-07
0,0,4.608491e-07
0,0,3.5703343e-07
0,0,4.6497502e-07
0,0,3.7448837e-07
0,0,3.7368068e-07
0,0,3.8857604e-07
0,0,3.051592e-07
0,0,3.3932378e-07
0,0,3.8464063e-07
0,0,5.94644e-07
0,0,4.1174087e-07
0,0,3.1963881e-07
0,0,3.5647952e-07
0,0,2.6390828e-06
0,0,3.173889e-07
0,0,4.619941e-07
1,1,0.9999875
0,0,3.9715104e-07
1,0,0.0002448341
0,0,4.8779646e-07
0,0,2.9809132e-07
0,0,3.6721465e-07
0,0,4.0400974e-07
0,0,1.2357465e-06
0,0,4.3187697e-07
0,0,1.0305492e-06
0,0,3.0702336e-07
0,0,7.819772e-07
0,0,1.0235519e-06
0,0,3.7027516e-07
0,0,4.698408e-07
0,0,1.5018927e-06
0,0,4.4972555e-07
1,1,0.99998975
0,0,3.2753638e-07
0,0,3.1024572e-07
0,0,4.9105154e-07
0,0,5.356845e-07
0,0,1.919715e-06
0,0,3.6916308e-07
0,0,8.9658215e-07
0,0,3.4341923e-07
0,0,3.383995e-07
0,0,4.216163e-07
0,0,4.0975485e-07
0,0,3.2429116e-07
1,0,0.00015697008
1,0,5.187201e-07
0,0,3.1225406e-07
0,0,3.1947246e-07
0,0,3.7324116e-07
0,0,4.4730285e-07
0,0,5.8465054e-07
0,0,5.0275355e-07
0,1,0.99965394
1,1,0.9880399
0,0,3.764485e-07
0,0,3.038356e-07
0,0,2.979544e-07
0,0,4.6216462e-07
0,0,2.872524e-07
0,0,4.035584e-07
0,0,6.7095357e-07
0,0,6.5270194e-07
0,0,6.128277e-07
0,0,4.0878453e-07
0,0,6.9111394e-07
0,0,4.3202527e-07
1,1,0.9999924
0,0,2.9786176e-07
0,0,4.8505854e-07
0,0,4.4274816e-07
0,0,4.4030003e-07
0,0,4.4586335e-07
0,0,4.2769787e-07
0,0,3.1126817e-07
0,0,4.9967803e-06
1,0,0.000738158
1,0,0.0016807641
0,0,3.2340293e-07
0,0,4.1499473e-07
1,1,0.99964046
0,0,3.670697e-07
0,0,7.352823e-07
0,0,8.1445387e-07
0,0,3.19364e-07
0,0,4.284196e-07
0,0,7.546129e-07
0,0,4.455492e-07
0,0,4.681332e-07
0,0,3.2961515e-07
0,0,9.6225e-07
1,0,0.005277763
0,0,3.710776e-07
0,0,3.1317737e-07
0,0,3.5546924e-07
0,0,2.92158e-07
0,0,6.0792297e-07
0,0,4.7942393e-07
0,0,7.433028e-07
0,0,5.1923087e-07
0,0,3.1338203e-07
0,0,4.0218293e-07
0,0,5.377091e-07
0,0,3.662794e-07
0,0,3.7549722e-07
0,0,5.4506927e-06
0,0,2.0774492e-06
0,0,3.613123e-07
0,0,6.0569664e-07
0,0,2.8455798e-07
1,0,0.025836252
0,0,7.461693e-07
1,0,1.0405802e-06
0,0,3.2315322e-07
0,0,3.9223258e-07
0,0,4.1712985e-07
1,0,5.317844e-07
0,0,5.199246e-07
0,0,3.0219536e-07
0,0,1.0833425e-06
1,1,0.99989474
0,0,5.777895e-07
0,0,3.075831e-07
0,0,6.641664e-07
0,0,6.569842e-07
0,0,3.766413e-07
0,0,7.834289e-07
0,0,4.0039117e-07
0,0,5.577454e-07
0,0,8.989332e-07
0,0,8.056011e-07
0,0,5.968416e-07
0,0,6.4602614e-07
0,0,3.6294995e-07
0,0,4.4465483e-07
1,1,0.9999895
0,0,4.0899198e-07
0,0,4.007705e-07
0,0,4.4263078e-07
1,1,0.9998627
0,0,7.7883783e-07
0,0,3.1977422e-07
0,0,8.534516e-07
1,1,0.9999223
0,0,2.9371622e-06
0,0,3.2768978e-07
0,0,3.3149493e-07
0,0,3.2325494e-07
1,1,0.999987
0,0,2.9618909e-07
0,0,5.913042e-07
1,0,9.734083e-06
0,0,3.446164e-07
1,0,0.20283608
1,0,7.711287e-05
0,0,4.1712704e-07
1,1,0.99998844
1,1,0.9999895
0,0,6.961101e-07
0,0,5.7540353e-07
0,0,6.473781e-07
0,0,3.4610082e-07
0,0,3.3665486e-07
1,0,0.37949347
0,0,4.3770768e-07
1,1,0.9999788
0,0,5.2436536e-07
0,0,4.0760344e-07
0,0,1.7883e-06
0,0,4.486225e-07
0,0,6.435045e-07
0,0,3.27418e-07
0,0,4.5102396e-07
0,0,3.758501e-07
0,0,2.038251e-06
0,0,3.0212274e-07
0,0,3.3658554e-07
0,0,7.789701e-07
0,0,3.63731e-07
0,0,3.3527587e-07
0,0,4.1913512e-07
1,1,0.99941134
0,0,2.9445727e-07
0,0,3.3652069e-07
0,0,3.299073e-07
1,0,0.00016374988
1,0,4.1330114e-07
0,0,1.2423637e-06
0,0,3.5254521e-07
0,0,3.0411678e-07
0,0,4.3104944e-07
0,0,2.919324e-07
0,0,8.8148414e-07
0,0,0.0004825265
0,0,3.7911164e-07
0,0,3.0015923e-07
0,0,4.871995e-07
0,0,4.1910116e-07
1,0,1.8099052e-05
1,0,1.9605597e-05
0,0,4.6277373e-07
0,0,3.4507715e-07
0,0,3.855562e-07
0,0,6.059059e-05
0,0,4.5476474e-07
0,0,6.5509977e-07
0,0,3.4600973e-07
0,0,3.7511177e-07
1,1,0.9999877
0,0,4.0499881e-07
0,0,4.007342e-07
0,0,6.560025e-07
0,0,4.9688543e-07
0,0,3.9249967e-06
0,0,3.0737314e-07
0,0,4.9847927e-07
0,0,7.1767096e-07
1,1,0.99983716
0,0,4.0648467e-07
0,0,3.4747066e-07
0,0,7.447013e-07
0,0,4.2424284e-07
0,0,5.742622e-07
0,0,2.8540487e-07
0,0,4.624878e-07
0,0,2.6692467e-06
0,0,1.025198e-06
0,0,6.1904825e-07
1,1,0.99998665
0,0,3.1556561e-07
0,0,3.4072983e-07
0,0,4.4883433e-07
0,0,5.5406565e-07
0,0,3.787004e-07
0,0,4.0217606e-07
0,0,4.0027587e-07
0,0,3.442265e-07
0,0,3.1978578e-07
0,0,1.909894e-06
0,0,7.428975e-07
0,0,2.7986806e-07
1,1,0.9998436
0,0,3.7201872e-07
0,0,1.3206364e-06
0,0,4.5203026e-07
0,0,3.5413268e-07
0,0,6.248389e-07
0,0,4.1104173e-07
0,0,4.9461795e-07
0,0,4.2082053e-07
0,0,4.0116856e-07
0,0,3.1832437e-07
0,0,3.2127753e-07
0,0,4.1303437e-07
0,0,3.3006467e-07
0,0,3.7558712e-07
0,0,7.130801e-07
0,0,9.455536e-07
0,0,5.4538515e-07
0,0,6.267301e-07
0,0,3.1639735e-07
0,0,5.389217e-07
0,0,8.3716634e-07
1,1,0.9999927
0,0,3.9105942e-07
0,0,4.8256794e-07
1,1,0.99964285
0,0,3.7326464e-07
0,0,6.063463e-07
0,0,3.4973334e-07
0,0,4.7615367e-07
0,0,3.5214168e-07
1,0,5.0719887e-06
0,0,3.296815e-07
0,0,3.1732745e-07
0,0,8.3517114e-07
0,1,0.7997326
0,0,4.7079712e-07
0,0,6.4377707e-07
0,0,3.0756198e-07
0,0,3.6010863e-07
0,0,3.0990327e-07
0,0,5.657544e-07
1,0,5.201478e-07
0,0,4.5468755e-07
0,0,3.7676023e-07
0,0,2.922296e-07
0,0,6.614339e-07
0,0,3.2782856e-07
0,0,3.9185758e-07
0,0,4.598674e-07
0,0,5.8893033e-07
0,1,0.9395319
0,0,9.0547223e-07
0,0,3.5289406e-07
0,0,4.2928053e-07
0,0,3.876267e-07
1,1,0.9999722
0,0,5.402576e-07
0,0,4.7587088e-07
0,0,7.5183806e-07
0,0,4.7511085e-07
0,0,3.9547294e-07
0,0,1.0323593e-06
0,0,2.098234e-06
0,0,3.5148273e-07
0,0,3.7063234e-07
0,0,1.0054669e-06
0,0,6.346375e-07
0,0,2.8393885e-07
0,0,1.1970094e-06
0,0,1.666699e-05
0,0,2.9907144e-07
0,0,4.7393604e-07
0,0,4.6525003e-07
0,0,4.8537922e-06
0,0,3.5347205e-07
0,0,5.496176e-07
0,0,2.881771e-07
0,0,5.060453e-07
0,0,1.8442697e-06
0,0,3.6709383e-07
0,0,3.07758e-07
0,0,4.036662e-07
0,0,9.3940577e-07
0,0,4.6191568e-07
0,0,5.318291e-07
0,0,1.3830334e-06
0,0,3.5961136e-07
0,0,1.3409436e-06
0,0,3.945944e-07
1,1,0.999948
0,0,3.124626e-07
0,0,6.6093196e-07
0,0,3.3468802e-07
0,0,4.1764926e-07
0,0,4.926163e-07
1,0,3.1248421e-06
0,0,5.0915406e-07
0,0,2.8645633e-07
0,0,5.033691e-07
0,0,8.301652e-07
0,0,3.0871038e-07
0,0,2.940644e-07
0,0,3.3532862e-07
0,0,4.461045e-07
0,0,6.7887427e-06
0,0,1.4388431e-06
0,0,3.0120015e-07
0,0,9.926607e-07
0,0,3.5230826e-07
0,0,3.1923915e-07
0,0,2.9333953e-07
0,0,3.279061e-07
0,0,5.847408e-07
0,0,7.2191796e-07
0,0,3.8997786e-07
0,0,3.825204e-07
0,0,4.0726383e-07
0,0,3.357097e-07
0,0,1.6095292e-06
0,0,2.7337296e-07
0,0,1.127805e-06
0,0,3.1269448e-07
0,0,7.679282e-07
1,1,0.99999094
0,0,3.3651298e-07
1,1,0.99998796
0,0,4.4575386e-06
0,0,5.76052e-07
0,0,4.4595265e-07
1,0,1.1344217e-06
0,0,5.165993e-07
0,0,2.971482e-07
0,0,3.4050473e-07
0,0,6.247328e-07
0,0,5.1518083e-07
0,0,4.7317283e-07
1,1,0.9918699
0,0,4.2083258e-07
0,0,4.377828e-07
0,0,3.8720884e-07
0,0,3.5557434e-07
0,0,4.5838962e-07
0,0,8.402754e-07
0,0,5.809865e-07
0,0,6.9432525e-07
0,0,3.670634e-07
0,0,3.0625074e-07
0,0,3.9237065e-07
0,0,4.1595956e-07
0,0,4.2602315e-07
0,0,9.697369e-07
0,0,4.4944042e-07
1,1,0.9999459
0,0,1.2073622e-06
0,0,4.16766e-07
0,0,4.2851687e-07
0,0,4.929791e-07
0,0,3.0219365e-07
0,0,4.1043614e-07
0,0,3.5305092e-07
0,0,8.1284685e-07
0,0,3.9482364e-07
0,0,3.917608e-07
1,0,3.923206e-05
0,0,3.1482978e-07
0,0,5.1730774e-07
0,0,3.2854027e-07
0,0,4.1182452e-07
0,0,2.9530713e-07
0,0,4.9317333e-07
0,0,3.4545184e-07
0,0,3.002282e-07
0,0,3.325354e-07
0,0,3.0648036e-07
0,0,4.390656e-07
0,0,6.9084115e-07
0,0,3.473242e-07
0,0,3.7645782e-07
0,0,2.8264475e-07
1,1,0.9999871
0,0,9.16199e-07
0,0,3.1880592e-07
1,1,0.999931
0,0,3.126116e-07
0,0,5.6476466e-07
0,0,1.9347972e-06
0,0,5.3335077e-07
0,0,0.002430055
0,0,1.0744916e-06
0,0,3.2490536e-07
0,0,5.2025945e-07
0,0,3.1304597e-07
0,0,3.684378e-07
1,1,0.9999906
0,0,6.8690923e-07
0,0,3.1572426e-07
0,0,2.0823088e-06
0,0,3.7230834e-07
0,0,5.672309e-07
0,0,3.335591e-07
0,0,4.7184264e-07
0,0,7.765639e-07
0,0,3.1544226e-07
0,0,3.0750275e-07
0,0,3.4854864e-07
0,0,4.616695e-07
0,0,4.5730417e-07
0,0,2.7648514e-07
1,0,0.00028160872
0,0,4.7952085e-07
0,0,3.705751e-07
0,0,3.133937e-07
1,0,2.8017246e-06
0,0,3.398497e-07
0,0,3.0249294e-07
0,0,4.2887254e-07
0,0,4.738357e-07
0,0,9.2477984e-07
0,0,1.0974452e-06
0,0,6.889745e-07
0,0,4.2542712e-07
0,0,2.968522e-07
1,0,7.6142646e-06
0,0,2.9923092e-07
0,0,3.0045337e-07
0,0,7.2263225e-07
0,0,5.0463467e-07
1,0,0.0112786265
0,0,5.8594213e-07
0,0,3.1147837e-07
0,0,3.4279915e-07
0,0,4.325785e-07
0,0,6.2234653e-07
0,0,3.3037517e-07
0,0,8.4829406e-07
0,0,3.0091675e-07
1,1,0.99992716
0,0,3.2561042e-07
0,0,3.982859e-07
0,0,4.5161917e-07
0,0,6.686399e-07
0,0,4.38127e-07
0,0,3.414318e-07
0,0,3.2333355e-07
0,0,3.2976388e-07
0,0,3.101812e-07
1,1,0.9999839
0,0,3.744912e-07
0,0,3.6880485e-07
0,0,5.553919e-07
0,0,3.2340478e-07
0,0,1.1949837e-06
0,0,5.8196144e-07
0,0,4.020183e-06
0,0,8.113978e-06
0,0,3.1489335e-06
0,0,3.5611492e-07
0,0,4.2474483e-07
0,0,4.147328e-07
0,0,1.6652203e-06
0,0,3.47587e-07
0,0,4.5941636e-07
0,0,2.796653e-07
0,0,3.039118e-07
0,0,3.1728268e-07
1,1,0.9999906
0,0,3.5158533e-07
0,0,3.8699102e-07
0,0,3.0431698e-07
0,0,5.356333e-07
0,0,3.0678274e-07
0,0,4.4575876e-07
0,0,5.18371e-07
0,0,3.2663334e-07
0,0,3.7264826e-07
0,0,3.3427398e-07
0,0,3.419636e-07
1,1,0.9999459
0,0,4.3065336e-07
0,0,5.361383e-07
0,0,3.7993397e-07
0,0,2.895708e-07
0,0,3.8881257e-07
0,0,3.2672367e-07
0,0,4.8504745e-07
0,0,7.716855e-07
0,0,3.3452275e-07
1,0,2.3395232e-06
0,0,3.7351074e-07
0,0,3.3430268e-07
0,0,3.352439e-07
0,0,6.5535534e-07
0,0,9.977127e-06
0,0,3.595325e-07
0,0,1.6438622e-06
0,0,3.7136545e-07
0,0,6.327514e-07
0,0,3.9930933e-07
0,0,7.020624e-07
0,0,3.3341055e-07
0,0,3.9946664e-07
0,0,2.8488873e-07
0,0,3.6461347e-07
0,0,3.4384362e-07
0,0,4.087175e-07
0,0,5.7679904e-07
0,0,6.6556727e-06
0,0,5.3104554e-07
0,0,1.207132e-06
0,0,7.615627e-07
0,0,6.340683e-07
0,0,2.0291684e-06
0,0,1.1105489e-06
0,0,3.66117e-07
0,0,8.2427056e-07
1,0,8.292021e-05
0,0,3.1611322e-07
0,0,3.557195e-07
0,0,2.910173e-07
1,0,0.084250204
0,0,1.6448924e-06
0,0,4.2024382e-07
0,0,2.8454008e-07
0,0,3.0695247e-07
0,0,4.024799e-07
0,0,4.3289464e-07
0,0,5.8022795e-07
0,0,3.2633258e-07
1,0,0.00018138453
0,0,3.7953635e-07
0,0,3.791521e-07
0,0,5.3295923e-07
0,0,5.218321e-07
0,0,6.197666e-07
0,0,3.4781078e-07
0,0,4.1258284e-07
0,0,3.1649148e-07
0,0,3.8181042e-07
1,0,8.9407183e-07
0,0,1.1010703e-06
0,0,1.1546116e-06
0,0,8.3164383e-07
0,0,3.9700865e-07
0,0,4.0244845e-07
0,0,5.634477e-07
0,0,3.0820354e-07
0,0,4.5993627e-07
0,0,3.839655e-07
0,0,7.0195057e-07
0,0,2.8171416e-07
0,0,6.1904234e-07
0,0,3.991871e-07
0,0,4.8667476e-07
0,0,5.024406e-07
0,0,4.4496156e-07
0,0,2.801407e-07
0,0,8.4559707e-07
0,0,3.6343974e-07
0,0,1.0610299e-06
0,0,2.743555e-07
0,0,3.431534e-07
0,0,2.951658e-07
0,0,3.2639295e-07
0,0,3.6638073e-07
0,0,4.4968397e-07
1,0,1.3136262e-06
0,0,4.4698305e-07
0,0,3.4096516e-07
0,0,4.5890667e-07
0,0,7.5106834e-07
0,0,3.911519e-07
0,0,5.319072e-07
0,1,0.9999573
0,0,5.966549e-07
0,0,2.9730722e-07
0,0,3.7434913e-07
0,0,2.2806041e-06
0,0,4.1241324e-07
0,0,8.2551907e-07
0,0,5.1533664e-07
0,0,2.4331487e-06
0,0,3.753515e-07
0,0,7.075835e-07
0,0,2.9122165e-07
0,0,3.8516697e-07
0,0,3.281376e-07
0,0,2.8600536e-07
0,0,3.9871836e-07
0,0,9.558787e-07
0,0,7.2300105e-07
0,0,3.7836975e-07
0,0,3.4062487e-07
0,0,5.4147263e-06
0,0,3.6746303e-07
0,0,3.3918334e-07
0,0,4.5481247e-07
0,0,7.9089307e-07
1,1,0.99999404
0,0,4.667161e-07
0,0,3.9896332e-07
0,0,3.194249e-07
0,0,2.5838088e-07
0,0,3.4663492e-07
0,0,5.7711105e-07
0,0,3.3569688e-07
0,0,5.352769e-07
0,0,3.3479353e-06
0,0,5.125835e-07
1,1,0.9918499
0,0,3.905451e-07
0,0,4.3843625e-07
0,0,6.060139e-07
0,0,2.99711e-07
0,0,6.0631334e-07
0,0,6.257686e-07
0,0,3.8376785e-07
0,0,3.212034e-07
0,0,4.7227297e-07
0,0,5.4702523e-06
0,0,4.17396e-07
0,0,1.0984754e-06
0,0,3.6406692e-07
0,0,3.636696e-07
0,0,3.0375216e-07
0,0,3.4313933e-07
0,0,3.2631576e-07
0,0,1.3812025e-06
0,0,9.574699e-07
0,0,3.2438768e-07
0,0,8.994169e-07
0,0,3.049125e-07
0,0,4.0004687e-07
1,0,5.2821274e-06
1,1,0.9999858
0,0,4.4913747e-07
0,0,4.824658e-07
1,0,6.578078e-05
0,0,3.0213283e-07
0,0,3.1152416e-07
0,0,4.0961538e-07
0,0,1.4120042e-06
0,0,3.2314642e-07
0,0,3.4443602e-07
1,1,0.997764
1,1,0.9999727
1,1,0.9999553
0,0,3.129036e-07
1,0,0.000101048005
0,0,3.152528e-07
0,0,3.4206502e-07
0,0,5.391983e-07
0,0,3.839633e-07
0,0,5.4530716e-07
0,0,3.285193e-07
1,1,0.9999833
0,0,2.8338212e-07
0,0,4.152774e-07
0,0,3.5052804e-07
0,0,4.914104e-07
0,0,6.871969e-07
0,0,5.952068e-07
0,0,3.4614933e-07
0,0,2.9281293e-07
0,0,3.6867965e-07
0,0,3.069077e-07
0,0,5.237096e-07
0,0,4.59849e-07
0,0,0.009725563
1,1,0.9999938
0,0,9.286809e-07
0,0,4.1243885e-07
0,0,3.7778133e-07
0,0,5.646161e-07
0,0,6.5035533e-06
0,0,3.8871542e-07
0,0,3.379351e-07
0,0,7.742095e-07
0,0,3.7323477e-07
0,0,5.057124e-07
0,1,0.9996728
0,0,3.8575737e-07
0,0,4.254912e-07
1,1,0.9999769
0,0,1.0816184e-06
0,0,3.1649148e-07
0,0,4.8414074e-07
0,0,5.0945425e-07
0,0,3.033706e-07
0,0,3.6146184e-07
0,0,2.986069e-07
0,0,4.2682672e-07
0,0,5.5680897e-07
0,0,5.842971e-07
1,1,0.99993205
0,0,3.7407787e-07
0,0,3.2060723e-07
0,0,3.348432e-07
0,0,3.0738693e-07
0,0,6.539468e-07
0,0,4.1435646e-07
0,0,3.10774e-07
0,0,3.7317497e-07
0,0,5.068591e-07
0,0,3.328476e-07
0,0,3.2906962e-07
0,0,2.976596e-07
0,0,3.8069638e-07
0,0,7.033974e-07
0,0,8.096439e-07
0,0,4.5709226e-07
0,0,4.6959087e-07
0,0,3.924597e-07
0,0,2.0859818e-06
0,0,1.1530052e-06
0,0,3.334481e-07
0,0,2.8736528e-07
0,0,4.767303e-07
0,0,8.88818e-07
0,0,3.1589624e-07
0,1,0.99995804
0,0,3.8349123e-07
0,0,3.8921954e-07
0,0,3.2673987e-07
0,0,3.0345336e-07
0,0,5.5630653e-06
1,0,2.9219357e-06
0,0,3.964744e-07
0,0,4.6700373e-07
0,0,5.425227e-07
0,0,5.2466044e-07
0,0,4.1060446e-07
1,1,0.99995863
0,0,1.088394e-06
0,0,3.3049997e-07
1,0,0.0011251582
0,0,1.2694309e-06
0,0,2.8208248e-07
0,0,3.471156e-07
0,0,4.187568e-07
0,0,3.827846e-07
0,0,3.9421224e-07
0,0,9.438904e-07
0,0,3.48325e-07
0,0,4.1565144e-07
0,0,3.583221e-07
0,0,3.1744128e-07
0,0,3.5759092e-07
1,1,0.5193451
0,0,2.8315736e-07
0,0,3.7231186e-07
0,0,4.0530873e-07
0,0,4.247112e-07
0,0,4.308329e-07
0,0,3.3090143e-07
0,0,2.9856875e-07
0,0,4.4323653e-07
0,0,3.5716693e-07
0,0,3.631972e-07
0,0,3.207522e-07
0,0,2.6478256e-07
0,0,5.2309116e-07
0,0,3.7434197e-07
1,1,0.9999434
0,0,3.9101838e-07
0,0,5.626777e-07
1,1,0.9999865
0,0,2.8278657e-07
0,0,5.4958247e-07
0,0,3.3415353e-07
0,0,4.5873207e-07
0,0,3.810331e-07
0,0,6.015181e-07
0,0,4.27269e-07
1,0,0.0016852987
0,0,4.3025273e-07
0,0,3.010778e-07
0,0,5.1207877e-07
0,0,6.505679e-07
0,0,7.6575765e-07
0,0,6.1126224e-07
0,0,5.0898313e-07
0,0,4.6542976e-07
0,0,5.5488897e-07
0,0,3.5927988e-07
1,0,0.00023131471
0,0,4.846165e-07
0,0,3.578208e-07
0,0,3.7313367e-07
0,0,3.558335e-07
0,0,5.8046595e-07
0,0,6.379191e-07
0,0,1.4353183e-06
0,0,4.0371353e-07
0,0,3.296724e-07
0,0,2.692769e-07
0,0,3.701064e-07
0,0,3.8459734e-07
0,0,3.4392133e-07
0,0,3.4034855e-07
0,0,3.802319e-07
0,0,2.887862e-07
1,0,5.3298874e-07
0,0,8.9066947e-07
0,0,8.1717934e-07
0,0,4.0218984e-07
0,0,1.2388649e-05
0,0,4.3273613e-07
0,0,5.037581e-07
0,0,3.8527463e-07
0,0,1.8003501e-06
0,0,2.9784417e-07
0,0,5.910843e-07
0,0,3.774932e-07
0,0,4.3246405e-06
1,1,0.99998844
0,0,5.579295e-07
0,0,3.297406e-07
0,0,4.0975718e-07
0,0,4.240491e-07
0,0,5.2175346e-07
0,0,5.417962e-07
0,0,8.604669e-07
0,0,7.56174e-07
0,0,4.0584632e-07
0,0,5.806575e-07
0,0,6.7295173e-06
0,0,5.1630866e-07
0,0,5.702798e-07
1,0,1.4183394e-05
0,0,3.0427344e-07
0,0,5.8880903e-07
0,0,5.146422e-07
0,0,3.5401115e-07
0,0,3.7031185e-07
0,0,7.732739e-07
0,0,4.4585656e-07
0,0,3.3998327e-07
0,0,4.6162458e-07
0,0,6.50149e-05
1,1,0.999985
0,0,4.8294544e-07
1,1,0.99998474
0,0,3.5863593e-07
1,1,0.99863833
0,0,3.5014781e-07
0,0,3.6102296e-07
1,1,0.9996413
0,0,3.5717856e-06
0,0,2.5908116e-07
0,0,4.8529915e-07
0,0,3.0993276e-06
0,0,4.3690196e-07
0,0,4.2333835e-07
0,0,9.441137e-07
0,0,5.4119823e-07
0,0,3.9220004e-07
0,0,4.012803e-07
0,0,3.9250986e-07
0,0,4.2604427e-07
1,1,0.99995697
0,0,3.3098254e-07
0,0,5.3924356e-07
0,0,3.3609894e-07
0,0,3.9128176e-07
0,0,1.4804e-06
0,0,4.3279474e-07
0,0,3.0454112e-07
0,0,7.227543e-07
0,0,4.4658591e-07
0,0,3.7645563e-07
0,0,5.420795e-07
0,0,6.1346157e-07
0,0,4.4778045e-07
0,0,3.9754855e-07
1,1,0.99936706
0,0,3.8281965e-07
0,0,4.1569743e-07
0,0,3.9821904e-07
0,0,4.177273e-07
0,0,8.9363203e-07
0,0,3.258269e-07
0,0,7.716289e-07
0,0,3.859259e-07
0,0,3.936536e-07
0,0,6.666832e-07
0,0,2.927392e-07
0,0,5.10095e-07
0,0,5.7171417e-07
1,0,6.958326e-07
0,0,5.1876464e-07
0,0,8.273584e-06
0,0,3.848182e-07
0,0,3.0854645e-07
0,0,2.8575673e-07
0,0,3.6006364e-07
1,0,0.00017507188
0,0,3.340904e-07
0,0,8.2778945e-07
0,0,5.5663594e-07
1,1,0.99998844
0,0,3.246439e-07
0,0,4.939142e-07
0,0,4.5238218e-07
0,0,4.2621087e-07
0,0,4.203256e-07
0,0,6.3559025e-07
0,0,3.0575987e-07
0,0,3.0525206e-07
0,0,7.1659923e-07
0,0,6.279374e-07
1,1,0.99995875
0,0,4.789816e-07
0,0,5.2422837e-07
1,1,0.9999918
0,0,6.986773e-07
0,0,6.032841e-07
1,0,8.909668e-07
0,0,5.985619e-07
0,0,3.9697798e-07
0,0,2.8374853e-07
0,0,3.1098807e-07
0,0,4.0801297e-07
0,0,3.649398e-07
0,0,7.1183473e-07
1,0,1.1149931e-06
1,1,0.9999845
0,0,3.9669376e-07
0,0,3.7911454e-07
1,1,0.99999
0,0,3.5446655e-07
0,0,1.2689201e-06
0,0,5.0993054e-07
0,0,3.6634682e-07
0,0,3.2015075e-07
0,0,3.5706714e-07
0,0,4.438994e-07
0,0,1.2229533e-06
0,0,3.5530925e-07
0,0,5.6796546e-07
1,1,0.99997234
0,0,3.4405255e-07
0,0,3.515491e-07
0,0,4.3702943e-07
0,0,4.0677475e-07
0,0,3.7578312e-07
0,0,3.8377516e-07
0,0,1.2935278e-06
0,0,4.0203338e-07
0,0,4.5990865e-07
0,0,3.50049e-07
0,0,4.1387426e-07
1,0,0.0006851782
1,0,1.3367633e-06
0,0,3.8636264e-07
0,0,1.5146194e-06
0,0,3.1311046e-07
0,0,3.6950826e-07
0,0,1.1219895e-06
0,0,3.188722e-07
0,0,3.6400897e-07
0,0,2.916825e-07
0,0,1.0531946e-06
0,0,3.4492293e-06
1,0,1.1403484e-06
1,1,0.99998987
0,0,2.8492104e-07
0,0,6.2838075e-07
0,0,1.0416644e-06
0,0,7.4288755e-07
0,0,3.9540052e-07
0,0,2.9001325e-07
0,0,6.6995227e-07
0,0,6.3023344e-07
0,0,3.2224872e-07
0,0,4.879333e-07
1,0,1.4410322e-06
0,0,3.8261817e-07
0,0,4.0834425e-07
0,0,2.2999252e-06
0,0,4.79338e-06
0,0,3.9340702e-07
1,1,0.99995255
0,0,5.0004377e-07
0,0,3.446746e-07
0,0,2.9536656e-07
0,0,6.4079893e-07
0,0,5.0827543e-07
0,0,3.9404648e-07
0,0,2.9843324e-07
0,0,5.218102e-07
0,0,8.079154e-07
0,0,6.6477793e-07
0,0,3.899541e-07
0,0,3.5378434e-07
0,0,3.028982e-07
0,0,5.0471795e-07
1,1,0.9999888
0,0,3.4132336e-07
0,0,3.1651442e-07
0,0,2.9730523e-07
1,1,0.9999888
0,0,4.0013464e-07
0,0,9.025927e-07
0,1,0.99958926
0,0,3.5537028e-07
0,0,5.1891107e-07
0,0,4.3058398e-07
0,0,3.661945e-07
0,0,5.247956e-07
0,0,4.196287e-07
0,0,4.2255988e-07
0,0,4.473148e-07
0,0,3.216721e-07
0,0,1.438529e-06
0,0,2.9732706e-07
0,0,6.3111577e-07
0,0,3.090126e-07
1,1,0.999918
0,0,6.0068913e-07
0,0,6.2053175e-07
0,0,3.5157592e-07
1,1,0.99998236
1,1,0.9999924
0,0,1.0123975e-06
0,0,3.7305824e-07
0,0,3.5850567e-07
0,0,3.9658747e-07
0,0,4.0521093e-07
0,0,8.8557994e-07
0,0,3.7724848e-07
0,0,2.3422797e-05
0,0,8.6703704e-07
0,0,3.003972e-07
0,0,5.457978e-07
0,0,3.8560657e-07
0,0,3.2082838e-07
0,0,5.2208395e-07
0,0,2.9700673e-06
0,0,3.065397e-07
0,0,4.557655e-07
0,0,1.3589153e-06
0,0,1.252657e-06
0,0,1.0758143e-06
0,0,5.5511236e-07
0,0,3.2592013e-07
0,0,3.2056778e-07
0,0,5.563499e-07
1,1,0.9996313
0,0,3.6729975e-07
0,0,3.541631e-07
0,0,6.610631e-07
0,0,3.3365434e-06
0,0,4.926586e-07
0,0,6.452596e-07
0,0,3.6162461e-07
0,0,3.8577244e-07
0,0,9.306243e-07
0,0,3.5779144e-07
0,0,3.1305464e-07
0,0,1.6992576e-06
0,0,4.7068846e-07
0,0,3.695456e-07
0,0,3.926349e-07
1,0,4.6279578e-07
0,0,7.44773e-07
0,0,2.9720317e-07
0,0,3.9265137e-07
0,0,4.8657915e-07
0,0,3.5646593e-07
0,0,3.2177718e-06
0,0,0.0038661154
0,0,4.177815e-07
0,0,6.758432e-07
0,0,5.301286e-07
0,0,3.4715376e-06
0,0,6.407861e-07
0,0,5.760646e-07
0,0,2.9157006e-06
0,0,7.059658e-07
0,0,8.325461e-07
1,1,0.99998176
0,0,1.7723436e-06
0,0,5.403127e-07
0,0,4.5436937e-07
1,1,0.99998903
0,0,5.753778e-07
1,1,0.90569013
0,0,8.1427135e-07
0,0,2.961662e-07
0,0,3.1396507e-07
0,0,1.2118969e-06
0,0,7.5215934e-07
0,0,5.418779e-07
0,0,4.1135075e-07
0,0,3.223921e-06
0,0,3.2037067e-07
0,0,3.0200695e-07
0,0,8.375832e-07
1,1,0.9999634
0,0,3.9602094e-07
0,0,4.096017e-07
0,0,3.2249284e-07
0,0,3.4920075e-07
0,0,2.986251e-07
0,0,4.856288e-07
0,0,8.38923e-07
0,0,4.2279325e-07
0,0,3.5729877e-07
0,0,3.8287405e-07
0,0,6.1713837e-07
0,0,3.3202838e-07
0,0,1.62161e-06
0,0,1.6134173e-06
0,0,3.3446278e-07
0,0,6.1489425e-07
0,0,9.574169e-07
0,0,3.4632467e-07
0,0,5.164367e-07
1,0,4.1241998e-07
0,0,0.02233906
1,1,0.9998005
0,0,4.658312e-07
0,0,3.100907e-07
0,0,7.644093e-07
0,0,1.5062761e-06
0,0,7.6823727e-07
1,1,0.99997914
0,0,4.7930234e-07
0,0,3.8360463e-07
0,0,3.1638677e-07
1,1,0.9932811
0,0,3.2210372e-07
0,0,7.2349076e-07
0,0,4.856501e-07
0,0,2.7780243e-07
0,0,4.978759e-07
0,0,4.904076e-07
0,0,4.0675263e-07
0,0,5.6176725e-07
1,1,0.99997866
0,0,4.2822683e-07
0,0,4.851289e-07
0,0,4.777726e-07
0,0,3.0056916e-07
0,0,3.395267e-07
0,0,4.9080535e-07
0,0,4.1749075e-07
0,0,4.0373394e-07
0,0,4.0454873e-07
1,1,0.99998915
0,0,4.0374317e-07
0,0,3.3085286e-07
0,0,5.29887e-07
0,0,5.462873e-07
0,0,3.012464e-07
0,0,0.00066061557
0,0,3.5360253e-07
0,0,3.2772726e-07
0,0,4.1828858e-07
0,0,3.1272134e-07
0,0,3.0084727e-06
0,0,1.1452637e-06
0,0,4.1692027e-07
0,0,7.3986564e-07
0,0,1.5797898e-06
0,0,3.1144572e-07
0,0,5.609396e-07
0,0,3.4535236e-07
0,0,8.536128e-07
0,0,3.3573085e-07
0,0,7.788938e-05
0,0,2.5351073e-07
0,0,1.6312531e-06
0,0,5.407576e-07
0,0,3.6705012e-06
0,0,3.710111e-07
0,0,4.6878995e-07
0,0,3.3017108e-07
0,0,2.754327e-07
0,0,4.4180504e-07
1,0,3.1545724e-06
0,0,3.2061152e-07
0,0,3.9722983e-07
0,0,4.301161e-07
1,1,0.9999914
0,0,3.1351416e-07
0,0,8.7718377e-07
0,0,3.038466e-07
0,0,3.0458295e-07
0,0,3.6209534e-07
0,0,3.3271175e-07
0,0,3.8443304e-07
0,0,9.488887e-07
1,0,5.4281586e-06
0,0,6.787654e-07
0,0,4.0176765e-06
0,0,3.7083987e-07
1,1,0.9994881
0,0,3.4414379e-07
0,0,3.7112645e-07
0,0,5.325355e-07
0,0,1.1539331e-05
0,0,3.125782e-07
0,0,5.8752454e-07
0,0,3.2601218e-07
0,0,2.8972408e-07
0,0,3.43283e-07
0,0,3.9974447e-07
0,0,5.0940173e-07
0,0,4.67637e-07
0,0,2.943562e-07
0,0,3.2117094e-07
0,0,4.3047064e-07
0,0,3.631002e-07
0,0,3.9655382e-07
0,0,3.748146e-07
0,0,3.7409643e-07
0,0,6.6192985e-07
0,1,0.9982912
0,0,4.818749e-07
0,0,3.4995287e-07
0,1,0.8062393
0,0,2.6602759e-06
0,0,4.7387095e-07
0,0,5.1013194e-07
0,0,1.379803e-06
0,0,3.6662223e-07
0,0,2.3759303e-06
0,0,5.229196e-07
0,0,8.1744275e-07
1,1,0.5492819
0,0,3.695287e-07
0,0,8.765365e-07
0,0,3.4089103e-07
0,0,2.9884535e-07
1,0,8.984294e-06
1,0,0.00046700612
0,0,4.4460143e-07
0,0,4.3272706e-07
0,0,6.524014e-07
1,0,0.034024175
0,0,3.115818e-07
0,0,2.843814e-07
0,0,2.943562e-07
0,0,3.8892045e-07
0,0,6.0450617e-07
0,0,1.1305119e-05
0,0,5.1685106e-07
0,0,5.3862783e-07
1,1,0.99999
0,0,3.2711898e-07
0,0,4.4407173e-07
0,0,3.9547066e-07
0,0,6.4461506e-07
0,0,1.0845934e-06
0,1,0.5881016
1,1,0.99999
0,0,4.840281e-07
0,0,6.760088e-07
0,0,3.3365677e-07
0,0,4.7464349e-07
0,0,2.8960585e-07
0,0,2.8204857e-07
0,0,5.357105e-07
0,0,8.01794e-07
0,0,3.0701338e-07
0,0,3.1410582e-07
0,0,2.7902593e-07
0,0,6.56249e-07
0,0,3.9689053e-07
0,0,5.9828227e-07
0,0,2.738186e-07
1,1,0.99998677
0,0,4.406874e-07
0,0,3.6229358e-07
0,0,6.94777e-07
0,0,3.6484062e-07
0,0,3.5848137e-07
0,0,3.208758e-07
0,0,5.4609194e-07
0,0,9.306971e-07
0,0,7.076753e-07
0,0,3.0489826e-07
0,0,4.5295305e-06
0,0,2.759662e-07
1,1,0.99981755
0,0,5.2774266e-07
0,0,4.158739e-07
0,0,2.9127054e-07
0,0,1.2371308e-06
0,0,4.2318896e-07
0,0,4.2431608e-07
0,0,4.044988e-06
0,0,2.0009331e-06
0,0,2.952038e-07
0,0,2.9626509e-07
0,0,4.495802e-07
0,0,4.0652384e-07
0,0,1.0438332e-06
0,0,3.9605192e-07
0,0,2.7214335e-07
0,0,3.2240274e-07
0,0,7.626086e-07
0,0,8.329646e-07
0,0,4.1156184e-07
1,1,0.9995921
0,0,7.5852518e-06
0,0,3.557541e-07
0,0,3.4390823e-07
0,0,4.069377e-07
0,0,5.398517e-07
0,0,5.3316666e-07
0,0,3.9218656e-07
0,0,7.32619e-07
0,0,4.7545174e-07
1,0,5.713282e-07
0,0,3.5449156e-07
0,0,3.4002963e-07
0,0,4.1720503e-07
0,0,6.5309797e-07
0,0,4.0702852e-07
0,0,3.9438635e-07
0,0,2.9472952e-07
0,0,3.054772e-07
1,0,1.0657049e-06
0,0,4.9619496e-07
0,0,6.8365205e-07
0,0,3.0984447e-07
0,0,3.5088323e-07
0,0,4.576833e-07
0,0,4.405462e-07
0,0,4.6305448e-07
0,0,4.923092e-07
0,0,4.6184783e-07
0,0,1.4037549e-06
0,0,5.067557e-07
0,0,3.831162e-07
0,0,5.944807e-07
0,0,4.6010035e-07
0,0,7.04227e-07
0,0,6.418705e-07
0,0,3.3524677e-07
0,0,3.1387106e-07
0,0,3.2662524e-07
0,0,5.7614704e-07
0,0,1.07939495e-05
0,0,4.3503638e-07
0,0,5.873134e-06
0,0,4.834468e-07
0,0,3.959522e-07
0,0,3.3161888e-07
0,0,3.815447e-07
0,0,5.1319e-07
0,0,4.0257703e-07
0,0,4.2451362e-07
0,0,3.187705e-06
0,0,3.0590135e-07
0,0,1.3323977e-06
0,0,3.1577937e-07
0,0,3.9120226e-07
0,0,5.645875e-07
0,0,2.946764e-07
0,0,3.5334463e-07
0,0,4.410031e-07
0,0,4.1068202e-07
0,0,8.6275617e-07
0,0,7.3175497e-06
0,0,3.7416993e-07
0,0,5.356298e-07
1,0,0.00030490558
0,0,3.294885e-07
0,0,2.890611e-06
0,0,3.377244e-07
0,0,5.4488555e-07
0,0,4.1853758e-07
0,0,1.4264959e-06
0,0,3.4946328e-07
1,0,1.1001026e-06
0,0,5.432387e-07
0,0,3.5016117e-07
0,0,4.6917816e-07
0,0,1.4473014e-06
1,1,0.9999763
1,0,1.1063858e-05
0,0,5.388333e-07
0,0,1.0297977e-06
0,0,4.220504e-07
0,0,7.4506e-07
0,0,2.9239965e-07
1,0,2.8021468e-06
0,0,4.9241856e-07
0,0,2.950338e-07
0,0,3.67166e-07
0,0,8.765942e-07
0,0,3.8814127e-07
0,0,7.6469945e-07
0,0,3.9418143e-07
0,0,1.3151466e-06
0,0,3.2562127e-07
0,0,3.4150798e-07
0,0,4.9439535e-07
0,0,8.684024e-07
0,0,3.3674863e-07
0,0,2.139975e-06
0,0,8.6704694e-07
0,0,3.9706092e-07
0,0,4.004202e-07
0,0,4.2831013e-07
0,0,6.841151e-07
0,0,4.9083616e-07
0,0,2.707741e-07
0,0,3.344998e-07
0,0,7.341556e-07
0,0,3.329803e-07
0,0,2.8638914e-07
0,0,3.9679895e-07
1,0,0.009379918
0,0,7.4853415e-07
0,0,4.8598093e-07
0,0,3.7568708e-07
0,0,2.9799702e-07
0,0,4.82371e-07
0,0,5.8902305e-07
0,0,3.8270866e-07
0,0,2.809495e-07
0,0,6.3230493e-07
0,0,3.638656e-07
0,0,3.653082e-07
0,0,5.975091e-07
0,0,3.963096e-07
0,0,3.6984457e-07
0,0,7.588455e-07
0,0,9.3560413e-07
1,1,0.9999901
0,0,5.6364553e-07
0,0,4.0990335e-07
0,0,3.771528e-07
0,0,4.4438565e-07
0,0,3.9147398e-07
0,0,4.3572686e-07
0,0,8.7315254e-07
0,0,4.426177e-07
0,0,3.4651563e-07
1,1,0.9999908
0,0,3.5407294e-07
0,0,4.9226037e-07
0,0,1.6881336e-06
1,1,0.999992
0,0,7.086046e-07
1,1,0.9999447
0,0,3.0165057e-07
0,0,2.923994e-07
0,0,4.1711195e-07
0,0,4.061561e-07
0,0,3.097266e-07
0,0,4.2588664e-07
0,0,3.5806215e-07
0,0,3.7480817e-07
0,0,3.7839936e-07
0,0,5.213874e-07
0,0,4.0263654e-07
0,0,5.4404853e-07
0,0,3.359403e-07
0,0,5.9614644e-07
1,1,0.9998574
0,0,3.279921e-07
0,0,5.452286e-07
0,0,2.898291e-07
0,0,6.5282956e-07
0,0,3.179891e-07
0,0,3.3535966e-07
0,0,5.5916956e-07
0,0,3.8646144e-07
0,0,3.2507953e-07
1,1,0.9999566
0,0,7.6519996e-07
1,1,0.99999166
0,0,4.144359e-07
0,0,7.7082717e-07
0,0,5.835882e-07
0,0,3.8579415e-07
0,0,7.01246e-07
0,0,5.065813e-07
1,0,6.992519e-07
0,0,5.6776685e-06
0,0,3.2805218e-07
1,0,1.6715463e-06
0,0,3.6072905e-07
0,0,2.8897512e-06
0,0,3.0308516e-07
1,0,7.614117e-07
0,0,4.2433027e-07
0,0,5.4863517e-07
0,0,4.076353e-07
0,0,1.2918537e-06
0,0,6.0322077e-07
0,0,5.4821726e-07
0,0,4.5241754e-07
0,0,4.2599956e-07
1,0,0.0002490905
0,0,7.5928374e-06
0,0,2.9690713e-07
0,0,4.5604855e-07
0,0,3.6417595e-07
0,0,5.1198697e-07
0,0,6.066968e-07
0,0,9.0327813e-07
0,0,4.0022394e-07
0,0,1.7709042e-06
0,0,2.8036976e-07
0,0,6.5375787e-07
0,0,5.5040755e-07
0,0,1.8008103e-06
0,0,3.2693904e-07
0,0,5.723786e-07
0,0,5.4798204e-07
0,0,0.00062376895
0,0,5.7450046e-07
1,0,0.002677556
0,0,5.0368317e-07
1,1,0.9999877
0,0,4.8663486e-07
0,0,3.3780333e-07
0,0,7.3701915e-07
0,0,5.497565e-07
0,0,1.1722418e-06
0,0,3.173438e-07
0,0,7.009618e-06
1,1,0.9923765
0,0,3.2334802e-07
0,0,4.1979158e-07
0,0,2.9336692e-07
0,0,5.5396896e-07
1,1,0.9999877
0,0,5.6108405e-07
0,0,4.984013e-07
0,0,4.5790028e-07
0,0,5.2466e-07
0,0,4.354037e-07
0,0,4.342422e-07
0,0,2.8103904e-07
0,0,6.8260965e-07
0,0,4.950101e-07
0,0,4.0341294e-07
0,0,5.6225497e-07
0,0,4.5824757e-07
1,1,0.9999937
0,0,1.179351e-06
0,0,7.9338827e-07
0,0,4.1096413e-07
0,0,4.1129894e-07
0,0,6.983369e-07
0,0,3.0393733e-07
0,0,4.1099193e-07
0,0,4.7860345e-07
0,0,4.7507191e-07
0,0,3.3029957e-07
0,0,4.3508658e-07
0,0,4.6070497e-07
0,0,4.989434e-07
0,0,3.4020317e-07
0,0,4.3127275e-07
1,0,0.0004302674
0,0,7.1506594e-07
0,0,3.6101915e-07
0,0,9.846588e-07
0,0,2.8605282e-07
0,0,3.7217555e-07
0,0,5.32566e-07
0,0,5.5170034e-07
1,1,0.9974717
0,0,2.957643e-07
0,0,3.9870469e-07
0,0,1.0720627e-06
0,0,4.8837643e-07
0,0,3.4156335e-07
0,0,3.2993438e-07
0,0,4.7807566e-07
1,1,0.99991953
0,0,5.1739704e-07
0,0,4.2266183e-07
0,0,1.206698e-06
0,0,3.1784054e-07
0,0,4.0468646e-07
0,0,3.561146e-07
0,0,4.6908866e-07
0,0,2.0722136e-06
0,0,3.2752232e-07
1,1,0.9999728
0,0,3.3828562e-07
0,0,4.823351e-07
0,0,4.416403e-07
0,0,4.3750944e-07
0,0,4.5802216e-07
0,0,3.5469986e-07
1,1,0.99997497
0,0,3.8791774e-07
0,0,4.6605913e-07
0,0,5.062553e-07
0,0,3.759469e-07
0,0,3.2555357e-07
0,0,4.4052726e-07
0,0,1.2180368e-06
0,0,3.5470188e-07
0,0,9.4230035e-07
1,0,5.943712e-06
0,0,4.933027e-07
0,0,6.0029055e-07
0,0,7.57794e-07
0,0,4.008022e-07
1,0,0.0014332919
0,0,6.7915e-07
0,0,6.168619e-07
0,0,3.5861885e-07
0,0,4.12232e-07
0,0,3.584448e-07
0,0,3.7135018e-07
0,0,4.7428784e-07
0,0,3.1180113e-07
1,1,0.9999832
0,0,4.2391767e-07
1,1,0.9999907
1,0,0.00023463328
0,0,3.8870357e-07
0,0,3.576165e-07
0,0,6.453458e-07
0,0,5.2321343e-07
0,0,5.5730567e-07
0,0,6.499621e-07
0,0,3.5603617e-07
0,0,6.0793917e-07
0,0,3.8410687e-07
0,0,2.8823342e-07
0,0,7.029494e-07
0,0,2.8554533e-07
0,0,5.581163e-07
0,0,3.5950575e-07
0,0,3.8020582e-07
0,0,4.1846974e-07
0,0,6.8090486e-07
0,0,1.5727921e-06
1,0,0.00097414776
0,0,6.1069704e-07
0,0,5.5824455e-07
0,0,3.734231e-07
0,0,3.248824e-07
0,0,4.076221e-07
0,0,3.289742e-07
0,0,3.6504875e-07
1,0,0.024168523
0,0,2.8564284e-07
0,0,3.1390996e-07
0,0,3.15016e-07
0,0,6.135118e-07
0,0,7.022606e-07
0,0,4.2667733e-07
0,0,3.703712e-07
0,0,6.1249693e-07
0,0,3.3280378e-07
0,0,3.2291416e-07
0,0,3.1789176e-07
0,0,3.4953658e-07
0,0,3.5825377e-07
0,0,4.049363e-07
0,0,1.3703169e-06
0,0,3.3614862e-07
0,0,4.549252e-07
0,0,2.942692e-07
0,0,4.278798e-07
0,0,1.0641754e-06
0,0,7.252565e-07
0,0,6.2329093e-07
0,0,4.2976674e-07
1,0,7.425886e-07
0,0,1.09809e-06
0,0,6.5901105e-07
0,0,3.7208326e-07
0,0,1.3326785e-06
0,0,9.1185717e-07
0,0,4.8704993e-07
0,0,3.0564325e-07
0,0,3.6905993e-07
0,0,9.740738e-07
1,1,0.99972945
0,0,4.3338125e-07
0,0,3.6997298e-07
0,0,2.8345914e-07
0,0,6.223518e-07
0,0,1.0545967e-06
0,0,4.148309e-07
0,0,3.0521886e-07
0,0,3.5988307e-07
0,0,4.1733392e-07
1,0,0.013343818
0,0,4.8543666e-07
0,0,1.009952e-06
0,0,4.1909516e-07
0,0,3.5383292e-07
0,0,3.0468289e-07
0,0,7.340891e-07
0,0,3.4119483e-07
0,0,6.7126524e-07
0,0,4.4929957e-06
0,0,3.408973e-06
0,0,4.6713112e-07
0,0,4.739008e-07
0,0,3.2776165e-07
1,1,0.9999336
0,0,3.350828e-07
0,0,3.076582e-07
0,0,3.0797818e-07
0,0,1.5940626e-06
0,0,4.5200957e-07
0,0,2.3191944e-05
0,0,4.9127175e-07
0,0,3.3223426e-07
0,0,4.0815658e-07
1,0,0.045098793
0,0,3.2147432e-07
0,0,3.48528e-07
0,0,1.5410028e-06
0,0,3.032711e-07
0,0,2.2194886e-06
0,0,5.276742e-07
0,0,4.196831e-07
0,0,3.1043098e-07
0,0,3.426413e-07
0,0,5.246244e-07
0,0,5.0168217e-07
0,0,6.014607e-07
0,0,7.660191e-07
0,0,2.788259e-07
1,0,0.010746725
0,0,3.528099e-07
0,0,3.9237813e-07
0,0,5.9635687e-07
0,0,4.7525631e-07
0,0,3.173214e-07
0,0,6.6928044e-07
1,1,0.99998605
0,0,3.2651312e-07
1,1,0.9999715
0,0,6.330242e-07
0,0,8.021015e-07
0,0,3.4151353e-07
0,0,8.661643e-07
0,0,6.488485e-07
0,0,3.9085324e-07
0,0,3.061996e-07
0,0,4.2728286e-07
0,0,3.1244946e-07
0,0,3.162097e-07
0,0,1.1523852e-06
0,0,6.064151e-07
0,0,5.192259e-07
1,1,0.99995923
0,0,5.404111e-07
0,0,4.4055795e-07
1,0,1.2445229e-05
1,1,0.9999094
1,1,0.9887172
0,0,6.166948e-07
0,0,3.442856e-07
0,0,3.0281157e-07
0,0,3.2801995e-07
0,0,7.541403e-07
0,0,3.037846e-07
0,0,3.079265e-07
0,0,3.0168337e-07
0,0,3.2390915e-07
0,0,3.608192e-07
0,0,3.4061222e-07
0,0,3.410907e-07
0,0,4.249665e-07
0,0,5.337054e-07
0,0,1.1290145e-06
0,0,5.2115126e-07
0,0,3.218323e-07
0,0,3.0463144e-07
0,0,3.2140687e-07
0,0,6.377482e-07
0,0,5.259299e-07
0,0,3.1409863e-07
1,1,0.9997286
0,0,3.1271e-07
0,0,3.2801495e-07
0,0,5.760459e-07
0,0,1.7466557e-06
0,0,1.0093839e-06
0,0,6.857534e-07
0,0,6.9213564e-07
0,0,5.0265436e-07
0,0,2.1270084e-06
0,0,4.219538e-07
0,0,7.6196375e-07
0,0,3.5198354e-07
0,0,1.8518126e-06
1,0,3.0727165e-06
0,0,7.7873904e-07
0,0,3.5998536e-07
0,0,1.4900046e-06
0,0,3.7215426e-07
0,0,3.3180774e-07
0,0,4.284752e-07
0,0,5.823567e-07
1,1,0.9999914
0,0,3.1300658e-07
0,0,3.785199e-07
0,0,5.77956e-07
0,0,3.5980725e-07
0,0,9.392803e-07
0,0,4.0896427e-07
0,0,7.301923e-07
0,0,3.3704166e-07
0,0,4.2294246e-07
0,0,2.8793863e-07
0,0,3.6434477e-07
0,0,4.0281245e-07
0,0,3.6902966e-07
0,0,7.2151875e-07
1,1,0.9999794
0,0,3.7996585e-07
0,0,6.533546e-07
0,0,2.689997e-07
0,1,0.9999641
1,1,0.99999106
0,0,0.013719164
1,0,0.0029142112
1,1,0.99996614
0,0,0.019096464
0,0,3.4005006e-07
0,0,5.8826345e-07
0,0,8.7670537e-07
0,0,4.0579755e-07
0,0,5.628162e-07
0,0,7.6084694e-07
0,0,9.4840476e-07
0,0,3.0701338e-07
0,0,6.8000886e-06
0,0,4.2550096e-07
0,0,2.7486828e-07
0,0,5.0570856e-07
0,0,4.6898936e-07
0,0,3.3262674e-07
0,0,5.7409295e-07
0,0,5.9551684e-07
0,0,4.1740876e-07
0,0,6.4093274e-07
1,1,0.9998542
0,0,6.0746856e-07
0,0,1.1688192e-06
0,0,2.9240718e-07
0,0,5.154182e-07
0,0,3.7765128e-07
0,0,4.235766e-07
0,0,6.254577e-07
0,0,1.041877e-06
0,0,0.0012068806
0,0,3.7790204e-07
0,0,4.8652254e-07
1,1,0.99995315
0,0,3.0587887e-07
0,0,1.6060978e-06
0,0,4.0245072e-07
0,0,4.4249572e-07
0,0,7.2724634e-07
1,0,4.3295267e-06
0,0,3.4216453e-07
0,0,4.2806755e-07
0,0,4.278688e-07
0,0,7.1255533e-07
0,0,3.254375e-07
0,0,4.924514e-07
0,0,3.677305e-07
0,0,3.817551e-07
0,0,3.0648215e-07
1,1,0.9999937
0,0,7.062763e-07
1,1,0.9999893
0,0,3.272401e-07
0,0,2.8515728e-07
0,0,1.27351e-06
0,0,4.1060645e-07
1,1,0.9999882
0,0,2.043549e-06
0,0,6.0182106e-07
0,0,5.6171154e-07
1,1,0.9999894
0,0,1.4557539e-06
0,0,4.3940824e-07
0,0,5.0569986e-07
0,0,1.1398461e-06
1,0,1.1058501e-06
0,0,4.185416e-07
1,1,0.9406819
0,0,3.4142397e-07
0,0,3.8488426e-07
0,0,1.2818714e-06
0,0,5.9537376e-07
0,0,3.1024157e-07
0,0,4.776833e-07
1,1,0.9999857
0,0,5.504611e-07
1,0,4.635595e-07
0,0,6.3773205e-06
0,0,4.6311192e-07
0,0,7.563846e-07
1,1,0.9999889
0,0,3.368983e-07
0,0,5.100288e-07
0,0,9.92408e-07
0,0,1.4597745e-06
0,0,4.409867e-07
0,0,5.289802e-07
0,0,5.777807e-07
0,0,3.795595e-07
0,0,9.205545e-07
0,0,3.2543502e-07
0,0,4.0924792e-07
0,0,3.6442853e-07
1,0,0.0039747003
0,0,1.1259458e-06
0,0,3.2678662e-07
0,0,3.607036e-07
1,0,0.00011226053
0,0,5.906149e-07
0,0,3.3151926e-07
0,0,5.460935e-07
0,0,4.2353903e-07
1,1,0.99980205
0,0,4.934212e-07
0,0,3.6702627e-07
0,0,1.1300573e-06
0,0,3.5297887e-07
0,0,3.885931e-07
0,0,5.332643e-07
0,0,4.192007e-07
0,0,8.856307e-07
0,0,3.6396486e-07
1,0,1.716588e-06
0,0,3.3203028e-07
0,0,3.9938132e-07
0,0,2.995944e-07
1,0,1.4115087e-06
0,0,4.518234e-07
0,0,4.114559e-07
0,0,7.5988686e-07
0,0,4.5246244e-07
0,0,5.4902927e-07
0,0,3.9601755e-07
0,0,4.478855e-07
0,0,6.529566e-07
0,0,4.537683e-07
0,0,3.057109e-07
0,0,3.6795117e-07
1,0,4.098426e-06
0,0,2.8623404e-07
0,0,2.9576373e-07
0,0,3.4879537e-07
0,0,3.118404e-07
0,0,1.7952856e-06
0,0,3.941303e-07
0,0,6.766571e-07
0,0,4.400851e-07
0,0,9.5256905e-07
0,0,4.6009683e-07
1,1,0.99999404
0,0,5.5597116e-07
0,0,4.9774957e-07
0,0,4.548989e-06
0,0,4.0295998e-07
0,0,4.0070668e-07
0,0,3.8555876e-07
0,0,3.2261065e-07
0,0,3.3251953e-07
0,0,6.4387956e-07
0,0,3.0926142e-07
0,0,3.1961264e-07
1,0,7.410718e-07
0,0,3.0855878e-07
0,0,2.88643e-07
0,0,3.7552695e-07
0,0,9.856349e-07
0,0,5.069118e-07
0,0,9.10538e-07
0,0,5.2415186e-07
1,1,0.9938595
0,0,3.923714e-07
0,0,4.092491e-07
0,0,3.5644828e-07
0,0,4.810553e-07
0,0,3.714593e-07
0,0,4.6338403e-07
0,0,3.01451e-07
0,0,2.9576853e-07
1,1,0.99999094
0,0,5.242483e-07
0,0,1.0441917e-06
0,0,2.9897276e-07
1,1,0.9999889
1,0,0.0017930978
0,0,4.0718461e-07
0,0,4.027099e-07
0,0,4.0749887e-07
0,0,5.320685e-07
0,0,3.2010254e-07
0,0,4.6050025e-07
0,0,3.01791e-07
0,0,2.0860375e-06
0,0,7.2888224e-07
0,0,5.268772e-07
0,0,3.7276948e-07
0,0,3.0615726e-07
1,0,7.7243806e-07
0,0,3.9910793e-07
0,0,4.8290394e-07
0,0,5.84052e-07
0,0,3.9069e-07
0,0,9.835823e-07
0,0,2.7995216e-07
0,0,0.0035010038
0,0,3.278023e-07
0,0,6.6773123e-07
0,0,4.2644464e-07
0,0,4.1900608e-07
0,0,4.8417763e-07
0,0,3.1467548e-07
0,0,3.4944992e-07
0,0,3.041811e-06
0,0,1.707593e-06
0,0,3.244941e-07
0,0,3.541648e-07
0,0,4.861376e-07
0,0,3.7081796e-07
0,0,6.856827e-07
0,0,3.2546356e-07
0,0,3.263114e-07
0,0,2.75782e-07
1,0,0.0055033937
0,0,4.162981e-07
0,0,8.94239e-06
0,0,1.67415e-06
0,0,2.8457754e-07
1,1,0.99998987
0,0,4.9327305e-06
0,0,3.463227e-07
0,0,4.4890325e-07
0,0,3.2837488e-07
0,0,3.1061518e-07
0,0,3.3464144e-07
0,0,3.810487e-07
0,0,1.0389826e-06
0,0,7.159701e-07
0,0,5.741061e-07
0,0,3.4382688e-07
0,0,4.652882e-07
1,1,0.99998784
0,0,4.1845496e-07
0,0,4.0011406e-07
0,0,3.0610474e-07
0,0,8.556275e-07
0,0,4.4975386e-07
0,0,1.3309791e-06
0,0,6.141295e-07
0,0,4.5369043e-07
0,0,3.749719e-07
0,0,6.346357e-07
0,0,6.1056073e-07
0,0,3.3176312e-07
0,0,3.7309312e-07
0,0,3.751232e-07
0,0,7.1462824e-07
0,0,9.706946e-07
0,0,4.9063306e-07
0,0,3.124435e-07
0,0,6.247465e-07
0,0,5.066605e-07
0,0,1.3683162e-06
0,0,2.8831013e-07
0,0,2.9139056e-07
0,0,8.021857e-07
0,0,9.361432e-07
0,0,4.9882635e-07
0,0,3.6714286e-07
0,0,4.1334172e-07
0,0,3.5219742e-07
0,0,4.5280348e-07
0,0,4.0163022e-07
0,0,2.9306295e-07
0,0,3.4030865e-07
0,0,1.6436113e-06
0,0,3.169908e-07
0,0,4.1960269e-07
1,1,0.99995863
0,0,4.625112e-07
0,0,1.2102511e-06
0,0,5.917103e-07
0,0,5.4256043e-07
0,0,3.7469846e-07
0,0,1.000017e-06
0,0,3.324821e-07
0,0,3.1838238e-07
0,0,4.2303444e-07
1,1,0.9999567
0,0,3.7232678e-07
0,0,4.31914e-07
0,0,3.011335e-07
0,0,4.830707e-07
0,0,3.66124e-07
0,0,1.2206882e-06
0,0,4.3632983e-07
0,0,3.6698464e-07
0,0,9.887643e-07
0,0,3.19132e-07
0,0,4.7614597e-07
0,0,6.069804e-07
0,0,2.8797044e-06
0,0,3.9474494e-07
0,0,8.9612826e-07
1,1,0.999835
0,0,4.975194e-07
1,1,0.9999713
0,0,3.828284e-07
1,1,0.9999776
0,0,2.8649484e-07
0,0,3.185014e-07
0,0,4.036523e-07
0,0,2.9330315e-07
1,0,0.009571931
0,0,1.0108134e-06
0,0,3.389444e-07
0,0,4.3697693e-07
0,0,3.451526e-06
1,1,0.99996173
0,0,4.7305915e-07
0,0,1.0097248e-06
0,0,3.453372e-07
0,0,3.9529345e-07
0,0,8.434756e-07
0,0,4.486144e-07
0,0,3.235942e-07
0,0,4.230393e-07
1,0,2.393538e-06
0,0,3.483147e-07
0,0,2.810058e-07
0,0,4.0056148e-07
1,1,0.9999919
0,0,3.7172506e-07
0,0,8.9922474e-07
0,0,7.8745586e-07
0,0,3.8298177e-07
0,0,4.4471932e-07
0,0,4.1298512e-07
0,0,3.1596133e-07
0,0,6.148766e-07
0,0,5.5849273e-07
0,0,8.5662685e-07
1,1,0.99994814
0,0,3.080754e-07
0,0,3.7114592e-06
0,0,4.699143e-07
1,1,0.99998057
0,0,5.840781e-07
0,0,7.265926e-07
0,0,5.757697e-07
0,0,6.4589375e-07
0,0,5.644642e-07
0,0,4.2996885e-07
1,1,0.9354172
0,0,3.3737254e-07
0,0,4.83777e-07
0,0,4.6150353e-07
0,0,7.607761e-06
0,0,4.290108e-07
0,0,2.946587e-07
0,0,4.1321445e-07
0,0,5.829846e-07
0,0,7.892715e-07
1,1,0.99998593
0,0,4.2058463e-07
0,0,3.284726e-07
0,0,3.4319692e-07
0,0,2.956374e-07
0,0,4.3916066e-07
1,0,7.0446604e-06
0,0,3.701258e-07
0,0,4.5183072e-07
0,0,3.8998235e-07
0,0,3.5823123e-07
0,0,3.4007147e-07
0,0,3.372323e-07
0,0,3.5082232e-07
0,0,5.523294e-07
0,0,5.914034e-07
0,0,3.9786715e-07
0,0,1.08157e-06
0,0,4.2718509e-07
0,0,4.0391726e-07
0,0,3.2027353e-07
0,0,3.1855336e-07
0,0,3.7060371e-07
1,1,0.9999821
0,0,4.6479678e-07
0,0,3.116655e-06
0,0,5.604434e-07
0,0,4.6124921e-07
0,0,1.1698519e-06
0,0,7.476844e-07
0,0,7.4201523e-07
1,1,0.9999492
0,0,3.7668764e-07
1,1,0.99998224
0,0,4.13774e-07
0,0,3.4517421e-07
0,0,3.8833932e-07
0,0,6.298711e-07
0,0,3.849518e-07
0,0,5.8266335e-07
0,0,3.3916655e-07
0,0,5.665125e-07
1,1,0.9224875
0,0,6.618844e-07
0,0,3.3899707e-07
0,0,4.009873e-07
0,0,3.6295756e-07
1,1,0.9999639
0,0,8.038161e-07
0,0,6.5518094e-07
0,0,4.5995162e-07
0,0,4.768062e-07
0,0,2.8463995e-07
0,0,3.8200346e-07
0,0,6.3831435e-06
0,0,4.5879597e-07
0,0,3.7267066e-07
0,0,3.503282e-07
0,0,4.6880868e-07
0,0,4.5988057e-07
1,1,0.9999914
0,0,4.2662285e-07
0,0,6.581154e-07
1,1,0.99811965
0,0,2.492541e-06
1,0,8.1617924e-07
0,0,6.776774e-07
0,0,3.1629236e-07
1,0,0.00017355473
0,0,9.702577e-07
0,0,3.2880106e-07
0,0,3.0172254e-07
0,0,3.6278732e-07
0,0,4.0821266e-07
0,0,3.584848e-07
0,0,2.1873664e-06
0,0,5.8349025e-07
0,0,6.743663e-07
1,1,0.99944216
0,0,4.922894e-07
0,0,3.4958427e-07
1,1,0.99999034
0,0,4.7027208e-07
0,0,2.9924206e-07
0,0,4.2727876e-07
0,0,4.0815112e-07
0,0,1.7498969e-06
1,1,0.99998987
0,0,4.104702e-07
0,0,6.777343e-07
1,1,0.99998975
0,0,4.290681e-07
0,0,1.6679935e-05
0,0,2.8764276e-07
0,0,1.2773316e-06
0,0,2.9494237e-07
0,0,3.205302e-07
0,0,3.4604537e-07
0,0,7.204818e-07
0,0,3.4817987e-07
0,0,4.9390333e-06
0,0,3.0966575e-07
0,0,4.2379196e-07
0,0,3.5264915e-07
0,0,5.4844433e-05
0,0,4.0809923e-06
0,0,2.9216415e-07
0,0,6.351182e-07
0,0,3.5166445e-07
0,0,7.309956e-07
0,0,1.1129724e-06
0,0,7.4530874e-07
1,1,0.9999883
0,0,4.6460087e-07
0,0,3.6827376e-07
0,0,4.4651352e-07
0,0,6.0812414e-07
0,0,6.3062606e-07
0,0,2.9906232e-07
0,0,6.888037e-07
0,0,7.3484415e-07
0,0,6.048401e-07
0,0,3.3727926e-07
0,0,2.9897276e-07
0,0,3.0263604e-07
0,0,4.8095256e-07
0,0,3.9329933e-07
0,0,3.184759e-07
0,0,8.633274e-07
0,0,5.2437235e-07
0,0,3.7662946e-07
0,0,7.640361e-07
0,0,3.105435e-07
0,0,4.5333144e-07
0,0,4.9860853e-07
0,0,5.0180756e-07
0,0,3.6225558e-07
0,0,6.346841e-07
1,1,0.9999894
0,0,3.175727e-07
0,0,4.416837e-07
0,0,9.381479e-07
0,0,6.5160054e-07
0,0,4.9750946e-07
0,0,1.0721824e-06
1,0,2.4548443e-05
0,0,3.5672983e-07
0,0,3.0666692e-07
0,0,2.960256e-07
0,0,3.6108216e-07
0,0,2.910509e-07
0,0,4.1761024e-07
0,0,3.7598778e-07
0,0,4.1125975e-07
0,0,3.076189e-07
0,0,0.00051532977
0,0,8.1417113e-07
0,0,8.0509875e-07
0,0,3.4905756e-07
0,0,4.0371353e-07
0,0,5.7239225e-07
0,0,7.0372477e-07
0,0,3.3884257e-07
0,0,9.18245e-07
0,0,3.776239e-07
0,0,5.9097323e-07
0,0,6.99769e-07
0,0,3.4944728e-07
0,0,6.0084557e-07
0,0,6.2287256e-07
0,0,4.828469e-07
0,0,3.0620052e-07
0,0,6.9380104e-07
0,0,3.4608564e-07
0,0,4.5554648e-07
0,0,3.3795382e-07
0,0,1.3763268e-06
0,0,3.3660095e-07
0,0,3.5314991e-07
0,0,3.2785982e-07
0,0,2.1997191e-06
0,0,3.0815622e-07
1,0,0.0037539941
0,0,4.576737e-07
0,0,4.1129425e-07
0,0,3.5043777e-07
0,0,3.758408e-07
0,0,4.3990846e-07
0,0,2.9160682e-07
0,0,1.5480051e-06
0,0,8.416861e-07
1,1,0.9999689
0,0,3.6809823e-07
0,0,5.5159794e-06
0,0,6.7184357e-07
0,0,4.0413033e-07
0,0,9.4459824e-07
0,0,4.5907345e-07
0,0,2.406853e-06
0,0,5.2029066e-07
0,0,5.586525e-07
0,0,7.1662093e-06
1,1,0.9992384
0,0,6.4037494e-07
0,0,2.8644158e-07
1,0,6.164059e-06
0,0,3.5671658e-07
0,0,2.8262883e-07
0,0,3.746116e-07
0,0,3.2800057e-07
0,0,7.082357e-07
0,0,3.80769e-07
1,0,0.0007453475
0,0,6.671935e-06
0,0,1.2445659e-06
0,0,5.0690505e-07
0,0,4.4516995e-07
0,0,4.187444e-07
0,0,2.9122165e-07
0,0,7.7091096e-07
0,0,3.388833e-07
0,0,5.060511e-07
0,0,5.1301043e-07
0,0,8.2591043e-07
0,0,6.0111324e-07
0,0,3.856014e-07
0,0,3.5854669e-07
0,0,2.8889417e-07
0,0,3.0903115e-07
0,0,3.8773948e-07
0,0,3.5104054e-07
0,0,5.0271666e-07
0,0,3.5950367e-07
0,0,3.4300615e-07
0,0,2.8354137e-07
0,0,9.585151e-07
0,0,4.9715845e-07
0,0,4.1607657e-07
0,0,7.2399047e-07
0,0,3.091293e-07
0,0,3.7351748e-07
0,0,3.2508078e-07
0,0,2.8637e-07
0,0,3.915946e-07
0,0,4.5326573e-07
0,0,3.1115894e-07
0,0,3.0259966e-07
0,0,7.55348e-07
0,0,2.904204e-07
0,0,4.344141e-07
0,0,5.130437e-07
0,0,4.9284745e-07
0,0,5.781246e-07
0,0,4.3197088e-07
0,0,7.492769e-07
0,0,7.9276884e-07
0,0,4.8601703e-07
0,0,6.5272314e-07
0,0,3.7806532e-07
0,0,3.2792235e-07
0,0,4.2966144e-07
0,0,4.824892e-07
1,0,0.017282495
1,1,0.9999908
0,0,1.9017263e-06
0,0,7.670228e-07
0,0,5.147089e-07
0,0,5.7622174e-07
0,0,5.2832684e-07
0,0,1.2606083e-06
0,0,3.0951517e-07
0,0,6.956448e-05
0,0,1.1423404e-06
0,0,2.986536e-07
0,0,7.568291e-07
0,0,3.2260573e-07
0,0,3.3823562e-07
0,0,3.863339e-07
0,0,9.0308515e-07
0,0,5.2981324e-07
1,1,0.9998273
0,0,4.1184845e-07
1,1,0.99998736
0,0,3.286086e-07
0,0,3.182664e-07
0,0,5.4322993e-07
0,0,5.0782927e-07
0,0,4.930449e-07
0,0,4.2036086e-07
0,0,5.31963e-07
0,0,2.8732745e-07
0,0,4.323183e-07
0,0,6.441271e-07
0,0,4.4796798e-07
0,0,8.6944993e-07
0,0,5.952364e-07
0,0,6.149869e-07
0,0,3.6684048e-07
0,0,5.731882e-07
0,0,3.2588596e-07
1,1,0.99998856
0,0,1.334683e-06
0,0,3.617833e-07
0,0,4.698256e-07
0,0,1.3226204e-05
0,0,7.6583507e-07
0,0,2.4365552e-06
0,0,7.922473e-07
0,0,3.030259e-07
0,0,8.0541287e-07
0,0,4.6819223e-06
0,0,6.064926e-07
0,0,3.2438396e-07
0,0,3.2386774e-07
0,0,3.259245e-07
0,0,4.1235901e-07
1,1,0.9999865
0,0,4.028972e-06
0,0,4.4583828e-07
0,0,7.434063e-07
1,1,0.9999914
1,1,0.99997294
1,1,0.9998497
0,0,3.9537977e-07
0,0,5.5375506e-07
0,0,1.4980909e-05
0,0,3.572984e-07
0,0,1.1934962e-06
0,0,6.234966e-07
0,0,4.6026932e-07
1,1,0.9999862
0,0,3.2421477e-07
0,0,3.7042633e-07
0,0,7.40311e-07
0,0,8.716566e-07
0,0,3.9115827e-07
0,0,5.298092e-07
0,0,5.056449e-07
0,0,1.149642e-06
0,0,4.167986e-07
0,0,4.2158655e-07
0,0,5.2272264e-07
0,0,3.761571e-07
0,0,3.0263314e-07
0,0,3.662099e-07
0,0,3.6861076e-07
1,1,0.9999875
0,0,4.0662425e-07
0,0,9.387806e-07
0,0,5.892169e-07
0,0,3.6058904e-07
0,0,3.260613e-07
0,0,1.7620496e-06
0,0,5.666324e-07
0,0,3.1650356e-07
0,0,3.4179928e-07
0,0,3.9905314e-07
0,0,2.870106e-07
0,0,1.0290212e-06
0,0,3.390514e-07
0,0,9.889171e-07
0,0,8.6541127e-07
0,0,7.8445396e-07
0,0,4.048235e-07
0,0,3.9886365e-07
1,0,0.01593442
0,0,3.9279107e-07
0,0,4.2737332e-07
0,0,5.127443e-07
0,0,1.0189248e-06
0,0,6.0975253e-07
0,0,4.7530574e-07
0,0,3.2543502e-07
0,0,4.0627114e-07
0,0,6.585235e-07
0,0,6.0680446e-07
1,1,0.9999554
0,0,4.005829e-07
0,0,6.179187e-07
1,1,0.99964297
0,0,2.724443e-07
0,0,5.2781814e-07
0,0,3.7510318e-07
0,0,4.5581288e-07
0,0,3.2334495e-07
0,0,8.9198744e-05
0,0,3.3287554e-07
0,0,2.8237534e-07
0,0,1.9455622e-06
0,0,5.526498e-07
0,0,4.4595265e-07
0,0,3.0122828e-07
0,0,6.1544745e-07
0,0,3.7436948e-07
0,0,4.7867195e-07
0,0,7.7182244e-07
0,0,3.5877483e-07
0,0,4.0251754e-07
0,0,4.1321482e-07
1,0,4.9121318e-05
0,0,3.2291445e-07
1,0,4.6217397e-06
0,1,0.9999155
0,0,4.3614426e-07
1,1,0.9999893
0,0,3.0764295e-07
0,0,6.5772014e-07
0,0,5.818127e-07
0,0,3.4094825e-07
0,0,3.2458635e-07
0,0,3.8519894e-07
1,1,0.9999547
0,0,3.0901202e-07
0,0,5.020033e-07
0,0,3.352944e-07
0,0,3.304842e-07
0,0,3.6282674e-07
0,0,1.8100409e-06
0,0,3.883323e-07
0,0,6.008559e-07
0,0,3.236655e-07
0,0,3.2602895e-07
1,1,0.9999895
1,0,2.4434196e-06
0,0,3.0099423e-07
0,0,6.1036803e-07
0,0,3.5622838e-07
1,0,0.42087355
0,0,3.801391e-07
0,0,5.5191134e-07
0,0,2.6680607e-07
0,0,5.254266e-07
0,0,3.5173892e-07
1,1,0.99998736
1,0,0.0013695712
0,0,5.0684514e-07
1,0,0.00092260994
1,1,0.9999293
0,0,2.9635777e-07
0,0,6.711993e-07
0,0,3.8467215e-07
0,0,4.2907303e-07
1,0,0.08783578
0,0,3.9360967e-07
0,0,3.18e-07
0,0,2.6171945e-06
0,0,4.9408425e-07
0,0,6.3383607e-07
0,0,2.9637303e-07
0,0,1.7321544e-06
0,0,3.5819195e-07
0,0,2.8391827e-07
0,0,3.9188e-07
0,0,6.739336e-07
1,0,8.034857e-07
0,0,4.1617423e-07
0,0,4.6055558e-07
0,0,2.582944e-06
0,0,5.145656e-07
0,0,4.5761175e-07
0,0,2.9845486e-07
0,0,7.806002e-07
0,0,6.868097e-07
0,0,3.5840822e-07
0,0,3.234831e-07
0,0,5.879376e-06
0,0,4.0528863e-07
0,0,4.7365228e-07
0,0,3.444058e-07
0,0,3.2891148e-07
0,0,6.1134153e-07
1,1,0.9998914
0,0,3.940243e-07
0,0,3.4775243e-07
0,0,1.0057988e-06
0,0,2.8752976e-07
0,0,3.068126e-07
0,0,5.95141e-07
0,0,1.9353804e-06
1,0,2.4478975e-06
0,0,3.21894e-07
0,0,4.1650176e-07
0,0,3.5968475e-07
0,0,6.101021e-07
0,0,3.9471672e-07
0,0,3.2272266e-07
0,0,4.4529776e-07
0,0,7.385636e-07
0,0,3.191253e-07
0,0,1.1396418e-06
1,1,0.99998915
0,0,5.273437e-07
0,0,3.1503492e-07
0,0,1.5553226e-06
0,0,2.8173994e-07
0,0,5.7529763e-07
0,0,3.109311e-07
0,0,2.8382408e-07
0,0,4.036119e-07
0,0,3.7205987e-07
0,0,5.1923587e-07
0,0,7.4435405e-07
0,0,3.5104924e-07
0,0,3.8815014e-07
0,0,5.140163e-07
0,0,8.035585e-06
0,0,3.2909628e-07
1,0,1.6705424e-06
0,0,6.090255e-07
0,0,5.4257805e-07
0,0,1.9456013e-06
0,0,3.601987e-06
0,0,4.5224243e-07
0,0,3.811857e-07
0,0,3.3259627e-07
0,0,4.3693942e-07
0,0,4.0492623e-07
0,0,1.2109726e-06
0,0,4.6346975e-07
0,0,4.807269e-07
0,0,3.4045567e-07
0,0,5.327656e-07
0,0,3.69937e-07
0,0,2.875835e-07
0,0,3.386407e-07
0,0,3.113798e-07
0,0,4.3882952e-07
0,0,3.435103e-07
0,0,4.7203523e-07
0,0,1.3739755e-06
0,0,3.7892838e-07
0,0,4.512679e-07
0,0,3.2205796e-07
0,0,3.8771617e-07
0,0,1.5069717e-06
0,0,1.8046856e-06
0,0,3.161024e-07
1,0,0.0099425465
0,0,5.605717e-07
0,0,5.682548e-07
0,0,2.9601063e-07
0,0,3.3331455e-07
0,0,6.338941e-07
0,0,8.4523833e-07
0,0,3.528362e-07
0,0,3.812388e-07
0,0,4.0564743e-07
0,0,2.7381444e-07
0,0,4.793389e-07
0,0,5.0030235e-07
1,1,0.9999864
0,0,2.836709e-07
0,0,4.080165e-07
0,0,4.4934657e-07
0,0,2.789464e-05
0,0,4.6939834e-07
0,0,1.6189259e-06
0,0,3.340554e-07
1,1,0.99992096
0,0,4.5911239e-07
0,0,3.9531383e-07
0,0,5.3897827e-07
0,0,3.8094623e-07
0,0,3.3021075e-07
0,0,4.747852e-07
0,0,6.5183053e-07
0,0,1.3573882e-06
0,0,5.4819844e-07
0,0,5.6139345e-07
0,0,3.9498934e-07
0,0,3.9232535e-07
0,0,5.157113e-07
0,0,6.353636e-07
0,0,5.0930703e-07
1,1,0.9999175
0,0,3.441884e-07
0,0,3.8756053e-07
0,0,4.2682834e-07
0,0,3.6450396e-07
0,0,1.2304159e-06
0,0,4.3159122e-07
0,0,3.73567e-07
0,0,3.6928947e-07
0,0,3.08148e-07
0,0,3.8645442e-07
0,0,2.8766578e-07
0,0,4.4864345e-07
1,0,2.64353e-05
0,0,1.9604552e-06
0,0,3.0842023e-07
0,0,6.9291434e-07
0,0,5.893225e-07
0,0,3.3756726e-07
0,0,2.8875644e-07
0,0,5.71203e-07
0,0,5.3808054e-07
0,0,5.890949e-07
0,0,5.3628605e-07
0,0,4.3333662e-07
0,0,8.669651e-07
0,0,3.200622e-07
0,0,7.1195217e-07
0,0,2.8745353e-07
0,0,6.213158e-07
0,0,5.2972234e-07
1,1,0.999949
0,0,4.488215e-07
0,0,3.7194138e-07
0,0,8.020097e-07
0,0,4.4017995e-07
1,1,0.9999155
0,0,1.5172535e-06
0,0,4.3664286e-07
0,0,4.993052e-07
1,0,0.00045847328
0,0,9.3653426e-07
0,0,6.8741383e-07
0,0,5.7441065e-07
0,0,9.438365e-07
0,0,1.4072426e-06
0,0,7.726186e-07
0,0,7.025795e-07
0,0,5.223828e-07
0,0,6.271905e-07
0,0,3.5158666e-07
0,0,6.584067e-07
0,0,4.562008e-07
0,0,4.0486174e-07
0,0,3.9233996e-07
0,0,7.7464455e-07
0,0,1.0154665e-06
0,0,3.365425e-07
0,0,4.7133395e-07
0,0,3.430261e-07
0,0,2.9837858e-07
0,0,3.7162584e-07
0,0,3.0050666e-07
0,1,0.9999033
0,0,4.3905388e-07
0,0,3.027954e-07
0,0,5.1120725e-07
0,0,3.0526604e-07
0,0,1.700785e-06
0,0,2.7140516e-06
0,0,4.6049323e-07
0,0,7.7700315e-07
0,0,4.2537354e-07
0,0,3.4093785e-07
0,0,4.434103e-07
0,0,4.6798232e-07
0,0,9.3024096e-07
0,0,5.894293e-07
0,0,3.1431438e-07
0,0,9.757679e-07
0,0,8.18037e-07
0,0,3.3743368e-07
0,0,4.6667472e-07
1,0,5.0336814e-07
0,0,3.5099836e-07
0,0,5.161142e-07
1,1,0.99998033
0,0,3.6883438e-07
0,0,3.996587e-07
0,0,1.2468646e-06
1,1,0.999992
0,0,3.7839862e-07
0,0,1.0687634e-06
0,0,1.0269271e-06
0,0,9.201683e-07
0,0,3.3480296e-07
0,0,3.350221e-07
0,0,3.5795767e-07
0,0,2.438131e-06
0,0,5.1999007e-07
1,1,0.99994195
0,0,3.2096915e-07
0,0,3.041551e-07
0,0,3.4767783e-07
0,0,6.7802523e-07
0,0,7.7580444e-07
1,0,3.1915908e-05
0,0,3.6336624e-07
1,1,0.99998367
0,0,3.9700487e-07
0,0,1.4512323e-06
0,0,3.146773e-07
0,0,7.512912e-05
0,0,6.006857e-07
0,0,3.3451062e-07
0,0,5.131347e-07
0,0,4.129064e-07
0,0,3.030999e-07
0,0,7.8627846e-07
1,0,0.00016856127
0,0,5.59836e-07
0,0,4.669338e-07
0,0,5.6850956e-07
0,0,4.4883944e-07
0,0,8.712295e-07
0,0,5.859567e-07
0,0,5.1887844e-07
0,0,7.4020585e-07
0,0,3.642753e-07
0,0,9.438977e-07
0,0,1.8272406e-06
1,1,0.99997413
0,0,1.2978996e-06
0,0,3.5222834e-07
0,0,5.1950525e-07
0,0,3.5414283e-07
0,0,3.4091704e-07
1,1,0.99999154
0,0,5.645015e-06
0,0,2.7381913e-07
0,0,3.889943e-07
0,0,4.3876088e-07
1,1,0.93255746
0,0,4.5982006e-07
0,0,3.4287311e-06
1,1,0.9998579
1,0,2.6494445e-06
0,0,5.340272e-07
0,0,3.2453806e-07
0,0,4.0160305e-07
0,0,3.201013e-07
1,1,0.99989474
0,0,3.0351904e-07
0,0,3.3430206e-07
0,0,2.612237e-07
0,0,7.1412137e-07
0,0,7.290143e-07
1,0,0.00094996626
0,0,1.0265952e-06
0,0,4.1089123e-07
0,0,1.2897044e-06
1,1,0.9999883
0,0,3.1037819e-06
0,0,3.0090757e-07
0,0,5.854048e-07
0,0,3.305605e-07
0,0,4.6104074e-07
0,0,1.1441972e-06
0,0,1.5374357e-06
0,0,4.127615e-07
0,0,2.9786406e-07
0,0,2.8454713e-07
0,0,0.0035034935
0,0,3.8105378e-07
0,0,3.7329102e-07
0,0,2.4505263e-05
0,0,3.3673768e-07
0,0,5.661376e-07
0,0,3.1013448e-07
0,0,5.1905363e-07
0,0,3.0673945e-07
0,0,3.6666313e-07
0,0,6.586868e-07
0,0,3.401662e-07
0,0,4.009563e-07
1,1,0.9999924
0,0,6.697938e-07
0,0,4.0183406e-07
0,0,0.00041684817
0,0,3.2356456e-07
0,0,5.601666e-07
0,0,3.8486297e-07
0,0,8.310508e-07
0,0,8.2260885e-07
0,0,3.2088377e-07
0,0,3.3037455e-07
0,0,4.6984172e-07
0,0,1.2927977e-06
0,0,2.8799136e-07
0,0,1.2588388e-06
1,1,0.9999826
1,1,0.9999684
0,0,7.66481e-07
0,0,4.5704314e-06
0,0,6.690877e-07
0,0,1.4662679e-06
0,0,7.034645e-07
0,0,6.584676e-07
0,0,3.3006907e-07
0,0,3.5069792e-07
0,0,5.1512933e-07
0,0,3.5392708e-07
0,0,4.2529084e-07
0,0,4.5233386e-07
0,0,5.189141e-07
0,0,4.0877285e-07
1,1,0.9999651
0,0,4.2195862e-07
1,1,0.9999753
0,0,4.2674694e-07
0,0,5.0721064e-07
0,0,1.0342789e-06
0,0,4.3434366e-07
0,0,2.7831368e-07
0,0,5.5791566e-07
0,0,4.540852e-07
0,0,4.871447e-07
1,1,0.99999094
0,0,4.4733696e-07
0,0,3.3036858e-07
0,0,4.7885504e-07
0,0,3.0837379e-07
0,0,7.098085e-07
0,0,1.2763112e-06
0,0,3.092626e-07
0,0,2.9006083e-07
0,0,4.3983002e-07
0,0,3.6273232e-07
0,0,5.350799e-07
0,0,3.7275808e-07
0,0,5.968308e-07
0,0,5.753487e-07
0,0,4.1779742e-07
0,0,3.581342e-07
0,0,5.9428794e-07
0,0,4.841315e-07
0,0,1.419323e-06
0,0,3.5646661e-07
0,0,5.396397e-07
0,0,3.0661076e-07
0,0,5.1885473e-07
0,0,4.1983242e-07
1,1,0.9911875
0,0,5.148925e-07
0,0,6.5865163e-07
0,0,4.4704356e-07
0,0,3.4365183e-07
0,0,4.0643818e-07
0,0,4.0521326e-07
0,0,3.990326e-07
0,0,3.5895826e-07
1,0,0.00060314225
0,0,6.16776e-07
1,0,1.0568751e-06
0,0,3.9608136e-07
0,0,4.8612276e-07
0,0,3.0312188e-07
0,0,3.672325e-07
0,0,6.1839916e-07
0,0,7.091691e-07
0,0,3.8668998e-07
0,0,7.4643975e-07
0,0,5.830358e-07
0,0,3.283511e-07
0,0,4.335722e-07
0,0,5.0346125e-07
0,0,1.993218e-06
1,1,0.99998736
1,0,1.8182988e-06
0,0,3.3310036e-07
0,0,8.715303e-07
0,0,3.4735206e-07
0,0,9.4597937e-07
0,0,4.3981322e-07
0,0,1.2255791e-06
0,0,3.4875845e-07
0,0,3.1531627e-07
0,0,4.3807685e-07
0,0,3.2773386e-07
0,0,5.351503e-07
0,0,3.9621852e-07
0,0,5.942732e-07
0,0,3.3932247e-07
0,0,4.6700774e-07
0,0,1.0909109e-05
0,0,2.660565e-07
0,0,6.6589087e-07
0,0,2.156315e-06
0,0,9.236693e-07
0,0,3.2404928e-06
0,0,3.4723777e-07
0,0,6.521899e-07
0,0,7.8896903e-07
0,0,3.7121742e-07
0,0,3.5675023e-07
1,1,0.9999839
0,0,3.0848378e-07
0,0,3.991913e-07
0,0,3.2305707e-07
0,0,3.0363688e-07
1,0,5.7155273e-07
1,1,0.9999167
0,0,3.5073901e-07
0,0,3.494386e-07
0,0,7.4777216e-07
0,0,3.292212e-07
0,0,0.001390821
0,0,4.8628783e-07
1,0,0.10294394
0,0,3.8478296e-07
1,0,3.6943113e-06
0,0,3.788919e-07
0,0,4.7278763e-07
0,0,3.2163746e-07
0,0,3.3285298e-07
0,0,3.5122707e-07
0,0,9.597353e-07
0,0,3.0112977e-07
0,0,3.5674276e-07
0,0,5.006092e-07
1,1,0.99999
0,0,4.4126858e-07
0,0,2.9421923e-07
0,0,3.5153033e-07
0,0,1.6316529e-06
0,0,1.3589179e-06
0,0,3.9376812e-07
0,0,3.2980162e-07
0,0,3.319549e-07
0,0,3.1824334e-07
0,0,2.0968178e-06
0,0,4.978388e-07
0,0,3.6960873e-06
1,0,8.2343774e-07
0,0,4.8283306e-07
0,0,3.0062188e-07
0,0,3.2723509e-07
1,0,3.2298558e-07
0,0,4.1468695e-07
1,1,0.9999926
0,0,5.198195e-07
1,1,0.99984515
0,0,3.408985e-07
0,0,2.6341945e-07
0,0,3.5598728e-07
0,0,5.8915386e-05
0,0,3.9970368e-07
0,0,3.6256594e-07
0,0,3.6708053e-07
0,0,4.7697677e-07
0,0,3.422455e-07
0,0,1.8855345e-06
0,0,9.5259895e-07
0,0,4.4906727e-07
0,0,3.5253413e-07
0,0,7.1834677e-07
0,0,7.2222645e-07
0,0,3.0378635e-07
0,0,2.5082334e-06
0,0,4.0453253e-07
0,0,2.8390582e-07
0,0,1.8976355e-06
1,1,0.9997855
0,0,8.517709e-07
0,0,0.0003012866
0,0,5.424466e-07
0,0,4.279035e-07
0,0,1.0903804e-06
0,0,3.111536e-07
0,0,3.2575545e-07
0,0,4.4773645e-07
0,0,2.9666685e-07
1,1,0.99984324
0,0,3.269013e-07
0,0,3.0022335e-07
0,0,3.1272194e-07
1,1,0.9999633
0,0,2.9225748e-07
1,1,0.9999931
0,0,2.817851e-07
0,0,8.0903567e-07
0,0,1.5827062e-06
0,0,7.0956554e-07
0,0,3.0372348e-07
0,0,4.4866485e-07
0,0,3.169346e-07
1,1,0.99972206
0,0,5.3835873e-07
0,0,3.4281814e-07
0,0,3.6266175e-07
0,0,3.461906e-07
0,0,3.134684e-07
0,0,4.155365e-07
0,0,1.876234e-06
0,0,4.2601175e-07
1,1,0.9999833
0,0,2.7548447e-07
0,0,6.181356e-07
0,0,4.084206e-07
0,0,2.9947557e-07
0,0,4.12982e-07
0,0,2.886078e-07
0,0,3.1174469e-07
0,0,7.598071e-07
0,0,6.5569225e-07
0,0,7.11064e-07
0,0,3.2245316e-07
0,0,6.279279e-07
0,0,3.622591e-06
0,0,9.0554823e-07
0,0,4.1132486e-07
0,0,3.654664e-07
0,0,3.2386373e-07
0,0,3.65102e-07
0,0,2.8640827e-07
0,0,5.6235797e-07
0,0,3.3919824e-07
0,0,5.2006993e-07
0,0,2.7852925e-06
0,0,3.9068144e-07
0,0,5.539436e-07
0,0,5.5194766e-07
0,1,0.8515048
0,0,3.4173188e-06
0,0,1.0686849e-06
0,0,5.0228823e-07
0,0,2.9592087e-07
0,0,3.1370556e-07
0,0,9.0340393e-07
0,0,3.4882495e-07
0,0,7.442604e-07
0,0,4.114488e-07
0,0,5.5836864e-07
0,0,3.692247e-07
0,0,3.00619e-06
0,0,3.6836192e-07
0,0,4.2240714e-07
1,1,0.9999194
0,0,3.6810735e-07
0,0,6.791293e-07
0,0,7.0341076e-07
0,0,4.7983286e-07
0,0,3.1425563e-07
0,0,8.3472685e-07
0,0,3.0283118e-07
0,0,4.3524346e-07
0,0,1.8247574e-06
0,0,3.119106e-07
0,0,4.1073412e-07
0,0,3.691891e-07
0,0,3.7027164e-07
0,0,1.4505197e-06
0,0,1.1136307e-06
0,0,2.396e-06
0,0,3.1696604e-07
0,0,5.775367e-06
0,0,3.9349518e-07
0,0,5.429725e-07
1,1,0.9999887
0,0,3.47158e-07
0,0,3.2028422e-07
0,0,5.377748e-07
0,0,7.774598e-07
0,0,2.8749383e-07
0,0,3.2707e-07
0,0,4.3253726e-07
1,1,0.9999926
0,0,3.013435e-07
0,0,2.9307608e-07
0,0,5.4951016e-07
0,0,3.586794e-07
0,0,2.8700322e-07
0,0,4.0717063e-07
0,0,6.27218e-07
0,0,4.5911372e-07
0,0,4.7612417e-07
0,0,6.877719e-07
1,1,0.9999745
0,0,4.9327446e-07
0,0,2.8313684e-07
0,0,3.4541856e-07
0,0,3.9125638e-07
0,0,9.215172e-07
0,0,3.3711555e-07
0,0,3.4569177e-07
0,0,4.617853e-07
0,0,7.5624615e-07
0,0,2.915287e-07
0,0,3.4028622e-07
0,0,4.9700293e-07
0,0,3.442728e-07
0,0,5.3809163e-06
0,0,3.0895453e-07
0,0,4.905662e-07
0,0,4.4942541e-07
0,0,4.7793844e-07
0,0,3.490639e-07
0,0,6.435622e-07
0,0,3.539605e-07
0,0,5.3284896e-07
0,0,3.1520952e-07
0,0,4.7258118e-07
0,0,6.1375647e-07
1,1,0.99999166
0,0,3.8956156e-07
0,0,3.4121368e-07
0,0,1.1565733e-06
0,0,5.7022817e-07
0,0,3.5404253e-07
0,0,8.260412e-07
0,0,3.3867974e-07
0,0,3.0252698e-07
0,0,3.8320354e-07
0,0,6.3633144e-07
0,0,5.8188925e-07
0,0,2.7850885e-07
0,0,6.4570526e-07
0,0,9.723142e-07
0,0,3.7597917e-07
0,0,1.0099848e-06
0,0,3.5981617e-07
0,0,3.114564e-07
0,0,3.1110997e-07
0,0,3.8211675e-07
0,0,5.743394e-07
0,0,2.7563266e-07
0,0,0.00015749544
0,0,2.8575946e-07
0,0,3.0197063e-07
0,0,4.3032085e-07
0,0,3.874434e-07
0,0,6.8899226e-07
0,0,7.7377183e-07
0,0,2.7693798e-07
0,0,2.7421007e-07
0,0,3.5720507e-07
0,0,4.5678243e-07
0,0,4.5142585e-07
1,1,0.9999902
0,0,3.9370767e-07
0,0,3.464231e-07
0,0,1.2618173e-06
1,1,0.9999914
1,0,0.001321218
0,0,3.9148256e-07
0,0,1.2421859e-06
0,0,3.0570712e-07
0,0,4.0028348e-07
0,0,7.6384964e-07
0,0,5.3583415e-07
0,0,2.92478e-07
0,0,3.703871e-07
0,0,3.0518424e-07
0,0,5.28605e-07
0,0,3.7052243e-07
0,0,3.9119294e-07
0,0,3.5687205e-07
1,1,0.9999895
0,0,3.9401004e-07
0,0,3.135653e-07
0,0,5.172352e-07
0,0,3.9830678e-07
0,0,7.7802946e-07
0,0,4.1617025e-07
0,0,5.1520004e-07
0,0,3.030525e-07
0,0,3.1192548e-07
0,0,1.0062046e-06
0,0,5.017587e-07
1,1,0.9999869
0,0,3.0406517e-07
0,0,3.7003085e-07
0,0,3.0636465e-07
0,0,3.5155279e-07
0,0,4.3024244e-07
0,0,4.6640238e-07
0,0,2.4184887e-06
0,0,3.028113e-07
0,0,1.0268703e-06
0,0,4.117994e-07
0,0,6.057936e-06
1,1,0.99998426
0,0,1.2795263e-06
0,0,6.759695e-07
1,1,0.9999902
1,1,0.9999881
0,0,3.4203666e-07
0,0,3.9700257e-07
0,0,4.8757323e-07
0,0,8.397458e-05
0,0,4.14528e-07
0,0,0.043416955
0,0,2.5082358e-05
0,0,7.249183e-07
0,0,3.6236995e-07
0,0,6.898365e-07
0,0,3.911549e-07
0,0,7.8054364e-07
0,0,1.5797356e-06
0,0,5.279259e-07
0,0,5.1482874e-07
0,0,3.396443e-07
0,0,3.3944028e-07
0,0,4.3043121e-07
0,0,2.9029965e-07
1,1,0.9999927
0,0,2.5514964e-06
0,0,3.6805434e-07
0,0,3.2445823e-07
0,0,1.1847021e-06
0,0,2.981337e-07
0,0,5.090016e-07
0,0,7.8101573e-07
0,0,3.3529057e-07
0,0,3.317992e-07
0,0,5.4239956e-07
0,0,3.3083043e-07
0,0,4.1564272e-07
0,0,3.4308533e-07
0,0,1.1221254e-06
0,0,3.6929194e-07
0,0,8.0727534e-07
0,0,1.0533533e-06
0,0,4.9789105e-07
1,1,0.9999913
0,0,4.5120936e-07
0,0,2.4569347e-06
0,0,3.324926e-07
0,0,2.9582887e-07
0,0,3.9826233e-07
0,0,3.8926223e-07
0,0,3.858917e-07
0,0,3.8356845e-07
0,0,3.6108494e-07
0,0,4.2870738e-07
0,0,3.3197074e-07
0,0,4.581235e-07
0,0,1.285531e-05
1,1,0.9998061
0,0,5.133902e-07
1,0,6.3990484e-07
0,0,4.656353e-07
1,1,0.9999889
0,0,4.038614e-07
0,0,3.022582e-07
0,0,4.8842674e-07
0,0,2.945935e-07
0,0,4.0426448e-07
0,0,3.1279293e-07
0,0,4.6713242e-07
0,0,3.9037604e-07
0,0,4.4251934e-07
0,0,1.9073948e-06
0,0,1.0771452e-05
0,0,5.776887e-07
0,0,6.4070906e-07
0,0,5.3598086e-07
0,0,1.0223773e-06
0,0,3.679322e-07
0,0,3.2226257e-07
0,0,4.4949488e-07
0,0,5.570586e-07
0,0,4.3018417e-07
0,0,5.5033036e-07
0,0,3.1092696e-07
0,0,3.567625e-07
0,0,6.747498e-06
0,0,2.287627e-06
0,0,1.0280559e-06
1,1,0.9999757
0,0,3.9144373e-07
0,0,3.8709032e-07
0,0,3.6029448e-07
1,0,0.0018109954
0,0,3.9076045e-07
0,0,2.9886388e-07
0,0,3.4807294e-07
0,0,7.7882305e-07
0,0,3.7583865e-07
0,0,6.3234114e-07
0,0,3.7563512e-07
0,0,0.0016864978
0,0,3.3783715e-07
0,0,1.7807024e-05
0,0,4.5543746e-07
0,0,4.8508446e-07
0,0,3.053327e-07
0,0,7.088432e-07
1,0,4.674044e-06
0,0,3.2069164e-07
1,1,0.9999908
0,0,4.9470003e-07
0,0,4.055163e-07
0,0,1.4648745e-06
0,0,5.08758e-07
0,0,3.5876354e-07
0,0,3.53439e-07
0,0,5.257674e-07
0,0,9.607315e-07
0,0,7.792985e-07
0,0,3.305233e-07
1,1,0.9934536
1,0,0.3278561
0,0,5.4047615e-07
0,0,2.3630682e-06
0,0,3.5824831e-07
0,0,3.0635297e-07
0,0,3.0214753e-07
0,0,3.7793916e-07
0,0,2.0098196e-05
0,0,3.013027e-07
0,0,3.6118894e-07
0,0,3.398484e-07
1,1,0.9999677
0,0,3.8592916e-06
0,0,5.109012e-07
0,0,4.0114563e-07
0,0,7.6711575e-07
1,0,0.0027125361
0,0,3.5850258e-07
0,0,3.291261e-07
0,0,3.0147345e-07
0,0,3.692416e-07
0,0,3.9220453e-07
0,0,3.793981e-07
0,0,2.8344593e-07
0,0,4.8365246e-06
0,0,3.6537196e-07
0,0,3.3681349e-07
0,0,4.3774023e-07
0,0,3.5452402e-07
0,0,3.8730522e-07
0,0,3.6960023e-07
0,0,4.1726864e-07
0,0,3.56137e-07
0,0,6.944259e-07
0,0,8.7110567e-07
0,0,2.9780665e-07
0,0,2.989243e-07
0,0,3.4154087e-07
0,0,5.8059885e-07
0,0,8.2410475e-07
0,0,3.3854928e-07
0,0,2.848572e-07
0,0,3.355932e-07
0,0,4.5181997e-07
0,0,3.0970352e-07
0,0,3.2381155e-07
0,0,3.2548158e-07
1,1,0.99999547
0,0,3.351058e-07
0,0,5.232309e-07
0,0,1.936045e-06
0,0,3.0894128e-07
0,0,1.8542213e-06
0,0,3.2908906e-07
0,0,7.010949e-07
0,0,5.8925735e-07
0,0,5.526329e-07
0,0,4.2724537e-07
0,0,8.3386755e-07
0,0,1.5736408e-05
1,1,0.99995255
0,0,9.705576e-07
0,0,4.0649516e-07
0,0,4.5674454e-07
0,0,3.967104e-07
0,0,4.6090368e-06
0,0,5.5859715e-07
0,0,3.4360596e-07
0,0,3.661114e-07
0,0,6.956694e-07
0,0,3.498077e-07
0,0,4.80331e-06
0,0,4.810085e-07
0,0,4.213916e-07
0,0,1.1798437e-06
1,1,0.9999943
0,0,0.00029063402
0,0,3.0655463e-07
0,0,3.6618545e-07
0,0,3.140537e-07
0,0,3.5364604e-07
1,1,0.99998176
0,0,4.4332361e-07
1,0,3.5580742e-06
0,0,1.5085792e-06
0,0,4.1463315e-07
0,0,4.616567e-07
0,0,4.650176e-07
0,0,0.038943935
0,0,5.926071e-07
0,0,2.8129537e-07
0,0,5.3988776e-07
0,0,3.9433857e-07
0,0,7.5564054e-07
0,0,3.2875687e-07
0,0,4.4772966e-07
1,0,5.64042e-06
0,0,2.8737952e-07
0,0,4.0697577e-07
0,0,2.164292e-06
0,0,3.4637225e-07
0,0,3.5576258e-07
1,1,0.9999906
0,0,3.1449818e-07
0,0,3.9136498e-07
0,0,3.4523018e-07
1,0,8.637667e-06
1,0,0.019876612
0,0,3.966151e-07
0,0,4.25859e-07
0,0,3.766812e-07
0,0,9.960595e-07
0,0,6.321952e-07
0,0,3.1798393e-07
0,0,6.7169367e-07
0,0,4.8170904e-07
0,0,3.9231003e-07
0,0,3.656484e-06
0,0,3.9573592e-07
0,0,4.2958234e-07
0,0,3.2125058e-07
0,0,3.7810065e-07
0,0,5.0752226e-07
0,0,1.0233781e-06
1,1,0.99998593
0,0,4.1275126e-07
0,0,3.4887384e-07
0,0,4.3717662e-07
0,0,5.012723e-07
0,0,4.637032e-07
0,0,3.5647682e-07
0,0,4.869719e-07
0,0,8.40685e-07
0,0,4.0204222e-07
0,0,7.0050277e-07
0,0,2.8977936e-07
0,0,9.469388e-07
1,1,0.99929607
0,0,3.3257155e-07
0,0,3.1109425e-07
1,1,0.9999808
0,0,2.8744313e-07
0,0,9.3869824e-07
0,0,4.1216518e-07
0,0,3.9214768e-07
0,0,3.461193e-07
0,0,8.75357e-07
0,0,3.7082643e-07
1,0,0.4326254
0,0,1.4159147e-06
1,1,0.9999478
1,0,0.020131912
0,0,4.3144306e-07
0,0,3.9291507e-07
0,0,2.7208392e-07
0,0,6.018842e-07
0,0,2.9047607e-07
1,1,0.999348
0,0,3.3430268e-07
0,0,4.262446e-07
0,0,4.5559736e-07
1,1,0.99999094
0,0,4.968096e-07
0,0,4.0101864e-07
0,0,3.7255268e-07
1,1,0.99998903
0,0,3.046242e-07
0,0,5.948187e-07
0,0,9.637415e-07
0,0,3.5109278e-07
0,0,4.1881512e-07
0,0,4.902949e-07
0,0,4.895674e-07
0,0,1.032501e-06
0,0,8.954901e-07
0,0,4.1519306e-07
1,1,0.9999838
0,0,5.4951647e-07
0,0,4.094072e-07
0,0,2.8400817e-07
0,0,3.910359e-07
0,0,3.874445e-07
0,0,4.2249218e-07
0,0,1.5928757e-06
0,0,3.518164e-07
1,1,0.99994993
0,0,0.03922977
0,0,8.556773e-07
0,0,5.6097923e-07
0,0,3.7608316e-07
0,0,2.8665036e-07
0,0,3.572112e-07
0,0,3.614329e-07
0,0,6.7317376e-07
0,0,9.463601e-07
0,0,3.024762e-07
0,0,4.5770642e-07
1,0,8.45962e-06
1,0,0.0031049661
0,0,8.3783885e-07
0,0,7.140962e-07
0,0,3.834854e-07
0,0,3.0375446e-07
0,0,4.5395964e-07
0,0,6.111305e-07
0,0,5.171701e-07
0,0,4.3544358e-07
0,0,3.3150852e-07
0,0,9.2910614e-07
0,0,3.5592345e-07
0,0,4.499907e-07
0,0,2.0908851e-06
0,0,4.2957376e-07
0,0,4.7341882e-07
0,0,3.7088728e-07
0,0,3.8373418e-07
0,0,3.0833553e-07
0,0,5.716203e-07
0,0,1.8437051e-06
0,0,3.8681097e-07
0,0,3.760369e-07
0,0,4.414479e-07
0,0,5.3186153e-07
0,0,3.5617506e-07
0,0,4.688445e-07
0,0,3.5568692e-07
0,1,0.8798405
0,0,3.144505e-07
0,0,7.40059e-07
0,0,3.921305e-07
0,0,7.0428e-07
0,0,4.538644e-07
0,0,2.723817e-07
0,0,1.0961921e-06
1,1,0.9998503
1,0,3.3572676e-05
1,1,0.9991553
0,0,4.3880354e-07
0,0,9.831808e-07
1,0,4.7235903e-06
0,0,5.976726e-07
0,0,3.839472e-07
0,0,2.3755792e-06
0,0,3.44886e-07
0,0,4.6580496e-07
0,0,4.2052287e-07
0,0,3.3566488e-07
0,0,7.8391696e-07
0,0,7.716164e-07
0,0,6.741599e-07
0,0,4.0344142e-07
1,0,8.4638856e-07
0,0,7.584534e-07
0,0,1.9303666e-06
0,0,4.4123743e-07
0,0,3.6351736e-07
0,0,5.669205e-07
0,0,7.640959e-07
0,0,2.4845501e-06
0,0,3.2118317e-07
0,0,8.043758e-07
0,0,4.727263e-07
1,1,0.9999845
0,0,5.925675e-07
0,0,3.3359345e-07
0,0,4.2344334e-07
0,0,3.0891684e-07
1,1,0.97974765
0,0,3.4689253e-07
0,0,3.2334802e-07
0,0,6.777841e-07
0,0,5.1679046e-07
0,0,3.3482723e-07
0,0,3.2004482e-07
1,0,0.00033833116
0,0,3.1878068e-07
0,0,4.4031853e-07
0,0,1.4223433e-06
0,0,4.7468333e-07
0,0,5.996257e-07
1,0,0.004226451
0,0,7.751115e-07
0,0,2.7054645e-07
0,0,4.1891215e-07
0,0,4.1154536e-07
0,0,4.821723e-07
0,0,9.631921e-07
0,0,3.810596e-07
1,1,0.69707215
0,0,0.00075152837
1,0,3.0271508e-06
0,0,1.0296945e-06
0,0,3.3766193e-07
0,0,3.049099e-07
1,0,4.4799103e-07
0,0,3.5483112e-07
0,0,3.9679745e-07
0,0,3.1200165e-07
1,0,3.214196e-06
0,0,3.8224653e-07
0,0,5.063895e-07
0,0,4.5677717e-07
1,1,0.99999225
0,0,3.1734623e-07
0,0,5.16323e-07
0,0,1.9316667e-06
0,0,1.1747464e-06
0,0,3.612778e-07
0,0,3.1553614e-07
0,0,3.3200746e-07
0,0,4.654009e-07
0,0,3.3655343e-07
1,1,0.9999515
0,0,3.047936e-07
0,0,4.07027e-07
0,0,4.245286e-07
0,0,6.258366e-07
0,0,5.699242e-07
0,0,6.066569e-07
0,0,6.572198e-07
0,0,5.539584e-07
0,0,1.4004695e-06
0,0,3.622017e-07
0,0,5.7378753e-07
0,0,3.6959e-07
0,0,6.4347506e-07
0,0,4.6360591e-07
0,0,3.9686327e-07
0,0,2.937213e-07
1,1,0.9999912
0,0,3.2567314e-07
0,0,2.743194e-07
0,0,3.0961672e-07
0,0,3.189087e-07
0,0,5.1147356e-07
0,0,5.33596e-07
0,0,7.0600896e-07
0,0,6.8502777e-07
0,0,3.05645e-07
0,0,5.660372e-07
0,0,6.0265734e-07
0,0,5.0011437e-07
0,0,5.289308e-07
0,0,4.381721e-07
0,0,2.799252e-07
0,0,3.4351294e-07
0,0,5.349891e-07
0,0,3.99146e-07
0,0,1.0394226e-06
0,0,5.3402874e-07
0,0,3.0711473e-07
0,0,8.021589e-07
0,0,5.8460034e-07
0,0,6.887197e-07
0,0,1.0739343e-06
0,0,4.2763833e-07
0,0,2.8277228e-07
0,0,8.127213e-07
1,1,0.99999
0,0,3.4125532e-07
0,0,3.151391e-06
0,0,3.1022086e-07
0,0,3.400358e-07
0,0,5.547519e-07
0,0,4.1537328e-07
0,0,2.9950357e-07
0,0,5.28286e-07
0,0,2.8529817e-07
0,0,4.9965143e-07
0,0,3.991673e-07
0,0,5.221776e-07
0,0,4.5884187e-07
0,0,4.2091045e-07
0,0,8.427367e-07
0,0,3.9468887e-07
0,0,2.7711048e-06
0,0,2.801752e-07
0,0,6.0870616e-07
0,0,9.181461e-07
0,0,4.282448e-07
0,0,3.3371086e-07
0,0,1.9681502e-06
0,0,3.8999758e-07
0,0,3.5899458e-07
0,0,1.3909299e-06
0,0,3.0768345e-07
1,0,0.28409395
0,0,3.4415692e-07
0,0,4.3335356e-07
0,0,7.0684973e-07
1,1,0.9999857
0,0,3.4581905e-07
0,0,7.0955133e-07
0,0,1.7385906e-06
0,0,2.7583727e-07
0,0,7.059133e-06
0,0,2.8727075e-07
0,0,3.863855e-07
0,0,2.841165e-07
0,0,3.9771388e-07
0,0,5.6052676e-07
0,0,4.0046677e-07
0,0,1.9657589e-06
0,0,8.5201543e-07
0,0,5.63076e-07
0,0,9.803748e-07
0,0,6.146339e-07
0,0,3.0946322e-07
0,0,2.8225202e-07
0,0,3.1728447e-07
0,0,3.2323334e-07
0,0,6.2514346e-07
0,0,3.224513e-07
0,0,3.189692e-07
0,0,2.9988368e-07
0,0,7.2240834e-07
1,1,0.9999807
0,0,3.1380551e-07
0,0,1.3579477e-06
0,0,3.6822777e-07
0,0,6.143023e-07
1,0,8.1296395e-07
0,0,3.3733878e-07
0,0,5.4834015e-07
0,0,4.840973e-07
0,0,1.9358272e-06
0,0,8.573101e-07
0,0,8.188316e-07
0,0,3.4279523e-07
0,0,3.761083e-07
0,0,5.768645e-07
1,1,0.99986935
0,0,4.1663367e-07
0,0,3.9615617e-07
1,1,0.9996178
1,1,0.99999034
1,1,0.9999882
0,0,4.3101494e-07
1,1,0.9994197
0,0,1.5980673e-06
0,0,3.986545e-07
1,1,0.9999913
0,0,6.8672455e-07
0,0,9.3797513e-07
1,1,0.9999856
0,0,2.8448798e-07
0,0,2.69261e-07
0,0,1.4147932e-05
0,0,6.166495e-07
0,0,5.520535e-07
0,0,7.196908e-07
0,0,4.051352e-07
0,0,3.4268183e-07
0,0,4.95284e-07
0,0,3.3138303e-07
0,0,5.747882e-07
0,0,3.7178677e-07
0,0,3.8077482e-07
0,0,8.690345e-07
0,0,3.5314116e-07
0,0,2.7382592e-07
0,0,7.9935774e-07
0,0,3.8912341e-07
1,0,2.9551322e-06
0,0,8.667609e-07
0,0,7.2422114e-07
0,0,2.9504129e-06
0,0,2.919959e-07
0,0,6.850722e-07
0,0,3.9505488e-07
0,0,2.943562e-07
0,0,4.7853547e-07
1,1,0.99997354
0,0,3.3033328e-07
0,0,1.0851354e-06
0,0,4.942435e-07
0,0,3.0583394e-07
0,0,3.5011085e-06
0,0,3.9844355e-07
0,0,3.1785206e-07
0,0,3.0281157e-07
0,0,2.844508e-07
1,0,0.000984187
0,0,1.5280178e-06
0,0,2.382597e-06
0,0,1.2680612e-06
0,0,5.627335e-07
0,0,3.195913e-07
0,0,3.1246972e-07
0,0,4.3632565e-07
0,0,4.2917287e-07
0,0,4.5028517e-07
0,0,3.190608e-07
0,0,1.2928914e-06
0,0,2.9703344e-07
0,0,3.652173e-07
0,0,4.4765963e-07
0,0,9.062515e-07
0,0,3.7393235e-07
0,0,3.0145992e-07
1,1,0.99998975
0,0,3.565788e-07
0,0,3.8762784e-07
0,0,1.553646e-06
0,0,3.095621e-07
0,0,2.8112694e-07
0,0,3.9686594e-07
0,0,3.974041e-07
1,1,0.99998975
0,0,3.5084884e-06
1,1,0.99997985
0,0,3.2914335e-07
0,0,2.925472e-07
0,0,8.4044126e-07
0,0,5.287956e-07
0,0,4.2233467e-07
1,1,0.9999908
0,0,7.943263e-07
0,0,5.47325e-07
0,0,4.346155e-07
0,0,5.4026634e-07
0,0,4.892314e-07
0,0,5.204693e-07
0,0,5.0815186e-07
0,0,5.5391826e-07
0,0,3.7827525e-07
0,0,3.5044982e-07
0,0,4.4437547e-07
0,0,3.7202864e-07
0,0,8.4714037e-07
0,0,9.2511505e-07
0,0,5.78182e-07
0,0,8.164649e-06
1,1,0.99998665
1,1,0.9999902
0,0,3.4118503e-07
0,0,2.9614304e-07
0,0,4.2210192e-07
0,0,5.893377e-07
0,0,3.4661147e-07
0,0,2.972667e-07
0,0,3.3373473e-07
0,0,3.9063337e-07
0,0,5.1560505e-07
0,0,4.3774023e-07
0,0,4.842617e-07
0,0,4.6144237e-07
0,0,3.0796056e-07
0,0,4.841075e-07
0,0,3.9708476e-07
0,0,4.802714e-07
0,0,2.9397046e-07
0,0,9.031153e-07
0,0,3.6628603e-07
0,0,6.3225554e-07
1,1,0.9999697
0,0,9.351777e-07
0,0,3.475144e-07
0,0,5.5814985e-07
0,0,4.3823187e-07
1,0,4.171945e-06
0,0,3.2770916e-07
0,0,7.408061e-07
0,0,7.040833e-07
0,0,1.7545908e-06
0,0,5.1445573e-07
0,0,2.852261e-07
0,0,4.5694102e-07
0,0,8.4435044e-07
0,0,3.4885858e-07
0,0,4.7633947e-07
0,0,6.780912e-07
0,0,4.1103468e-07
0,0,3.4483304e-07
0,0,3.6598018e-07
0,0,3.725989e-07
0,0,3.2694933e-07
1,1,0.87967414
0,0,4.2528512e-07
0,0,9.782407e-07
0,0,2.9581224e-07
0,0,7.001314e-07
0,0,2.9879263e-07
0,0,3.2028512e-07
0,0,3.4008605e-07
0,0,2.763797e-07
0,0,1.6561959e-06
0,0,5.001363e-07
1,0,0.03502368
0,0,2.7988435e-07
0,0,2.738954e-07
0,0,3.8299348e-07
0,0,7.2309894e-07
0,0,2.9661254e-07
0,0,3.251493e-07
0,0,3.9095573e-07
0,0,3.0169403e-07
0,0,2.7830546e-07
0,0,4.076361e-07
0,0,3.9931047e-07
0,0,4.8111497e-07
0,0,2.9369107e-07
0,0,4.4040505e-07
0,0,5.1376344e-07
1,1,0.9593013
0,0,2.8241303e-07
0,0,3.4007405e-07
0,0,7.22666e-07
0,0,3.590237e-07
0,0,3.216994e-07
1,0,4.3146693e-07
0,0,5.01966e-07
0,0,5.248021e-07
0,0,3.0800342e-07
0,0,4.622929e-07
0,0,8.8115803e-07
0,0,3.270803e-07
0,0,3.665495e-07
0,0,4.1411863e-07
0,0,6.013799e-07
0,0,3.5215913e-07
0,0,2.9738038e-07
0,0,5.65296e-07
0,0,6.865504e-07
0,0,3.7167828e-07
0,0,7.532231e-07
0,0,3.174979e-07
0,0,3.3070662e-06
0,0,3.142916e-07
0,0,3.1540858e-07
0,0,3.2314335e-07
0,0,5.1130235e-07
0,0,3.305299e-07
0,1,0.9999881
0,0,3.5292067e-07
0,0,2.931471e-07
0,0,3.15417e-07
0,0,4.0844355e-07
1,0,7.898673e-06
0,0,3.7919628e-07
0,0,1.211459e-06
0,0,3.2109958e-07
0,0,4.0430032e-07
0,0,2.9428207e-07
0,0,6.423114e-07
0,0,2.7914675e-07
0,0,4.6131476e-07
0,0,3.757598e-07
1,0,7.361032e-07
0,0,3.360903e-07
0,0,4.642625e-07
0,0,5.8390214e-07
0,0,6.158203e-07
0,0,4.3285172e-07
0,0,3.347867e-07
0,0,4.1834684e-07
0,0,3.6188197e-07
0,0,9.1995776e-07
0,0,1.2919621e-06
0,0,5.0733547e-07
0,0,5.1210026e-07
0,0,6.811894e-07
0,0,3.7676526e-07
0,0,3.5976848e-07
0,0,3.2859353e-07
0,0,1.8301915e-06
0,0,5.655985e-07
0,0,1.0479266e-06
0,0,3.1292183e-07
0,0,4.0421628e-07
0,0,4.894983e-07
0,0,0.00014391035
0,0,1.0248217e-06
0,0,1.056966e-06
0,0,3.4448988e-07
0,0,2.9795666e-07
1,1,0.99997485
0,0,3.8281672e-07
0,0,3.9084466e-07
1,0,2.1927738e-06
0,0,8.0756257e-07
0,0,5.507914e-07
0,0,4.00521e-07
0,0,4.018724e-07
0,0,5.018401e-07
0,0,3.6376775e-07
0,0,3.365085e-07
0,0,4.7412414e-07
0,0,5.169635e-07
0,0,8.84902e-07
0,0,1.4632478e-06
0,0,3.354284e-07
1,0,2.033498e-06
0,0,3.4886753e-07
0,0,2.9445476e-07
0,0,1.0665162e-06
0,0,2.8003626e-07
0,0,3.9847052e-07
0,0,3.3688804e-07
0,0,5.668886e-07
0,0,4.6753087e-07
0,0,3.4658106e-07
0,0,8.1678974e-07
0,0,4.977714e-07
0,0,6.5115825e-07
0,0,8.711779e-07
0,0,3.1985292e-07
1,1,0.9999893
0,0,5.148007e-07
0,0,6.07212e-07
1,1,0.99998415
0,0,2.7809241e-07
0,0,2.8778655e-07
0,0,3.1007266e-07
0,0,3.3537307e-07
0,0,3.7598312e-07
0,0,4.192391e-07
0,0,3.155169e-07
0,0,4.6499898e-07
0,0,4.4159523e-07
0,0,4.3946858e-07
0,0,1.118657e-06
0,0,3.2719856e-07
0,0,7.818862e-07
0,0,3.146428e-07
0,0,1.6082743e-06
1,1,0.99993014
0,0,4.4202588e-07
0,0,2.992175e-07
0,0,1.7689782e-06
0,0,2.9151508e-07
0,0,8.5018195e-07
0,0,2.8028765e-06
0,0,1.9405109e-06
0,0,6.2616795e-07
0,0,3.406684e-07
0,0,3.0194244e-07
1,1,0.9999937
0,0,6.7237556e-07
1,1,0.9994842
0,0,5.9457705e-07
0,0,3.148316e-07
0,0,3.4241395e-07
0,0,1.1793061e-06
0,0,4.744145e-07
0,0,5.5457105e-07
0,0,7.264451e-07
0,0,3.0101314e-06
0,0,3.7615243e-07
0,0,6.459824e-07
0,0,3.6382815e-07
0,0,4.944359e-07
0,0,1.1817199e-06
0,0,3.4406142e-07
0,0,8.1485865e-07
0,0,3.346542e-07
0,0,8.194815e-07
1,1,0.99998677
0,0,4.781883e-07
1,1,0.9999678
0,0,5.015889e-07
0,0,2.9100897e-07
0,0,8.086454e-07
0,0,6.327514e-07
0,0,4.4519373e-07
1,1,0.99998856
1,1,0.999984
0,0,5.0354197e-07
0,0,3.9873737e-07
0,0,3.7493828e-07
0,0,5.4244146e-07
0,0,6.128452e-07
0,0,3.511825e-07
0,0,5.55553e-07
1,0,0.00039112908
0,0,4.0275523e-07
0,0,3.6832472e-07
0,0,3.3496778e-07
0,0,6.2641465e-07
0,0,7.638117e-07
0,0,6.1243855e-07
1,0,0.0009497762
0,0,5.764059e-07
0,0,5.7499705e-07
0,0,3.2662615e-07
0,0,5.050107e-07
0,0,4.7025653e-05
0,0,2.3065388e-06
0,0,3.2672992e-07
0,0,4.6955327e-07
0,0,4.108763e-07
0,0,3.3580835e-07
0,0,2.9634816e-07
0,0,4.0355764e-07
0,0,4.657508e-07
1,1,0.9994104
0,0,7.3460103e-07
1,1,0.99997306
0,0,0.00028957386
0,0,3.7336576e-07
0,0,3.5898842e-07
0,0,3.2173315e-07
0,0,3.0977031e-07
0,0,3.1507008e-07
0,0,8.4216947e-07
0,0,5.137521e-07
0,0,3.295523e-07
0,0,3.474965e-07
0,0,5.1104985e-07
0,0,4.4544342e-07
0,0,5.178097e-07
0,0,4.0288313e-07
0,0,2.8771765e-07
0,0,9.194385e-07
0,0,3.7500016e-07
0,0,3.8786447e-07
0,0,7.0534804e-07
0,0,3.5229618e-07
0,0,3.6207803e-07
0,0,2.8334537e-07
0,0,2.744556e-05
0,0,3.524299e-07
0,0,4.2204556e-07
0,0,3.130633e-07
0,0,3.751146e-07
0,0,4.0655604e-07
0,0,4.9377053e-07
1,0,7.1226525e-05
0,0,4.73162e-07
1,0,5.0208615e-07
1,1,0.99998677
0,0,3.5220816e-07
0,0,4.4561e-07
0,0,3.0478072e-06
0,0,3.2740363e-07
0,0,1.5102374e-06
0,0,3.6042096e-07
0,0,1.3923845e-06
0,0,5.0935125e-07
0,0,4.7094977e-07
0,0,5.9341016e-07
0,0,7.1880726e-07
0,0,8.4535117e-07
0,0,4.467295e-07
0,0,5.254737e-07
0,0,4.993333e-07
0,0,1.7953968e-06
1,1,0.9999701
0,0,5.5944747e-07
0,0,4.096355e-06
0,0,4.87923e-07
0,0,3.5567064e-07
0,0,4.3590268e-07
0,0,3.936352e-07
0,0,2.8605066e-07
0,0,3.170274e-07
0,0,3.680554e-06
0,0,3.1455397e-07
0,0,3.4515875e-07
1,1,0.9999875
0,0,3.2378313e-07
0,0,4.867091e-07
0,0,4.1615277e-07
0,0,3.5379313e-07
0,0,3.5577582e-07
0,0,3.1987028e-07
0,0,4.075047e-07
0,0,4.5675063e-07
0,0,7.076477e-07
0,0,4.8658285e-07
0,0,4.1125776e-07
0,0,1.7079872e-06
0,0,2.3272733e-06
0,0,1.8612178e-05
0,0,4.0470422e-07
0,0,3.2022712e-07
0,0,3.2039145e-07
0,0,4.9075516e-06
0,0,4.7190832e-07
0,0,3.1595349e-07
0,0,1.8054602e-06
0,0,4.3122625e-07
0,0,6.054085e-07
0,0,9.063638e-07
0,0,5.161561e-07
0,0,3.576118e-06
0,0,3.2726066e-07
0,0,2.4213457e-06
0,0,1.0951483e-06
0,0,5.2012547e-07
0,0,8.032697e-07
0,0,4.6182186e-07
0,0,4.4333882e-07
0,0,1.4349802e-05
0,0,4.131561e-07
0,0,2.9589916e-07
0,0,4.7569074e-07
0,0,2.6706675e-07
0,0,6.173097e-07
0,0,3.7781228e-07
0,0,2.8075561e-07
0,0,6.3946806e-07
0,0,3.0340877e-07
0,0,8.206085e-07
0,0,3.7830122e-07
0,0,3.5630347e-07
0,0,3.4210157e-07
0,0,3.0871686e-07
0,0,4.1043532e-07
0,0,2.9870088e-07
0,0,8.661932e-07
0,0,4.6119644e-07
0,0,7.8456617e-07
0,0,3.627382e-07
0,0,3.909714e-07
0,0,6.2046433e-07
0,0,4.4421742e-07
0,0,3.3222094e-07
0,0,1.2772099e-06
0,0,6.679057e-07
0,0,3.9204e-07
0,0,8.9966925e-06
0,0,3.3389932e-07
0,0,3.1177024e-07
0,0,3.88319e-07
0,0,3.742827e-07
1,1,0.9999932
0,0,4.770896e-07
0,0,1.3846989e-06
0,0,7.0239054e-07
0,0,5.306679e-07
0,0,3.217166e-07
0,0,6.8246646e-07
0,0,6.6883507e-07
0,0,6.5506036e-05
0,0,7.024575e-07
0,0,4.5324154e-07
1,1,0.9999888
0,0,1.0499855e-06
0,0,4.0658472e-07
0,0,6.652225e-07
0,0,4.2596668e-07
0,0,1.3249381e-06
0,0,4.822781e-07
0,0,2.9473964e-07
0,0,3.1087745e-07
0,0,5.7180733e-07
0,0,3.315354e-07
0,0,2.9451513e-07
1,1,0.9998659
0,0,1.6201786e-06
1,1,0.9997516
0,0,4.5557735e-07
0,0,7.143911e-07
1,0,8.606429e-06
0,0,1.192478e-06
0,0,8.999385e-07
0,0,2.5358013e-06
0,0,4.908596e-07
0,0,2.9448086e-07
0,0,3.3112715e-07
0,0,2.685486e-07
0,0,2.8665227e-07
0,0,3.5364533e-07
0,0,3.1477214e-07
0,0,4.6732225e-07
0,0,2.9363395e-07
0,0,5.1806956e-07
1,1,0.9999809
0,0,4.1340047e-07
0,0,3.4209145e-07
0,0,3.572003e-07
0,0,3.5395678e-07
0,0,1.0200944e-06
0,0,6.7814165e-07
0,0,3.3849506e-07
0,0,3.645968e-07
0,0,3.3800538e-07
0,0,7.9131854e-07
0,0,3.4334852e-07
0,0,3.0971327e-07
0,0,5.2045743e-07
0,0,3.589617e-07
0,0,8.717298e-07
0,0,4.3393544e-07
0,0,3.2658411e-07
0,0,5.247295e-07
0,0,4.0273028e-07
0,0,3.4673644e-07
0,0,3.4526806e-07
0,0,5.4260596e-07
0,0,4.2860432e-07
0,0,3.4290412e-07
1,0,1.1641075e-05
0,0,5.389248e-07
0,0,6.1108443e-07
0,0,5.3346577e-07
0,0,3.523664e-07
0,0,4.605749e-07
1,1,0.9999912
0,0,4.6927613e-07
0,0,4.404882e-07
0,0,3.063518e-07
0,0,5.85013e-07
1,1,0.9999865
0,0,3.357238e-07
0,0,2.7910096e-07
0,0,3.572289e-07
0,0,3.3682764e-07
0,0,2.8573223e-07
0,0,4.4684325e-07
0,0,3.7507704e-07
1,1,0.99995124
0,0,1.0151422e-06
0,0,4.9889013e-07
0,0,5.32339e-07
0,0,3.2980665e-07
0,0,3.5229618e-07
0,0,5.3383724e-07
1,1,0.99999034
1,1,0.99997735
0,0,4.932311e-05
0,0,2.9941333e-07
0,0,4.1657805e-07
0,0,3.1406748e-07
0,0,3.293057e-07
0,0,3.3010494e-07
0,0,3.2370102e-07
0,0,3.7170983e-07
0,0,8.552249e-06
1,1,0.9999424
0,0,3.1293555e-07
0,0,4.0547184e-07
0,0,2.0869027e-05
0,0,4.3992648e-07
0,0,4.1101742e-07
1,1,0.99991035
0,0,3.151975e-07
0,0,3.5130043e-07
0,0,1.2668041e-06
0,0,3.075538e-07
0,0,8.4866065e-07
0,0,3.0932688e-07
0,0,8.841327e-07
0,0,4.586166e-07
0,0,4.1542475e-07
0,0,3.4291622e-07
0,0,1.5945234e-06
0,0,4.796471e-07
0,0,6.8545324e-07
0,0,3.4422158e-07
0,0,4.1133504e-07
1,1,0.9999882
0,0,3.1498837e-07
0,0,4.5221054e-07
0,0,4.3897433e-07
0,0,5.138163e-07
0,0,4.7650482e-07
1,1,0.9999906
0,0,3.1196356e-07
0,0,1.2832131e-06
0,0,1.4859504e-06
0,0,3.3890205e-07
0,0,6.502646e-07
0,0,3.751325e-07
0,0,5.5613395e-07
0,0,3.9141722e-07
1,1,0.99990165
0,0,3.3532734e-07
0,0,4.98043e-07
0,0,3.269924e-07
0,0,6.494199e-07
0,0,3.8119043e-07
0,0,3.1490066e-07
0,0,3.0793e-07
0,0,5.235658e-07
0,0,7.7935425e-07
0,0,6.561576e-07
0,0,3.7603584e-07
0,0,6.15387e-07
0,0,1.1382167e-06
0,0,4.331862e-07
0,0,3.9051753e-07
0,0,3.4786322e-07
0,0,3.280062e-07
0,0,8.702463e-07
0,0,4.4623684e-07
0,0,4.688123e-07
0,0,4.6959e-07
1,1,0.9998728
0,0,5.483124e-07
0,0,3.5556891e-07
0,0,3.260417e-07
0,0,3.1649088e-07
0,0,4.2481938e-07
0,0,4.1747802e-07
0,0,6.032018e-07
0,0,5.321243e-07
1,0,8.6923006e-05
0,0,3.4558473e-06
0,0,5.0317186e-07
0,0,2.9611905e-07
0,0,3.9464334e-07
0,0,1.5374122e-06
0,0,3.7388563e-07
0,0,3.0269578e-07
0,0,4.785364e-07
0,0,3.918236e-07
0,0,4.555287e-07
0,0,5.7561317e-07
0,0,3.2063934e-07
0,0,5.782432e-07
0,0,4.6406242e-07
0,0,4.9967576e-07
0,0,8.761195e-07
0,0,3.156168e-07
0,0,5.364375e-07
0,0,4.852769e-07
1,0,1.5423803e-06
0,0,2.9588278e-07
0,0,6.876407e-07
0,0,2.7553858e-07
0,0,4.0796124e-07
0,0,3.9056445e-07
0,0,6.9654305e-07
0,0,4.389224e-07
0,0,5.1126773e-07
0,0,4.627371e-07
0,0,3.4593714e-07
0,0,4.3177644e-07
1,0,1.675368e-05
0,0,3.6929333e-07
0,0,3.1114288e-07
0,0,1.011203e-06
1,0,5.2395745e-07
0,0,4.0794802e-07
0,0,6.4991747e-07
1,1,0.9999826
0,0,3.9407766e-07
0,0,4.940202e-07
0,0,2.8506102e-07
0,0,3.2204903e-07
0,0,8.39818e-07
0,0,3.142254e-07
0,0,2.3167793e-06
0,0,3.2024846e-07
0,0,7.7177975e-07
0,0,9.541291e-07
0,0,9.73241e-07
0,0,4.4909123e-07
0,0,4.983746e-07
1,1,0.99999106
0,0,3.1328193e-07
0,0,8.348542e-07
0,0,4.0473782e-07
0,0,3.1608792e-07
0,0,3.5923978e-07
0,0,3.7795502e-07
0,0,2.8253262e-07
0,0,4.5216612e-07
0,0,3.6446016e-07
0,0,4.6340523e-07
0,0,4.4199385e-07
0,0,2.9398083e-07
0,0,5.1197816e-07
1,1,0.99972683
0,0,3.48528e-07
0,0,3.0997126e-07
0,0,3.2874055e-07
0,0,1.2600472e-06
0,0,3.2980915e-07
1,1,0.9999924
0,0,3.1675177e-07
0,0,6.83862e-07
0,0,8.8578605e-07
0,0,6.565795e-07
0,0,3.4655793e-07
0,0,6.5731757e-07
0,0,1.4781907e-06
0,0,4.2287067e-07
0,0,3.4090044e-07
0,0,6.2657114e-07
1,1,0.9999894
1,0,0.0029415288
0,0,4.6341057e-07
0,0,3.0246005e-07
0,0,1.7027195e-06
0,0,3.111871e-07
1,1,0.99996924
0,0,3.0100745e-07
0,0,7.5552236e-07
0,0,9.1331924e-07
0,0,5.583095e-07
0,0,3.9386504e-07
0,0,3.3430524e-07
0,0,5.023457e-07
0,0,4.4403825e-07
0,0,3.274561e-07
0,0,6.797163e-07
1,0,0.019064993
0,0,8.5321966e-07
0,0,4.531123e-07
0,0,2.9800213e-07
0,0,3.8371806e-07
0,0,4.5048276e-07
0,0,5.3613417e-07
0,0,8.178856e-07
0,0,3.4280342e-07
0,0,2.8254073e-07
0,0,2.929962e-07
0,0,4.3635936e-07
0,0,3.4918276e-07
0,0,4.457579e-07
0,0,1.0377528e-06
0,0,4.887259e-07
0,0,3.3302538e-07
0,0,3.6701755e-07
0,0,3.8318856e-07
0,0,3.5091938e-07
0,0,3.300458e-07
0,0,3.0828204e-07
0,0,8.805162e-07
0,0,4.889646e-07
0,0,4.0679106e-07
0,0,1.2959171e-06
0,0,3.1896939e-06
0,0,3.2763603e-07
0,0,4.8964023e-07
0,0,8.103407e-07
0,0,3.7411212e-07
0,0,3.1401777e-07
0,0,3.4565286e-07
0,0,1.2118264e-06
1,1,0.9999678
1,1,0.9999597
0,0,3.111453e-07
0,0,4.6484823e-07
0,0,4.5190785e-07
0,0,5.564523e-07
0,0,3.8528384e-07
0,0,3.2223736e-07
0,0,3.5055376e-07
0,0,3.399392e-07
0,0,7.046677e-07
0,0,2.5957404e-06
1,1,0.9999851
0,1,0.99923956
0,0,4.085168e-07
0,0,4.696097e-07
0,0,3.1556084e-07
0,0,5.954339e-07
0,0,4.5574987e-07
0,0,4.5731855e-07
0,0,4.5976572e-07
0,0,3.9738666e-07
0,0,5.1125943e-07
0,0,5.3226086e-07
1,1,0.9999902
0,0,3.307011e-07
0,0,3.5026304e-07
0,0,4.088317e-07
0,0,3.414943e-07
0,0,5.7706256e-07
0,0,3.571281e-07
0,0,5.9967374e-07
0,0,4.0813245e-07
0,0,4.8399295e-07
0,0,4.7206225e-07
0,0,3.6544793e-07
0,0,2.81451e-07
0,0,3.1788235e-07
0,0,2.7899029e-07
0,0,3.1453447e-07
1,1,0.99992514
0,0,2.06247e-06
0,0,8.5630545e-06
0,0,7.8400296e-07
0,0,5.6466774e-07
0,0,4.8842037e-05
0,0,4.712535e-07
0,0,4.0975638e-07
0,0,3.507086e-07
1,0,0.00038562022
0,0,3.506444e-07
0,0,3.5544346e-07
0,0,3.4490475e-07
0,0,5.464144e-07
0,0,3.164927e-07
0,0,5.524485e-07
1,0,0.030832436
0,0,8.127197e-07
0,0,4.9840224e-07
0,0,7.778699e-07
1,0,0.39290857
0,0,4.305109e-07
0,0,3.4873216e-07
0,0,3.7405505e-07
0,0,5.8943493e-07
0,0,5.7907374e-07
0,0,1.5272822e-06
1,1,0.99999225
0,0,3.6924618e-07
0,0,3.3094403e-07
0,0,3.4843097e-07
0,0,5.2536245e-07
0,0,5.5177554e-07
0,0,3.1813954e-07
0,0,3.834993e-07
1,0,8.9507e-06
0,0,2.4367364e-06
0,0,1.2873942e-06
0,0,7.2525376e-07
0,0,9.2786115e-07
0,0,9.2689356e-07
0,0,1.1451829e-06
0,0,5.0972056e-07
0,0,4.6566726e-07
0,0,3.1831738e-07
0,0,4.107447e-07
0,0,4.3402358e-07
0,0,3.7697083e-07
0,0,2.9274202e-07
1,1,0.9999776
1,1,0.9999268
0,0,3.4139367e-07
0,0,3.9239083e-07
1,1,0.9999428
0,0,7.6715816e-07
0,0,1.9731945e-06
0,0,3.0484333e-07
0,0,4.1628934e-07
0,0,3.4318742e-07
0,0,4.3985222e-07
1,0,8.169586e-06
0,0,3.7011276e-07
0,0,4.995271e-07
0,0,3.839018e-07
0,0,5.4898527e-07
0,0,3.55251e-07
0,0,4.4124334e-07
0,0,2.9628148e-07
0,0,3.1714472e-07
1,0,5.029549e-05
0,0,1.910661e-06
0,0,2.893883e-07
0,0,4.3114196e-07
0,0,4.11616e-07
0,0,4.3048462e-07
0,0,3.386494e-07
0,0,5.380477e-07
0,0,3.521343e-07
0,0,6.47238e-07
0,0,3.877979e-07
0,0,5.0928907e-07
0,0,1.439362e-06
0,0,4.623652e-07
0,0,4.626272e-07
0,0,4.2130642e-07
0,0,3.5216047e-07
0,0,2.756374e-07
0,0,4.152497e-07
0,0,4.2779334e-07
0,0,7.323808e-07
0,0,5.7312525e-07
0,0,4.6314457e-07
0,0,4.3939315e-07
0,0,3.2969973e-07
0,0,3.469905e-07
0,0,5.0121633e-07
0,0,1.0575123e-06
0,0,3.859281e-07
0,0,4.2386796e-07
0,0,3.6251134e-07
1,0,0.25674862
0,0,3.61097e-07
0,0,4.1744377e-07
0,0,2.8887433e-07
0,0,4.4071805e-07
0,0,2.8146067e-07
0,0,4.6243753e-07
1,0,1.3909405e-06
0,0,3.0770573e-07
0,0,3.007489e-07
0,0,9.3454474e-07
1,1,0.9999778
0,0,3.3838208e-07
0,0,4.0194905e-07
0,0,2.9159017e-07
0,0,5.4374664e-07
0,0,1.1739177e-06
0,0,4.6744438e-07
0,0,5.415942e-07
0,0,3.6186057e-07
0,0,5.827662e-07
0,0,3.4683103e-07
0,0,3.7791105e-07
0,0,8.9023723e-07
0,0,3.952761e-07
1,0,0.0016463413
0,0,3.9375686e-07
0,0,1.812522e-05
0,0,8.1138074e-07
0,0,3.877084e-07
0,0,1.7845281e-06
0,0,1.5289231e-06
0,0,7.199365e-07
1,0,6.400916e-07
0,0,6.115689e-07
0,0,7.301951e-07
0,0,1.0547989e-06
0,0,4.051066e-07
0,0,3.660039e-07
0,0,3.1783597e-07
0,0,3.640124e-07
0,0,3.6041888e-07
1,0,0.00010524474
0,0,2.812712e-07
0,0,4.817357e-07
0,0,3.9808538e-07
0,0,1.2699758e-06
0,0,6.5236406e-07
0,0,3.413849e-07
0,0,6.4712435e-07
0,0,5.181061e-07
0,0,4.9288604e-07
0,0,3.909098e-06
0,0,3.1637953e-07
0,0,7.1055285e-07
0,0,5.546509e-07
0,0,4.5669182e-07
0,0,4.4455436e-07
0,0,7.1688356e-07
0,0,2.784942e-07
0,0,2.956594e-07
0,0,5.63105e-07
0,0,1.6850775e-06
0,0,4.0809508e-07
0,0,3.9220453e-07
0,0,7.287826e-06
0,0,3.2523954e-07
1,1,0.99980885
0,0,6.889154e-07
0,0,4.156562e-07
0,0,4.4220462e-07
0,0,3.3175365e-07
0,0,3.2662552e-07
0,0,5.277779e-07
0,0,7.513284e-07
0,0,5.0188174e-07
0,0,3.6861178e-07
0,0,4.3618923e-07
0,0,2.8839702e-07
1,1,0.9999647
0,0,3.6629197e-07
0,0,2.977584e-07
0,0,3.499375e-07
0,0,3.8484683e-07
0,0,3.8788556e-07
0,0,3.771848e-07
0,0,6.5346e-07
1,1,0.99931884
0,0,6.024286e-07
0,0,3.5729946e-07
0,0,6.3630165e-07
0,0,3.0134407e-07
1,1,0.99998367
0,0,4.731584e-07
0,0,3.4382066e-07
0,0,3.456021e-07
0,0,3.850818e-07
0,0,3.4036973e-06
0,0,4.3419868e-07
0,0,2.1678618e-06
0,0,4.5474783e-07
0,0,4.0869332e-07
0,0,4.0792935e-07
0,0,8.1653116e-07
0,0,4.3579834e-07
0,0,7.325505e-07
0,0,5.072482e-06
0,0,5.228164e-07
0,0,5.996372e-07
0,0,5.115614e-07
0,0,6.762739e-07
0,0,2.8250622e-07
0,0,3.1617776e-07
0,0,5.519961e-07
0,0,1.8006318e-06
0,0,5.094265e-07
0,0,4.0848678e-07
0,0,4.1291898e-07
0,0,3.1383695e-07
0,0,5.0308404e-07
0,0,2.8354216e-07
0,0,4.0498492e-07
0,0,5.154792e-07
0,0,7.423988e-07
0,0,7.142229e-07
0,0,4.718498e-07
0,0,3.5512838e-07
0,0,3.2483905e-07
0,0,4.739442e-07
1,1,0.9999924
0,0,3.5695817e-07
1,0,6.2519875e-06
0,0,5.3643083e-07
0,0,4.9141136e-07
0,0,5.3002094e-07
0,0,4.2407783e-07
0,0,7.888945e-07
0,0,2.880732e-07
0,0,1.1299775e-06
0,0,3.8146683e-07
0,0,4.0640174e-07
0,0,2.0957282e-06
0,0,3.8495585e-07
0,0,4.344408e-06
0,0,6.527835e-07
0,0,3.7202972e-07
0,0,3.0146825e-07
0,0,5.2416885e-07
1,1,0.9999801
0,0,3.2337425e-07
0,0,4.770655e-07
0,0,3.6203178e-07
0,0,8.322405e-07
0,0,6.396035e-07
0,0,6.933274e-07
0,0,5.427882e-07
0,0,5.06676e-07
0,0,4.4881122e-07
0,0,4.3923268e-07
0,0,3.8084815e-07
1,0,5.1685834e-06
0,0,3.9140866e-07
0,0,4.4427335e-07
0,0,1.3819919e-06
0,0,7.957479e-07
0,0,0.00036235715
0,0,4.3799915e-07
0,0,4.166873e-07
0,0,4.2515538e-07
0,0,7.401226e-07
0,0,9.884193e-07
1,1,0.9999882
0,0,5.200749e-07
0,0,4.222404e-07
0,0,3.6290672e-07
0,0,4.1842506e-07
0,0,3.1959553e-07
0,0,5.39043e-07
0,0,4.1035162e-07
0,0,5.34154e-07
0,0,3.5567336e-07
0,0,4.2781332e-07
0,0,3.1059682e-07
0,0,3.9886976e-07
0,0,5.300326e-07
0,0,4.338804e-07
0,0,3.873041e-07
0,0,3.8229064e-07
0,0,3.5903804e-07
0,0,7.638991e-07
0,0,1.5810257e-06
0,0,3.9876056e-07
0,0,4.838019e-07
0,0,4.0342374e-07
0,0,3.8744895e-07
0,0,3.261322e-07
0,0,8.997223e-07
0,0,2.78944e-07
0,0,3.328857e-07
0,0,4.840946e-07
0,0,5.853557e-07
0,0,4.814041e-07
0,0,3.4171325e-07
0,0,1.0444137e-06
0,0,5.4175797e-07
0,0,3.764413e-07
0,0,8.085914e-07
0,0,3.2293386e-07
1,0,4.9499783e-07
0,0,6.6178404e-07
0,0,6.536681e-07
0,0,5.1102745e-07
0,0,4.5221654e-07
0,0,3.4684558e-07
1,0,1.8873731e-06
1,1,0.99998033
0,0,6.0682123e-07
0,0,5.8537466e-07
1,1,0.99998975
0,0,5.3286624e-07
1,0,1.3814569e-06
0,0,4.0021632e-07
0,0,5.8160634e-07
1,1,0.9944391
0,0,6.520506e-07
0,0,4.0939705e-07
0,0,4.4867215e-07
0,0,3.561713e-07
0,0,3.0501255e-07
0,0,3.1260774e-07
0,0,5.669167e-07
0,0,3.1370766e-07
0,0,3.6094517e-07
0,0,4.396673e-07
0,0,3.097201e-07
0,0,4.891152e-07
0,0,5.1180433e-07
0,0,0.0001455837
1,0,1.2308758e-05
0,0,4.696697e-07
0,0,6.203649e-07
0,0,3.886502e-07
0,0,2.634991e-07
0,0,1.3652583e-06
0,0,4.4431997e-07
0,0,1.0696026e-06
0,0,3.785336e-07
0,0,3.357033e-07
0,0,1.0007134e-06
0,0,4.020901e-07
0,1,0.99949956
0,0,3.5158598e-07
0,0,4.4837654e-07
0,0,4.009521e-07
0,0,3.2809317e-07
0,0,3.3686138e-07
0,0,4.859012e-06
0,0,3.138112e-07
0,0,3.278789e-07
0,0,3.7837768e-07
0,0,2.9028166e-07
0,0,3.249134e-07
0,0,3.8735067e-07
1,1,0.99861
0,0,1.0400473e-06
0,0,4.1528452e-07
0,0,5.705877e-07
0,0,8.7712357e-07
0,0,3.0687522e-07
0,0,3.0729402e-07
0,0,4.4646498e-07
1,0,3.6098136e-06
0,0,1.414874e-06
0,0,7.2223106e-06
0,0,2.9140057e-07
0,0,4.2132007e-07
0,0,5.2701944e-07
0,0,3.279477e-07
0,0,4.68705e-07
0,0,3.1747155e-07
0,0,2.9135776e-07
0,0,3.766866e-07
0,0,3.2500822e-07
1,1,0.9999895
0,0,3.091376e-07
0,0,5.240654e-07
0,0,3.7947046e-07
0,0,7.687357e-07
0,0,3.576349e-07
0,0,4.0086644e-07
0,0,3.1186536e-07
0,0,8.4545115e-07
0,0,3.9986344e-07
0,0,9.765254e-05
0,0,4.283624e-07
0,0,3.7285872e-07
0,0,3.28477e-07
0,0,5.2215864e-07
0,0,5.362764e-07
0,0,4.0888747e-07
0,0,6.4370215e-07
0,0,3.5794847e-07
0,0,1.0163985e-06
0,0,1.3585615e-06
1,0,2.786122e-05
1,1,0.99998677
0,0,3.8335082e-07
0,0,3.2456035e-07
1,1,0.99986875
0,0,1.2558316e-06
0,0,4.4455774e-07
0,0,7.544813e-07
0,0,3.315999e-07
0,0,1.2104589e-06
1,1,0.99999166
0,0,3.4577945e-07
0,0,3.6953327e-07
0,0,2.2860524e-06
0,0,3.723978e-07
1,1,0.9999769
0,0,7.0744323e-07
0,0,5.4319e-07
0,0,4.273187e-07
0,0,3.493733e-07
1,0,2.2294606e-05
0,0,3.6117171e-07
0,0,4.5396655e-07
0,0,2.949587e-07
0,0,3.7666214e-07
0,0,2.7931293e-07
0,0,3.3190207e-07
0,0,2.9389844e-07
0,0,4.383953e-07
0,0,2.8567226e-07
0,0,5.454923e-07
0,0,5.982766e-07
0,0,4.2684383e-07
0,0,5.507725e-07
0,0,5.405996e-06
1,1,0.9953655
1,1,0.9998374
1,1,0.99995005
0,0,3.45856e-07
0,0,7.7679056e-07
0,0,3.2900056e-07
0,0,3.50514e-07
0,0,1.057712e-06
0,0,3.1589835e-07
0,0,0.0004876205
1,1,0.999718
1,1,0.99995005
0,0,1.9806869e-06
0,0,3.2709062e-07
0,0,3.5418944e-07
0,0,2.9967015e-07
0,0,4.7935447e-07
0,0,3.7105497e-07
0,1,0.99572206
0,0,2.0343361e-06
0,0,7.184002e-07
0,0,3.9454508e-07
0,0,7.4995893e-07
0,0,4.7637445e-07
1,1,0.75498635
0,0,3.1479405e-07
0,0,3.3835403e-07
1,0,0.00081185356
0,0,7.163689e-07
0,0,3.491994e-07
0,0,6.191031e-07
0,0,3.6884987e-07
0,0,1.2050959e-06
0,0,2.993922e-07
1,0,6.032818e-07
0,0,3.2497817e-07
0,0,3.5236172e-07
0,0,3.384615e-07
0,0,5.874663e-07
0,0,2.9729503e-07
0,0,3.743327e-07
0,0,4.4848008e-07
0,0,3.8894385e-07
0,0,4.4367764e-07
0,0,4.5834724e-07
0,0,3.684252e-07
0,0,5.3828893e-07
0,0,4.5493087e-07
0,0,3.4110306e-07
0,0,4.7989784e-07
0,0,1.196336e-06
0,0,6.670125e-05
0,0,3.4805004e-07
0,0,4.1293237e-07
0,0,3.772233e-07
0,0,1.075439e-06
0,0,3.8436926e-07
0,0,3.499048e-07
0,0,3.5408812e-07
0,0,4.0472392e-07
0,0,5.1533567e-07
0,0,1.2267965e-06
0,0,4.677833e-07
0,0,2.039087e-06
1,1,0.9999653
0,0,0.0019687293
0,0,2.7927723e-07
0,0,3.8096294e-07
0,0,5.3182345e-07
0,0,6.2134836e-07
0,0,4.3781623e-07
0,0,4.276473e-07
1,1,0.9898399
0,0,3.259472e-07
0,0,3.4111835e-07
1,0,0.0007051462
0,0,6.4499324e-07
0,0,3.3777013e-07
0,0,3.778829e-07
0,0,5.7572464e-07
0,0,3.493433e-07
0,0,3.2837082e-07
0,0,7.781155e-07
0,0,3.3905917e-07
0,0,4.4052013e-07
0,0,4.6854856e-07
1,1,0.9999906
0,0,4.8939705e-07
0,0,4.3281952e-07
0,0,3.6177568e-07
0,0,3.5449358e-07
0,0,2.9358074e-07
0,0,5.2917045e-07
0,0,5.5351694e-07
0,0,5.4299215e-07
0,0,5.496689e-07
0,0,1.7428238e-06
0,0,4.1530595e-07
0,0,4.034822e-07
0,0,3.0088634e-07
0,0,3.1949864e-07
0,0,3.7059664e-07
0,0,3.666488e-07
0,0,2.246581e-06
0,0,2.9462078e-07
0,0,3.116742e-07
1,0,5.309098e-07
0,0,5.6889354e-07
0,0,3.393202e-07
0,0,4.9068035e-07
0,0,3.355087e-07
0,0,3.2766917e-07
0,0,1.26295e-06
0,0,3.0662306e-07
0,0,3.24888e-07
0,0,7.491847e-07
0,0,7.250781e-07
0,0,4.566901e-07
0,0,5.224824e-07
0,0,4.1174047e-07
0,0,5.265e-07
0,0,3.9035515e-07
0,0,2.8352082e-07
0,0,3.2730875e-07
0,0,4.4734722e-07
0,0,2.828842e-07
0,0,4.9619973e-07
0,0,1.5059888e-06
0,0,6.6857166e-07
0,0,1.6570143e-06
0,0,3.2691628e-07
0,0,3.177187e-07
0,0,3.063933e-07
0,0,6.7960417e-07
0,0,5.2557994e-07
0,0,3.4692633e-07
1,0,1.252117e-06
0,0,3.9052497e-07
0,0,3.677207e-06
0,0,4.7629675e-07
0,0,5.432636e-07
0,0,1.2264222e-06
0,0,8.499185e-07
0,0,7.689784e-07
0,0,3.003803e-07
0,0,6.449797e-07
0,0,3.043588e-07
0,0,3.734954e-07
0,0,3.6803152e-07
0,0,4.5063746e-07
0,0,4.595544e-07
0,0,3.087463e-07
0,0,2.9465951e-07
0,0,5.143188e-07
0,0,3.597259e-07
0,0,5.682776e-07
0,0,2.672339e-07
0,0,3.2183075e-07
0,0,3.6677193e-07
0,0,4.7271098e-07
0,0,1.2677202e-06
0,0,2.8682922e-07
0,0,2.8949154e-07
0,0,1.934253e-06
0,0,1.2741782e-06
1,1,0.9999888
0,0,3.9828055e-07
0,0,4.7341294e-07
0,0,3.803995e-07
0,0,3.1133644e-07
0,0,3.5709402e-07
0,0,4.494233e-07
0,0,3.0133316e-07
0,0,3.336803e-07
0,0,3.9719535e-07
0,0,3.3837563e-07
0,0,4.140045e-07
0,0,4.7275336e-07
0,0,4.5179237e-07
0,0,3.192635e-07
0,0,1.2973775e-06
0,0,4.026803e-07
0,0,4.811838e-07
0,0,3.6777504e-07
0,0,7.3091826e-07
0,0,6.126138e-07
0,0,3.7009335e-07
0,0,3.6972435e-07
0,0,2.9306884e-07
0,0,3.8896093e-07
0,0,1.211883e-06
1,1,0.99988604
0,0,3.6558598e-07
0,0,4.0623357e-07
0,0,4.5303153e-07
0,0,7.956576e-07
1,1,0.9998604
0,0,0.00080400857
0,0,3.5666451e-07
0,0,3.8259552e-07
0,0,3.2095156e-06
0,0,6.044981e-07
0,0,4.2379947e-06
0,0,3.2654796e-07
1,1,0.9999733
0,0,4.0492236e-07
1,1,0.9941664
0,0,2.9650082e-07
0,0,4.0918783e-07
0,0,3.2775105e-07
1,1,0.99998987
1,1,0.9999895
1,1,0.9999862
0,0,6.24765e-07
0,0,2.997813e-07
0,0,3.3914455e-07
0,0,5.508124e-07
0,0,9.09135e-07
0,0,3.6876264e-07
0,0,3.4575944e-06
0,0,4.780223e-07
0,0,3.6562153e-07
0,0,6.553659e-07
0,0,6.164537e-07
0,0,5.409433e-07
0,0,3.2830914e-07
0,0,0.05509326
0,0,3.1937495e-07
0,0,5.042378e-07
0,0,3.344226e-07
0,0,4.1720745e-07
0,0,4.4973885e-07
0,0,2.8790348e-07
0,0,4.3282944e-07
0,0,3.3667735e-07
0,0,4.363906e-07
1,0,2.6561386e-06
0,0,4.5785617e-07
0,0,4.896851e-07
0,0,3.9554308e-07
0,0,4.2553506e-07
0,0,2.9177153e-07
0,0,6.1601884e-07
0,0,3.4733415e-07
0,0,1.3273587e-06
1,0,1.9955285e-05
0,0,4.650575e-07
0,0,3.870988e-07
0,0,6.9744175e-07
0,0,3.724692e-07
0,0,4.2140687e-07
0,0,6.5860263e-07
0,0,4.004423e-07
0,0,3.4334786e-07
0,0,3.867114e-07
0,0,3.6982553e-07
1,1,0.9999894
0,0,3.4329545e-07
0,0,4.9507287e-07
0,0,2.960623e-07
0,0,3.5343294e-07
0,0,3.7006615e-07
0,0,3.494996e-07
0,0,4.1657688e-07
0,0,1.7068099e-06
0,0,4.7288862e-07
0,0,4.0131627e-07
0,0,4.4703845e-07
0,0,8.0918926e-07
0,0,3.5082968e-07
0,0,3.2169328e-07
0,0,4.0394113e-07
0,0,3.7176338e-07
0,0,5.3303756e-07
0,0,3.7405647e-07
0,0,2.8495447e-07
0,0,1.1320118e-06
0,0,3.056351e-07
0,0,1.3457939e-06
0,0,4.3784004e-07
0,0,4.6221004e-07
0,0,3.3820692e-07
0,0,3.696873e-07
1,0,7.981375e-06
0,0,5.4846515e-07
0,0,4.899158e-07
0,0,1.7614296e-06
0,0,4.573866e-07
0,0,2.4122808e-06
0,0,3.4786987e-07
0,0,8.531147e-07
0,0,3.830402e-07
0,0,3.806049e-07
0,0,2.2415668e-06
0,0,4.6924663e-07
0,0,3.1531323e-07
0,0,3.6313276e-07
0,0,3.6147324e-07
0,0,3.6953963e-07
0,0,3.1325266e-07
0,0,3.502186e-07
0,0,6.1309544e-07
0,0,3.0310022e-07
0,1,0.5584106
0,0,7.8329674e-07
1,0,0.0015208856
0,0,4.2752333e-07
0,0,4.2573313e-07
0,0,5.4410407e-07
0,0,5.4324806e-07
0,0,3.3656178e-07
0,0,3.2873083e-07
0,0,6.323906e-07
0,0,3.3506296e-07
0,0,2.7818578e-07
0,0,6.336596e-07
0,0,4.5320695e-07
0,0,3.362666e-07
0,0,3.2437995e-07
0,0,3.7586622e-06
0,0,4.4840053e-07
0,0,3.8288462e-07
0,0,3.167862e-07
0,0,3.315841e-07
0,0,4.9215754e-07
1,1,0.99611866
0,0,3.527773e-07
0,0,3.5913152e-07
0,0,3.9547822e-07
0,0,5.085766e-07
0,0,9.1482906e-07
0,0,3.1828824e-07
0,0,2.6322234e-06
0,0,1.2779507e-06
0,0,4.905044e-07
0,0,1.1959163e-06
1,1,0.99986434
0,0,2.6392362e-07
0,0,3.5877142e-07
0,0,3.976953e-07
0,0,5.6733967e-07
0,0,4.6266248e-07
0,0,7.0321227e-07
0,0,3.5234658e-07
0,0,3.9425097e-07
0,0,4.897603e-07
0,0,5.62491e-07
1,1,0.99700373
0,0,3.6794555e-07
0,0,3.4996586e-07
0,0,3.9585706e-07
0,0,2.9515087e-07
0,0,4.890933e-07
0,0,4.0934944e-07
0,0,2.8561996e-07
0,0,9.1068824e-07
0,0,2.9649317e-07
0,0,1.2220638e-06
0,0,2.9962754e-07
0,0,3.7999123e-07
0,0,2.9643635e-07
0,0,1.0953665e-06
0,0,5.203065e-07
0,0,5.0974484e-07
1,1,0.99998367
0,0,3.7347155e-07
0,0,2.6560122e-07
0,0,1.2488438e-06
0,0,3.1370976e-07
0,0,3.6531762e-07
0,0,3.441254e-07
1,0,9.257822e-05
0,0,3.717882e-07
0,0,3.345333e-07
0,0,1.0693965e-06
0,0,4.851913e-07
0,0,4.5326402e-07
0,0,4.0483934e-07
1,0,1.2721432e-06
0,0,4.5617472e-07
0,0,2.88204e-07
0,0,3.6346123e-07
0,0,3.273003e-07
0,0,4.4047098e-07
1,1,0.9999895
0,0,3.061923e-07
0,0,3.448952e-07
1,1,0.9999926
0,0,5.362973e-07
0,0,3.6169428e-07
0,0,3.5268815e-07
0,0,3.792932e-07
0,0,3.8088012e-07
0,0,3.04691e-07
0,0,3.6806978e-07
0,0,7.985707e-07
0,0,6.0065247e-07
0,0,5.08274e-07
0,0,1.428455e-06
1,1,0.9999912
0,0,1.4352649e-05
0,0,5.5211456e-07
0,0,3.858869e-07
1,0,1.4135388e-06
0,0,5.762003e-07
0,0,3.7143874e-07
0,0,5.082236e-07
0,0,7.405363e-07
0,0,4.353082e-07
0,0,4.4132918e-07
1,1,0.99993086
0,0,3.4171975e-07
0,0,4.4500143e-07
0,0,4.872906e-07
0,0,3.4393216e-07
0,0,3.4378363e-07
0,0,3.7109317e-07
0,0,3.4001243e-07
0,0,5.9458955e-07
0,0,4.947151e-07
0,0,4.0875648e-07
0,0,4.642647e-07
0,0,5.3392785e-07
0,0,3.125663e-07
0,0,2.7389277e-07
0,0,4.4101319e-07
0,0,3.887399e-07
0,0,3.8777424e-07
0,0,2.908292e-07
1,1,0.99906176
0,0,7.201597e-07
0,0,6.571032e-07
0,0,2.8966664e-07
0,0,3.495186e-07
0,0,9.648763e-07
0,0,3.4068498e-07
0,0,3.2379302e-07
0,0,3.4499948e-07
0,0,3.2125976e-07
0,0,4.4925915e-07
0,0,3.1200878e-07
0,0,4.7017883e-07
0,0,3.8847233e-07
0,0,7.655386e-07
1,0,0.030658288
1,0,0.0001359401
0,0,3.0489625e-07
0,0,2.904927e-07
0,0,7.1258256e-07
0,0,4.404378e-07
0,0,3.929983e-07
1,0,1.3697263e-06
0,0,5.3229485e-07
0,0,3.395685e-07
0,0,9.901665e-07
1,1,0.9999473
0,0,1.2743288e-06
0,0,4.3165213e-07
0,0,5.505656e-07
1,0,0.009101772
0,0,3.0733267e-07
0,0,4.1364734e-07
0,0,2.902861e-07
0,0,0.00015848607
0,0,4.6127383e-07
0,0,5.785863e-07
0,0,2.8953713e-07
0,0,3.3718632e-07
0,0,7.8733797e-07
0,0,3.8945532e-07
0,0,5.338719e-07
0,0,2.990469e-07
0,0,5.1554457e-07
0,0,4.6268104e-07
0,0,7.869889e-07
0,0,6.148995e-07
0,0,4.5559472e-07
0,0,6.914007e-07
0,0,5.14596e-07
0,0,2.9672145e-07
0,0,6.8133363e-07
0,0,9.792674e-07
1,1,0.99998987
0,0,3.3506758e-06
0,0,3.181365e-07
0,0,3.5342416e-07
0,0,1.6976137e-06
0,0,3.39097e-07
0,0,3.4945128e-07
0,0,3.0773862e-07
0,0,3.1413128e-07
0,0,3.8800653e-07
1,1,0.99901664
0,0,2.9402457e-07
0,0,0.026642874
0,0,5.57805e-07
1,0,6.4439027e-06
0,0,8.952467e-07
0,0,1.2548643e-06
0,0,2.7954957e-07
0,0,3.4904693e-07
0,0,3.3985717e-07
0,0,4.524374e-07
1,1,0.9999889
0,0,4.6728573e-07
0,0,4.2544173e-07
0,0,9.158793e-07
0,0,1.3342363e-06
0,0,3.6822988e-07
0,0,6.2048326e-07
0,0,3.8804947e-07
1,1,0.99950683
0,0,7.258557e-07
0,0,3.930515e-07
0,0,4.224845e-07
0,0,3.5774642e-07
0,0,4.4204612e-07
0,0,3.6086323e-07
0,0,1.2577672e-06
0,0,5.4780855e-07
0,0,3.214596e-07
0,0,3.0405587e-07
0,0,3.2307125e-07
1,1,0.99998736
1,1,0.99999154
0,0,3.1702376e-07
0,0,4.1151787e-07
0,0,3.8514975e-07
1,0,1.12291755e-05
0,0,1.4456556e-05
0,0,2.9783365e-07
0,0,3.71494e-07
0,0,3.0056972e-07
1,1,0.9999851
0,0,5.4828365e-07
0,0,2.8714229e-07
0,0,4.25202e-07
0,0,3.4160928e-07
0,0,4.8964773e-07
1,0,0.00070072024
0,0,5.4726763e-07
0,0,3.8650415e-07
0,0,4.1721577e-07
0,0,4.632082e-07
0,0,5.0878515e-07
0,0,3.442534e-07
0,0,3.4407944e-07
0,0,3.1245307e-07
0,0,3.88797e-07
0,0,2.8949265e-07
0,0,8.929999e-07
0,0,5.044215e-07
0,0,3.7639177e-07
0,0,4.2544946e-07
0,0,5.2606435e-07
0,0,6.3596315e-07
0,0,4.046421e-07
1,1,0.99998903
0,0,3.5124884e-07
1,1,0.99998426
0,0,3.884575e-07
0,0,4.7995736e-06
0,0,5.157083e-07
0,0,3.0890888e-07
0,0,3.5395712e-07
0,0,4.127772e-07
0,0,3.1242624e-07
0,0,2.9203264e-07
0,0,7.8627545e-07
0,0,1.6577256e-06
0,0,6.33343e-07
0,0,2.9569998e-07
0,0,3.20261e-07
0,0,5.437783e-07
0,0,3.6929617e-07
0,0,1.1880114e-06
0,0,4.4388966e-07
0,0,3.0901052e-07
1,0,9.540681e-07
0,0,3.3814592e-07
0,0,3.4115737e-07
0,0,1.1887618e-06
0,0,3.6405302e-07
0,0,3.415953e-07
1,1,0.9999907
0,0,6.262737e-07
0,0,8.732191e-07
0,0,1.2248769e-06
0,0,3.0927234e-07
1,1,0.9999701
0,0,3.3061e-07
0,0,5.4387215e-07
0,0,1.5161716e-06
0,0,5.510205e-07
1,1,0.99998903
0,0,4.3317215e-07
0,0,4.549183e-07
0,0,5.8957096e-07
0,0,5.1964946e-07
0,0,3.626977e-07
0,0,6.2870623e-07
0,0,3.427642e-07
0,0,2.8860504e-07
0,0,1.065957e-06
0,0,3.791912e-07
0,0,4.826075e-07
0,0,3.756781e-07
0,0,4.089452e-07
0,0,3.1136435e-07
0,0,3.7862168e-07
0,0,3.6191443e-07
0,0,3.930755e-07
0,0,3.1774232e-07
0,0,8.7974905e-07
0,0,4.5873952e-07
0,0,1.2288527e-06
0,0,2.9602052e-07
0,0,4.4298213e-07
0,0,5.0376195e-07
0,0,4.5349748e-07
0,0,2.7190987e-07
0,0,4.2860844e-07
0,0,1.7988288e-05
0,0,1.7921722e-06
0,0,3.6585175e-07
1,0,2.7975118e-05
0,0,6.4679983e-07
1,0,5.706813e-07
0,0,1.3462574e-06
0,0,3.7076882e-07
0,0,2.9122165e-07
0,0,4.70325e-07
0,0,6.0259634e-07
0,0,3.2029214e-07
0,0,4.149504e-07
0,0,3.3563097e-07
0,0,4.2824888e-07
0,0,5.2078957e-07
0,0,4.7463806e-07
0,0,1.542629e-06
0,0,4.1798154e-07
0,0,4.7472048e-07
0,0,1.0576596e-06
0,0,3.5153033e-07
0,0,3.3169542e-07
0,0,4.087284e-07
0,0,4.2556186e-07
1,1,0.9999573
1,1,0.99998724
0,0,3.4856458e-07
0,0,4.2399813e-07
0,0,4.044226e-07
0,0,3.9763233e-07
0,0,1.135359e-06
0,0,4.1674417e-07
0,0,7.4048546e-07
1,1,0.99990106
0,0,3.0603962e-07
0,0,8.3918707e-07
0,0,6.750451e-07
0,0,7.235625e-07
1,1,0.9999771
0,0,3.4658504e-07
0,0,9.962105e-06
0,0,3.2026438e-07
0,0,3.68916e-07
0,0,3.5022265e-07
0,0,3.1003452e-07
1,1,0.9999864
0,0,3.413738e-07
0,0,3.7853215e-07
0,0,3.4268245e-07
0,0,5.3515134e-07
0,0,6.2305196e-07
0,0,3.5114633e-07
0,0,6.369307e-07
0,0,5.019502e-07
0,0,2.6841677e-05
0,0,3.799615e-07
0,0,4.1635047e-07
0,0,3.3121844e-07
0,0,4.3047024e-07
0,0,2.7559534e-07
0,0,2.8786505e-07
0,0,2.9632443e-07
0,0,6.057891e-07
0,0,4.1960308e-07
0,0,5.949537e-07
0,0,3.384027e-07
0,0,4.2216635e-07
1,0,0.05032658
0,0,7.3032743e-07
0,0,3.9067547e-07
0,0,3.3476914e-07
0,0,1.2024119e-06
0,0,4.126198e-07
0,0,2.9569998e-07
0,0,4.8822926e-07
1,1,0.9999747
0,0,3.6383472e-07
0,0,3.4845058e-07
0,0,1.128937e-06
0,0,4.1169767e-07
0,0,2.7936247e-07
0,0,2.994104e-06
0,0,3.9344982e-07
1,1,0.99998474
0,0,4.997063e-07
0,0,5.9006715e-07
1,1,0.9999758
0,0,3.13495e-07
0,0,3.256775e-07
0,0,5.263208e-07
0,0,2.641175e-07
0,0,5.088555e-07
0,0,3.1604029e-07
0,0,3.4214628e-07
0,0,5.486053e-07
0,0,4.71356e-07
0,0,5.430201e-07
0,0,3.5441855e-07
0,0,5.0442924e-07
0,0,3.553811e-07
1,0,7.065303e-07
0,0,5.138271e-07
0,0,9.94388e-07
0,0,3.5328668e-07
0,0,6.167913e-07
0,0,3.3156513e-07
0,0,3.1624708e-07
0,0,7.550426e-07
0,0,4.5381506e-07
0,0,4.5253623e-07
0,0,4.0130902e-07
0,0,8.491957e-07
0,0,5.2439583e-07
0,0,6.644179e-07
0,0,5.064943e-07
0,0,0.00021996384
0,0,6.8082306e-07
0,0,3.8391278e-07
0,0,1.8669009e-06
1,0,1.9018042e-06
0,0,3.1786598e-07
0,0,1.6729242e-06
0,0,6.1224084e-05
0,0,3.1523896e-07
0,0,4.508756e-07
0,0,4.0361653e-07
0,0,4.6572146e-07
0,0,5.481571e-07
0,0,3.0120214e-07
0,0,9.898163e-06
0,0,4.7825716e-07
0,0,6.182046e-07
0,0,5.9749766e-07
0,0,3.7462847e-05
0,0,5.459654e-07
0,0,3.3466284e-07
0,0,4.23428e-07
0,0,4.1768988e-07
0,0,3.0957153e-07
1,1,0.9999895
0,0,3.338633e-07
0,0,4.6794483e-07
0,0,3.6388502e-07
0,0,8.366523e-07
0,0,4.091211e-07
0,0,5.104074e-07
0,0,1.4214673e-06
0,0,5.6150697e-07
0,0,3.3035565e-07
0,0,1.3815937e-06
0,0,6.2105215e-07
0,0,3.0788217e-07
0,0,5.7014876e-07
0,0,4.3957547e-07
0,0,3.359496e-07
0,0,4.3739513e-07
0,0,3.1229814e-07
0,0,6.504346e-07
0,0,3.6697799e-07
0,0,3.2732902e-07
1,0,0.0030012382
0,0,3.5200534e-07
0,0,5.541217e-07
0,0,4.3814578e-07
0,0,3.4946927e-07
0,0,3.6592849e-07
0,0,4.2889874e-07
0,0,5.2898326e-07
0,0,1.2459483e-06
0,0,1.1771007e-05
0,0,3.7946106e-07
0,0,1.0913624e-06
0,0,8.684869e-07
0,0,4.830864e-07
0,0,3.6015913e-07
0,0,3.3803374e-07
0,0,2.8686148e-07
0,0,5.3755326e-07
0,0,2.6764732e-07
0,0,3.9180264e-07
0,0,2.9353149e-07
0,0,3.509515e-07
1,1,0.9999907
0,0,3.5775358e-07
0,0,3.7054926e-07
0,0,3.3327925e-07
0,0,1.0959787e-06
0,0,4.15007e-07
0,0,1.241833e-06
0,0,3.4780618e-07
0,0,8.7456095e-07
0,0,3.6680935e-06
0,0,4.908624e-07
0,0,2.9988482e-07
0,0,0.00018214677
0,0,4.1931347e-07
0,0,6.6596454e-07
0,0,4.8331218e-05
0,0,4.2915323e-07
0,0,4.5292524e-07
0,0,6.0340494e-07
0,0,6.446335e-07
1,1,0.9998983
1,1,0.9999881
0,0,1.281666e-06
0,0,4.913898e-07
0,0,4.0773017e-07
0,0,6.4060157e-07
0,0,4.4904712e-07
0,0,4.2853486e-07
0,0,9.843385e-07
0,0,3.9229056e-07
0,0,6.1609165e-07
0,0,4.7808526e-06
0,0,3.4624279e-07
0,1,0.999951
0,0,4.4228392e-07
0,0,0.002615603
0,0,3.526693e-07
0,0,5.209878e-07
1,1,0.99998903
0,0,6.3033866e-07
0,0,3.2480682e-07
0,0,3.7171515e-07
0,0,0.00016164564
1,0,0.0048662717
0,0,6.4552546e-07
0,0,6.745014e-07
0,0,6.918387e-07
0,0,1.1662938e-06
1,0,3.884685e-06
0,0,4.51521e-07
0,0,3.9834742e-07
0,0,3.1510072e-07
1,1,0.99998903
0,0,3.449827e-07
0,0,6.118314e-07
0,0,4.5792694e-07
0,0,3.221163e-07
1,1,0.99992347
0,0,4.910731e-07
1,1,0.99998367
0,0,5.72031e-07
0,0,4.3297928e-07
0,0,3.1517555e-07
0,0,5.835498e-07
0,0,1.2941423e-06
0,0,4.25764e-07
0,0,3.2619317e-07
0,0,4.0007743e-07
0,0,5.3945496e-07
0,0,3.402752e-07
0,0,6.0474895e-07
0,0,6.16228e-07
0,0,3.4189804e-07
0,0,4.3258925e-07
0,0,3.4043165e-07
0,0,4.9690914e-07
0,0,1.7819002e-05
0,0,5.755534e-07
0,0,7.5503544e-07
1,0,1.8159332e-06
0,0,2.6760318e-07
0,0,2.7483156e-07
0,0,4.3796155e-07
0,0,5.1998506e-07
0,0,3.066049e-07
1,1,0.9999769
1,1,0.99998474
0,0,4.916073e-07
0,0,3.6484548e-07
1,0,8.1825e-07
0,0,3.0875336e-07
0,0,7.21181e-07
1,1,0.9998889
0,0,4.3196715e-07
0,0,3.8619763e-07
0,0,3.4186098e-06
0,0,3.9539526e-07
0,0,3.1132575e-07
0,0,3.8159126e-07
0,0,6.921436e-07
0,0,2.9676787e-07
0,0,5.8885e-07
0,0,5.5135683e-07
1,0,0.46454376
0,0,7.99101e-06
0,0,3.0475437e-07
0,0,3.9405887e-07
0,0,2.8613033e-07
0,0,4.3983124e-07
0,0,3.311919e-07
0,0,3.25193e-07
0,0,9.288359e-07
1,1,0.9999813
0,0,7.551175e-07
0,0,2.667313e-07
0,0,3.874641e-07
0,0,3.2505162e-07
0,0,3.136945e-07
0,0,4.6487744e-07
0,0,2.1463234e-06
0,0,3.144157e-07
0,0,3.8900802e-07
1,1,0.99982184
0,0,4.1570297e-07
0,0,0.0009572739
0,0,3.9191963e-07
0,0,6.8073933e-07
0,0,3.3116567e-07
0,0,9.56413e-07
0,0,8.011833e-07
0,0,1.9041307e-06
0,0,5.903401e-07
0,0,3.5062502e-07
0,0,2.8770037e-07
0,0,4.3969288e-07
0,0,4.397956e-07
0,0,3.19605e-07
0,0,5.516504e-07
0,0,3.5488864e-07
1,1,0.9999906
0,0,0.00038980242
0,0,1.3663772e-06
0,0,4.110378e-07
0,0,4.9925706e-07
0,0,5.5442877e-07
0,0,2.9727377e-07
0,0,6.237077e-07
0,0,1.1740688e-06
0,0,1.4962557e-06
0,0,2.985249e-07
0,0,4.1122837e-07
0,0,1.0689643e-06
0,0,5.9849e-07
0,0,2.168991e-06
0,0,3.8157015e-07
0,0,5.6246523e-07
0,0,3.637317e-07
0,0,5.2224334e-07
0,0,1.1101232e-06
1,0,0.00048749318
0,0,8.282017e-07
0,0,8.2594585e-07
0,1,0.99895704
0,0,3.4185206e-07
0,0,0.0004704774
1,1,0.9999738
0,0,3.41228e-07
0,0,5.1432664e-07
0,0,4.2786513e-07
0,0,5.774127e-07
0,0,3.1311586e-07
1,0,0.00029602993
0,0,4.4141757e-07
0,0,8.6989195e-07
0,0,4.2373136e-07
0,0,3.0891243e-07
0,0,4.6984533e-07
0,0,3.970344e-07
0,0,4.9213503e-07
0,0,3.18516e-07
0,0,3.145681e-07
0,0,5.072591e-07
0,0,4.808228e-07
0,0,3.6974515e-07
1,1,0.9999902
0,0,3.4684757e-07
0,0,4.4216162e-07
0,0,2.6759603e-06
0,0,4.5720955e-07
0,0,5.1095384e-07
0,0,5.0723486e-07
0,0,3.7018265e-07
0,0,5.7629376e-07
0,0,5.050404e-06
0,0,4.5150725e-07
0,0,4.157684e-07
1,0,8.879173e-05
0,0,3.4131716e-07
0,0,8.269586e-07
0,0,3.9806525e-07
0,0,3.4055506e-07
0,0,3.4347948e-07
0,0,4.4154092e-07
0,0,2.0077725e-06
0,0,4.6826892e-07
0,0,3.9292934e-07
0,0,6.778791e-07
0,0,3.389848e-07
0,0,4.1842586e-07
0,0,3.0634948e-07
0,0,4.7292468e-07
0,0,3.5045383e-07
0,0,3.0658154e-07
0,0,6.439748e-07
0,0,2.943562e-07
0,0,3.2154972e-07
0,0,3.6897336e-07
0,0,5.4634353e-07
0,0,4.1545803e-07
0,0,3.5366866e-06
0,0,5.6294175e-07
0,0,5.413355e-07
0,0,2.5113425e-06
1,1,0.9999821
1,0,1.3185323e-06
0,0,4.5876837e-07
0,0,1.3964484e-06
0,0,2.8599965e-07
0,0,3.594029e-07
1,0,0.01870059
0,0,4.6600803e-07
0,0,3.5510058e-07
1,0,2.0011335e-06
0,0,2.8272967e-07
0,0,4.779029e-07
0,0,4.317736e-07
0,0,2.9290118e-07
0,0,5.0300395e-07
0,0,4.232709e-07
0,0,2.8914775e-07
0,0,3.3229162e-07
0,0,4.854427e-07
0,0,2.1941482e-06
0,0,5.1123504e-07
1,1,0.99997985
0,0,4.430544e-07
0,0,4.4066132e-07
0,0,6.313024e-07
1,1,0.9999888
0,0,6.485077e-07
1,0,7.60829e-06
0,0,4.3078276e-07
0,0,4.281627e-07
0,0,1.7797691e-06
0,0,1.1108857e-06
0,0,5.885923e-07
0,0,5.4338796e-07
0,0,3.1749548e-07
0,0,7.667515e-07
0,0,2.864476e-07
0,0,3.36987e-07
0,0,2.9523267e-06
0,0,5.145926e-07
0,0,3.445786e-07
0,0,3.8101493e-07
0,0,6.757478e-07
0,0,5.324893e-07
0,0,3.7204708e-07
0,0,6.98002e-07
0,0,4.3746232e-07
0,0,4.1544934e-07
0,0,4.3661785e-07
0,0,3.4322213e-07
0,0,4.4958577e-07
1,1,0.99999
0,0,4.625725e-07
0,0,1.0275717e-05
0,0,3.7131548e-07
1,0,1.8876699e-05
0,0,3.1868825e-07
0,0,6.719256e-07
0,0,2.9767833e-07
0,0,0.016673122
0,0,3.152471e-07
0,0,3.350732e-07
0,0,6.3774087e-07
0,0,3.4360664e-07
0,0,7.8848313e-07
0,0,4.9831664e-07
0,0,1.0776811e-06
0,0,2.939783e-07
0,0,3.2433076e-07
0,0,5.442753e-07
0,0,5.235039e-07
0,0,1.0319812e-06
0,0,4.768922e-07
0,0,5.454481e-07
0,0,3.960995e-07
0,0,0.00015703267
0,0,1.3171637e-06
0,0,2.837537e-07
0,0,4.5833326e-07
1,1,0.99992514
0,0,4.4217387e-07
0,0,5.781407e-06
0,0,4.869459e-07
1,0,0.027730878
0,0,9.771275e-07
0,0,4.2965078e-07
0,0,6.0277455e-07
1,1,0.9999865
0,0,4.5901695e-07
0,0,5.1476735e-07
0,0,4.0759798e-07
0,0,3.4061807e-07
0,0,3.218369e-07
0,0,4.373142e-07
0,0,5.6668756e-07
0,0,1.5469913e-06
0,0,4.4865632e-07
0,0,4.0868397e-07
1,1,0.99997795
1,1,0.9999571
0,0,3.6064444e-07
0,0,9.262795e-07
1,1,0.99999166
0,0,6.593971e-07
0,0,1.3517094e-06
0,0,3.696006e-07
0,0,4.6259544e-07
0,0,3.3117072e-07
0,0,5.128529e-07
0,0,3.520705e-07
0,0,3.3945906e-07
0,0,3.6122822e-07
0,0,6.889831e-07
0,0,5.4257646e-07
0,0,3.0613802e-07
0,0,1.1710574e-06
0,0,6.7913317e-07
0,0,3.4671726e-07
0,0,6.0555635e-07
0,0,5.5510816e-07
0,0,3.576939e-07
1,1,0.9999919
0,0,6.1465505e-07
1,1,0.99994385
0,0,3.294147e-07
0,0,5.3881377e-07
1,1,0.9999422
0,0,4.0500655e-07
0,0,1.1549838e-06
0,0,3.198401e-07
0,0,3.010482e-07
1,1,0.97419375
0,0,4.144335e-07
0,0,3.552537e-07
0,1,0.99997914
0,0,3.2918982e-07
0,0,3.269219e-07
0,0,6.721518e-07
0,0,3.4411883e-07
0,0,2.9875616e-07
0,0,3.6140395e-07
0,0,3.4149497e-07
0,0,5.530447e-07
0,0,5.814139e-07
1,1,0.9999883
0,0,4.8602726e-07
0,0,2.7669697e-07
0,0,5.0842476e-07
1,0,0.00040681774
0,0,4.4965265e-07
1,1,0.9999876
0,0,5.0218864e-07
0,0,0.016026951
0,0,2.868519e-07
0,0,3.0102754e-07
0,0,2.677497e-07
0,0,1.5250262e-06
0,0,3.5553228e-07
0,0,3.4602786e-07
1,1,0.99996924
0,0,3.892073e-07
0,0,5.4475777e-07
0,0,3.815622e-07
0,0,9.555451e-07
0,0,4.634963e-07
0,0,7.99961e-07
0,0,4.3294543e-07
0,0,4.894484e-07
0,0,3.7313367e-07
0,0,2.8835467e-07
0,0,5.0939445e-07
0,0,3.0591622e-07
0,0,4.0552985e-07
0,0,6.144628e-07
0,0,3.0983824e-07
0,0,8.823714e-07
0,0,7.5382246e-07
0,0,3.774759e-07
0,0,4.2764813e-07
0,0,2.2392935e-06
0,0,3.607755e-07
0,0,4.5211826e-07
0,0,4.2271907e-07
0,0,6.086649e-07
0,0,5.016812e-07
0,0,3.2307184e-07
0,0,9.4464866e-07
0,0,2.9818855e-07
0,0,2.8697585e-07
0,0,1.110514e-06
0,0,2.973078e-07
0,0,3.6595574e-07
0,0,1.2276391e-06
1,1,0.9999813
0,0,9.247816e-07
1,1,0.99998164
0,0,5.941185e-07
0,0,3.242083e-07
0,0,3.0587714e-07
0,0,5.888629e-07
0,0,6.5171986e-07
0,0,9.954166e-07
0,0,7.8264264e-07
0,0,3.0334166e-07
1,0,1.7859984e-05
0,0,4.994695e-07
0,0,3.800601e-07
0,0,3.4555268e-07
1,1,0.999987
0,0,4.1161366e-07
0,0,3.3586983e-07
0,0,3.8871394e-07
0,0,2.7265642e-07
0,0,6.9407366e-07
0,0,3.787611e-07
0,0,0.010305197
0,0,1.0846512e-06
0,0,5.027828e-07
0,0,1.9415882e-06
0,0,3.9052534e-07
0,0,3.58572e-07
0,0,3.9158226e-07
1,0,3.509582e-07
0,0,3.3785875e-07
1,1,0.99997413
1,1,0.9999907
0,0,3.0006507e-07
0,0,2.1588787e-06
1,0,0.004393942
0,0,6.8532313e-07
0,0,2.7026536e-07
0,0,3.0416174e-07
0,0,3.596045e-07
0,0,4.2671192e-07
0,0,5.893079e-07
0,0,4.2787494e-07
0,0,2.8556684e-07
0,0,1.1875629e-06
0,0,2.8741215e-07
0,0,4.3860356e-07
0,0,5.7407e-07
0,0,3.508946e-07
0,0,6.015192e-07
0,0,4.97277e-07
1,0,1.2010381e-05
0,0,3.8120135e-07
0,0,4.7509e-07
0,0,6.6755484e-07
0,0,4.898481e-07
0,0,3.5023868e-07
0,0,3.6794205e-07
0,0,3.1434888e-07
1,0,5.7147315e-07
0,0,5.079193e-07
0,0,3.1123312e-07
0,0,4.333453e-07
0,0,3.7730283e-07
0,0,2.9238797e-07
0,0,1.073666e-06
0,0,3.0883052e-07
0,0,3.0547687e-07
0,0,1.2074082e-06
0,0,2.913339e-07
1,1,0.9999943
0,0,2.962001e-07
0,0,3.3555733e-07
0,0,4.4829235e-07
0,0,3.2522155e-07
0,0,3.6962524e-07
1,1,0.9999933
0,0,3.2766258e-07
0,0,4.6201657e-07
1,1,0.9999883
0,0,4.2759754e-07
0,0,5.030236e-07
0,0,5.0494696e-06
0,0,2.84071e-07
0,0,4.094244e-07
0,0,5.682537e-07
0,0,2.9807995e-07
0,0,4.969428e-07
0,0,1.8650431e-06
0,0,3.6788026e-07
0,0,4.9169074e-07
0,0,5.8977906e-07
0,0,3.6935606e-07
0,0,3.5763316e-07
0,0,3.5179867e-06
0,0,1.2392538e-06
1,0,3.4342085e-07
0,0,4.1729413e-07
0,0,5.722607e-07
0,0,1.1496717e-06
0,0,4.4983193e-07
1,1,0.999979
0,0,4.3873996e-07
0,0,5.5562083e-07
0,0,4.0026364e-07
0,0,4.2552006e-07
1,0,0.002925925
0,0,5.126054e-07
0,0,3.3004326e-07
0,0,1.4745666e-06
0,0,4.4060877e-07
0,0,3.2703977e-07
0,0,3.2891398e-07
0,0,3.1960224e-07
1,1,0.99998
0,0,4.3614097e-07
0,0,1.6423797e-06
0,0,0.0016742909
0,0,4.0062912e-07
0,0,3.5482708e-07
0,0,3.4211527e-07
0,0,8.149504e-07
0,0,4.3361524e-07
0,0,4.6662132e-07
0,0,3.4946862e-07
1,1,0.9999832
0,0,3.313505e-07
0,0,4.5001386e-07
0,0,3.3872982e-07
0,0,4.4461203e-07
0,0,1.0072761e-06
0,0,3.4704146e-07
0,0,4.4821667e-07
0,0,3.238134e-07
0,0,3.900329e-07
0,0,4.3655666e-07
0,0,2.5072e-07
0,0,4.1000345e-07
0,0,3.799876e-07
0,0,2.9452355e-07
0,0,3.3220255e-07
0,0,7.384601e-07
0,0,4.070266e-07
0,0,1.3039231e-06
0,0,5.488147e-07
0,0,6.713689e-07
1,1,0.9946128
0,0,5.0474586e-07
0,0,3.32271e-07
0,0,4.8928456e-07
0,0,5.4819844e-07
0,0,3.5501796e-07
1,0,0.00021183526
1,1,0.99999297
0,0,3.4367426e-05
1,1,0.99998915
0,0,4.412324e-07
0,0,3.073339e-07
0,0,3.81317e-07
0,0,6.1086365e-07
0,0,3.3383753e-07
0,0,3.5478917e-07
0,0,8.474839e-07
0,0,2.9859748e-07
0,0,3.2983087e-07
0,0,4.1517444e-07
0,0,3.3802473e-07
0,0,5.054192e-07
0,0,5.1912446e-07
0,0,3.7566485e-07
0,0,7.878742e-07
0,0,7.912114e-07
0,0,7.175888e-07
0,0,4.3687317e-07
0,0,3.142874e-07
0,0,5.979366e-07
1,1,0.9999902
0,0,1.1153802e-06
1,0,3.914949e-07
0,0,2.7267617e-07
0,0,4.198985e-07
0,0,4.773754e-07
0,0,2.8865458e-07
0,0,3.6674882e-07
1,1,0.99999154
1,1,0.9998975
1,0,0.10245782
0,0,3.503636e-07
0,0,2.9181828e-07
0,0,4.2159178e-07
0,0,2.9812006e-07
0,0,3.3381335e-07
0,0,7.191803e-07
0,0,3.3132488e-07
0,0,3.625345e-07
0,0,3.8652337e-07
0,0,3.4625934e-06
0,0,6.140387e-07
1,0,7.848909e-07
0,0,3.3067022e-07
0,0,5.014248e-07
1,1,0.99997914
0,0,3.804024e-07
0,0,1.0460554e-06
0,0,1.1919426e-06
0,0,4.4672652e-07
0,0,3.64569e-07
0,0,3.557392e-07
0,0,1.9022667e-06
1,1,0.9998734
0,0,3.3922865e-07
0,0,3.296834e-07
0,0,9.0995644e-07
0,0,4.4043614e-07
0,0,2.8063513e-07
0,0,3.921073e-07
0,0,2.8653284e-07
0,0,4.6209013e-07
0,0,3.465606e-07
0,0,4.6640417e-07
0,0,6.6134805e-07
0,0,2.9824542e-07
0,0,4.6292556e-07
1,1,0.99998844
0,0,3.364289e-07
0,0,4.6003632e-07
0,0,3.3548503e-07
0,0,3.7579707e-07
0,0,5.7427366e-07
0,0,2.9277663e-07
0,0,4.0449316e-07
0,0,1.1896633e-06
1,0,2.611876e-06
0,0,1.4658793e-06
0,0,3.7698524e-07
0,0,2.7951944e-07
0,0,3.4394824e-07
0,0,1.0126834e-06
0,0,4.4246198e-07
0,0,9.001531e-07
0,0,3.9703176e-07
0,0,3.079365e-07
0,0,6.4213924e-07
0,0,1.4904435e-06
1,1,0.9999925
0,0,1.3906833e-06
0,0,1.2816685e-06
0,0,2.9996147e-07
0,0,4.8000265e-07
0,0,3.1744247e-07
1,1,0.9976286
0,0,4.6657055e-07
0,0,4.4859297e-07
0,0,2.9196804e-07
0,0,0.0030128204
0,0,3.4940595e-07
0,0,4.12982e-07
0,0,3.4741333e-07
0,0,4.560816e-07
0,0,5.4913295e-07
0,0,4.4535255e-07
0,0,4.528229e-07
1,0,4.2154957e-07
0,0,3.0097155e-07
1,0,1.5449785e-05
1,1,0.99977607
0,0,3.5188357e-06
0,0,3.444196e-07
0,0,5.3617e-07
0,0,6.0388965e-07
0,0,3.4658237e-07
0,0,6.4452655e-07
0,0,3.3321348e-07
0,0,3.4265503e-07
1,0,4.6915675e-06
1,0,1.9352445e-05
0,0,4.333304e-07
1,0,3.4308042e-07
0,0,0.00987379
0,0,9.289697e-07
1,1,0.9999864
0,0,1.8621639e-06
0,0,3.2868633e-07
0,0,7.226433e-07
0,0,6.0020295e-07
0,0,4.1110172e-07
0,0,4.5034875e-07
0,0,3.1953036e-07
0,0,3.2111672e-07
0,0,3.3168024e-07
0,0,1.0320265e-06
0,0,3.849562e-07
0,0,4.2156523e-07
0,0,4.0759798e-07
1,1,0.99998903
1,1,0.9999794
1,1,0.99998915
0,0,5.708925e-07
0,0,4.7546442e-07
0,0,3.255027e-07
0,0,6.1293173e-07
1,0,0.07532631
0,0,7.948628e-07
1,1,0.9999776
0,0,3.685257e-07
0,0,5.326199e-07
0,0,3.6833524e-07
0,0,4.485622e-07
0,0,5.765477e-07
0,0,3.2543812e-07
0,0,7.0580836e-07
0,0,3.38046e-07
0,0,3.9549857e-07
0,0,3.112082e-07
0,0,3.3490707e-07
0,0,3.069039e-07
0,0,4.5832365e-07
0,0,5.364512e-07
0,0,3.4239892e-07
0,0,5.085936e-07
0,0,3.1951876e-07
0,0,4.5075348e-07
0,0,4.0212083e-07
0,0,3.6818986e-07
0,0,4.5789503e-07
0,0,8.6767227e-07
0,0,4.1223987e-07
0,0,3.5142037e-07
0,0,5.550356e-07
1,1,0.9999914
0,0,4.4093457e-07
0,0,3.3763035e-07
0,0,3.4609684e-07
0,0,3.540496e-07
0,0,3.5188853e-07
0,0,4.7107778e-07
0,0,3.4120458e-07
1,0,6.34067e-07
0,0,3.3682443e-07
0,0,3.3576765e-07
0,0,3.5813488e-07
0,0,3.5394496e-07
0,0,4.011181e-07
1,1,0.99998426
0,0,4.943859e-07
0,0,3.6996312e-07
0,0,5.046631e-07
0,0,6.583502e-07
0,0,9.606143e-07
0,0,3.100221e-07
0,0,1.126745e-06
0,0,3.2280454e-07
0,0,5.91042e-07
0,0,3.7243794e-07
0,0,8.386486e-07
0,0,1.1460897e-06
0,0,5.377707e-07
0,0,3.5109343e-07
0,0,2.9979932e-07
0,0,3.423591e-07
0,0,3.7490753e-07
0,0,3.6088767e-07
0,0,3.434284e-07
0,0,1.0574579e-06
0,0,1.1066899e-06
0,0,3.9597938e-07
0,0,8.536082e-06
0,0,3.79905e-07
0,0,3.4131588e-07
0,0,4.639527e-07
0,0,3.3740054e-07
0,0,3.2038042e-07
0,0,5.867138e-07
0,0,3.342077e-07
0,0,1.6446603e-06
1,1,0.9999366
1,1,0.9999114
0,0,4.1016926e-07
1,0,2.4048497e-05
0,0,3.500236e-07
0,0,3.3057813e-07
0,0,5.3145897e-07
0,0,3.028104e-07
0,0,2.7700136e-07
0,0,1.1194692e-06
1,0,1.2614923e-06
0,0,3.8004669e-07
0,0,3.0937824e-07
0,0,3.573727e-07
1,1,0.9999672
0,0,9.945322e-07
0,0,7.1266953e-07
1,1,0.9997472
1,1,0.9993585
1,1,0.9995865
0,0,3.3053905e-07
0,0,5.820036e-07
0,0,4.6975973e-07
0,0,5.526329e-07
1,1,0.9999634
0,0,2.8643257e-07
0,0,2.8972823e-07
1,0,0.00010765381
1,1,0.9999635
0,0,3.0061443e-07
0,0,6.749782e-07
0,0,4.627225e-07
0,0,7.781269e-05
0,0,9.935245e-07
0,0,3.8074575e-07
0,0,5.9674255e-07
0,0,5.657782e-07
0,0,5.552645e-06
0,0,5.0276367e-07
0,0,6.883257e-07
0,0,3.5844994e-07
0,0,5.484203e-05
0,0,4.050591e-07
0,0,4.7555872e-07
0,0,5.75369e-07
0,0,3.486703e-07
0,0,3.73546e-07
0,0,3.172276e-07
0,0,3.1417144e-07
0,0,8.7411564e-07
0,0,2.9139778e-07
0,0,4.0015945e-07
0,0,1.2843419e-06
1,1,0.9999889
0,0,4.5437892e-07
0,0,4.1319157e-07
0,0,3.101197e-07
0,0,6.745348e-07
1,1,0.9999906
0,0,5.452408e-06
0,0,9.866092e-07
1,0,2.2501083e-06
0,0,3.2902034e-07
0,0,5.682364e-07
0,0,3.0954763e-07
0,0,3.0428157e-07
0,0,4.3744646e-07
0,0,3.0869862e-07
0,0,1.654464e-05
1,1,0.99998283
0,0,4.2923426e-07
0,0,4.5203547e-07
0,0,3.4554344e-07
0,0,1.1490107e-06
0,0,5.595296e-07
0,0,3.2878162e-07
0,0,2.9876642e-07
0,0,3.0062648e-07
0,0,4.0651568e-07
0,0,5.055788e-07
0,0,2.92031e-07
0,0,4.3565748e-07
1,1,0.99998415
0,0,4.2383968e-07
0,0,8.395361e-07
0,0,6.0700415e-07
0,0,5.9338527e-07
0,0,3.087731e-07
0,0,3.0708395e-07
0,0,3.4207514e-07
1,1,0.999992
0,0,3.6692722e-07
0,0,3.1402377e-07
0,0,3.0166728e-07
0,0,4.2079486e-07
0,0,1.1687791e-06
0,0,4.8220033e-07
0,0,5.0429645e-07
0,0,3.9908815e-07
0,0,2.875421e-07
0,0,2.9468904e-07
1,1,0.9999862
0,0,5.175495e-07
0,0,1.8957036e-06
0,0,5.2662756e-07
1,1,0.99999046
0,0,3.1858997e-06
0,0,8.241385e-07
0,0,3.885793e-06
0,0,3.2362382e-07
0,0,3.3116e-07
0,0,3.67599e-07
1,1,0.9999256
0,0,7.289246e-07
0,0,3.9509973e-07
0,0,1.8272547e-06
0,0,3.8028196e-07
0,0,3.1733836e-07
0,0,4.302753e-07
0,0,5.9050956e-07
0,0,3.390818e-07
0,0,3.2956518e-07
0,0,4.0290274e-07
0,0,3.1949742e-07
0,0,4.3287525e-07
1,0,5.799741e-06
0,0,3.1719736e-07
1,1,0.9970188
0,0,1.9691827e-06
0,0,4.346822e-07
0,0,8.3670255e-07
0,0,3.5554348e-07
0,0,9.734554e-07
0,0,8.168053e-07
0,0,4.667272e-07
0,0,3.850568e-07
0,0,3.3734789e-06
1,1,0.99988735
0,0,4.944029e-07
0,0,2.9962612e-07
0,0,6.245577e-07
0,0,5.857309e-07
0,0,4.2305462e-07
0,0,3.2532142e-07
0,0,5.095699e-07
0,0,3.431642e-07
0,0,4.0009266e-07
0,1,0.9999249
0,0,2.1713834e-06
0,0,3.6064924e-07
0,0,3.4166237e-07
0,0,3.5767613e-07
0,0,3.974807e-07
0,0,1.1746075e-06
0,0,5.928863e-07
0,0,4.3215712e-07
0,0,4.796087e-07
0,0,4.4002974e-07
0,0,1.3632e-06
0,0,3.1903096e-07
0,0,2.856679e-07
0,0,3.6130194e-07
0,0,3.7085613e-07
1,0,7.980751e-06
0,0,1.415484e-06
0,0,6.811264e-07
0,0,4.825725e-07
0,0,3.308462e-07
0,0,1.3278627e-06
0,0,3.2234922e-07
0,0,1.1894069e-06
0,0,3.7052243e-07
0,0,5.5641e-06
0,0,3.5804234e-07
0,0,4.3695235e-07
0,0,3.331652e-07
0,0,4.902711e-07
0,0,4.776254e-07
0,0,3.8456432e-07
0,0,5.354827e-07
0,0,3.725612e-07
0,0,5.8934387e-07
0,0,5.429492e-07
0,0,5.497827e-07
0,0,7.006564e-07
0,0,4.2085986e-07
0,0,3.2585177e-07
0,0,4.7620594e-07
0,0,5.6823745e-07
0,0,3.020222e-07
0,0,1.4338351e-06
0,0,3.9858455e-07
0,0,1.6347665e-06
0,0,3.0355292e-07
0,0,4.0980018e-07
0,0,3.137627e-07
0,0,3.809615e-07
0,0,6.1320947e-07
0,0,7.553545e-07
0,0,2.2395698e-05
0,0,3.176366e-07
0,0,3.302769e-07
0,0,6.4312536e-07
0,0,2.886265e-07
0,0,2.7962957e-07
0,0,4.0971773e-07
0,0,0.0023855725
0,0,2.9272806e-07
0,0,3.593501e-07
0,0,5.515909e-07
0,0,8.55787e-06
0,0,3.4879935e-07
0,0,1.330309e-06
0,0,5.740766e-07
0,0,6.85909e-07
0,0,4.878932e-07
0,0,3.5272248e-07
0,0,4.0165017e-07
0,0,4.2094655e-07
0,0,3.5855524e-07
0,0,1.2004721e-06
1,1,0.9998566
0,0,4.2388496e-07
0,0,2.7453635e-07
0,0,2.9162686e-07
0,0,3.132885e-07
0,0,3.8589832e-07
1,1,0.9998301
0,0,3.090279e-07
0,0,4.99249e-07
0,0,2.650334e-07
0,0,2.872042e-07
0,0,3.971518e-07
0,0,5.227461e-07
0,0,3.9813094e-07
0,0,4.6183152e-07
0,0,3.5396016e-07
1,1,0.99817383
0,0,2.875325e-07
0,0,8.02732e-07
0,0,3.2863616e-07
0,0,4.282807e-07
0,0,5.1637664e-07
0,0,4.248315e-07
0,0,4.5013275e-07
0,0,7.93501e-07
0,0,2.8989712e-07
0,0,3.4645814e-07
0,0,3.5630006e-07
1,0,0.00045033815
0,0,3.4861844e-07
0,0,3.2031107e-07
0,0,3.5688976e-07
0,0,4.5748473e-07
0,0,3.0776502e-07
0,0,4.6403855e-07
0,0,4.084498e-07
0,1,0.99996006
0,0,8.019097e-06
0,0,3.8492828e-07
0,0,9.260313e-07
0,0,1.2230839e-06
0,0,2.8125245e-07
0,0,3.373021e-07
0,0,3.2763853e-07
0,0,3.7538518e-06
0,0,5.323426e-07
0,0,2.7570576e-07
0,0,3.0429956e-07
0,0,7.439467e-07
0,0,3.943209e-07
0,0,3.8862942e-07
0,0,3.2060876e-07
0,0,5.571989e-07
0,0,3.5033787e-07
0,0,2.9897276e-07
0,0,3.7064154e-07
0,0,1.6681195e-06
0,0,7.1681654e-07
0,0,4.5580768e-07
0,0,5.9057663e-07
0,0,1.2388851e-06
0,0,6.459707e-07
1,1,0.9999801
0,0,7.51198e-07
1,1,0.99998856
0,0,2.7414836e-07
0,0,6.2620677e-07
0,0,5.71598e-07
0,0,3.2833418e-07
0,0,3.7588094e-07
0,0,3.477846e-07
0,0,1.2972018e-06
0,0,3.3124022e-07
0,0,3.521887e-07
0,0,0.0028168773
0,0,3.780116e-07
0,0,4.3451848e-07
0,0,4.033768e-07
0,0,1.342287e-06
1,0,4.1928865e-07
0,0,4.6081394e-07
0,0,4.129133e-06
1,0,4.616938e-06
0,0,4.548684e-07
0,0,3.3638656e-07
0,0,5.2423036e-07
0,0,4.953605e-07
0,0,3.4901964e-07
1,0,1.0498379e-05
0,0,1.08219e-06
0,0,5.710308e-07
0,0,3.7202085e-07
0,0,4.3410844e-07
0,0,3.584711e-07
0,0,8.077267e-07
0,0,7.827247e-07
0,0,3.5151558e-07
1,0,6.5045083e-06
0,0,4.1264147e-07
0,0,3.1673335e-07
0,0,6.131504e-07
0,0,3.6094517e-07
0,0,2.881265e-07
0,0,8.4410567e-07
0,0,9.162034e-07
0,0,3.006385e-07
0,0,6.7068225e-07
1,1,0.99995697
0,0,7.2025654e-07
0,0,3.2661433e-07
0,0,3.681491e-07
0,0,3.8473158e-07
0,0,4.1417175e-06
0,0,4.733195e-07
0,0,7.147612e-07
1,0,1.8595676e-05
0,0,3.1044044e-07
0,0,8.4583985e-07
1,0,0.3700666
0,0,3.4945393e-07
0,0,7.159373e-07
1,1,0.9999722
0,0,3.4451352e-07
0,0,3.989645e-07
0,0,6.964587e-07
0,0,7.7306004e-07
0,0,3.433197e-07
0,0,5.461633e-07
0,0,7.380362e-07
0,0,2.715983e-06
0,0,1.6177745e-06
0,0,4.4110868e-07
0,0,2.688807e-07
0,0,4.706373e-07
0,0,3.2488305e-07
0,0,7.76595e-07
0,0,4.051065e-06
0,0,4.190672e-07
0,0,4.4300072e-07
0,0,3.1182762e-07
1,1,0.999992
0,0,3.8392744e-07
0,0,0.000137054
0,0,6.8357576e-07
0,0,4.5058587e-07
1,1,0.7060121
1,1,0.99997365
0,0,8.997497e-07
0,0,3.1032323e-07
0,0,4.264768e-07
0,0,1.9665483e-06
0,0,6.6542236e-07
0,0,4.3355817e-07
1,0,0.00013426555
1,1,0.99999154
1,0,3.8673795e-07
0,0,3.1190046e-07
0,0,4.165848e-07
0,0,3.2979156e-07
0,0,3.90785e-07
0,0,3.4575905e-07
0,0,5.0087135e-07
0,0,5.982355e-07
1,1,0.9999875
1,1,0.9999889
0,0,8.521137e-07
0,0,8.9593937e-07
0,0,4.6131652e-07
0,0,3.5378298e-07
0,0,8.520829e-07
0,0,3.9212674e-07
0,0,3.6551137e-05
0,0,7.857065e-07
0,0,9.3017e-07
0,0,8.932827e-07
0,0,1.6588849e-06
0,0,5.022159e-07
1,1,0.9999182
0,0,4.354955e-07
1,1,0.9999738
0,0,2.829236e-07
0,0,3.3422458e-07
0,0,4.899224e-07
0,0,3.4862708e-07
1,1,0.9999894
0,0,4.797418e-07
0,0,3.4928703e-07
0,0,4.345326e-07
0,0,4.0681587e-07
0,0,6.482943e-07
0,0,4.4599093e-07
0,0,3.784708e-07
0,0,8.004036e-07
0,0,5.500874e-07
0,0,3.509388e-07
0,0,4.3684528e-07
0,0,4.1321758e-07
0,0,4.6565842e-07
0,0,5.5005387e-07
0,0,3.1271358e-07
0,0,6.684582e-07
0,0,3.413738e-07
0,0,4.885227e-07
0,0,3.4432236e-07
0,0,4.2533625e-07
0,0,9.562708e-07
0,0,2.9943246e-07
0,0,4.1330586e-07
0,0,3.494899e-07
0,0,3.9163154e-07
1,0,1.512146e-05
0,0,3.6134193e-07
0,0,3.6674672e-07
0,0,4.715367e-07
0,0,3.282221e-07
0,0,5.0278766e-07
0,0,3.389264e-06
1,1,0.99998474
0,0,2.8373637e-07
0,0,3.1019746e-07
0,0,5.2067736e-07
0,0,3.0894188e-07
0,0,8.180604e-07
0,0,5.344628e-07
0,0,2.9636567e-07
0,0,3.1098688e-07
0,0,6.751617e-06
0,0,3.6373444e-07
0,0,4.3826614e-07
0,0,4.2763833e-07
0,0,3.592456e-07
0,0,1.0127926e-06
1,0,4.3625823e-07
0,0,3.0189346e-07
0,0,5.4343246e-07
0,0,3.2783169e-07
0,0,3.0241102e-07
0,0,3.4273478e-07
0,0,3.298554e-07
0,0,1.8715144e-06
0,0,2.9349172e-07
0,0,6.6640797e-07
0,0,7.354155e-07
0,0,3.1482617e-07
0,0,9.534124e-07
0,0,3.7323477e-07
0,0,3.326664e-07
0,0,3.51281e-07
1,0,0.0005001382
0,0,3.0987667e-07
0,0,4.5731335e-07
0,0,1.5826927e-06
0,0,3.871313e-07
0,0,8.2052634e-07
0,0,3.411616e-07
0,0,3.4994085e-07
1,1,0.99998844
1,1,0.9999927
0,0,4.3733715e-07
0,0,6.967583e-07
0,0,1.3194456e-06
0,0,1.285142e-06
0,0,2.7467226e-07
0,0,5.2138887e-07
0,0,6.0268775e-07
0,0,3.8286782e-07
0,0,3.6630001e-07
0,0,4.4834064e-07
0,0,5.7907096e-07
0,0,9.897983e-07
0,0,4.644968e-07
0,0,4.3736387e-07
0,0,3.0089718e-06
0,0,8.4675514e-07
0,0,3.6394752e-07
0,0,1.0263005e-06
0,0,4.1792256e-07
0,0,3.9556687e-07
0,0,7.992228e-07
0,0,3.2278976e-07
0,0,4.3832506e-07
0,0,3.3438496e-07
0,0,4.367628e-07
0,0,3.7460123e-07
0,0,4.4653567e-07
0,0,3.097189e-07
0,0,5.7941674e-07
0,0,3.5066446e-07
0,0,4.158933e-07
0,0,4.0242696e-07
0,0,1.3751815e-06
0,0,2.9999896e-07
1,1,0.999987
0,0,3.2246854e-07
0,0,3.405765e-07
0,0,3.2763978e-07
0,0,7.223408e-07
0,0,5.7985784e-07
0,0,4.1572952e-07
0,0,6.0804007e-07
0,0,4.899018e-07
0,0,4.4858015e-07
0,0,3.4566474e-07
0,0,3.8250835e-07
0,0,4.2208382e-07
0,0,5.567517e-07
0,0,3.8804725e-07
1,1,0.99999106
0,0,1.326888e-06
0,0,3.8009708e-07
0,0,4.3830414e-07
0,0,3.5802222e-07
0,0,9.597683e-07
0,0,4.3548013e-07
0,0,1.3406993e-06
1,1,0.9980703
0,0,4.2547904e-07
0,0,3.111892e-07
0,0,5.0140187e-07
0,0,6.483228e-07
0,0,4.5409777e-07
0,0,3.4663395e-07
0,0,3.6180742e-07
0,0,4.506095e-07
0,0,3.1510612e-07
1,1,0.9999778
1,1,0.9999933
0,0,5.5023906e-07
0,0,3.2560266e-07
1,1,0.99999166
0,0,2.6715233e-07
0,0,4.9108434e-07
0,0,1.1464845e-06
0,0,3.0258093e-07
0,0,8.8608436e-07
0,0,4.8869043e-07
0,0,1.8993989e-06
0,0,3.3285585e-07
1,0,5.712062e-07
0,0,6.358813e-07
1,1,0.99950135
0,0,3.2786983e-07
0,0,2.899397e-07
0,0,4.284041e-07
0,0,4.8414626e-07
0,0,3.8793922e-07
0,0,2.9834274e-07
0,0,1.1175714e-06
0,0,4.616814e-07
1,1,0.999966
0,0,4.3018255e-07
0,0,3.6294787e-07
1,0,0.00064943667
0,0,3.0510757e-06
0,0,3.5267778e-06
0,0,1.0324379e-06
0,0,3.053787e-07
0,0,4.6260163e-07
0,0,2.8520188e-07
0,0,3.4408998e-07
0,0,3.6188092e-07
0,0,3.4845002e-06
0,0,3.043309e-07
0,0,4.00185e-07
1,1,0.9999895
0,0,3.007251e-07
0,0,3.4919273e-07
1,1,0.99998903
1,0,0.20138787
0,0,3.2654643e-07
0,0,5.473433e-07
0,0,3.2103557e-07
0,0,3.0618094e-07
0,0,3.4885923e-07
1,1,0.9999902
0,0,3.0898283e-07
0,0,3.148376e-07
0,0,4.527659e-07
0,0,7.4542675e-07
0,0,3.4794783e-07
0,0,4.8908163e-07
0,0,4.2852423e-07
0,0,3.4885323e-07
0,0,3.6773437e-07
0,0,5.1262015e-07
1,1,0.9999387
0,0,5.3404807e-07
0,0,1.5155094e-06
0,0,6.2737837e-07
0,0,4.9442366e-07
1,0,7.8980617e-07
0,0,7.772337e-07
0,0,3.947438e-07
0,0,2.819031e-07
0,0,3.3090365e-07
0,0,3.1842123e-07
0,0,4.3019733e-07
0,0,3.0663531e-07
0,0,3.833684e-07
0,0,4.0122367e-07
0,0,3.825335e-07
0,0,7.265019e-07
0,0,8.2749665e-07
0,0,3.0349733e-07
0,0,3.106922e-07
1,0,0.023486508
1,1,0.9999881
0,0,4.293485e-07
0,0,5.442685e-07
0,0,3.2651653e-07
0,0,3.167397e-07
0,0,4.3613886e-07
0,0,3.236229e-07
0,0,3.705288e-07
0,0,4.0443223e-07
0,0,3.9826006e-07
0,0,3.1355663e-07
0,0,4.4102413e-07
1,1,0.99997175
0,0,9.57008e-07
0,0,3.6121273e-07
0,0,5.500911e-07
1,0,1.137519e-06
0,0,1.3440302e-06
0,0,4.8255777e-07
1,1,0.87358826
0,0,3.5232947e-07
0,0,4.0656337e-07
0,0,3.1583662e-07
0,0,5.777763e-07
0,0,4.717976e-07
1,0,1.6452738e-06
0,0,3.4705204e-07
0,0,5.888461e-07
0,0,3.4564727e-07
0,0,7.1354276e-07
0,0,1.7265522e-05
0,0,3.38214e-07
0,0,3.7805813e-07
0,0,3.3264166e-07
0,0,3.2196152e-07
0,0,3.5429483e-07
0,0,8.893691e-07
0,0,7.2182155e-07
0,0,3.414904e-07
0,0,3.0816386e-07
0,0,1.0701903e-06
1,0,1.572562e-05
0,0,5.517261e-07
1,1,0.99998975
0,0,2.7065897e-07
0,0,3.3705996e-07
0,0,4.2565398e-07
0,0,1.0436051e-05
0,0,3.5375734e-07
0,0,2.6156349e-07
0,0,2.879952e-07
0,0,5.22334e-07
0,0,3.3246437e-07
0,0,4.7448148e-07
0,0,4.998488e-07
0,0,3.7790383e-07
0,0,5.8752676e-07
0,0,4.7213564e-07
0,0,2.949874e-07
0,0,4.6208487e-07
0,0,3.499255e-07
1,0,0.0081646815
0,0,2.7631225e-07
0,0,3.2209726e-07
0,0,3.6242733e-07
1,0,9.1455956e-07
1,1,0.9999919
1,1,0.99998724
1,1,0.9999907
0,0,2.9495783e-07
0,0,2.9552916e-07
0,0,3.2902128e-07
0,0,3.022363e-07
0,0,2.8996513e-07
0,0,3.126885e-07
1,1,0.9991019
0,0,5.574476e-07
0,0,5.5577027e-07
0,0,1.7488875e-06
0,0,3.8561174e-07
0,0,3.2831352e-07
0,0,2.981158e-07
0,0,3.8756053e-07
0,0,4.0166202e-07
0,0,4.4917735e-07
0,0,3.699783e-07
0,0,3.9216488e-07
0,0,4.4766387e-07
0,0,3.0883996e-07
0,0,1.1986521e-06
0,0,6.768223e-07
1,1,0.9999814
0,0,3.3365612e-07
0,0,3.030063e-07
1,1,0.99996257
0,0,3.1672158e-07
0,0,3.604464e-07
0,0,5.5214724e-07
0,0,3.0384487e-07
0,0,5.382725e-07
0,0,3.3803246e-07
0,0,3.8711505e-07
1,1,0.99997234
0,0,4.4160114e-07
1,1,0.9981522
0,0,3.0344322e-07
0,0,1.0211164e-06
0,0,7.2652955e-07
1,1,0.9999938
0,0,4.5853712e-06
0,0,2.6006885e-06
0,0,3.053263e-07
0,0,2.299614e-06
0,0,5.556918e-07
0,0,4.0656454e-07
0,0,4.115328e-07
0,0,1.8166538e-06
0,1,0.9999778
1,0,6.1938124e-07
0,0,3.454515e-07
0,0,5.3128866e-07
0,0,4.52525e-07
1,0,7.714436e-06
0,0,4.1672428e-07
1,1,0.9999895
0,0,9.1903786e-07
0,0,6.676523e-07
0,0,3.152955e-07
0,0,9.205966e-07
1,1,0.9999869
0,0,4.234647e-07
0,0,4.080165e-07
0,0,4.6736906e-07
0,0,4.6247854e-07
0,0,1.5538385e-06
1,0,0.001956248
0,0,4.7527308e-07
0,0,4.3181765e-07
1,0,4.844631e-07
0,0,3.0718725e-06
0,0,8.380154e-07
0,0,3.2384924e-07
0,0,2.8102187e-07
0,0,4.6846145e-07
0,0,5.214918e-07
0,0,4.473404e-07
0,0,3.9159906e-07
0,0,2.9317394e-07
0,0,9.649085e-07
1,1,0.9999901
1,1,0.9998963
0,0,4.094301e-06
0,0,6.551635e-07
0,0,5.9449485e-07
0,0,0.00013277566
0,0,4.5947726e-07
0,0,5.305555e-07
0,0,4.1186576e-07
0,0,3.4478504e-07
0,0,2.6487928e-07
1,0,2.4262183e-06
0,0,5.212621e-07
0,0,5.0575676e-07
0,0,4.918516e-07
0,0,3.5442125e-07
0,0,8.573265e-07
0,0,4.443191e-07
1,0,1.1567322e-06
1,0,1.1678538e-05
0,0,3.4526016e-07
0,0,1.3998833e-06
0,0,1.6731493e-06
0,0,2.314796e-06
0,0,3.6024431e-07
0,0,5.9264323e-07
0,0,5.565664e-07
0,0,4.0448003e-07
0,0,5.111839e-07
1,1,0.9999901
0,0,3.4206897e-07
0,0,6.07654e-07
0,0,9.917561e-07
0,0,3.8847193e-07
0,0,2.6189398e-06
0,0,3.1790785e-07
0,0,4.7569935e-07
0,0,4.4080548e-07
0,0,4.6894908e-07
0,0,4.2567387e-07
0,0,3.2593633e-07
0,0,4.2928747e-07
0,0,3.6111695e-07
0,0,4.9786826e-07
0,0,3.6504596e-07
0,0,4.276677e-07
0,0,3.137831e-07
0,0,4.0605386e-07
0,0,5.0050033e-07
0,0,5.552034e-07
0,0,2.520684e-06
0,0,5.8107247e-07
1,1,0.99998665
0,0,4.2768318e-07
0,0,1.0821384e-06
0,0,1.5146136e-06
1,0,2.2033535e-06
0,0,6.5875365e-06
0,0,3.489312e-06
0,0,1.1475092e-06
0,0,5.6082087e-07
0,0,5.230323e-07
0,0,3.4730633e-07
0,0,2.8717625e-07
0,0,3.4566612e-05
0,0,7.001728e-07
0,0,6.651762e-07
0,0,3.5219406e-07
0,0,5.9801647e-07
0,0,3.01155e-06
0,0,5.3713e-07
0,0,2.985505e-07
1,1,0.99986935
0,0,5.262049e-07
0,0,1.1605399e-06
0,0,3.868711e-06
0,0,3.039573e-07
0,0,1.2481044e-06
0,0,3.1981295e-07
0,0,3.187378e-07
0,0,8.983796e-07
0,0,4.4849972e-07
0,0,3.2234246e-07
0,0,4.506443e-07
0,0,7.145948e-07
0,0,4.2625356e-07
0,0,4.0297536e-07
0,0,4.2911313e-07
0,0,3.1936216e-07
1,1,0.9999521
0,0,2.9048658e-07
0,0,3.8775278e-07
1,1,0.99998856
0,0,3.844169e-07
0,0,3.857949e-07
0,0,4.363635e-07
0,0,2.8051312e-07
0,1,0.8477205
0,0,2.948309e-06
0,0,1.0042164e-06
0,0,4.1682128e-07
0,0,3.7521158e-07
0,0,4.208494e-07
0,0,4.1402228e-07
0,0,3.5338036e-07
0,0,1.4890513e-06
0,0,4.043613e-07
0,0,5.76385e-07
0,0,7.968042e-07
0,0,9.681319e-07
0,0,5.767809e-07
0,0,4.0326063e-07
0,0,2.0368443e-06
0,0,5.894169e-07
0,0,5.4714445e-07
0,0,4.9695365e-07
0,0,3.2880922e-07
0,0,3.7451693e-07
0,0,3.9855564e-07
0,0,3.517956e-07
0,0,1.0060991e-06
0,0,4.0276905e-07
0,0,5.810054e-07
0,0,4.2326687e-07
0,0,3.497827e-07
0,0,5.424215e-06
0,0,4.6592226e-07
0,0,3.9388905e-07
0,0,3.454176e-07
0,0,8.427785e-07
0,0,6.735333e-07
0,1,0.9994191
0,0,3.0276306e-07
0,0,8.159629e-07
0,0,3.3920145e-07
1,1,0.7426014
0,0,3.916745e-07
1,1,0.9999918
0,0,4.2381058e-07
1,1,0.9999924
0,0,3.249298e-07
0,0,1.0682406e-06
1,1,0.999992
0,0,6.8025065e-07
0,0,3.9501157e-07
0,0,6.6410954e-05
0,0,4.5806843e-07
0,0,1.0075008e-06
0,0,4.1814144e-07
0,0,7.8827554e-07
0,0,8.325818e-07
1,0,0.019095495
0,0,6.557435e-07
0,0,4.398367e-07
1,0,0.43522933
0,0,3.8173178e-07
0,0,2.805407e-07
0,0,6.387391e-07
0,0,5.2950566e-07
0,0,4.6005604e-07
0,0,2.3706118e-06
0,0,3.2770413e-07
0,0,3.515518e-07
0,0,3.5032352e-07
1,1,0.9999155
0,0,6.574549e-07
0,0,4.0651182e-07
0,0,4.4931744e-07
0,0,3.3665998e-07
0,0,4.934231e-07
0,0,4.15745e-07
0,0,3.7297787e-07
0,0,6.1510246e-07
0,0,0.00021235559
0,0,4.122037e-07
0,0,3.5547737e-07
0,0,2.7984484e-05
0,0,3.9631223e-07
0,0,1.0033892e-06
0,0,5.128999e-07
0,0,3.656386e-07
0,0,3.1303225e-07
0,0,1.3307405e-06
0,0,4.5245295e-07
0,0,4.011219e-07
0,0,3.562593e-07
0,0,4.4848784e-06
0,0,6.9077726e-07
0,0,3.7860582e-07
0,0,5.44711e-07
0,0,8.935877e-07
0,0,3.484632e-07
0,0,2.1986662e-06
0,0,4.6363422e-07
0,0,6.462394e-07
0,0,3.085532e-07
0,0,3.4544e-07
0,0,4.2754982e-07
0,0,4.7151248e-06
0,0,4.524581e-07
0,0,3.2991298e-07
0,0,2.9846424e-07
0,0,4.249535e-07
0,0,4.0455993e-07
0,0,6.042837e-07
0,0,3.444235e-07
0,0,4.7526132e-07
1,1,0.9999852
0,0,3.98235e-07
0,0,2.832411e-07
0,0,4.6403056e-07
0,0,4.4515042e-07
0,0,3.309647e-06
1,0,2.0854447e-06
0,0,3.574259e-07
0,0,4.0905167e-07
0,0,4.067693e-07
0,0,3.8243647e-07
0,0,3.910061e-07
0,0,3.6253206e-07
0,0,3.5304993e-07
0,0,2.7223706e-07
0,0,4.2466908e-07
0,0,3.6958085e-07
0,0,8.3698586e-07
0,0,2.008167e-06
0,0,3.682102e-07
0,0,3.3667604e-07
0,0,3.832726e-07
0,0,3.458916e-07
0,0,1.0291625e-06
0,0,6.482325e-07
0,0,3.0899727e-07
0,0,4.1198518e-07
0,0,3.7472452e-07
0,0,3.1766585e-06
0,0,3.8080384e-07
0,0,9.707835e-07
0,0,3.4404007e-07
0,0,4.035134e-05
0,0,3.150935e-07
0,0,6.822647e-07
0,0,1.7388859e-06
0,0,6.4300144e-07
0,0,5.1142183e-07
1,0,2.3498765e-06
0,0,5.03699e-07
0,0,8.283636e-07
0,0,4.025444e-07
0,0,4.5652374e-07
0,0,7.024629e-07
0,0,6.965032e-07
0,0,7.3606316e-07
0,0,3.5506605e-07
0,0,6.955328e-07
0,0,4.0634632e-07
1,0,7.009571e-06
0,0,3.5021594e-07
0,0,3.426913e-07
0,0,3.041873e-07
0,0,5.5025583e-07
0,0,7.767668e-07
0,0,4.3398344e-07
0,0,3.9423855e-07
0,0,4.9003455e-07
0,0,4.8699604e-07
0,0,3.413699e-07
0,0,6.105433e-07
0,0,3.300571e-07
0,0,2.739594e-07
0,0,5.17993e-07
0,0,1.0317627e-06
0,0,2.610728e-06
0,0,3.2906175e-07
0,0,3.595407e-07
0,0,3.7031893e-07
1,1,0.99998236
0,0,7.9473926e-07
0,0,4.4340564e-07
0,0,4.5068901e-07
0,0,9.2049086e-05
0,0,2.9660714e-07
0,0,3.4262365e-07
0,0,3.7668835e-07
0,0,4.8952074e-07
0,0,8.758998e-07
0,0,3.8703604e-07
0,0,5.4518074e-07
0,0,3.9760502e-07
0,0,4.3291445e-07
0,0,5.7203425e-07
0,0,3.5728002e-07
1,0,7.0556e-07
0,0,5.827812e-07
0,0,3.9156544e-07
1,0,3.7300597e-06
0,0,3.370185e-07
0,0,4.493166e-07
0,0,1.0983916e-06
0,0,3.849687e-07
0,0,4.3658372e-07
0,0,5.552415e-07
0,0,4.3035573e-07
0,0,3.9753832e-07
0,0,4.4419414e-07
0,0,6.184829e-07
0,0,6.9511634e-07
0,0,4.1359368e-07
0,0,5.5279315e-07
1,1,0.9999739
1,0,0.00032815005
1,1,0.9999889
0,0,2.831957e-07
0,0,5.199271e-07
0,0,9.5172e-07
0,0,6.836188e-07
0,0,3.3617778e-07
0,0,3.551284e-06
0,0,1.314324e-06
1,1,0.9999777
0,0,4.2984484e-06
0,0,3.1323083e-07
0,0,3.044697e-07
0,0,6.570544e-07
0,0,4.4094466e-07
0,0,3.583556e-07
0,0,3.7622306e-07
0,0,6.358861e-07
0,0,5.8133405e-06
0,0,2.3617848e-05
0,0,4.3552663e-07
0,0,3.0734796e-07
0,0,5.2343705e-07
1,0,1.48814e-06
0,0,6.3813263e-07
0,0,6.2565937e-07
0,0,3.2799306e-07
0,0,2.0042905e-06
0,0,4.1607979e-07
0,0,3.1777444e-07
0,0,5.175372e-07
0,0,3.469349e-07
0,0,3.906751e-07
0,0,9.264173e-05
0,0,2.7491913e-07
1,1,0.9999939
0,0,4.009521e-07
0,0,8.735348e-07
1,1,0.8753136
1,0,0.000112217844
0,0,3.683788e-07
0,0,4.0658236e-07
0,0,4.600824e-07
0,1,0.99982846
0,0,5.553369e-07
0,0,4.805871e-07
0,0,4.0891788e-07
0,0,9.793365e-07
0,0,3.467771e-07
0,0,1.1749447e-06
0,0,4.3052484e-07
0,0,1.3012013e-06
1,0,6.3686747e-07
0,0,1.7771522e-06
0,0,3.3230714e-07
0,0,5.1355966e-07
0,0,0.02325114
0,0,4.169489e-07
0,0,4.0930414e-07
0,0,4.3481447e-07
0,0,4.1492268e-07
0,0,5.9211334e-07
0,0,3.5265722e-07
0,0,1.8142715e-06
0,0,7.472603e-07
0,0,4.0929788e-07
1,1,0.9999825
0,0,3.182154e-07
0,0,3.8327627e-07
0,0,4.9637293e-07
0,0,1.4897474e-06
0,0,4.2256104e-07
1,1,0.9999869
0,0,1.7477638e-06
0,0,1.3451178e-06
0,0,2.829754e-07
0,0,2.9299534e-07
0,0,2.387501e-06
0,0,6.7661256e-07
0,0,4.3331346e-07
0,0,3.2993688e-07
0,0,3.519456e-07
0,0,3.897704e-07
0,0,3.1426583e-07
0,0,7.1495276e-07
0,0,3.3697705e-07
0,0,3.5254354e-07
0,0,8.002662e-07
0,0,3.8403581e-07
0,0,0.0005292184
0,0,4.978327e-07
0,0,4.8600083e-07
1,1,0.9999471
0,0,3.5853506e-07
0,0,7.700454e-07
0,0,0.0002861458
1,1,0.9999908
0,0,3.5322541e-06
0,0,3.1181662e-07
0,0,9.903101e-07
0,0,4.3685858e-07
0,0,3.603412e-07
0,0,3.820078e-07
0,0,3.697698e-07
0,0,3.4545712e-07
1,0,1.4371509e-06
0,0,3.83661e-07
0,0,1.4106811e-06
0,0,3.7189668e-07
0,0,3.0760188e-07
0,0,2.7151418e-07
0,0,4.0161186e-07
0,0,3.480975e-07
1,0,2.9336876e-05
0,0,6.2325756e-07
0,0,6.1122023e-07
0,0,2.7795508e-07
0,0,2.7490236e-07
1,1,0.9999877
0,0,2.9273366e-07
0,0,6.2120563e-07
0,0,5.521293e-07
0,0,8.354085e-07
0,0,6.8066925e-07
0,0,3.3489206e-07
1,1,0.99998605
1,0,9.274522e-06
0,0,3.6885197e-07
0,0,3.209829e-07
0,0,4.4635428e-07
0,0,5.148385e-07
0,0,3.0719556e-07
0,0,6.1956916e-07
0,0,1.4378995e-06
0,0,3.0735177e-07
0,0,8.754973e-07
0,0,4.5049606e-07
0,0,4.2325638e-07
1,0,6.597883e-07
0,0,1.1190325e-06
0,0,7.058204e-07
0,0,3.0845376e-07
0,0,7.3725465e-07
0,0,7.4166854e-07
0,0,0.00017095802
0,0,1.0273307e-06
0,0,3.2395485e-07
0,0,5.2995074e-07
0,0,3.7927185e-07
0,0,4.344182e-07
0,0,6.839259e-07
0,0,3.1348455e-07
0,0,3.8582138e-07
0,0,5.1528997e-07
0,0,4.2549692e-07
0,0,7.782855e-07
0,0,4.2648088e-07
0,0,2.9556801e-07
0,0,3.0889063e-07
0,0,3.187135e-07
0,0,4.0601432e-07
0,0,3.0760012e-07
0,0,1.9484069e-06
1,0,8.3798266e-05
0,0,5.2990623e-07
0,0,4.853584e-07
1,1,0.9999392
0,0,0.017971594
0,0,3.8395197e-07
0,0,3.8572426e-07
0,0,3.8161383e-07
0,0,3.08322e-07
0,0,6.589218e-07
0,0,7.550513e-07
0,0,3.2694933e-07
0,0,3.0527187e-07
0,0,7.319367e-07
0,0,2.7956023e-07
0,0,7.5532927e-07
0,0,6.752074e-07
0,0,4.1102567e-07
0,0,4.5669182e-07
0,0,4.602452e-07
0,0,3.4333704e-07
0,0,0.005618635
0,0,1.6903002e-06
0,0,1.974768e-06
0,0,7.6165855e-07
0,0,3.8463767e-07
0,0,1.180501e-06
0,0,3.529378e-07
0,0,6.195408e-07
0,0,3.5277264e-06
1,1,0.99999034
0,0,3.5088257e-07
0,0,2.1154228e-06
0,0,0.0010057866
0,0,5.3012155e-07
0,0,3.79532e-07
0,0,3.7782021e-07
1,1,0.99998975
0,0,7.995255e-07
0,0,3.8427615e-07
1,1,0.999987
0,0,5.6655136e-07
0,0,4.1764525e-07
0,0,3.5315196e-07
0,0,1.2939621e-06
0,0,5.131562e-07
0,0,3.439607e-07
0,0,2.9545052e-07
0,0,5.343303e-07
0,0,3.9060694e-07
0,0,5.920964e-07
0,0,3.8264008e-07
0,0,5.0691375e-07
0,0,3.568782e-07
0,0,4.89885e-07
1,1,0.999938
0,0,3.077069e-07
0,0,4.2799005e-07
0,0,4.910703e-07
0,0,4.6851372e-07
0,0,6.695371e-07
0,0,3.1202126e-07
0,0,2.8603918e-07
0,0,3.5206615e-06
0,0,4.374256e-07
0,0,4.4717916e-07
1,0,1.0134735e-05
0,0,1.0298635e-06
0,0,9.015784e-07
0,0,1.9302045e-06
0,0,6.5612136e-07
0,0,5.474315e-07
0,0,9.485377e-07
0,0,8.817727e-06
0,0,3.7658492e-07
0,0,3.8396e-07
0,0,3.8419626e-07
0,0,3.5159135e-07
0,0,5.8880454e-07
1,0,4.3597626e-07
0,0,4.080379e-07
0,0,6.249396e-07
0,0,7.092449e-07
0,0,4.8007087e-07
0,0,3.7593006e-07
0,0,3.5550315e-07
0,0,1.0006505e-06
0,0,5.69896e-07
0,0,9.3236997e-07
0,0,8.302737e-07
0,0,8.833186e-07
0,0,5.246204e-07
0,0,3.4924238e-07
0,0,3.9003217e-07
0,0,4.6096514e-07
0,0,5.6324626e-07
0,0,3.4136082e-07
0,0,4.381537e-07
0,0,3.262386e-07
0,0,4.513389e-07
0,0,5.176359e-07
0,0,9.3343573e-07
0,0,5.052443e-07
0,0,5.381493e-07
0,0,4.3035655e-07
0,0,2.9013988e-06
0,0,3.6221414e-07
0,0,3.6709804e-07
0,0,3.7556492e-07
0,0,4.011667e-07
0,0,6.849403e-07
0,0,5.776198e-07
0,0,5.373237e-07
0,0,3.4388395e-07
0,0,5.876422e-07
0,0,4.898878e-07
0,0,4.781299e-07
0,0,5.326838e-07
0,0,5.687796e-07
0,0,1.1870217e-06
0,0,5.7039347e-07
0,0,3.3860482e-07
0,0,1.385208e-05
0,0,3.489141e-07
0,0,9.614542e-06
0,0,5.566646e-07
0,0,3.646062e-07
0,0,3.4224027e-07
0,0,3.1417954e-07
0,0,3.4139467e-07
0,0,3.841985e-07
0,0,8.260742e-07
0,0,1.3033499e-06
0,0,5.213585e-07
0,0,4.3973648e-07
0,0,3.2942694e-07
0,0,3.0718442e-07
0,0,3.4412213e-07
0,0,2.9777118e-07
0,0,4.5046556e-07
0,0,3.0526806e-07
0,0,2.6865591e-06
0,0,3.0549174e-07
0,0,5.0324724e-07
0,0,1.4232469e-06
0,0,3.1122065e-07
0,0,3.1453536e-07
0,0,3.7731755e-07
0,0,2.4094343e-06
0,0,2.9757953e-07
0,0,5.3432524e-07
0,0,8.73649e-07
0,0,3.1783688e-07
0,0,3.6148737e-07
0,0,2.373154e-06
0,0,3.434858e-06
0,0,4.99249e-07
1,0,0.20843074
0,0,3.456601e-07
1,1,0.9999808
0,0,4.0268762e-07
0,0,6.1019927e-07
0,0,4.777443e-07
0,0,2.7116923e-07
0,0,6.154093e-07
0,0,3.610722e-07
0,0,3.883271e-07
1,1,0.99998987
0,0,3.3024068e-07
1,0,6.5215777e-06
0,0,4.0988692e-07
0,0,5.1154916e-07
0,0,5.768491e-07
0,0,3.0349878e-07
1,1,0.9999213
0,0,2.9618712e-07
0,0,6.0751955e-07
0,0,3.3588586e-07
0,0,8.3835994e-07
0,0,4.8262314e-07
0,0,9.108055e-07
0,0,1.2704506e-06
0,0,9.239662e-07
0,0,9.179412e-07
0,0,3.1765506e-07
0,0,9.3509476e-07
1,0,0.0009573223
0,0,4.6090184e-07
0,0,1.4355715e-05
0,0,4.5814008e-07
0,0,4.797889e-07
1,1,0.9999914
0,0,5.0108974e-07
0,0,0.00012329967
0,0,4.5051542e-07
0,0,7.2601637e-07
0,0,6.038056e-07
0,0,3.2142833e-07
0,0,3.1881805e-07
0,0,3.305255e-07
0,0,8.458774e-06
0,0,2.9144448e-07
0,0,6.100509e-07
0,0,3.9458686e-07
0,0,4.3642223e-07
0,0,6.591191e-07
0,0,5.3382405e-07
0,0,5.5702674e-07
0,0,3.4742294e-07
0,0,5.620277e-07
0,0,2.8976996e-07
0,0,3.23915e-07
1,1,0.9999734
0,0,3.956314e-07
1,1,0.9999721
0,0,6.194156e-07
0,0,3.292435e-07
0,0,9.41517e-07
0,0,4.0477798e-07
1,1,0.9999875
0,0,3.7742302e-07
0,0,7.7891514e-07
0,0,6.7332206e-07
0,0,3.22471e-07
0,0,9.66464e-07
0,0,4.954347e-07
0,0,3.2395917e-07
0,0,6.126407e-07
0,0,7.165049e-07
0,0,5.4685125e-07
0,0,1.5082828e-06
0,0,3.1426762e-07
0,0,3.6329973e-07
0,0,3.7196585e-07
0,0,7.210813e-07
0,0,5.4832185e-07
0,0,1.2615163e-06
0,0,2.418378e-06
0,0,5.804698e-07
1,1,0.9999918
0,0,4.2825133e-07
0,0,3.0180598e-07
0,0,4.2235195e-07
0,0,2.9620745e-07
0,0,5.636998e-07
0,0,4.552056e-07
0,0,2.9974987e-07
0,0,2.9510724e-07
0,0,3.274417e-07
0,0,4.4779114e-07
0,0,3.7209003e-07
0,0,7.0069916e-07
0,0,4.747277e-07
0,0,9.2204465e-07
0,0,3.3860547e-07
0,0,6.85237e-06
0,0,3.468694e-07
0,0,2.68586e-07
0,0,9.4181337e-07
1,1,0.99997985
0,0,4.3220615e-07
0,0,1.3861655e-06
1,1,0.9999881
0,0,3.8291313e-07
0,0,2.8660554e-07
0,0,3.8194187e-07
1,1,0.99998987
0,0,5.3378074e-07
0,0,9.780839e-07
0,0,1.4848086e-06
1,1,0.9999895
0,0,5.023112e-07
0,0,3.3577055e-07
0,0,0.00011049795
0,0,2.809838e-07
0,0,3.6868637e-06
0,0,3.988279e-07
0,0,4.2956228e-07
0,0,5.622711e-07
0,0,3.7505595e-07
0,0,9.3701226e-07
0,0,4.5486883e-07
0,0,3.7325043e-07
0,0,3.7510782e-07
0,0,9.091203e-07
0,0,9.4599557e-07
0,0,3.5461463e-07
0,0,2.9418388e-07
0,0,5.1181803e-07
0,0,5.510205e-07
0,0,3.6517827e-07
0,0,4.0669406e-07
0,0,5.22975e-07
0,0,2.1199871e-06
0,0,8.0422933e-07
0,0,2.8324e-07
0,0,5.685632e-07
0,0,5.481253e-07
0,0,3.1411813e-07
0,0,1.0995236e-06
0,0,3.1696695e-07
0,0,3.8412446e-07
0,0,4.7942393e-07
0,0,3.387392e-07
0,0,4.419222e-07
0,0,3.172603e-07
0,0,6.5373604e-07
0,0,4.422038e-07
0,0,4.7438556e-07
0,0,3.8325285e-07
0,0,3.142976e-07
1,1,0.99998176
0,0,1.0323868e-06
0,0,4.7894224e-07
0,0,3.542489e-07
0,0,3.9796922e-07
0,0,4.959044e-06
0,0,3.813275e-07
1,1,0.99993634
0,0,8.085883e-07
0,0,3.9849178e-07
0,0,3.2146696e-07
0,0,4.3978892e-07
0,0,5.499464e-07
0,0,1.717949e-06
0,0,5.478018e-07
0,0,3.7602257e-07
0,0,3.4789704e-07
0,0,6.41151e-07
0,0,3.2381956e-07
0,0,8.952569e-07
0,0,3.062776e-07
0,0,4.2742425e-07
0,0,3.0042415e-07
0,0,3.6125508e-07
0,0,3.89566e-07
0,0,5.356507e-07
0,0,3.2774446e-07
0,0,7.7586515e-07
0,0,4.1656256e-07
0,0,4.7576557e-07
1,1,0.998317
0,0,4.452621e-07
0,0,3.1650538e-07
0,0,2.8679037e-07
0,0,8.1579793e-07
0,0,4.962972e-07
0,0,4.557964e-07
0,0,4.1903243e-07
0,0,3.4250212e-07
0,0,3.285873e-07
0,0,3.0381878e-07
0,0,7.6394724e-07
0,0,3.4880733e-07
0,0,3.148601e-07
0,0,9.842015e-07
0,0,1.4919567e-06
0,0,1.432657e-06
0,0,3.0318782e-07
0,0,4.5526158e-07
0,0,4.3415648e-07
0,0,1.3878856e-05
0,0,3.4985075e-07
0,0,4.559729e-07
0,0,3.1863507e-07
0,0,4.4964878e-07
0,0,4.4166768e-07
0,0,6.94218e-07
0,0,4.7643894e-07
1,1,0.9999846
1,1,0.99986136
1,0,1.0126304e-06
0,0,5.8153313e-07
0,0,3.5922264e-07
0,0,4.2633852e-07
0,0,1.0591364e-06
0,0,3.6470635e-07
0,0,4.906125e-07
0,0,4.3051335e-07
1,1,0.99999464
0,0,3.9341828e-07
0,0,6.6699926e-07
0,0,2.00667e-06
0,0,3.679357e-07
0,0,6.390437e-07
1,1,0.9999716
0,0,4.891446e-07
1,1,0.9999912
0,0,6.463189e-07
0,0,2.9787256e-07
0,0,1.0980848e-06
0,0,4.3352594e-07
0,0,9.033125e-07
0,0,7.3450855e-07
1,1,0.9999912
0,0,3.7867264e-07
0,0,3.4932563e-07
0,0,3.90481e-07
0,0,3.037449e-07
0,0,5.936988e-07
0,0,3.6911308e-07
1,1,0.9994573
0,0,4.005191e-07
0,1,0.9993722
0,0,4.0997372e-07
0,0,4.3863366e-07
0,0,9.178992e-07
0,0,3.0688634e-07
0,0,3.6240488e-07
0,0,3.316992e-07
0,0,3.677221e-07
0,0,1.3020243e-06
0,0,4.3026625e-07
0,0,3.0557652e-07
0,0,3.4023822e-07
0,0,3.876393e-07
0,0,5.1782104e-07
0,0,3.533426e-07
0,0,8.5908613e-07
0,0,3.248765e-07
0,0,3.3350977e-07
0,0,5.516619e-07
0,0,3.4145913e-07
0,0,2.886507e-07
0,0,1.0203825e-06
0,0,4.760833e-07
0,0,2.9636539e-07
0,0,3.3900483e-07
0,0,5.434615e-07
0,0,1.1645823e-06
0,0,1.5415553e-06
0,0,5.868615e-07
0,0,4.3319199e-07
0,0,5.338766e-06
0,0,2.779726e-07
0,0,3.4790966e-07
1,1,0.9999734
0,0,4.2138598e-07
0,0,6.921581e-07
0,0,6.372727e-07
1,1,0.9999919
0,0,3.4084488e-07
0,0,4.890443e-07
0,0,3.1343433e-07
0,0,3.4672388e-07
0,0,4.983043e-07
0,0,1.6186511e-06
0,0,4.054966e-07
0,0,4.36682e-07
0,0,2.9018312e-07
0,0,3.069929e-07
0,0,8.8467925e-07
0,0,2.2290449e-06
0,0,6.1763825e-07
0,0,4.772739e-07
0,0,4.8018853e-07
0,0,6.2596735e-07
0,0,5.1734673e-07
0,0,5.2196253e-07
0,0,2.1474373e-06
0,0,5.671666e-07
0,0,4.0552135e-07
0,0,3.30042e-07
0,0,3.4228268e-07
1,1,0.99999046
0,0,3.0976557e-07
0,0,4.9614204e-07
1,1,0.99999344
0,0,3.1995174e-07
0,0,7.778632e-07
0,0,5.9708526e-07
0,0,4.9719927e-07
0,0,1.548974e-06
0,0,4.0674294e-07
0,0,3.7999484e-07
0,0,3.5322472e-07
0,0,3.1953826e-07
0,0,3.7220394e-07
0,0,7.1883335e-07
0,0,3.578853e-07
0,0,6.26509e-07
0,0,4.5371294e-07
1,0,6.3859414e-07
0,0,2.9817207e-07
0,0,2.9342036e-07
0,0,3.7136508e-07
0,0,7.9808336e-07
0,0,2.8345403e-07
0,0,3.192425e-07
0,0,6.1631204e-07
0,0,3.636037e-07
1,1,0.9999689
0,0,7.7680755e-07
0,0,1.0792311e-06
0,0,4.482308e-07
0,0,3.0651105e-07
0,0,2.5038955e-06
0,0,4.6090184e-07
0,0,4.848236e-07
1,1,0.99999225
0,0,3.153776e-07
0,0,3.8541026e-07
0,0,3.2852054e-07
1,0,1.8865958e-06
0,0,6.118232e-07
0,0,5.102059e-05
0,0,7.2626153e-07
0,0,3.4380722e-07
0,0,6.3492175e-06
0,0,3.0932688e-07
1,1,0.995611
0,0,9.3497795e-07
0,0,3.5836447e-07
0,0,3.0355784e-07
0,0,3.2541297e-07
0,0,5.2486064e-07
0,0,3.3252365e-07
0,0,4.952589e-07
0,0,5.2199334e-07
0,0,1.1625549e-06
0,0,8.6007725e-07
0,0,3.410715e-07
0,0,4.0912695e-07
0,0,4.2483435e-07
0,0,6.876164e-07
0,0,6.3957117e-07
0,0,3.3252078e-07
0,0,5.3394166e-07
0,0,5.0458124e-07
0,0,6.150983e-07
0,0,3.745205e-07
0,0,2.4740991e-06
0,0,3.0112116e-07
0,0,1.1883412e-06
0,0,4.3229971e-07
1,1,0.9999908
0,1,0.9997775
0,0,5.518856e-07
0,0,4.1602024e-07
0,0,4.186374e-07
0,0,3.1639672e-07
1,0,6.781714e-07
0,0,4.8216907e-07
0,0,3.395536e-07
0,0,5.1667024e-07
0,0,5.535586e-07
0,0,2.933535e-07
1,1,0.9999713
0,0,4.7594165e-07
0,0,3.0882111e-07
0,0,3.829606e-07
0,0,3.3568188e-07
1,1,0.99998856
0,0,9.4713664e-07
0,0,4.9119024e-07
0,0,9.927384e-07
0,0,4.5822705e-07
0,0,3.1876698e-07
0,0,4.0428648e-07
0,0,3.7184847e-07
0,0,3.0463494e-07
0,0,4.0936737e-07
1,1,0.9995753
0,0,5.5603317e-07
0,0,4.6478482e-07
0,0,0.00013843336
1,0,2.4510932e-06
0,0,7.309978e-07
1,0,0.00016310973
0,0,3.1522035e-07
0,0,3.8219073e-07
0,0,4.0702076e-07
0,0,3.4884593e-07
0,0,4.833334e-07
0,0,3.5366864e-07
0,0,1.3122725e-06
0,0,3.1682217e-07
0,0,3.4976802e-07
0,1,0.7979427
0,0,4.2823538e-07
0,0,3.0990063e-07
1,0,0.00016678839
0,0,3.041806e-07
1,1,0.99998176
1,0,7.274385e-07
0,0,9.937501e-07
0,0,3.6697972e-07
1,0,2.1184876e-06
0,0,3.4285148e-07
0,0,3.3104317e-07
0,0,3.1609272e-07
0,0,3.546011e-07
0,0,4.3951428e-07
0,0,3.1083684e-07
0,0,4.1516574e-07
0,0,3.6061175e-07
0,0,3.5862843e-07
1,1,0.999985
0,0,4.970712e-07
1,1,0.99975723
0,0,3.4564627e-07
0,0,3.5578057e-07
1,1,0.993338
1,0,6.26801e-06
0,0,5.905918e-07
0,0,3.1747155e-07
0,0,4.2118188e-07
0,0,1.2922998e-06
0,0,4.4991603e-07
0,0,7.4706855e-07
0,0,5.360631e-07
0,0,3.6846734e-07
0,0,3.314273e-07
0,0,4.5453407e-07
0,0,3.216172e-07
0,0,4.2935875e-07
0,0,3.368649e-07
0,0,3.6576802e-07
1,1,0.99999034
0,0,6.543879e-07
0,1,0.9998274
0,0,4.336731e-07
1,1,0.99991465
1,0,1.0989166e-06
0,0,3.5879845e-07
0,0,4.0370583e-07
0,0,3.1433416e-07
0,0,5.6574044e-07
0,0,5.190081e-07
1,0,1.3801715e-06
0,0,3.1723243e-07
0,0,4.2904395e-07
0,0,5.913741e-07
0,0,4.3929805e-07
0,0,4.847126e-06
1,0,4.902215e-07
1,1,0.9999095
1,1,0.9999701
0,0,6.5274617e-07
0,0,2.569508e-05
0,0,4.106178e-07
0,0,3.5777646e-07
0,0,5.976401e-07
0,0,3.684399e-07
0,0,3.9222624e-07
0,0,1.3200547e-06
0,0,4.650726e-07
0,1,0.99997807
1,1,0.9999875
0,0,4.41033e-07
1,0,4.3099168e-05
0,0,1.18834e-06
0,0,3.195014e-07
1,1,0.9999901
0,0,6.4819295e-07
0,0,5.9736146e-07
0,0,4.1031637e-07
0,0,7.9586323e-07
1,1,0.9999883
0,0,3.8987224e-07
0,0,3.4809221e-07
0,0,4.743602e-07
0,0,2.7394452e-07
0,0,8.018453e-07
0,0,3.880228e-07
0,0,5.2342153e-07
0,0,6.096857e-07
0,0,4.3794066e-07
0,0,6.088042e-07
0,0,3.7305648e-07
0,0,1.8948903e-06
0,0,3.8041e-07
0,0,5.191333e-07
0,0,4.0282245e-07
0,0,5.2734924e-07
0,0,3.5599777e-07
0,0,2.6547914e-07
1,1,0.99999285
1,0,5.1415436e-06
0,0,4.6162413e-07
0,0,4.0951576e-07
0,0,3.2142464e-07
0,0,7.344238e-07
0,0,3.6174947e-07
0,0,4.091332e-07
0,0,3.617198e-07
0,0,3.3206288e-07
0,0,9.210322e-07
0,0,3.7089893e-07
0,0,3.7380616e-07
0,0,4.5277451e-07
0,0,5.2048324e-07
1,1,0.9999919
0,0,8.5162714e-07
0,0,3.017415e-07
0,0,1.3360941e-06
1,1,0.9853526
0,0,4.0429572e-07
0,0,2.9999094e-07
0,0,4.6152377e-07
0,0,2.9740638e-06
0,0,1.247752e-06
0,0,6.236292e-07
0,0,3.715018e-07
0,0,3.4642838e-07
0,0,4.4366618e-07
0,0,3.690758e-07
0,0,7.116589e-07
0,0,3.623962e-07
0,0,4.258964e-07
0,0,3.684273e-07
0,0,6.445302e-07
0,0,3.8735953e-07
1,1,0.99999213
0,0,3.1364692e-07
0,0,4.1966632e-07
0,0,9.933389e-07
0,0,4.1635246e-07
0,0,3.376033e-07
0,0,1.6734699e-06
0,0,2.3712673e-06
0,0,3.9574192e-07
0,0,9.718376e-07
0,0,3.251341e-07
0,0,2.9590421e-07
0,0,3.8764853e-07
0,0,9.030507e-07
0,0,5.306172e-07
0,0,3.9969757e-07
0,0,5.5476727e-07
0,0,3.4345427e-07
0,0,6.187714e-07
0,0,3.411616e-07
0,0,1.026323e-06
0,0,4.8844026e-07
0,0,3.4609815e-07
0,0,5.95099e-07
0,0,8.5373165e-07
0,0,7.657474e-07
0,0,3.867785e-07
0,0,3.6388954e-07
0,0,4.4131738e-07
0,0,6.0652036e-07
0,0,9.53386e-07
0,0,5.9226187e-07
0,0,1.8343661e-06
0,0,3.4484094e-07
0,0,4.9078847e-07
0,0,3.7738556e-07
0,0,5.796284e-07
0,0,6.700851e-07
0,0,7.1672906e-07
0,0,4.4781976e-07
0,0,3.382769e-07
0,0,1.6085503e-06
0,0,1.7141913e-06
1,1,0.9999324
0,0,3.581103e-07
0,0,6.349299e-07
0,0,4.892052e-07
0,0,1.3235527e-06
0,0,3.8169682e-07
0,0,2.9783564e-07
0,0,1.3081592e-06
0,0,2.8713841e-06
0,0,4.7936584e-07
0,0,3.9168756e-07
0,0,9.031136e-07
0,0,1.3213747e-06
0,0,3.222246e-06
0,0,4.4922018e-07
0,0,9.757586e-07
0,0,5.5464034e-07
0,0,4.8899255e-07
1,0,1.1690065e-06
0,0,5.846081e-07
0,0,3.8027835e-07
0,0,4.3838358e-07
0,0,4.8213366e-07
0,0,5.331764e-07
0,0,3.2062803e-07
0,0,3.41551e-07
0,0,3.397201e-07
0,0,4.2196064e-07
0,0,7.0978484e-07
0,0,3.796587e-07
0,0,6.84858e-07
0,0,4.4438735e-07
0,0,3.4250507e-07
0,0,2.9527786e-07
0,0,3.57685e-07
0,0,1.4795052e-06
0,0,2.943562e-07
0,0,0.00085770333
0,0,6.376448e-07
0,0,3.3376048e-07
1,1,0.99999344
0,0,6.0209027e-07
0,0,3.0299384e-07
0,0,3.2666262e-07
0,0,3.7817136e-07
1,0,0.0006433832
0,0,4.3390773e-07
0,0,4.474718e-07
0,0,8.325501e-07
1,1,0.99999154
0,0,3.1579503e-07
0,0,7.166341e-07
1,1,0.803337
0,0,3.913549e-07
0,0,4.1996256e-07
0,0,3.638153e-07
0,0,3.5591293e-07
0,0,4.326338e-07
0,0,4.1740077e-07
0,0,7.002983e-06
0,0,4.513824e-07
0,0,3.0045678e-07
0,0,3.3557592e-07
0,0,2.953477e-07
0,0,5.234218e-06
0,0,4.532407e-07
0,0,3.1116812e-07
0,0,2.980098e-07
0,0,3.2476532e-07
0,0,4.2924984e-07
0,0,2.6398734e-06
0,0,2.997653e-07
0,0,4.1082384e-07
0,0,5.4595813e-07
0,0,4.5322682e-07
0,0,4.826858e-07
0,0,6.1903995e-07
0,0,3.1841455e-07
0,0,3.4767484e-07
0,0,3.372043e-07
0,0,4.6123247e-07
0,0,6.628344e-07
0,0,6.702475e-07
0,0,5.274247e-07
0,0,4.454341e-07
0,0,8.0295257e-07
0,0,0.0018162488
0,0,1.7200998e-06
0,0,4.414483e-07
0,0,3.1587456e-07
0,0,3.199023e-07
0,0,0.0099934535
0,0,1.0924986e-06
0,0,2.7467175e-07
0,0,4.4755248e-07
0,0,2.7901982e-07
1,1,0.9847328
1,1,0.9998708
0,0,3.3905397e-07
0,0,3.6389616e-07
0,0,3.430016e-07
0,0,2.99711e-07
0,0,7.6179515e-07
1,1,0.999977
1,1,0.9999896
0,0,5.3222885e-07
0,0,4.5065204e-07
0,0,6.0625666e-07
0,0,1.7502658e-06
0,0,4.1305526e-07
0,0,2.9229233e-07
0,0,8.0799555e-07
1,0,4.547189e-06
0,0,4.7125707e-07
0,0,3.2722133e-07
0,0,3.2423827e-07
0,0,5.4971036e-07
1,1,0.9999063
0,0,3.0559633e-07
0,0,4.0988692e-07
0,0,4.3623996e-07
0,0,6.7186915e-07
1,0,0.068473406
0,0,3.2704727e-07
0,0,5.1065865e-07
0,0,5.1587557e-07
0,0,3.4629593e-07
0,0,3.285105e-07
0,0,4.111813e-07
0,0,6.109813e-07
0,0,5.82108e-07
0,0,7.9318926e-07
0,0,4.328484e-07
0,0,7.9641075e-07
0,0,5.78e-07
0,0,3.0608692e-07
1,1,0.9999887
0,0,1.145338e-06
0,0,3.319239e-07
0,0,5.4234624e-07
1,0,7.5179887e-06
0,0,4.5270934e-07
0,0,5.7401905e-07
0,0,7.672883e-07
0,0,4.5117926e-07
0,0,3.3665614e-07
0,0,7.267839e-07
1,0,1.5937602e-06
0,0,4.1570257e-07
0,0,4.4480922e-07
0,0,4.044496e-07
0,0,3.1576585e-07
0,0,2.8770643e-07
0,0,5.823978e-07
0,0,3.1789995e-07
0,0,5.067644e-07
0,0,4.1107464e-07
0,0,6.175564e-07
0,0,8.203323e-07
1,0,7.0627815e-05
0,0,1.1648133e-06
0,0,4.006975e-07
0,0,3.33464e-07
0,0,3.547046e-07
0,0,3.6316186e-07
0,0,3.0717212e-07
0,0,7.188964e-07
1,0,5.129202e-06
0,0,4.8716606e-07
0,0,1.7549306e-06
0,0,2.5232957e-06
0,0,3.2964186e-07
0,0,2.9764482e-07
0,0,3.0708367e-07
0,0,5.174799e-07
0,0,8.2887885e-07
0,0,2.849072e-07
0,0,3.36316e-07
0,0,5.5203054e-06
0,0,3.7712618e-07
0,0,3.0233775e-07
1,1,0.99998987
1,0,7.5007865e-06
0,0,4.4215741e-07
0,0,2.6661633e-07
0,0,2.8623242e-07
0,0,3.1992886e-07
0,0,4.5557562e-07
0,0,4.1545644e-07
0,0,3.6942967e-07
0,0,2.9630408e-07
0,0,4.6080777e-07
0,0,3.8157887e-07
0,0,2.6508826e-07
0,0,4.187572e-07
0,0,4.9307124e-07
0,0,4.0258664e-07
0,0,2.8806224e-07
0,0,4.0707357e-07
1,0,9.542729e-07
1,1,0.9999738
0,0,5.3816744e-05
0,0,3.868442e-07
1,1,0.99999046
0,0,4.4747094e-07
0,0,4.5100848e-07
0,0,3.5264475e-07
0,0,1.297281e-06
0,0,3.7518046e-07
0,0,1.3039169e-06
0,0,1.6844541e-06
0,0,3.878334e-07
0,0,8.5543826e-07
0,0,2.7791427e-07
0,0,5.989696e-07
0,0,3.0532163e-07
0,0,1.3513975e-06
0,0,3.261235e-07
0,0,4.1929746e-07
0,0,7.7750946e-07
0,0,3.925005e-07
0,0,3.066593e-07
0,0,3.3393243e-07
0,0,8.9781685e-07
1,1,0.9999862
0,0,3.8795403e-07
0,0,3.6405373e-07
0,0,3.3906466e-07
0,0,4.4694983e-07
0,0,3.4262496e-07
0,0,3.2984627e-07
0,0,4.7465252e-07
0,0,4.834772e-07
0,0,5.1655104e-07
0,0,3.0568933e-07
0,0,3.8554e-07
0,0,4.059818e-07
1,0,3.816151e-05
0,0,5.762729e-07
0,0,3.1553884e-07
0,0,6.104321e-07
0,0,3.1823484e-07
0,0,3.2180435e-07
0,0,3.892147e-07
0,0,3.2085498e-07
1,1,0.99999094
0,0,8.7171645e-07
0,0,4.2964302e-07
0,0,0.09172074
0,0,5.821318e-07
0,0,4.139836e-07
1,1,0.99995553
0,0,3.4105165e-07
1,0,3.919813e-07
0,0,6.8345514e-07
0,0,7.100725e-07
0,0,4.0544478e-07
1,1,0.9999777
0,0,1.3542514e-06
0,0,3.307036e-07
0,0,3.1686176e-07
0,0,3.5768056e-07
0,0,6.748359e-07
0,0,3.26205e-07
0,0,0.00073310494
0,0,3.175121e-07
1,1,0.99998534
0,0,3.925488e-07
0,0,5.0821683e-07
0,0,3.4458122e-07
0,0,6.7811965e-07
0,0,4.1271622e-07
0,0,3.932011e-07
1,0,4.522209e-07
0,0,2.99635e-07
0,0,5.65749e-07
0,0,1.0163026e-06
0,0,3.0326416e-07
0,0,4.173375e-07
0,0,1.4427193e-06
0,0,3.6296032e-07
0,0,3.735873e-07
1,1,0.99999416
1,1,0.9999944
0,0,3.893699e-07
0,0,2.7360508e-07
0,0,2.7362648e-07
0,0,3.8436045e-07
0,0,3.9419643e-07
0,0,2.9496795e-07
0,0,5.0304567e-07
0,0,3.2577225e-07
0,0,5.254737e-07
0,0,4.1461576e-07
0,0,4.338262e-07
1,1,0.99996793
0,0,3.7821536e-07
1,1,0.9983114
1,1,0.9998666
0,0,3.5864346e-07
0,0,1.1080479e-06
1,0,1.1612374e-06
0,0,6.0890295e-07
0,0,3.4770204e-07
0,0,5.825522e-07
0,0,5.5276206e-07
0,0,3.5931518e-07
1,0,0.012910759
0,0,3.1899444e-07
0,0,3.4221807e-07
0,0,5.2385053e-07
0,0,3.461959e-07
0,0,3.7202122e-07
0,0,5.625473e-07
0,0,9.4504156e-07
0,0,3.0277286e-07
0,0,3.9198093e-07
0,0,7.1272797e-07
0,0,4.0976892e-07
1,0,0.0005132293
0,0,3.5154508e-07
0,0,4.1012507e-07
0,0,8.952757e-07
0,0,3.64488e-07
0,0,4.3359788e-07
1,0,0.0010309274
0,0,3.316404e-07
0,0,3.662581e-07
0,0,5.033221e-07
0,0,2.9414292e-07
1,1,0.99996495
0,0,1.2667243e-06
0,0,3.0746492e-07
0,0,3.7893165e-07
0,0,4.2505604e-07
1,1,0.99990845
0,0,3.556917e-07
0,0,3.582459e-07
0,0,4.056374e-07
0,0,5.3049075e-07
0,0,2.7910204e-07
0,0,3.5438472e-07
1,1,0.9999871
0,0,3.8384948e-07
0,0,4.948246e-07
0,0,4.4618108e-07
0,0,1.5255324e-06
0,0,4.988421e-07
0,0,3.9483456e-07
0,0,3.907187e-07
0,0,3.7162368e-07
0,0,4.116329e-07
1,1,0.99997437
0,0,3.485207e-07
0,0,3.7834738e-07
0,0,1.615918e-06
0,0,3.3988601e-07
0,0,5.618444e-07
0,0,3.5535703e-07
0,0,3.7866576e-07
0,0,3.3803892e-07
0,0,4.326041e-07
0,0,5.434465e-07
0,0,1.5550052e-06
0,0,5.27934e-07
0,0,2.8712805e-07
0,0,6.3711894e-07
1,0,5.612753e-06
0,0,3.7900898e-07
0,0,3.5594212e-07
0,0,3.2606565e-07
0,0,3.506571e-07
0,0,7.469767e-07
1,1,0.9999819
0,0,2.623622e-07
0,0,2.2266791e-05
0,0,4.9898716e-07
0,0,3.1946635e-07
0,0,7.275072e-07
0,0,3.2606937e-07
0,0,3.0288518e-06
0,0,2.9822098e-07
0,0,3.7020098e-07
0,0,3.5652033e-07
0,0,1.0781334e-06
0,0,4.3787134e-07
0,0,2.8860504e-07
0,0,6.3836684e-05
0,0,5.190695e-07
0,0,4.3636228e-07
1,0,1.0740899e-06
0,0,4.0849966e-07
0,0,4.18765e-06
0,0,1.8553853e-06
0,0,5.134832e-07
0,0,4.2465288e-07
0,0,2.9932195e-07
0,0,1.5754358e-06
0,0,4.182918e-07
0,0,5.323172e-07
0,0,4.962565e-07
0,0,4.7823164e-07
1,1,0.9999888
0,0,4.240216e-07
0,0,2.9491395e-07
0,0,3.8459586e-07
0,0,2.792011e-07
0,0,3.4337535e-07
0,0,2.9678426e-07
0,0,3.9846861e-07
0,0,3.546458e-05
1,0,5.8920057e-07
0,0,3.1305615e-07
0,0,4.945877e-07
0,0,3.587632e-07
0,0,3.0265625e-07
0,0,1.0476169e-06
0,0,2.96767e-07
0,0,3.5645573e-07
0,0,5.225567e-07
1,1,0.99998724
0,0,5.414068e-07
0,0,3.6335342e-07
0,0,7.095039e-07
0,0,3.532156e-07
0,0,3.8480866e-07
0,0,3.223111e-07
0,0,2.6168152e-06
0,0,3.8957714e-07
0,0,2.973662e-07
0,0,2.9302413e-07
0,0,5.0014773e-07
0,0,4.872599e-07
0,0,8.7210896e-07
1,1,0.9999901
0,0,3.6061417e-07
0,0,5.347769e-07
0,0,3.5332442e-07
0,0,5.128969e-07
1,0,3.5267778e-06
0,0,3.430716e-07
0,0,4.2222268e-07
0,0,2.791199e-07
0,0,4.6618138e-07
0,0,9.3461244e-07
0,0,8.1801517e-07
0,0,3.733558e-07
1,0,0.024707662
0,0,2.8013136e-07
0,0,5.9291915e-07
0,0,8.0411735e-07
0,0,4.816521e-07
0,0,3.865016e-07
0,0,4.87856e-07
0,0,3.7949292e-07
0,0,3.0992751e-07
0,0,3.5903565e-07
0,0,4.748445e-07
0,0,3.785177e-07
0,0,5.5580364e-07
0,0,4.1006368e-07
0,0,4.058827e-07
1,0,0.13615513
0,0,2.986935e-07
0,0,4.088929e-07
0,0,7.456379e-07
0,0,6.117988e-07
1,1,0.99995935
0,0,3.6414957e-07
0,0,2.8330027e-07
0,0,3.1531596e-07
0,0,3.4284463e-07
0,0,8.0758184e-07
1,1,0.99998736
0,0,3.0105682e-07
0,0,0.0004118131
0,0,3.277173e-07
0,0,4.2595246e-07
0,0,4.7172247e-07
0,0,3.1268138e-07
0,0,3.514177e-07
0,0,5.373749e-07
0,0,6.525775e-07
0,0,3.4773322e-07
0,0,3.76353e-07
0,0,5.2828244e-07
0,0,3.9308077e-07
0,0,6.5034277e-07
1,0,0.4374894
0,0,4.1172046e-07
1,0,4.3057287e-07
0,0,3.5111017e-07
0,0,3.028624e-07
1,1,0.9999932
0,0,3.81225e-07
0,0,7.9252544e-07
0,0,6.766067e-07
0,0,4.863333e-07
0,0,3.1005993e-07
0,0,4.2846946e-07
0,0,3.6638664e-07
0,0,3.0105795e-07
0,0,6.353103e-07
0,0,4.1725193e-07
0,0,4.8961505e-07
0,0,3.8749698e-07
0,0,1.0158791e-06
0,0,3.7183074e-07
0,0,2.7130347e-06
0,0,4.6261573e-07
0,0,4.458047e-07
0,0,5.489476e-07
0,0,5.1129797e-07
0,0,5.25112e-07
1,1,0.999992
0,0,4.1166663e-07
0,0,2.8228055e-07
0,0,6.009218e-07
0,0,7.318097e-07
0,0,3.4045308e-07
1,1,0.9999714
0,0,5.019626e-07
0,0,5.420955e-07
0,0,4.0119156e-07
0,0,1.1240725e-06
0,0,5.0178744e-07
0,0,4.3432044e-07
0,0,5.0956595e-07
0,0,5.6652436e-07
0,0,4.8861216e-07
0,0,4.6716096e-07
1,1,0.9999908
0,0,3.7806387e-07
0,0,3.637428e-06
0,0,7.171639e-07
1,1,0.9999795
0,0,6.207508e-07
0,0,3.46047e-07
0,0,3.5886654e-07
0,0,7.187086e-07
0,0,5.082735e-07
0,0,1.8775121e-06
0,0,5.412256e-07
0,0,3.2666324e-07
0,0,5.4585087e-07
0,0,4.618637e-07
0,0,3.8940405e-07
0,0,3.6903387e-07
0,0,6.135803e-07
0,0,1.324198e-06
0,0,5.632264e-07
0,0,1.1521697e-06
0,0,5.119845e-07
0,0,3.8576215e-07
0,0,3.149487e-07
0,0,7.9039165e-07
0,0,3.8163677e-07
0,0,3.3511284e-07
0,0,5.409299e-07
0,0,2.0046748e-06
0,0,4.012876e-07
0,0,3.3413312e-07
0,0,3.2684864e-07
0,0,3.0370146e-07
0,0,4.2188339e-07
0,0,4.788664e-07
0,0,2.8840583e-07
0,0,3.304949e-07
0,0,3.3911996e-07
0,0,3.4113236e-07
0,0,8.62034e-07
0,0,3.1306868e-07
0,0,4.8979905e-07
0,0,3.766999e-07
0,0,3.732184e-07
0,0,2.830078e-07
0,0,4.6262457e-07
0,0,2.8695752e-07
0,0,2.858224e-07
0,0,6.784405e-07
0,0,6.6813336e-06
0,0,1.610478e-06
0,0,5.359522e-07
0,0,3.2079504e-07
0,0,1.1703462e-06
0,0,3.8627647e-07
1,0,4.631279e-06
0,0,3.4435027e-07
0,0,3.9790586e-07
1,0,4.808356e-07
0,0,6.8648624e-06
0,0,2.8709465e-07
1,0,1.2093916e-06
0,0,5.431527e-07
0,0,5.666864e-07
0,0,3.490063e-07
0,0,4.2229598e-07
0,0,3.3443854e-07
0,0,5.1920165e-07
0,0,3.718428e-07
0,0,3.184935e-07
0,0,3.6699095e-07
0,0,3.6297212e-07
0,0,4.4578428e-07
0,0,2.8368441e-07
0,0,4.7478292e-07
0,0,4.0484744e-07
0,0,4.4499848e-07
0,0,4.2470393e-07
0,0,3.652723e-07
0,0,4.656997e-07
0,0,3.237924e-07
0,0,7.511715e-07
0,0,2.011318e-06
0,0,3.427632e-07
0,0,2.9918098e-07
0,0,3.605808e-07
0,0,5.701324e-07
0,0,4.0413687e-07
0,0,4.6296265e-07
0,0,4.5365408e-07
0,0,5.2467044e-07
1,1,0.99998665
0,0,3.5295025e-07
0,0,3.659533e-07
0,0,5.3057374e-07
0,0,3.2399996e-07
0,0,3.3951022e-07
0,0,4.1732437e-07
0,0,3.6995323e-07
0,0,5.464196e-07
0,0,5.0232035e-07
1,1,0.9156132
0,0,2.980027e-07
0,0,3.3179475e-07
0,0,3.9736926e-07
0,0,5.0467844e-07
0,0,4.4165338e-07
0,0,8.826652e-07
0,0,3.368951e-07
1,0,1.2295547e-05
0,0,4.7625815e-07
0,0,3.01977e-07
0,0,5.6792106e-07
0,0,3.2088008e-07
0,0,4.9403053e-07
0,0,4.4449163e-07
0,0,3.8034506e-07
0,0,6.16013e-07
0,0,4.3522436e-07
0,0,3.410754e-07
1,1,0.999967
0,0,1.3692875e-06
1,0,7.690766e-07
0,0,4.0546757e-07
0,0,3.769122e-06
0,0,5.7211554e-07
0,0,3.2461358e-07
0,0,3.7413852e-07
0,0,7.3585755e-07
1,1,0.9988403
0,0,4.4386383e-07
0,0,3.2385788e-07
0,0,4.924679e-07
0,0,3.13766e-07
0,0,3.7611332e-07
0,0,4.0361613e-07
0,0,3.4614703e-07
0,0,2.761194e-07
0,0,4.1154692e-07
0,0,4.875574e-07
0,0,4.416997e-07
0,0,1.0065933e-06
0,0,6.0391443e-07
0,0,4.0806046e-07
0,0,3.2699674e-07
0,0,4.4924846e-07
0,0,9.4694786e-07
0,0,5.412911e-07
0,0,3.2817076e-07
0,0,3.4924178e-06
0,0,6.7068675e-07
0,0,1.1750601e-06
0,0,3.9920616e-07
0,0,2.899397e-07
0,0,3.601131e-07
0,0,3.2793673e-07
0,0,3.5263835e-07
0,0,1.3499626e-06
0,0,4.9858664e-07
0,0,3.201141e-07
0,0,4.193289e-06
1,0,0.001205348
1,1,0.99999166
0,0,3.2216056e-07
1,0,0.0010566898
0,0,4.2582613e-07
0,0,7.664262e-07
0,0,6.5544225e-07
0,0,4.2872207e-07
0,0,7.3063325e-07
0,0,4.0516107e-07
0,0,3.1642116e-07
0,0,7.520259e-07
0,0,3.3730404e-07
0,0,5.796914e-07
0,0,4.7394963e-07
0,0,3.0038914e-06
0,0,5.406715e-07
0,0,6.7644675e-07
0,0,3.7041963e-07
0,0,2.8770586e-07
1,1,0.9999814
0,0,3.7408392e-07
0,0,3.525738e-07
0,0,5.348269e-07
0,0,3.7827525e-07
0,0,4.2628974e-07
0,0,3.427694e-07
1,1,0.99998534
0,0,3.693462e-07
0,0,2.9538995e-07
0,0,2.9963297e-07
0,0,3.4887253e-07
0,0,3.440683e-07
0,0,3.0990682e-07
0,0,4.7117263e-07
0,0,3.0896604e-07
0,0,4.6406154e-07
0,0,3.3912838e-07
0,0,2.8406723e-07
0,0,5.282558e-07
0,0,7.956091e-07
0,0,3.9081445e-07
0,0,6.466691e-07
0,0,3.4696532e-07
0,0,5.0105484e-07
0,0,2.9734352e-07
0,0,1.0863924e-06
0,0,3.7361763e-06
0,0,1.0226114e-06
0,0,3.4331282e-07
0,0,3.9352747e-07
0,0,9.5346604e-07
1,1,0.9997745
0,0,9.534925e-07
0,0,4.3628907e-07
0,0,3.0140012e-07
0,0,2.7423465e-07
0,0,7.2338105e-07
1,1,0.9999913
0,0,2.8207873e-07
0,0,6.6405426e-07
0,0,8.869839e-07
0,0,6.5548846e-07
0,0,3.6522565e-07
0,0,1.6326601e-06
0,0,5.6137685e-07
0,0,3.0404374e-07
0,0,3.8085903e-07
0,0,5.636369e-07
0,0,3.626427e-07
0,0,4.0618937e-07
0,0,2.2771945e-05
0,0,6.1887823e-07
0,0,3.4445245e-07
0,0,2.8174264e-07
1,0,6.8909417e-06
0,0,3.4832664e-07
1,1,0.9999838
0,0,9.0542216e-07
0,0,8.124857e-07
0,0,4.005745e-07
0,0,7.951312e-07
0,0,2.0930079e-06
0,0,9.3926866e-07
0,0,5.780419e-07
0,0,3.1550002e-07
0,0,4.1141783e-07
0,0,7.1999543e-06
1,1,0.9999795
1,1,0.9999833
1,1,0.9999839
1,1,0.9999918
0,0,3.644532e-07
0,0,5.174617e-07
0,0,2.89475e-07
0,0,4.0313142e-07
0,0,1.0091683e-06
0,0,1.8564702e-06
0,0,5.572212e-07
1,1,0.9999882
0,0,3.5831732e-07
1,1,0.9999229
1,1,0.9999833
0,0,3.585043e-07
1,0,7.79756e-06
0,0,8.1448417e-07
0,0,1.0841413e-06
1,1,0.99999404
0,0,2.8514367e-07
0,0,6.1861095e-07
1,1,0.9153249
0,0,2.803933e-07
0,0,2.9893286e-07
0,0,2.9063983e-07
0,0,5.4970513e-07
0,0,1.017053e-06
0,0,4.792996e-07
1,1,0.9999753
0,0,7.7008804e-07
0,0,8.166417e-07
1,1,0.7319881
0,0,4.0559908e-07
0,0,5.086804e-07
0,0,7.214954e-07
0,0,3.631314e-07
0,0,4.118249e-07
0,0,2.8561178e-07
0,0,5.0099936e-07
0,0,3.5658223e-07
0,0,4.3823061e-07
0,0,2.9168194e-07
0,0,9.34534e-07
0,0,3.1051152e-07
0,0,1.1735751e-06
0,0,3.2712495e-07
0,0,6.1569693e-07
0,0,2.7979016e-07
0,0,8.91919e-07
0,0,4.241575e-07
0,0,9.010833e-07
0,0,3.743991e-07
0,0,3.3965725e-07
0,0,3.1821904e-07
0,0,5.6209205e-07
0,0,3.75777e-07
0,0,4.947236e-07
0,0,3.6218822e-07
0,0,4.5306695e-07
1,1,0.99999225
0,0,4.9837564e-07
0,0,4.2485829e-07
0,0,4.2023422e-07
0,0,6.4486835e-07
0,0,3.3713133e-07
0,0,3.4096288e-07
0,0,3.453435e-07
0,0,3.3098192e-07
0,0,5.6519355e-07
0,0,3.3915617e-07
0,0,3.2785263e-07
0,0,3.035506e-07
0,0,4.518053e-07
0,0,7.5376926e-07
0,0,3.8782898e-07
0,0,9.861726e-07
0,0,3.144691e-07
0,0,3.229899e-07
0,0,8.15689e-07
0,0,1.3059155e-06
0,1,0.9998735
0,0,1.3610371e-06
0,0,3.2288366e-07
0,0,7.1852764e-07
0,0,4.221317e-07
0,0,3.2901562e-07
1,0,5.0243773e-07
0,0,1.1426346e-06
0,0,9.336735e-07
0,0,3.553723e-07
0,0,4.1015676e-07
0,0,4.0992134e-07
0,0,4.038845e-07
0,0,3.0599324e-07
0,0,4.8928456e-07
0,0,3.732636e-07
0,0,4.5569206e-07
0,0,3.6961964e-07
1,1,0.99995375
0,0,2.1789735e-06
0,0,4.814679e-07
0,0,3.4425145e-07
0,0,2.99711e-07
0,0,3.6685867e-07
0,0,4.7449865e-07
0,0,1.0037701e-05
0,0,2.886887e-07
0,0,3.761879e-07
0,0,4.8117874e-07
0,0,4.876504e-07
0,0,3.686185e-07
0,0,9.533297e-07
0,0,2.940856e-06
0,0,3.1648003e-07
1,1,0.99998915
0,0,2.9579815e-07
0,0,3.578952e-07
1,1,0.99997866
0,0,2.7913661e-06
0,0,3.5102113e-07
0,0,4.946717e-07
0,0,3.5550718e-07
0,0,3.271602e-07
0,0,3.2685986e-07
0,0,5.2551377e-07
0,0,2.8493002e-07
0,0,3.2320898e-07
0,0,8.9886976e-07
0,0,4.235019e-07
0,0,7.0082086e-07
0,0,2.7826272e-07
0,0,3.055156e-07
0,0,2.8631534e-06
0,0,3.5408337e-07
0,0,5.96775e-07
0,0,3.9528064e-07
0,0,3.305113e-07
0,0,7.9964065e-07
0,0,3.646298e-07
0,0,2.8708726e-07
0,0,5.605642e-07
0,0,3.6692376e-07
0,0,4.669302e-07
0,0,3.7402083e-07
0,0,3.0606824e-07
0,0,4.995528e-07
0,0,6.025642e-07
0,0,4.9647144e-07
0,0,5.2362548e-06
0,0,1.4659436e-06
0,0,3.3813242e-07
0,0,4.8340627e-07
0,0,3.5763145e-07
0,0,4.2916142e-07
0,0,3.3367778e-07
0,0,5.63351e-07
1,0,5.7065183e-05
0,0,3.708321e-07
0,0,8.226183e-07
0,0,3.921619e-07
0,0,8.143917e-07
0,0,1.541351e-06
0,0,3.9927926e-07
0,0,4.863203e-07
1,0,3.8515086e-07
0,0,6.806751e-07
0,0,6.0128406e-07
0,0,3.585101e-07
0,0,3.952731e-07
0,0,3.074705e-07
0,0,4.0853743e-07
0,0,5.108067e-07
0,0,3.2663334e-07
0,0,7.0420214e-07
0,0,5.620818e-07
1,1,0.994538
0,0,5.5137843e-07
0,0,3.7316713e-07
0,0,3.50058e-07
1,1,0.99993706
0,0,1.3902352e-06
0,0,3.4756343e-07
0,0,3.6251512e-07
0,0,3.7059453e-07
0,0,6.606717e-07
0,0,7.839685e-07
1,1,0.99998033
0,0,8.560773e-07
0,0,3.3185236e-07
0,0,1.284326e-06
0,0,9.883476e-07
1,1,0.99998677
0,0,6.475182e-07
0,0,3.120942e-07
0,0,1.1152696e-06
1,1,0.9999877
0,0,5.110445e-07
0,0,5.369415e-07
1,1,0.99997306
0,0,3.9284464e-07
0,0,7.477493e-07
1,0,0.2194308
0,0,3.0078192e-07
0,0,5.7953173e-07
0,0,1.0956162e-06
0,0,5.954703e-07
0,0,4.5954388e-07
0,0,7.2547925e-07
0,0,3.2506247e-07
0,0,4.4161422e-07
0,0,3.306661e-07
0,0,7.4409854e-07
0,0,4.4602155e-07
0,0,4.2563005e-07
0,0,0.002519566
0,0,3.4926936e-07
0,0,4.5800599e-07
0,0,3.8325214e-07
0,0,3.4203666e-07
0,0,2.7949332e-07
0,0,4.1931187e-07
0,0,3.0243407e-07
0,0,1.2609183e-05
0,0,1.2138205e-06
0,0,6.447546e-07
0,0,3.1068777e-07
0,0,3.4364265e-07
1,1,0.999987
0,0,1.1568823e-06
0,0,2.975228e-07
0,0,0.00013031061
0,0,3.5741704e-07
0,0,4.5725054e-07
0,0,6.045465e-07
0,0,7.4061825e-07
0,0,4.1312222e-07
0,0,3.3855574e-07
0,0,5.808054e-07
0,0,3.3088915e-07
0,1,0.99902844
1,1,0.9999608
0,0,5.3757583e-07
0,0,3.9531153e-07
0,0,6.276309e-07
0,0,3.666544e-07
0,0,3.1774627e-07
0,0,9.256719e-07
0,0,1.0291939e-06
0,0,3.2832915e-07
0,0,3.563959e-07
1,0,6.3692033e-07
0,0,4.3413246e-07
0,0,7.948977e-07
0,0,2.918344e-07
0,0,2.8871185e-07
0,0,6.254536e-07
0,0,4.7724615e-07
0,0,3.1546153e-07
0,0,4.0587577e-07
0,0,9.2440513e-07
0,0,4.0318716e-07
0,0,6.720685e-07
0,0,3.848527e-07
0,0,3.7495403e-07
0,0,3.056048e-07
0,0,1.6021769e-06
1,1,0.99994814
0,0,3.03557e-07
0,0,2.9145005e-07
0,0,2.9296797e-07
0,0,9.866355e-07
0,0,4.7129484e-07
0,0,3.4325487e-07
0,0,3.4681383e-07
0,0,3.1097946e-07
0,0,1.0416137e-06
0,0,3.610667e-07
0,0,3.0383848e-07
0,0,3.571022e-07
0,0,3.6567593e-07
0,0,3.8912563e-07
0,0,4.1167922e-07
0,0,5.575997e-07
0,0,3.8641056e-07
1,0,9.188492e-06
0,0,3.3218103e-07
0,0,8.058653e-06
0,0,1.2822333e-06
0,0,6.665561e-07
0,0,6.306188e-07
0,0,4.3257523e-07
0,0,7.7029364e-07
0,0,6.141857e-07
1,1,0.9999919
0,0,3.1383246e-07
1,1,0.9999552
0,0,2.7830094e-07
1,0,0.00012700282
0,0,3.0667218e-07
0,0,9.596034e-07
0,0,2.9486475e-07
0,0,4.2219048e-07
0,0,5.4795646e-07
0,0,5.549266e-07
0,0,2.9288412e-07
0,0,5.940443e-07
0,0,3.822148e-07
0,0,3.3965077e-07
0,0,3.4093395e-07
1,1,0.99966586
0,0,5.091949e-07
0,0,4.385408e-07
0,0,4.91231e-07
0,0,4.367803e-07
1,0,7.36389e-07
1,1,0.9997148
0,0,4.8542415e-07
0,0,3.412397e-07
0,0,3.970306e-07
0,0,3.1057607e-07
0,0,3.4193033e-07
0,0,7.28245e-07
1,1,0.99975425
0,0,4.185476e-07
0,0,6.427618e-07
0,0,3.2589404e-07
0,0,6.965816e-07
0,0,3.8611662e-07
0,0,4.0312258e-07
0,0,5.7806176e-07
0,0,4.1565065e-07
0,0,4.777835e-07
0,0,7.561091e-07
0,0,1.0000114e-06
0,0,3.0293808e-07
0,0,9.654599e-07
0,0,4.4577322e-07
0,0,5.183591e-07
0,0,3.4276485e-07
0,0,7.993082e-07
0,0,6.432922e-07
0,0,3.109762e-07
0,0,7.2806455e-07
0,0,3.8286126e-07
0,0,4.1041815e-07
0,0,3.667852e-07
0,0,5.2333615e-07
0,0,3.9746777e-07
0,0,5.541772e-07
0,0,4.0195056e-07
0,0,1.0555939e-06
1,1,0.9997621
0,0,5.6600766e-06
0,0,5.442016e-07
0,0,3.4671825e-07
0,0,7.065519e-07
0,0,5.984626e-07
0,0,4.3420036e-07
0,0,2.9560977e-07
0,0,6.8998185e-07
0,0,3.8481636e-07
0,0,4.0780407e-07
0,0,3.8679107e-07
0,0,5.540429e-07
0,0,4.0326523e-07
0,0,4.3348828e-07
0,0,1.0595799e-06
0,0,4.4848605e-07
1,0,0.0015935366
0,0,5.200962e-07
0,0,3.9180378e-07
0,0,2.986385e-07
1,1,0.99998426
0,0,3.8066514e-07
0,0,3.4770204e-07
0,0,4.6847035e-07
0,0,3.5523033e-07
0,0,3.3085317e-07
0,0,3.250144e-07
1,1,0.9999889
0,0,8.7747827e-07
0,0,4.184458e-07
0,0,1.4174386e-06
0,0,5.8555776e-07
0,0,4.6867726e-07
0,0,3.6638176e-07
0,0,3.231982e-07
0,0,4.6670985e-07
0,0,3.826656e-07
0,0,5.7268215e-07
0,0,3.8183407e-07
0,0,5.524807e-07
0,0,1.1583196e-06
0,0,2.7780243e-07
0,0,3.0777733e-07
0,0,2.1367448e-06
0,0,3.950609e-07
0,0,3.6310715e-07
0,0,1.0867573e-06
0,0,4.5649588e-07
0,0,3.583474e-07
0,0,7.89395e-07
1,1,0.9999682
0,0,3.119207e-07
1,1,0.9999795
1,1,0.998904
1,1,0.99992776
0,0,4.5833326e-07
0,0,3.4154868e-07
0,0,6.9399954e-07
0,0,3.8078497e-07
0,0,3.5802628e-07
0,0,3.3089924e-07
0,0,3.5913632e-07
1,1,0.9999596
0,0,3.6933915e-07
0,0,3.7684072e-07
0,0,6.978622e-07
0,0,2.777023e-07
0,0,4.5273654e-07
0,0,3.9986685e-07
0,0,4.1834286e-07
1,0,8.9412634e-07
0,0,5.896115e-07
0,0,6.08914e-07
0,0,6.033025e-07
0,0,9.1784403e-07
0,0,2.9173813e-07
0,0,3.4910084e-07
0,0,4.5597983e-07
0,0,3.391588e-07
1,0,1.2899824e-06
0,0,0.063065074
0,0,3.2978275e-07
0,0,3.128699e-07
1,1,0.9999907
0,0,4.9271637e-07
0,0,2.8392208e-07
0,0,4.0215073e-07
0,0,3.6544026e-07
1,0,0.008018181
0,0,4.1829657e-07
0,0,4.1494803e-07
0,0,4.3741227e-07
0,0,3.9364048e-07
0,0,3.6980154e-07
0,0,4.28108e-07
0,0,8.388566e-07
0,0,0.07211718
0,0,7.2704876e-07
0,0,3.947457e-07
0,0,1.01751e-06
0,0,6.300736e-07
0,0,3.2997906e-07
1,0,2.509164e-05
0,0,7.468691e-07
0,0,3.3995346e-07
1,1,0.9999851
0,0,3.0754202e-07
0,0,2.9064952e-07
0,0,3.2309836e-07
0,0,4.7923197e-07
0,0,2.9751826e-07
0,0,1.0622246e-06
0,0,7.404657e-07
0,0,7.059376e-07
0,0,0.000118175856
0,0,1.3677852e-06
0,0,1.1883333e-06
1,0,4.9390377e-07
0,0,2.8324703e-07
0,0,3.0951222e-07
0,0,1.1752596e-06
0,0,9.144723e-06
0,0,3.8406367e-07
0,0,2.9106448e-07
0,0,4.5048404e-07
0,0,5.5243763e-06
0,0,3.722494e-07
0,0,1.3683658e-06
0,0,5.548895e-07
0,0,5.152816e-07
0,0,4.838019e-07
0,0,3.324263e-07
0,0,3.8308295e-07
0,0,5.1782945e-07
0,0,4.9505115e-07
0,0,4.740581e-07
0,0,8.5413717e-07
0,0,3.8927038e-07
0,0,6.686858e-07
0,0,3.7095236e-07
0,0,7.1128443e-07
0,0,4.01492e-07
0,0,8.0386354e-07
0,0,1.1773944e-06
0,0,3.633406e-07
0,0,2.9380314e-07
0,0,4.3009024e-07
1,0,1.3280666e-06
0,0,3.1402377e-07
0,0,4.889716e-07
0,0,6.38451e-07
0,0,4.009781e-07
0,0,8.1885736e-07
0,0,5.2750016e-07
0,0,3.1008597e-07
0,0,3.6113798e-07
0,0,7.371689e-07
0,0,7.331313e-07
0,0,4.584548e-07
0,0,4.314628e-07
0,0,2.716662e-07
0,0,2.3828059e-06
0,0,5.357641e-07
0,0,3.8738762e-07
0,0,3.5764e-07
0,0,5.4262927e-07
0,0,5.025484e-07
1,1,0.9999846
0,0,4.383393e-07
0,0,0.0004949154
0,0,8.7465355e-07
0,0,4.2919172e-07
0,0,4.0272795e-07
0,0,4.2473957e-07
0,0,5.212552e-07
0,0,6.849233e-07
1,1,0.9998982
0,0,1.5931402e-06
0,0,3.6110663e-07
0,0,4.783037e-07
0,0,3.9223298e-07
0,0,3.4817452e-07
0,0,5.0872984e-07
0,0,3.054317e-07
0,0,3.7530782e-07
0,0,3.5768844e-07
0,0,5.0660157e-07
1,1,0.9999902
1,0,8.134075e-06
0,0,6.987073e-06
0,0,3.1809404e-07
0,0,5.2726926e-07
0,0,2.8085094e-07
0,0,1.8776516e-06
0,0,3.3137923e-07
0,0,2.8787903e-07
0,0,3.1530033e-07
0,0,5.259339e-07
0,0,2.858286e-06
0,0,5.021139e-07
0,0,3.2118746e-07
0,0,6.921423e-07
0,0,6.464274e-07
0,0,5.2190677e-07
0,0,3.8169793e-07
0,0,1.1950522e-06
1,1,0.9999374
0,0,4.57425e-07
0,0,9.565828e-07
0,0,2.140912e-06
0,0,3.7453265e-07
0,0,3.5955375e-07
0,0,3.7803107e-07
1,1,0.99998665
0,0,2.7578596e-07
0,0,1.2004526e-06
0,0,5.488513e-07
0,0,3.7662625e-07
0,0,1.1245871e-06
0,0,1.2136585e-06
0,0,2.960623e-07
0,0,1.0741167e-06
0,0,1.0736845e-06
0,0,4.8776855e-07
0,0,3.3390887e-07
0,0,4.2417528e-07
0,0,4.071749e-07
0,0,5.615423e-07
0,0,4.4439625e-07
0,0,4.145695e-07
0,0,4.8603744e-07
0,0,1.0395833e-06
0,0,2.9588392e-07
0,0,8.138521e-07
0,0,4.3602952e-07
0,0,5.294769e-07
1,1,0.9999901
0,0,4.6530727e-07
0,0,6.8336846e-07
0,0,6.652542e-07
0,0,6.520568e-07
0,0,4.6325277e-07
0,0,4.4559724e-07
0,0,3.5336285e-07
0,0,4.4060374e-07
0,0,4.224668e-07
0,0,8.090419e-07
0,0,7.292222e-07
0,0,4.4974698e-07
0,0,4.2889218e-07
0,0,3.3885487e-07
0,0,1.6119686e-06
0,0,8.9012605e-07
0,0,3.8177802e-07
1,1,0.9065897
0,0,6.280728e-07
0,0,3.2383068e-07
0,0,3.4265176e-07
0,0,4.2599632e-07
0,0,5.1704785e-07
0,0,4.532087e-07
0,0,3.023239e-07
0,0,5.355302e-07
0,0,1.3113493e-06
0,0,7.9824173e-07
1,1,0.9999914
0,0,3.7419846e-07
0,0,3.0719906e-07
0,0,5.058533e-07
0,0,3.1692372e-07
0,0,3.0093167e-07
0,0,6.353297e-07
0,0,3.6172875e-07
0,0,3.5487378e-07
0,0,3.1905438e-07
0,0,3.8088012e-07
0,0,1.6881851e-06
0,0,1.1225685e-06
0,0,9.607407e-07
0,0,7.479043e-06
0,0,3.749043e-07
0,0,3.8035378e-07
0,0,3.376645e-07
0,0,6.487879e-07
0,0,3.592278e-07
0,0,4.8791e-07
0,0,3.3759719e-07
0,0,3.030421e-07
0,0,4.055028e-07
0,0,2.413535e-06
0,0,3.102963e-07
0,0,5.310663e-07
1,1,0.9999918
0,0,3.3325034e-07
0,0,3.5411176e-07
0,0,4.970243e-07
0,0,3.1091687e-07
0,0,3.598532e-07
0,0,7.5667754e-07
1,1,0.999925
0,0,1.2315699e-06
0,0,5.053884e-07
0,0,9.554668e-07
0,0,2.8868183e-07
0,0,1.2073494e-06
0,0,3.4724474e-07
1,0,4.8324353e-05
0,0,5.964905e-07
0,0,4.6552432e-07
0,0,3.4963526e-07
0,0,4.3377074e-07
0,0,3.4593813e-07
0,0,3.245529e-07
0,0,4.1130838e-07
0,0,3.24582e-07
0,0,2.8268516e-07
0,0,3.3097876e-07
0,0,4.4480836e-07
0,0,3.2548903e-07
0,0,3.026828e-07
0,0,4.301924e-07
1,1,0.99998975
0,0,2.9785835e-07
0,0,3.4310824e-07
0,0,2.3500614e-05
0,0,2.7562797e-07
0,0,4.4927373e-07
0,0,3.9209456e-07
0,0,3.1871957e-07
0,0,3.647488e-07
0,0,0.00047688535
0,0,5.758938e-07
0,0,8.163933e-07
0,0,4.7423896e-07
0,0,5.463415e-07
0,0,3.576025e-07
0,0,1.0936651e-06
0,0,4.102671e-07
0,0,4.16766e-07
0,0,4.0113184e-07
0,0,5.3018323e-07
0,0,7.610211e-07
0,0,3.5534143e-07
1,1,0.9999881
0,0,2.3657967e-06
0,0,5.3333093e-07
0,0,3.254859e-07
0,0,6.2900355e-05
0,0,5.60639e-07
0,0,5.843573e-07
0,0,2.7230766e-07
1,0,0.019080875
0,0,6.144171e-07
0,0,5.0702107e-07
0,0,8.254968e-06
1,1,0.9999857
0,0,3.5582062e-07
0,0,7.421433e-07
0,0,4.1934706e-07
0,0,5.237616e-07
0,0,3.3990094e-07
0,0,3.4070254e-07
0,0,4.8434526e-06
0,0,3.2021978e-07
0,0,3.75686e-07
0,0,1.3066754e-06
0,0,3.724376e-07
0,0,5.086663e-07
0,0,3.436394e-07
0,0,1.2824753e-06
0,0,3.7215426e-07
0,0,4.5124037e-07
0,0,3.0809392e-07
0,0,1.2077019e-06
0,0,4.1901606e-07
0,0,4.9349603e-07
0,0,4.7546624e-07
0,0,3.086215e-07
0,0,4.3218762e-07
0,0,7.1951916e-07
0,0,4.1243294e-07
0,0,3.9505153e-07
0,0,3.1942432e-07
0,0,3.7676705e-07
0,0,3.6994618e-07
0,0,3.5140698e-07
0,0,5.421487e-07
0,0,5.036659e-07
0,0,8.070583e-07
0,0,4.681765e-07
0,0,3.0269896e-07
0,0,5.4800086e-07
0,0,4.84355e-07
0,0,6.708206e-06
0,0,1.5121311e-06
0,0,5.1622106e-07
0,0,6.3826656e-07
1,1,0.9999819
0,0,3.7802712e-07
0,0,5.862708e-07
0,0,3.0609482e-07
1,1,0.98151404
0,0,1.2536382e-06
0,0,5.319366e-07
0,0,4.810122e-07
0,0,3.212092e-07
0,0,3.7161166e-07
0,0,1.1816003e-06
0,0,3.8995705e-07
1,1,0.99998605
0,0,3.0738457e-07
0,0,3.0707312e-07
0,0,1.072352e-06
0,0,4.3989127e-07
0,0,3.8875322e-07
0,0,2.7988142e-07
0,0,8.084526e-07
0,0,3.235948e-07
0,0,4.0303533e-07
0,0,1.1980784e-06
0,0,2.0239638e-06
0,0,3.188351e-07
0,0,4.2235115e-07
0,0,3.9659162e-07
0,0,3.6608594e-07
0,0,2.8131892e-06
0,0,2.2021939e-06
0,0,3.941645e-07
0,0,3.6955265e-07
0,0,4.5755237e-07
0,0,3.7264934e-07
0,0,8.300132e-07
0,0,4.1708967e-07
0,0,5.7731916e-07
0,0,4.469217e-07
0,0,0.0052156113
0,0,1.1349238e-06
0,0,2.3392845e-06
0,0,8.558544e-07
0,0,3.9153034e-07
0,0,4.3844966e-07
0,0,3.952422e-07
1,1,0.999564
0,0,4.0991742e-07
1,1,0.9999906
0,0,3.8302852e-07
0,0,5.788562e-07
1,0,0.007311311
0,0,5.724103e-07
0,0,3.0549523e-07
0,0,3.3741986e-07
0,0,7.5288125e-07
0,0,3.5578262e-07
0,0,3.5347946e-07
0,0,3.4644293e-07
0,0,6.070846e-07
0,0,8.429875e-07
0,0,3.4957725e-07
0,0,9.986104e-07
0,0,8.8433177e-07
0,0,7.340632e-07
1,1,0.99999034
1,1,0.9999895
0,0,4.1956346e-07
0,0,4.5702208e-07
0,0,3.0360155e-07
0,0,3.051988e-07
0,0,1.0728554e-06
0,0,9.0240155e-07
0,0,2.8625016e-07
0,0,4.1618534e-07
0,0,6.4046895e-07
0,0,1.3948433e-06
0,0,4.6514975e-07
1,0,0.00011980541
0,0,3.7738522e-07
0,0,4.6940684e-07
0,0,4.577549e-07
0,0,4.1872042e-07
0,0,3.117955e-07
0,0,4.2177837e-07
0,0,0.003179845
0,0,2.8568425e-07
0,0,3.1705883e-07
0,0,2.9733613e-07
1,0,3.8000603e-06
0,0,4.5487494e-07
0,0,4.97986e-07
0,0,5.2519914e-07
0,0,4.5748692e-07
0,0,8.4656216e-07
0,0,7.2602745e-07
0,0,5.183423e-07
0,0,3.1109363e-07
0,0,4.0334064e-07
0,0,3.3112144e-07
1,0,0.10353172
0,0,4.3545106e-07
0,0,2.6734808e-06
0,0,7.815164e-07
0,0,2.8910281e-07
0,0,7.136557e-07
0,0,4.3201538e-07
0,0,3.896225e-07
0,0,1.0199183e-06
0,0,6.3639363e-06
0,0,4.2878833e-07
1,1,0.9999893
0,0,3.1249834e-07
0,0,7.040604e-07
0,0,4.290239e-07
0,0,1.8301531e-06
0,0,3.0809952e-07
0,0,6.919099e-07
0,0,3.2961987e-07
0,0,4.0260916e-06
0,0,3.9784402e-07
0,0,3.4045212e-07
1,1,0.999995
0,0,3.0502886e-07
0,0,5.0653347e-07
0,0,4.7466614e-07
0,0,3.4147996e-07
0,0,2.9009678e-07
0,0,3.3398405e-07
0,0,4.3729628e-07
0,0,3.603852e-07
0,0,2.8288906e-07
0,0,6.002047e-07
0,0,4.5717815e-07
0,0,5.886642e-07
0,0,5.097633e-07
0,0,2.7596934e-07
0,0,1.5694029e-06
0,0,3.1940115e-07
0,0,1.6802472e-06
0,0,3.8123372e-07
0,0,3.3087338e-07
0,0,3.0412784e-07
0,0,6.704508e-07
0,0,3.1081814e-07
0,0,1.4266743e-05
1,0,1.1312086e-05
0,0,5.541808e-07
0,0,5.430284e-07
1,1,0.99998736
0,0,4.839579e-07
0,0,5.0955043e-07
0,0,7.342298e-07
0,0,4.5531675e-07
0,0,6.7999586e-06
0,0,2.909987e-07
0,0,1.3897818e-06
1,1,0.9999832
1,0,0.00033679543
0,0,3.0518046e-07
0,0,4.3918703e-07
0,0,3.4283556e-05
0,0,5.598638e-07
0,0,6.012847e-07
0,0,3.3576478e-07
0,0,4.1710797e-07
0,0,5.1696793e-07
0,1,0.9980994
0,0,3.5084744e-07
0,0,3.3383435e-07
1,1,0.9999862
1,1,0.9999949
0,0,4.0696722e-07
0,0,3.8184027e-07
0,0,3.626794e-07
1,0,5.199848e-06
0,0,7.3068134e-07
0,0,4.941144e-07
0,0,4.3116583e-07
0,0,3.9021225e-07
0,0,3.936337e-07
0,0,3.7135163e-07
0,0,1.3921216e-06
0,0,4.0879075e-07
0,0,9.810342e-07
0,0,6.4498147e-07
0,0,4.560864e-07
0,0,3.237967e-07
0,0,3.5135537e-07
0,0,2.9665864e-07
0,0,3.9641503e-07
0,0,3.5744907e-07
0,0,3.1340505e-07
0,0,8.795846e-07
0,0,5.2078013e-07
0,0,3.1374955e-07
0,0,9.0125604e-07
0,0,4.1962468e-07
0,0,7.072125e-07
1,0,3.1293007e-06
0,0,8.6890117e-07
0,0,2.4037631e-06
0,0,6.9793543e-07
0,0,3.4184134e-07
0,0,3.504174e-07
0,0,2.201123e-06
0,0,3.583269e-07
0,0,4.816006e-07
1,1,0.9999918
0,0,2.9240135e-07
0,0,1.3091801e-06
1,0,0.38847217
0,1,0.9996258
0,0,3.5345786e-07
0,0,1.0101476e-06
0,0,4.600863e-07
0,0,5.8156695e-07
0,0,3.3081972e-07
0,0,3.3370196e-07
0,0,9.514404e-07
0,0,3.7617502e-07
0,0,5.413572e-07
0,0,2.8244966e-07
1,1,0.999887
1,0,0.0008214274
0,0,4.663407e-06
0,0,4.495266e-07
0,0,5.465676e-07
1,1,0.9998621
0,0,4.0405018e-07
0,0,4.921064e-07
0,0,2.1854896e-05
0,0,4.8604255e-07
0,0,3.034603e-07
0,0,4.0166125e-07
0,0,3.905652e-07
0,0,2.5437314e-06
0,0,3.3118968e-07
0,0,3.7644884e-07
0,0,1.3274905e-06
0,0,1.1380017e-05
0,0,4.5535407e-07
0,0,9.635788e-07
0,0,2.8100686e-07
0,0,1.4712094e-06
0,0,2.9526657e-07
1,1,0.9997652
0,0,7.355881e-07
1,0,3.3807803e-06
0,0,4.576619e-07
0,0,5.7591245e-07
0,0,4.324919e-07
0,0,4.7906514e-07
0,0,3.461906e-07
0,0,1.1635033e-06
0,0,3.0977444e-07
0,0,2.293722e-06
0,0,1.1871892e-06
0,0,1.2934357e-05
0,0,3.436866e-07
0,0,4.166897e-07
0,0,3.1943162e-07
0,0,1.6236635e-06
0,0,1.2755787e-06
0,0,2.2259987e-06
0,0,9.4680433e-07
0,0,4.338568e-07
0,0,4.223274e-07
0,0,2.6198366e-06
0,0,5.9441436e-07
0,0,4.2250628e-07
0,0,3.17826e-07
0,0,3.8898537e-07
0,0,8.433268e-07
0,0,3.1969614e-07
0,0,4.2154272e-07
0,0,1.6945372e-06
1,1,0.999982
0,0,1.3347213e-06
1,1,0.9999913
0,0,3.7410928e-07
0,0,3.3761683e-07
0,0,6.83982e-07
1,1,0.9999881
0,0,4.0081827e-07
0,0,3.7555418e-07
1,0,7.456169e-06
0,0,3.5949066e-07
0,0,4.3703236e-07
0,0,3.3843503e-07
0,0,3.6854888e-07
0,0,4.5582505e-07
0,0,3.044987e-07
0,0,1.063765e-05
0,0,2.99711e-07
1,1,0.9999788
0,0,3.595836e-07
0,0,3.4029208e-07
0,0,5.580354e-07
0,0,3.80716e-07
0,0,4.856214e-07
0,0,8.341467e-07
0,0,4.3854877e-07
0,0,6.682205e-07
0,0,3.271187e-07
0,0,3.070374e-07
0,0,7.9301685e-07
0,0,3.3172608e-07
1,1,0.9999682
0,0,3.3870526e-07
0,0,3.2374825e-07
0,0,5.9175323e-07
0,0,3.216577e-07
1,0,6.4405646e-07
1,1,0.9999875
0,0,3.2178903e-07
0,0,3.8517325e-07
0,0,3.4631015e-07
0,0,3.275598e-07
0,0,7.15465e-07
1,1,0.9999875
0,0,1.2321749e-06
0,0,3.14119e-07
0,0,5.281414e-07
0,0,3.6805193e-06
0,0,2.649288e-07
0,0,3.0402165e-07
0,0,3.0037629e-07
0,0,1.7665286e-06
0,0,7.2686294e-07
0,0,4.575563e-07
0,0,3.5186437e-07
0,0,3.1482676e-07
0,0,5.6746956e-07
0,0,4.768667e-07
0,0,1.0770955e-06
0,0,5.0653875e-07
0,0,3.354377e-07
1,1,0.99952817
0,0,3.4044723e-07
0,0,3.660891e-07
0,0,5.6555587e-07
0,0,2.9815558e-07
0,0,4.4931056e-07
0,0,3.8645845e-07
0,0,4.453071e-07
0,0,3.1558488e-07
0,0,5.1506595e-07
0,0,6.4025403e-07
0,0,4.7775615e-07
0,0,5.8982573e-07
0,0,5.181985e-07
0,0,5.966276e-07
0,0,3.2598916e-07
1,1,0.9999831
0,0,9.159483e-07
0,0,4.955509e-07
1,0,3.6476863e-06
0,0,3.8148139e-07
0,0,5.2426435e-07
0,0,3.055264e-07
0,0,4.940211e-07
0,0,3.5406583e-07
0,0,4.668002e-07
0,0,3.214277e-07
0,0,3.4097945e-07
0,0,3.255567e-07
0,0,1.0433674e-06
0,0,3.877321e-07
0,0,3.7191123e-07
0,0,3.6333992e-07
0,0,3.31463e-07
0,0,3.591853e-07
0,0,3.7983398e-07
0,0,3.2650252e-07
0,0,3.4181622e-07
0,0,4.568748e-07
0,0,5.1371984e-07
0,0,8.60375e-07
0,0,4.0648777e-07
0,0,3.0714634e-07
0,0,3.9997096e-07
0,0,3.7233602e-07
1,1,0.9999672
0,0,4.7292247e-07
0,0,3.1968517e-07
0,0,3.1588297e-07
0,0,5.859936e-07
0,0,4.4393877e-07
0,0,5.5540676e-07
0,0,3.1131327e-07
0,0,3.792733e-07
0,0,4.447893e-07
0,0,3.7787282e-07
0,0,4.3620378e-07
0,0,3.380837e-07
0,0,3.3498821e-07
0,0,3.7017205e-07
0,0,3.8577946e-07
0,0,4.7888926e-07
0,0,5.941814e-07
0,0,5.240174e-07
0,0,5.0250565e-06
0,0,4.029796e-07
0,0,3.236797e-07
0,0,4.699905e-07
0,0,3.7137215e-07
0,0,1.5740656e-05
0,0,4.815207e-07
0,0,6.146228e-07
0,0,6.603775e-07
0,0,3.625058e-07
0,0,0.0009581069
0,0,3.0337029e-07
0,0,3.0188772e-07
0,0,4.17709e-07
0,0,4.678105e-07
0,0,9.496456e-07
0,0,2.9555733e-07
0,0,4.1870288e-07
0,0,7.2043504e-06
0,0,4.3596754e-07
0,0,2.9552126e-07
1,0,6.1544133e-06
0,0,3.3634998e-07
0,0,1.294404e-06
0,0,3.0663531e-07
1,0,1.8927043e-05
0,0,4.4786032e-07
0,0,3.7881748e-07
0,0,6.524873e-07
0,0,8.1088257e-07
1,1,0.99999
0,0,4.111272e-07
0,0,3.5125754e-07
0,0,3.0161462e-07
0,0,3.282678e-07
0,0,3.5125487e-07
0,0,2.8275366e-07
0,0,1.401914e-06
0,0,2.927995e-07
0,0,5.418903e-07
0,0,4.2276625e-07
0,0,4.2850542e-07
0,0,4.1675727e-07
0,0,4.7968416e-07
0,0,5.5890996e-07
0,0,3.736568e-07
0,0,5.2161914e-07
1,1,0.9999938
1,0,0.00019763282
0,0,3.2955387e-07
0,0,7.800264e-07
1,0,9.3136657e-07
0,0,3.3204228e-07
0,0,2.8512082e-07
0,0,3.2643277e-07
0,0,1.5769774e-05
0,0,1.4270049e-06
0,0,1.487598e-06
0,0,5.199246e-07
0,0,2.5788065e-06
0,0,5.2638956e-07
0,0,4.8476073e-07
0,0,2.7445336e-07
0,0,6.1824704e-07
0,0,4.59348e-07
0,0,8.0319614e-07
0,0,3.1856994e-06
0,0,0.0001966876
0,0,3.0454808e-07
0,0,5.1227414e-07
0,0,4.2933496e-07
0,0,6.621672e-07
0,0,3.5379884e-07
0,0,7.9158275e-07
0,0,4.4164833e-07
0,0,5.0832347e-07
0,0,6.202608e-07
0,0,1.1371947e-06
1,0,1.2444967e-05
0,0,5.3727496e-07
1,1,0.9999683
0,0,3.8718042e-07
0,0,4.1559832e-07
1,1,0.9999937
0,0,5.6158945e-07
0,0,2.692651e-06
1,0,2.613478e-06
0,0,1.0654143e-06
0,0,9.904007e-07
0,0,9.706262e-07
0,0,5.139589e-07
0,0,3.8145265e-07
0,0,6.2827706e-07
0,0,1.014965e-06
0,0,3.6326716e-07
0,0,3.9264538e-07
0,0,4.332333e-07
0,0,1.2010734e-06
0,0,0.006910386
0,0,4.956842e-07
0,0,6.3986334e-07
0,0,1.1158484e-06
0,0,3.1803367e-07
0,0,3.81205e-07
0,0,7.856241e-07
0,0,3.82225e-07
1,1,0.99997437
0,0,2.668875e-06
0,0,9.399219e-07
0,0,7.231583e-07
0,0,4.2350553e-07
0,0,4.1565025e-07
0,0,2.2190547e-06
0,0,6.1692066e-07
0,0,4.85525e-06
0,0,3.16541e-07
0,0,3.0912253e-07
0,0,8.055549e-06
0,0,9.986846e-07
0,0,4.1235228e-07
0,0,4.0408295e-07
0,0,4.2684135e-07
0,0,4.017873e-07
0,0,4.9124736e-07
0,0,3.7666285e-07
1,1,0.99997973
0,0,3.5726026e-07
0,0,1.9006886e-05
0,0,7.9669024e-07
0,0,4.457477e-07
0,0,6.582736e-07
0,0,5.210444e-07
0,0,4.1664399e-07
0,0,4.7585e-07
0,0,3.2071978e-07
0,0,4.177361e-07
1,0,0.00015685038
0,0,1.0957823e-06
0,0,4.881669e-07
0,0,5.371997e-07
0,0,7.097212e-07
0,0,5.4566243e-07
0,0,2.8249707e-07
0,0,6.535079e-07
0,0,3.7882901e-07
0,0,5.3558944e-07
0,0,1.0269858e-06
0,0,8.2245515e-07
0,0,3.1217368e-07
0,0,4.97203e-07
0,0,3.306721e-07
0,0,6.142009e-07
0,0,3.5041708e-07
0,0,3.2822462e-07
0,0,1.3847654e-05
0,0,6.602025e-07
0,0,4.47564e-07
0,0,4.0243117e-07
0,0,3.518872e-07
0,0,3.640815e-07
0,0,5.374031e-07
0,0,4.9267123e-07
0,0,4.0196514e-07
1,0,8.350471e-05
0,0,6.4473187e-07
1,1,0.9978904
0,0,5.0437774e-07
0,0,9.527943e-07
0,0,4.543867e-07
0,0,5.1622453e-07
0,0,3.7515395e-07
0,0,4.6156515e-07
0,0,3.191472e-07
0,0,4.0089932e-07
0,0,4.552034e-07
0,0,6.1176144e-07
0,0,4.2192926e-07
0,0,5.733314e-07
0,0,5.7941844e-07
1,1,0.9999858
0,0,7.5583586e-07
0,0,6.731442e-07
1,1,0.9999877
0,0,2.9659782e-07
0,0,6.8762625e-07
0,0,5.6814315e-07
0,0,5.170069e-07
0,0,3.6703958e-07
0,0,2.837361e-07
0,0,5.75008e-07
0,0,3.4465978e-07
0,0,3.6383992e-07
0,0,6.0735965e-07
0,0,3.774914e-07
0,0,2.3014281e-06
0,0,3.6424058e-07
0,0,3.3983997e-07
0,0,5.245429e-07
0,0,3.8577284e-07
0,0,3.7721537e-07
0,0,4.2381865e-07
0,0,3.788731e-07
0,0,3.7323977e-07
0,0,3.55148e-07
0,0,9.724588e-07
0,0,3.5854703e-07
0,0,9.3788213e-07
0,0,1.7010656e-06
0,0,5.0197553e-07
0,0,8.888578e-07
0,0,3.3203978e-07
0,0,5.626353e-07
1,0,1.8066795e-06
0,0,5.6498016e-07
0,0,7.204269e-07
0,0,6.287596e-07
1,1,0.999992
0,0,4.0764465e-07
0,0,0.00038473288
0,0,3.159529e-07
0,0,4.6005866e-07
0,0,7.080318e-07
0,0,3.375193e-07
0,0,5.870227e-07
0,0,7.778581e-07
0,0,6.547306e-07
0,0,7.167318e-07
0,0,3.880946e-07
0,0,4.4056637e-07
0,0,3.423545e-07
1,1,0.9913039
0,0,4.0132394e-07
0,0,8.7027945e-07
0,0,4.989434e-07
0,0,3.520124e-07
0,0,9.3965656e-07
0,0,2.8281138e-07
0,0,5.752729e-07
0,0,6.1932934e-07
0,1,0.9999244
0,0,4.289298e-07
0,0,4.026911e-07
0,0,4.5142974e-07
0,0,3.6025702e-07
0,0,3.302293e-07
1,1,0.9999585
0,0,3.5069255e-07
0,0,3.0972896e-07
0,0,4.782804e-07
0,0,3.6830994e-07
0,0,3.1102306e-07
0,0,5.1943294e-07
0,0,3.5132555e-07
0,0,3.9013264e-07
1,1,0.99999
0,0,3.3959472e-07
1,1,0.9999757
0,0,2.8598927e-07
0,0,4.4835602e-07
0,0,3.315354e-07
0,0,4.0716444e-07
0,0,3.0070962e-07
0,0,4.9008406e-07
0,0,4.014422e-07
0,0,4.0397887e-07
1,1,0.9999689
1,1,0.9998876
0,0,9.1958145e-07
0,0,4.8857027e-07
0,0,3.7958267e-07
0,0,3.216157e-07
0,0,4.851247e-07
0,0,4.2351644e-07
0,0,4.4612747e-07
0,0,4.4317076e-06
0,0,4.0299687e-07
0,0,4.3152863e-07
0,0,3.664478e-07
0,0,3.2366336e-07
0,0,2.7939393e-07
0,0,3.8441436e-07
0,0,3.5306573e-07
0,0,3.6174671e-07
0,0,3.604261e-07
1,1,0.9999882
0,0,3.0988906e-07
0,0,1.597566e-06
0,0,5.7665e-07
0,0,3.7887816e-07
0,0,6.756524e-07
0,0,3.2825528e-07
0,0,5.609471e-07
0,0,3.9497354e-07
1,1,0.9825195
0,0,5.384065e-07
0,0,5.0046265e-07
0,0,3.9282665e-07
1,1,0.9999825
1,0,0.48427087
0,0,7.3804466e-07
0,0,3.2035783e-07
0,0,3.7361013e-07
0,0,3.290853e-07
0,0,6.068733e-07
0,0,7.181926e-07
0,0,4.4524043e-07
0,0,3.5481827e-07
0,0,4.1895692e-07
0,0,3.433377e-07
0,0,5.4534794e-06
0,0,5.141408e-07
1,1,0.9999201
0,0,3.3660993e-07
0,0,3.695234e-07
0,0,5.6928866e-07
0,0,3.1988066e-07
0,0,5.277895e-07
0,0,3.408871e-07
0,0,8.041802e-07
0,0,3.9482288e-07
0,0,2.996887e-07
0,0,6.10778e-07
0,0,2.9198364e-07
0,0,3.9047657e-07
0,0,2.9434048e-07
0,0,4.290104e-07
0,0,4.566361e-07
0,0,2.9618428e-07
0,0,5.672737e-07
0,0,7.191323e-07
0,0,3.5918976e-07
1,1,0.9999896
1,1,0.999992
0,0,7.359937e-07
0,0,3.068676e-07
0,0,2.8476893e-07
0,0,2.938603e-07
0,0,3.2926548e-07
0,0,9.620574e-07
0,0,9.626117e-07
0,0,1.1428012e-06
0,0,5.694287e-07
0,0,2.9817259e-06
0,0,2.9076153e-07
0,0,4.285692e-07
0,0,5.6208023e-07
1,0,1.2196525e-06
0,0,5.4933827e-07
0,0,3.8455332e-07
0,0,4.7331184e-07
0,0,3.617153e-07
0,0,3.335715e-07
0,0,5.089642e-07
0,0,2.8095647e-07
0,0,6.1123137e-07
0,0,5.803995e-07
0,0,8.0315704e-07
0,0,3.96606e-07
0,0,3.7795502e-07
0,0,7.978962e-07
1,0,1.3991536e-05
0,0,3.948703e-07
0,0,5.3021256e-07
0,0,3.84703e-07
0,0,3.9535678e-07
0,0,3.3849247e-07
0,0,3.084432e-07
0,0,3.3530975e-07
0,0,3.013889e-07
0,0,8.044088e-07
0,0,8.355057e-07
0,0,3.6791187e-07
1,0,2.61144e-05
0,0,6.0022643e-07
0,0,5.75008e-07
0,0,5.5080505e-07
0,0,3.1321233e-07
0,0,5.025144e-07
0,0,5.506018e-07
0,0,5.8998836e-07
0,0,3.3094722e-07
0,0,3.8213827e-07
0,0,5.4902927e-07
0,0,3.8247444e-07
0,0,3.830446e-07
0,0,4.7662482e-07
0,0,4.5834636e-07
0,0,0.00023016479
0,0,2.8981225e-07
0,0,5.038633e-07
0,0,3.689139e-07
0,0,5.873212e-06
1,1,0.9999714
0,0,1.4943262e-06
0,0,6.029528e-07
0,0,4.2362387e-07
0,0,8.360206e-07
0,0,1.1349941e-06
0,0,5.672629e-07
0,0,9.894765e-07
0,0,3.0752796e-07
0,0,7.8138527e-07
0,0,4.0262734e-07
0,0,4.0602828e-07
0,0,2.0385892e-06
0,0,6.663724e-07
0,0,9.969813e-07
0,0,3.1002386e-07
0,0,4.887296e-07
1,1,0.9999914
0,0,7.067715e-07
0,0,3.7177398e-07
1,1,0.99993277
0,0,3.5916167e-07
0,0,4.1752898e-07
0,0,4.1111855e-07
0,0,3.8235262e-07
0,0,3.6707004e-07
1,1,0.9999733
0,0,1.785352e-06
0,0,4.2274084e-07
0,0,3.7314652e-07
0,0,4.6789572e-07
0,0,8.535135e-07
0,0,2.9206774e-07
0,0,3.165543e-07
0,0,4.790222e-07
0,0,4.924322e-07
0,0,3.451874e-07
0,0,4.866172e-07
1,1,0.99998784
0,0,9.1786507e-07
0,0,4.789272e-07
0,0,3.431717e-07
0,0,4.6283904e-07
0,0,4.096564e-07
0,0,5.819947e-07
0,0,4.4604622e-07
1,1,0.99998355
0,0,4.6523894e-07
0,0,7.827696e-07
0,0,4.135101e-07
0,0,3.13766e-07
0,0,6.0151234e-07
0,0,4.1935704e-07
0,0,7.031666e-07
0,0,7.2013427e-07
0,0,3.767013e-07
0,0,3.309952e-07
0,0,3.5845952e-07
0,0,3.6031062e-07
0,0,2.8779203e-07
0,0,2.806662e-07
1,0,5.418562e-07
0,0,2.1454496e-06
0,0,6.882692e-07
0,0,4.3122256e-07
0,0,3.1375345e-07
0,0,3.811977e-07
0,0,5.4674075e-07
0,0,7.1830976e-07
0,0,5.561827e-07
0,0,3.3397066e-07
0,0,1.199599e-06
0,0,3.4540804e-07
1,0,1.9304149e-05
0,0,3.377115e-07
0,0,3.8084087e-07
0,0,5.3316563e-07
0,0,3.5755545e-07
0,0,7.5793223e-06
0,0,3.9347793e-07
0,0,3.5223437e-07
0,0,5.455709e-07
1,1,0.9999801
0,0,3.3454094e-07
1,1,0.9994838
1,1,0.99998844
0,0,3.4947993e-07
0,0,4.0166623e-07
0,0,2.6090453e-07
1,1,0.9999931
0,0,1.8560666e-05
0,0,3.631972e-07
0,0,3.4756545e-07
0,0,6.43836e-07
0,0,5.6023996e-06
0,0,3.447081e-07
1,1,0.99999034
0,0,2.0608716e-06
0,0,4.56914e-07
0,0,2.8999446e-07
0,0,3.0617247e-07
0,0,4.648092e-07
0,0,4.3151383e-07
0,0,2.7087094e-06
0,0,4.5239167e-07
0,0,2.865771e-07
0,0,1.6983755e-05
0,0,5.9402333e-07
0,0,6.087328e-07
0,0,2.9638886e-07
0,0,3.5862774e-07
0,0,7.581337e-07
0,0,2.6884405e-07
0,0,4.3279803e-07
0,0,3.1282145e-06
0,0,3.5197445e-07
0,0,3.0294905e-07
1,1,0.99999094
1,1,0.99999404
0,0,8.7896404e-07
0,0,5.863524e-07
0,0,4.154521e-07
0,0,4.5698897e-07
0,0,5.917024e-07
0,0,6.2777376e-06
0,0,7.0329344e-07
0,0,1.9449483e-06
0,0,3.5329612e-07
0,0,3.0789064e-07
0,0,3.5679173e-07
0,0,3.2213228e-07
0,0,5.5400386e-07
0,0,4.2820312e-07
0,0,3.2980915e-07
0,0,1.0366626e-06
0,0,3.7963625e-07
0,0,2.9762495e-07
0,0,3.2735588e-07
0,0,3.843033e-07
0,0,3.4683566e-07
0,0,4.5198888e-07
0,0,2.9489314e-07
0,0,6.727514e-07
0,0,6.176589e-07
0,0,3.7181442e-07
0,0,4.7665844e-07
0,0,2.124837e-06
0,0,5.4570614e-07
0,0,6.534419e-07
0,0,4.2512173e-07
0,0,2.917849e-07
0,0,5.641747e-07
0,0,5.2760174e-07
0,0,6.3049015e-07
0,0,4.9804777e-07
1,0,2.2328479e-05
0,0,9.158024e-07
0,0,4.100269e-07
0,0,3.3858254e-07
0,0,4.9221666e-07
0,0,4.769381e-07
0,0,4.4948544e-07
0,0,4.1308206e-07
1,1,0.99998677
0,0,4.5189452e-07
0,0,3.5809083e-07
0,0,7.5883395e-07
0,0,1.032694e-06
1,1,0.99996376
0,0,7.9912144e-07
0,0,3.5111688e-07
0,0,5.5248535e-07
1,1,0.9999751
0,0,4.863115e-07
0,0,1.4144653e-06
0,0,4.5109837e-07
0,0,1.1127178e-06
0,0,7.346437e-07
0,0,3.6917012e-07
0,0,1.2340341e-06
0,1,0.99990046
0,0,3.1634784e-07
0,0,3.1257107e-07
0,0,3.0002442e-07
0,0,7.5343576e-07
0,0,3.415829e-07
0,0,3.098755e-07
0,0,3.8117588e-07
0,0,3.1829006e-07
0,0,4.1775917e-07
1,1,0.9999902
1,1,0.9999913
0,0,4.8194244e-07
0,0,3.0607612e-07
0,0,6.4607605e-07
0,0,4.429669e-07
0,0,1.3772998e-06
0,0,4.202751e-07
0,0,4.0555307e-07
0,0,3.864157e-07
0,0,2.9455893e-07
0,0,3.278814e-07
0,0,3.1238332e-07
1,0,0.0015417265
0,0,3.0983117e-07
0,0,3.3462294e-07
1,0,1.348897e-06
0,0,5.8558294e-07
0,0,1.0409365e-06
0,1,0.999276
0,0,3.268951e-07
0,0,3.8404278e-07
0,0,4.0735628e-07
0,0,4.3417552e-07
0,0,3.6880627e-07
0,0,8.900428e-07
0,0,2.883002e-07
0,0,4.3798076e-07
0,0,2.9405822e-07
0,0,3.4551813e-05
0,0,6.0309196e-07
0,0,3.492687e-07
0,0,7.2914503e-07
0,0,6.9399164e-07
0,0,3.1845403e-07
0,0,3.6671454e-07
0,0,6.359868e-07
0,0,3.729686e-07
0,0,3.6568989e-07
1,0,3.8032766e-07
0,0,3.4444884e-07
1,1,0.9999591
0,0,3.4299111e-07
0,0,1.2243128e-06
0,0,6.761539e-07
1,0,5.23325e-06
0,0,4.002957e-07
0,0,4.2550096e-07
0,0,3.0821647e-07
0,0,3.6775188e-07
0,0,8.60595e-07
0,0,1.2508176e-06
0,0,3.1853025e-07
0,0,4.2328222e-07
0,0,4.1134524e-07
0,0,5.7525597e-07
0,0,8.3550094e-07
0,0,3.0638745e-07
0,0,3.354572e-07
0,0,2.7906106e-07
0,0,3.5068786e-07
0,0,1.1781797e-06
0,0,1.4525752e-06
0,0,5.4628833e-07
0,0,1.4492074e-06
0,0,4.791908e-07
0,0,4.626722e-07
0,0,6.1085547e-07
0,0,3.2023445e-07
0,0,3.268951e-07
1,0,0.2264796
0,0,5.022748e-07
0,0,5.292749e-07
0,0,4.979433e-07
0,0,3.3111704e-07
0,0,3.5764614e-07
0,0,4.520708e-07
0,0,2.820362e-07
0,0,4.798603e-07
1,1,0.99772114
0,0,8.4517865e-07
0,0,3.6090074e-07
0,0,6.564556e-07
0,0,4.0800558e-07
0,0,6.6273964e-07
0,0,3.594262e-07
0,0,4.8874824e-07
0,0,4.003446e-07
0,0,0.00010311717
0,0,4.678297e-07
1,0,1.8212268e-05
0,0,3.233178e-07
0,0,3.42808e-07
0,0,5.507441e-07
0,0,2.9359995e-05
0,0,4.1489577e-07
1,1,0.99997854
0,0,3.8191712e-07
1,1,0.999995
0,0,6.579774e-07
0,0,5.1064205e-07
0,0,3.3068312e-07
0,0,2.7264915e-07
0,0,5.6326076e-07
0,0,1.1311528e-06
0,0,4.4313464e-07
0,0,3.2111336e-07
0,0,1.8151592e-06
0,0,3.345132e-07
0,0,5.2738346e-07
0,0,3.9575139e-07
0,0,2.977408e-07
0,0,6.193677e-07
0,0,4.538869e-07
0,0,3.6625948e-07
1,1,0.99999
0,0,1.1909109e-06
0,0,7.228466e-07
0,0,3.247486e-07
1,0,8.324427e-06
0,0,3.7941692e-07
0,0,7.0061236e-07
0,0,5.7974563e-07
1,0,9.006614e-06
0,0,6.675466e-07
0,0,4.0573875e-07
0,0,3.283774e-07
0,0,4.5244605e-07
0,0,2.99169e-07
0,0,3.1796907e-07
0,0,4.5723527e-07
0,0,4.1758472e-07
0,0,5.520514e-07
0,0,1.980978e-06
0,0,3.2891114e-07
1,0,0.0014289825
0,0,4.1688565e-07
0,0,3.5971493e-07
0,0,4.0776362e-07
1,1,0.9999906
1,1,0.9999875
0,0,3.5617302e-07
0,0,6.695077e-07
0,0,3.6176918e-06
0,0,4.4028997e-07
0,0,3.591733e-07
0,0,2.9456288e-07
0,0,4.362408e-07
0,0,3.677575e-07
1,1,0.9999937
0,0,7.4887544e-07
0,0,3.19442e-07
0,0,3.17273e-07
0,0,5.1375264e-07
0,0,3.2648944e-07
0,0,2.9350684e-07
0,0,1.4440366e-06
1,1,0.99999225
0,0,6.7523507e-07
0,0,4.1532255e-07
0,0,4.1288513e-07
0,0,4.323492e-07
0,0,4.103743e-07
0,0,3.8232926e-07
0,0,4.9406066e-05
0,0,5.572924e-07
0,0,4.900102e-07
0,0,3.388038e-07
0,0,9.022467e-07
0,0,3.1553736e-07
0,0,6.68072e-07
0,0,3.4473408e-07
0,0,5.1489206e-07
1,0,2.7353408e-06
0,0,3.6011343e-07
0,0,1.3941757e-06
0,0,3.2548158e-07
0,0,4.396895e-07
0,0,3.1262235e-07
0,0,3.7422635e-07
0,0,3.0647453e-07
0,0,3.9244173e-07
0,0,5.742901e-07
0,0,9.295076e-07
1,0,5.6200946e-07
0,0,6.806738e-07
0,0,5.430346e-07
0,0,4.1447106e-07
0,0,0.00019327858
1,0,4.394604e-06
0,0,1.32842e-06
0,0,4.3400414e-07
0,0,7.754013e-07
0,0,6.060081e-07
0,0,3.6393223e-07
0,1,0.99980754
1,1,0.99986863
0,0,3.3604093e-07
0,0,4.0292772e-07
0,0,3.5955648e-07
0,0,6.4061743e-07
0,0,5.6102112e-06
0,0,4.3883617e-07
0,0,4.1246952e-07
0,0,3.498444e-07
1,0,5.398126e-07
0,0,3.3353967e-07
0,0,5.950786e-07
0,0,3.8169682e-07
0,0,4.7755117e-07
0,0,1.4729404e-06
0,0,3.6315527e-07
1,0,1.2328719e-06
0,0,2.696279e-06
0,0,3.771938e-07
0,0,3.3804793e-07
0,0,1.3032131e-06
0,0,1.8805744e-06
0,0,8.5685974e-07
0,0,2.1128683e-06
0,0,4.132818e-07
0,0,8.345501e-07
0,0,3.3462484e-07
0,0,1.1347679e-06
0,0,4.864288e-07
0,0,1.0953748e-06
0,0,4.84313e-07
0,0,3.3004451e-07
0,0,3.1607192e-07
0,0,8.4605125e-07
0,0,0.00015874955
1,0,0.000464252
0,0,3.9610933e-07
0,0,8.46827e-07
0,0,4.1099236e-07
0,0,4.809975e-07
0,0,7.782602e-07
0,0,3.964827e-07
0,0,1.672029e-05
0,0,3.7913912e-07
1,1,0.99999046
1,1,0.99998295
1,1,0.999967
0,0,7.0072326e-07
0,0,7.196551e-07
0,0,6.01463e-07
1,0,3.8481744e-06
0,0,8.2623814e-07
0,0,6.7455795e-07
0,0,4.646997e-07
1,1,0.99999213
0,0,5.6649304e-07
0,0,6.000811e-07
0,0,3.142982e-07
0,0,3.0061787e-07
0,0,5.3332633e-07
0,0,1.5816696e-06
0,0,5.7005684e-07
0,0,3.345438e-07
0,0,0.019750215
0,0,3.865053e-07
0,0,5.5039334e-07
0,0,4.504862e-07
0,0,2.6775608e-06
0,0,2.7925114e-07
0,0,2.8880382e-07
1,0,0.00018772116
0,0,3.979127e-07
0,0,1.3929769e-06
0,0,3.042961e-07
0,0,4.661916e-07
0,0,5.4826955e-07
0,0,2.766017e-07
0,0,3.909237e-07
0,0,6.184269e-07
0,0,3.441694e-07
0,0,2.6369418e-07
1,1,0.999908
0,0,3.998909e-07
0,0,5.8860974e-07
0,0,4.99269e-07
0,0,3.439279e-07
0,0,3.681744e-07
0,0,8.972408e-07
0,0,5.696623e-07
0,0,3.2435705e-07
0,0,4.1878752e-07
1,1,0.99955446
0,0,4.5266486e-07
0,0,5.18461e-07
0,0,2.9723748e-07
0,0,4.3175837e-07
0,0,3.918273e-07
0,0,6.288184e-07
0,0,2.7338285e-07
0,0,3.4262038e-07
0,0,4.0287264e-06
1,0,0.10277516
0,0,1.4799624e-06
0,0,3.953044e-07
0,0,2.9099482e-07
0,0,3.6661592e-07
0,0,6.541833e-07
0,0,5.368719e-07
0,0,8.692393e-07
1,0,0.00012604322
0,0,6.6644486e-07
0,0,4.4312156e-07
0,0,5.0812474e-07
0,0,3.4539715e-07
0,0,1.49377975e-05
0,0,3.2057176e-07
0,0,3.20301e-07
0,0,7.157796e-07
0,0,3.004889e-07
0,0,2.976241e-07
1,1,0.9999895
0,0,0.12142976
0,0,3.025541e-07
0,0,4.0014837e-07
0,0,3.312674e-07
0,0,0.00036297325
0,0,3.9983254e-07
0,0,3.8659928e-07
0,0,2.8710505e-07
0,0,8.3927506e-07
0,0,3.4693358e-07
0,0,5.577263e-07
0,0,3.1880407e-07
0,0,5.437031e-07
0,0,9.1745636e-07
0,0,7.020677e-07
0,0,3.1440072e-07
0,0,5.541148e-07
0,0,5.806392e-07
0,0,3.3346686e-07
0,0,3.2123464e-07
0,0,5.3994546e-07
0,0,9.2415735e-07
0,0,5.5145887e-07
0,0,3.4218738e-07
0,0,3.2737617e-07
0,0,3.873211e-07
1,0,0.0011666885
0,0,2.998182e-07
0,0,2.7732702e-07
0,0,5.1884183e-07
0,0,3.99847e-07
0,0,4.180246e-07
0,0,4.8621547e-07
0,0,2.89854e-07
1,1,0.9999769
0,0,3.561343e-07
0,0,3.6212018e-07
0,0,1.0978263e-06
0,0,4.4402893e-07
0,0,3.584636e-07
0,0,3.1899174e-07
0,0,5.46132e-07
0,0,4.706274e-07
0,0,3.7382077e-07
1,0,8.209137e-07
0,0,2.92226e-07
0,0,3.6927293e-07
0,0,3.4269425e-07
0,0,3.3669662e-07
0,0,3.2732373e-07
0,0,4.7346668e-07
0,0,5.240084e-07
0,0,3.3725192e-07
0,0,3.2579584e-07
0,0,4.3399004e-07
0,0,2.816916e-07
0,0,5.0058674e-07
0,0,3.716648e-07
1,0,1.3638632e-06
0,0,5.3217e-07
0,0,1.214886e-06
0,0,6.5500853e-07
0,0,4.2013883e-07
0,0,3.4085073e-07
0,0,5.494719e-07
0,0,5.299861e-07
0,0,3.1187372e-07
0,0,7.8035157e-07
0,0,3.7751877e-07
0,0,3.371651e-07
0,0,8.212301e-07
1,0,0.041221134
0,0,3.5487446e-07
0,0,3.5504846e-07
0,0,6.362671e-07
0,0,3.340248e-07
0,0,3.5642515e-07
0,0,8.0273975e-07
0,0,3.8446018e-07
1,0,2.8146384e-05
0,0,4.4124334e-07
0,0,3.7203466e-07
1,1,0.99999213
1,0,0.00015342687
0,0,3.5564554e-07
0,0,3.9115264e-07
1,1,0.99992704
0,0,6.627377e-07
0,0,3.8808278e-07
0,0,3.4064146e-07
0,0,5.193002e-07
0,0,3.6982553e-07
0,0,6.9340547e-07
0,0,4.487008e-07
0,0,1.3974916e-06
0,0,2.0012196e-06
0,0,3.1266646e-07
0,0,1.6063552e-06
0,0,4.9933755e-07
0,0,3.4708714e-07
0,0,4.398124e-07
0,0,7.940491e-07
1,1,0.9993186
0,0,1.098706e-06
0,0,4.199686e-07
0,0,4.7906747e-07
0,0,3.147337e-07
0,0,3.2007964e-07
0,0,4.8432634e-07
0,0,5.739441e-07
0,0,3.4788445e-07
0,0,5.59655e-07
0,0,6.194481e-07
0,0,3.6802274e-07
0,0,3.1105418e-07
0,0,8.590567e-07
0,0,4.5810253e-07
0,0,3.658671e-07
0,0,3.5376073e-07
0,0,4.3348373e-07
0,0,5.107278e-07
0,0,6.558573e-07
0,0,3.0753588e-07
1,1,0.99997807
0,0,1.3190731e-06
0,0,6.4332534e-07
0,0,6.677956e-07
0,0,9.333405e-07
0,0,3.4650967e-07
0,0,4.2129918e-07
0,0,5.7058605e-07
0,0,3.3450422e-07
0,0,3.11182e-06
1,1,0.99998856
0,0,7.1847694e-07
0,0,5.90629e-07
0,0,4.018333e-07
0,0,3.1685482e-07
0,0,4.335561e-07
0,0,3.9565475e-07
0,0,1.0868474e-06
0,0,1.4487542e-06
0,0,5.179134e-07
0,0,2.9094514e-07
0,0,3.563684e-07
0,0,4.150541e-07
0,0,2.1987794e-06
0,0,2.9752223e-07
0,0,9.330112e-07
0,0,3.1985414e-07
0,0,3.9484132e-07
0,0,5.1384177e-07
0,0,8.6092e-07
0,0,6.0516953e-07
0,0,2.963397e-07
0,1,0.9844147
0,0,5.215127e-07
0,0,4.9870033e-07
0,0,9.870514e-07
0,0,4.5950665e-07
0,0,6.1077156e-07
0,0,7.928407e-07
0,0,3.8054972e-07
0,0,3.2409795e-07
0,0,4.5243178e-07
0,0,3.3913093e-07
0,0,6.729375e-07
0,0,4.324094e-07
0,0,5.888455e-07
0,0,3.5293172e-07
0,0,7.8759024e-07
0,0,3.0076814e-07
0,0,3.6083983e-07
0,0,5.0977013e-07
0,0,2.7743707e-07
0,0,3.5922437e-07
0,0,3.4333345e-07
0,0,2.947568e-07
0,0,4.0964386e-07
0,0,9.433865e-07
0,0,6.255383e-05
1,1,0.9991666
0,0,3.937148e-07
0,0,3.88376e-07
0,0,4.0989943e-07
0,0,3.3471423e-07
0,0,3.9614181e-07
0,0,2.8638257e-07
0,0,5.199667e-07
0,0,6.9577493e-07
0,0,3.5932653e-06
0,0,4.6802697e-07
0,0,5.1460586e-07
0,0,4.9948903e-07
0,0,1.0983247e-06
0,0,4.2697815e-07
0,0,2.8910475e-07
0,0,3.8440226e-07
0,0,5.1125994e-07
0,0,4.4125596e-07
0,0,3.7567094e-07
0,0,1.2320926e-06
0,0,4.4531917e-06
0,0,5.8212794e-07
0,0,3.4675693e-07
0,0,3.350617e-07
0,0,3.6459298e-07
0,0,3.196547e-07
0,0,4.227981e-07
0,0,3.3000393e-07
0,0,6.054772e-07
0,0,4.755143e-07
0,0,3.4678737e-07
0,0,2.3726561e-06
0,0,2.9812458e-07
0,0,4.8085894e-07
0,0,4.536238e-07
1,1,0.99999094
0,0,4.7567937e-07
0,0,8.821897e-07
0,0,3.189671e-07
0,0,6.000565e-07
0,0,7.793193e-07
0,0,4.318584e-07
0,0,5.1705865e-07
0,0,6.7615713e-07
0,0,4.6135392e-07
0,0,1.1174286e-06
0,0,6.6332706e-07
0,0,3.3205308e-07
0,0,5.433309e-07
0,0,8.561295e-07
0,0,5.163116e-07
0,0,1.2284684e-06
1,0,6.120046e-06
0,0,1.4151075e-06
0,0,4.4435473e-07
0,0,4.5807892e-07
0,0,3.3544347e-07
0,0,3.674672e-07
0,0,3.7981948e-07
0,0,4.5220145e-07
0,0,3.2154605e-07
0,0,3.9193608e-07
1,0,7.761078e-07
0,0,4.0660174e-07
0,0,2.916391e-07
0,0,4.5450372e-07
0,0,2.8567936e-07
1,0,0.011300688
0,0,4.0177048e-07
0,0,3.848696e-07
1,1,0.9996791
0,0,3.4196586e-07
0,0,3.7846937e-07
0,0,7.956333e-07
0,0,2.91648e-07
0,0,7.54546e-07
0,0,3.9104225e-07
0,0,3.6111834e-07
0,0,3.0584678e-07
0,0,3.856702e-06
0,0,3.3913287e-07
0,0,3.1181722e-07
0,0,3.6014742e-07
0,0,3.009242e-07
0,0,4.064157e-07
0,0,0.00036416488
0,0,2.9935595e-07
0,0,4.0589046e-07
0,0,3.9441568e-07
1,1,0.99998856
0,0,3.863774e-07
0,0,3.7447015e-07
0,0,1.2485663e-06
0,0,2.4080715e-05
0,0,3.4397087e-07
0,0,3.2819833e-07
0,0,2.9757672e-07
0,0,3.0979393e-07
0,0,9.5007135e-07
0,0,2.7494427e-06
0,0,3.990813e-07
0,0,4.7106568e-07
0,0,5.916844e-07
0,0,6.3954616e-07
0,0,3.1417653e-07
0,0,3.5416173e-07
0,0,2.6391078e-07
0,0,6.441062e-07
0,0,4.318506e-07
0,0,4.9750275e-07
0,0,4.0110243e-07
0,0,5.493446e-07
1,0,3.769647e-06
0,0,3.4997586e-07
0,0,7.678376e-06
0,0,4.6167742e-07
0,0,4.4370512e-07
0,0,5.167348e-07
0,0,1.0899728e-06
0,0,5.973484e-07
0,0,3.528708e-07
0,0,4.686585e-07
0,0,2.871327e-07
0,0,4.2530056e-07
0,0,4.241227e-07
0,0,3.2243102e-07
0,0,5.782763e-06
0,0,3.3663432e-07
0,0,8.3607404e-07
0,0,4.0149925e-07
0,0,3.875805e-07
1,1,0.99999166
0,0,3.8706008e-07
0,0,2.1789714e-05
0,0,4.1952944e-07
0,0,3.6250543e-07
0,0,6.1076514e-07
0,0,6.410605e-07
0,0,7.4277915e-07
0,0,4.083567e-07
0,0,3.0681667e-07
0,0,1.5862557e-06
0,0,7.1034077e-07
0,0,0.0016745427
0,0,3.0575288e-07
0,0,3.1311706e-07
0,0,2.5509391e-06
0,0,1.9409404e-06
0,0,3.0112173e-07
0,0,5.1062455e-07
0,0,6.7279245e-07
0,0,3.8481673e-07
1,0,0.00038947744
0,0,4.4930073e-07
1,0,9.671424e-05
1,1,0.9999906
0,0,3.4148974e-07
0,0,3.2180344e-07
0,0,5.560788e-07
0,0,5.237801e-07
0,0,3.7148976e-07
0,0,2.9675937e-07
0,0,2.2764884e-06
0,0,4.52314e-07
0,0,3.8391866e-07
0,0,7.032364e-07
0,0,4.8848545e-07
0,0,7.650788e-07
0,0,7.151109e-07
0,0,3.171266e-07
1,0,2.4600579e-06
0,0,3.8529924e-07
0,0,8.014882e-07
0,0,3.4214366e-07
0,0,4.1908558e-07
0,0,3.0661954e-07
0,0,3.6605346e-07
0,0,3.812479e-07
0,0,5.4295487e-07
0,0,4.4647095e-07
0,0,3.6774102e-07
0,0,5.865694e-07
0,0,1.0140535e-06
0,0,6.3881345e-07
0,0,6.1326847e-07
0,0,3.9686327e-07
0,0,3.8466555e-07
0,0,3.7347795e-07
0,0,5.459508e-07
0,0,3.6037284e-07
0,0,2.909482e-07
0,0,4.6858878e-07
1,1,0.99999094
0,0,6.358813e-07
0,0,0.09249542
0,0,3.2706785e-07
0,0,3.6652574e-07
0,0,9.213872e-07
0,0,3.1887188e-07
0,0,3.276654e-07
0,0,3.466984e-07
1,1,0.9999448
0,0,1.5618106e-06
0,0,4.2942753e-07
0,0,3.7903789e-07
0,0,4.051657e-07
0,0,3.150352e-07
0,0,3.6525074e-07
1,1,0.99998164
0,0,3.3798733e-07
0,0,2.3219284e-06
0,0,3.0506317e-07
0,0,3.208935e-05
0,0,4.1766916e-07
0,0,3.92031e-07
0,0,3.5166678e-07
0,0,0.0001591823
0,0,3.3523207e-07
0,0,6.229688e-07
1,1,0.9996643
0,0,4.7370924e-07
0,0,3.0576103e-07
0,0,3.623081e-07
0,0,3.4095345e-07
0,0,1.372497e-06
0,0,3.8933572e-07
1,1,0.9999696
0,0,2.9484676e-07
0,0,3.823993e-07
1,1,0.995767
1,1,0.999964
0,0,4.1647436e-07
0,0,5.6158353e-07
0,0,5.5273097e-07
0,0,3.04427e-07
0,0,4.5483674e-07
0,0,7.339463e-07
0,0,1.4648409e-06
0,0,3.1646192e-07
0,0,3.8711653e-07
0,0,3.390831e-07
0,0,4.7355837e-07
0,0,3.1766476e-07
1,0,5.260019e-06
0,0,3.4511203e-07
0,0,3.8432674e-07
1,0,4.6589562e-07
0,0,2.9848047e-07
0,0,6.618516e-07
0,0,5.661846e-07
0,0,3.7599747e-07
1,1,0.9999894
0,0,8.2262767e-07
0,0,5.5304787e-07
0,0,3.5550178e-07
0,0,3.3767157e-07
0,0,2.7345484e-07
0,0,4.0334024e-07
0,0,6.2117834e-07
0,0,3.0334078e-07
0,0,2.8545549e-07
0,0,5.951813e-07
0,0,4.4992376e-07
0,0,3.6283197e-07
0,0,2.9132553e-07
0,0,4.1403885e-07
0,0,3.11002e-07
0,0,3.2069897e-07
0,0,4.0814024e-07
0,0,3.4973797e-07
0,0,3.9493963e-07
0,0,2.9180046e-07
0,0,5.8920784e-07
0,0,6.7611455e-07
0,0,3.3605886e-07
0,0,1.1639816e-06
0,0,5.729072e-07
0,0,4.806417e-07
0,0,3.1752757e-07
0,0,3.4972132e-07
0,0,6.130527e-07
1,1,0.9998505
0,0,5.289197e-07
0,0,5.680597e-07
1,1,0.9999888
0,0,3.2676823e-07
0,0,6.204767e-07
0,0,9.077583e-07
0,0,3.395332e-07
0,0,5.687818e-07
0,0,5.66385e-07
0,0,5.3510337e-07
0,0,3.1844976e-07
0,0,3.7817927e-07
0,0,4.6670453e-07
1,1,0.99965763
0,0,2.949086e-07
0,0,3.2426522e-07
0,0,8.0040667e-07
0,0,5.252868e-07
0,0,1.1755022e-05
0,0,6.7177115e-07
0,0,6.832922e-07
0,0,4.2343484e-07
0,0,3.5899527e-07
0,0,0.00019126691
0,0,4.203232e-07
0,0,3.8167573e-07
0,0,6.102336e-07
0,0,3.8362438e-07
1,0,6.5118434e-07
0,0,3.8721473e-07
0,0,6.730068e-07
0,0,4.3527749e-07
0,0,7.2379027e-07
0,0,3.1574623e-07
1,1,0.99988425
0,0,3.153797e-07
0,0,4.119066e-07
0,0,1.4303062e-06
0,0,5.197627e-06
0,0,3.1261072e-07
0,0,6.056938e-07
1,1,0.9999912
0,0,3.080193e-07
0,0,3.6882383e-07
0,0,5.0659287e-07
0,0,3.2286303e-07
0,0,4.7548343e-07
0,0,3.6156047e-07
0,0,4.6107417e-07
0,0,6.194002e-07
0,0,1.0336961e-06
0,0,5.831837e-07
0,0,3.156746e-07
0,0,3.4344805e-07
0,0,6.872323e-07
0,0,1.2217666e-06
0,0,3.6414193e-07
0,0,5.874842e-07
0,0,6.163385e-07
0,0,4.6603603e-07
1,1,0.9999938
0,0,4.1731082e-07
0,0,6.310562e-07
0,0,4.535027e-07
1,1,0.99997723
0,0,3.380028e-07
0,0,7.698258e-07
0,0,3.6011036e-07
0,0,5.995411e-07
0,0,4.892668e-07
0,0,3.4308076e-07
0,0,3.010769e-07
1,0,9.963478e-05
0,0,2.1752135e-06
0,0,1.6785399e-06
0,0,2.7386352e-07
0,0,3.532621e-07
0,0,7.0569325e-07
1,1,0.9998704
0,0,2.9449492e-07
0,0,4.0756535e-07
0,0,6.743149e-07
0,0,4.2535655e-07
0,0,6.236316e-07
0,0,4.3077867e-07
0,0,3.4111605e-07
0,0,3.5526455e-07
0,0,4.4723035e-07
0,0,3.4186252e-07
0,0,5.409144e-07
0,0,3.5989885e-07
0,0,7.36047e-07
0,0,8.4839763e-07
0,0,3.5598356e-07
0,0,3.393131e-07
0,0,4.3963288e-07
0,0,4.1998342e-07
0,0,4.6951476e-07
0,0,1.5308985e-06
0,0,4.629697e-07
0,0,4.074542e-07
0,0,3.1996336e-07
0,0,6.6876237e-07
0,0,3.7604946e-07
1,1,0.99999523
0,0,3.53253e-07
0,0,4.5195355e-07
0,0,3.5429923e-07
0,0,3.9447175e-07
0,0,3.900411e-07
0,0,4.437999e-07
0,0,4.2772805e-07
0,0,3.0329363e-07
0,0,4.3004144e-07
1,1,0.99998915
0,0,3.5858739e-07
0,0,4.5302892e-07
0,0,5.2077615e-07
0,0,3.5875945e-07
0,0,3.2303706e-07
0,0,3.7451125e-07
0,0,3.7685365e-07
0,0,3.3608387e-07
0,0,9.491567e-07
0,0,3.3800924e-07
0,0,4.208358e-07
0,0,5.2289414e-07
0,0,3.760111e-07
0,0,3.252141e-07
0,0,6.342134e-07
0,0,4.4131065e-07
0,0,4.371045e-07
0,0,5.9859957e-07
0,0,3.8355452e-07
0,0,4.820376e-06
0,0,9.174205e-07
0,0,2.2525066e-06
0,0,7.1925433e-07
0,0,4.5258153e-07
0,0,5.1492594e-07
0,0,1.3343076e-06
0,0,3.1700924e-07
0,0,1.1454396e-06
0,0,1.3737842e-06
0,0,1.3854174e-06
1,1,0.9999943
1,1,0.9999908
0,0,4.5556257e-07
0,0,1.5537289e-06
0,0,4.2600445e-07
0,0,7.628246e-07
0,0,4.2487326e-07
0,0,3.4521935e-07
0,0,6.06584e-07
0,0,3.1731687e-07
0,0,1.4703118e-06
0,0,5.571883e-07
0,0,1.0312295e-06
0,0,3.5446246e-07
0,0,4.0157892e-07
0,0,6.304769e-07
0,0,3.799789e-07
0,0,4.1893614e-07
0,0,1.0069447e-06
0,0,3.4987445e-07
0,0,3.274664e-07
0,0,2.668656e-07
0,0,8.898672e-07
0,0,5.022748e-07
0,0,6.052365e-07
1,1,0.9999882
0,0,1.1303655e-06
0,0,2.7990356e-07
0,0,4.9786826e-07
0,0,6.530986e-07
0,0,5.6805595e-07
0,0,2.2028402e-05
0,0,5.794079e-07
0,0,2.8398298e-07
0,0,3.320138e-07
0,0,6.8869537e-07
0,0,4.0062875e-07
0,0,3.4561532e-07
0,0,2.9748477e-07
0,0,3.1995054e-07
0,0,3.994613e-07
0,0,3.1521134e-07
0,0,4.1591633e-07
0,0,2.2615318e-06
0,0,7.494163e-07
0,0,4.2696837e-07
0,0,3.6724757e-07
0,0,3.2183044e-07
0,0,3.5039838e-07
0,0,4.415742e-07
0,0,3.613874e-07
0,0,4.0060465e-07
0,0,3.5814375e-07
0,0,6.695677e-07
0,0,1.9731417e-06
0,0,1.41128e-06
0,0,4.5116204e-07
0,0,3.8457753e-07
0,0,4.2231693e-07
0,0,3.4425932e-07
0,0,4.0882978e-07
0,0,1.4665882e-06
0,0,3.7358944e-07
0,0,0.0018047909
1,1,0.9999902
0,0,3.1549013e-07
0,0,7.068174e-07
1,1,0.9999918
0,0,3.5654617e-07
0,0,6.206377e-07
0,0,4.5580856e-07
0,0,1.769027e-06
0,0,2.743979e-07
0,0,9.797709e-07
0,0,4.3525924e-07
0,0,7.2813674e-07
0,0,3.3885357e-07
0,0,2.972984e-07
0,0,3.4036088e-07
0,0,4.3592013e-07
0,0,2.92622e-07
0,0,3.1565983e-07
0,0,4.432695e-07
1,1,0.9999025
0,0,3.710422e-07
0,0,7.4343006e-06
0,0,1.7833269e-06
0,0,1.4748e-06
0,0,7.95163e-07
1,1,0.99987113
0,0,3.5478985e-07
0,0,4.6508413e-07
1,1,0.9999895
0,0,7.407171e-07
0,0,4.1494883e-07
0,0,5.85884e-07
0,0,1.4966652e-06
0,0,5.122937e-07
0,0,1.1930342e-06
0,0,3.157342e-07
0,0,4.4434879e-07
1,0,1.4801141e-05
0,0,3.8466334e-07
0,0,4.6755227e-07
0,0,3.0682344e-07
0,0,3.744241e-07
0,0,4.919576e-07
0,0,3.0701602e-07
0,0,3.5869e-07
0,0,6.585179e-07
1,0,2.0172115e-06
1,1,0.99996567
0,0,3.7837228e-07
0,0,3.9367575e-07
0,0,4.1495198e-07
0,0,4.1816895e-07
0,0,4.8809756e-07
0,0,4.7301762e-07
0,0,2.7875353e-06
0,0,2.9311215e-07
1,1,0.99998057
0,0,4.6130992e-07
0,0,1.5348514e-05
0,0,4.773117e-07
0,0,0.0002608822
0,0,8.989778e-07
0,0,4.207507e-07
0,0,4.152798e-07
1,1,0.99737585
0,0,3.2109926e-07
0,0,6.3630347e-07
0,0,4.4320143e-07
0,0,6.2536407e-07
0,0,5.0548334e-07
0,0,5.423566e-07
0,0,3.8823492e-07
1,0,8.5956634e-07
0,0,7.569431e-07
0,0,7.964913e-06
0,0,6.138554e-07
0,0,4.2733092e-07
0,0,3.8789702e-07
0,0,4.1496386e-07
1,1,0.9999833
0,0,2.8801853e-07
1,0,0.0054015736
1,1,0.9999832
1,0,1.8679837e-06
0,0,5.522183e-07
0,0,2.8673486e-07
0,0,6.182087e-07
0,0,5.389217e-07
0,0,3.4969796e-07
0,0,4.4403444e-07
0,0,4.3398674e-07
0,0,3.0039607e-07
0,0,4.1894373e-07
0,0,6.554541e-07
0,0,3.6475294e-07
0,0,4.9769733e-07
0,0,4.5335395e-07
0,0,7.0190976e-07
0,0,9.263775e-07
0,0,3.2038716e-07
0,0,6.0313334e-07
0,0,8.1205883e-07
0,0,6.284329e-07
1,0,3.120073e-07
0,0,4.100058e-07
1,1,0.94094515
0,0,3.4164515e-07
1,1,0.9992465
0,0,3.869534e-07
1,0,4.2237225e-05
0,0,5.560528e-07
0,0,6.697989e-07
0,0,3.1293794e-07
0,0,3.7223094e-07
0,0,3.6145636e-07
0,0,5.1652046e-07
0,0,5.410382e-07
0,0,3.558179e-07
0,0,4.1211644e-07
1,1,0.99999166
0,0,3.5307346e-07
0,0,2.8506645e-07
0,0,2.961761e-07
0,0,2.9135666e-07
0,0,8.335726e-07
1,1,0.9999881
0,0,4.742082e-07
0,0,6.2227167e-07
0,0,5.28777e-07
0,0,2.8836402e-07
1,1,0.9999515
0,0,5.718734e-07
0,0,3.5566183e-07
1,1,0.869257
0,0,5.7144484e-07
0,0,3.8660298e-07
1,1,0.9999777
0,0,3.9196485e-07
0,0,6.8682215e-07
0,0,3.282509e-07
0,0,5.413025e-07
0,0,4.5850024e-07
1,1,0.99989974
0,0,2.9469552e-07
0,0,1.0060185e-06
0,0,5.7871927e-07
0,0,6.0275386e-07
1,1,0.9999908
0,0,9.251062e-07
0,0,1.9058731e-06
0,0,3.0400022e-07
0,0,3.3672615e-07
0,0,4.5963944e-07
0,0,4.08141e-07
0,0,4.1454064e-07
0,0,6.1295043e-07
0,0,3.1527074e-06
0,0,3.1975092e-06
0,0,6.082767e-07
0,0,2.0941898e-06
1,1,0.9999893
0,0,3.2821836e-07
1,1,0.999984
1,0,8.219439e-07
0,0,3.619655e-07
0,0,4.2302474e-07
0,0,6.9291895e-07
0,0,6.4696826e-07
0,0,4.821061e-07
0,0,3.6640867e-07
0,0,3.725804e-07
1,0,1.4111739e-05
0,0,4.2491786e-07
0,0,5.934203e-07
0,0,3.169748e-07
0,0,4.2970365e-07
0,0,3.6786696e-07
1,0,0.00013291767
0,0,2.7826007e-07
0,0,3.4688196e-07
1,1,0.99994004
0,0,4.653148e-07
0,0,5.654103e-07
1,1,0.9999918
0,0,6.645751e-07
0,0,5.2830165e-07
0,0,4.7593076e-07
1,0,7.945581e-07
0,0,6.381552e-07
0,0,3.8852937e-07
0,0,4.861923e-07
0,0,3.178381e-07
0,0,4.1473913e-07
1,1,0.9997973
0,0,4.4986024e-07
0,0,4.884156e-07
0,0,3.7467518e-07
0,0,5.967289e-07
0,0,2.9026174e-07
0,0,3.3411465e-07
0,0,2.7717525e-07
0,0,8.0820826e-07
0,0,6.788329e-06
0,0,2.9267335e-07
0,0,3.0637577e-07
0,0,2.8887627e-07
0,0,6.425834e-07
0,0,3.6026526e-07
0,0,1.7058222e-06
0,0,3.9193608e-07
0,0,3.5915687e-07
0,0,5.4230435e-07
0,0,2.9547277e-07
1,0,3.1160405e-05
0,0,2.7510114e-07
0,0,3.338057e-07
0,0,3.3385217e-07
0,0,3.7017628e-07
0,0,5.301964e-07
0,0,6.147441e-07
1,1,0.9991456
0,0,4.5825985e-07
0,0,5.7736867e-07
0,0,5.1845507e-07
0,0,4.467333e-07
0,0,3.6337318e-07
0,0,3.2255065e-07
0,0,5.115965e-07
0,0,7.879885e-07
0,0,3.995737e-07
0,0,2.8426558e-07
0,0,1.5989668e-06
0,1,0.999448
0,0,1.8717606e-06
0,0,3.2230068e-07
0,0,3.3442737e-07
0,0,3.9979554e-07
0,0,4.6301471e-07
0,0,3.289485e-07
0,0,3.485517e-06
0,0,3.206806e-07
0,0,4.912272e-07
0,0,3.5326917e-07
0,0,3.7589456e-07
0,0,3.91568e-06
0,0,2.943388e-07
0,0,1.4126398e-06
0,0,5.305029e-07
0,0,3.0719028e-07
0,0,4.437517e-07
0,0,3.5575616e-07
0,0,2.9436012e-07
1,1,0.99892884
0,0,3.578201e-07
0,0,3.44739e-07
0,0,4.7446787e-07
0,0,6.746956e-07
0,0,6.503452e-07
0,0,5.9408853e-07
0,0,4.177074e-07
0,0,8.7604843e-07
0,0,5.473041e-07
0,0,3.0172768e-07
0,0,3.8806576e-07
0,0,3.8930528e-07
0,0,7.150591e-07
0,0,3.6699058e-07
0,0,4.5127734e-07
0,0,3.2438334e-07
0,0,7.128694e-07
0,0,4.5733904e-07
0,0,1.0453115e-06
0,0,3.5464913e-07
0,0,3.3564507e-07
0,0,3.5178252e-07
0,0,3.1540017e-07
0,0,0.37985983
1,1,0.9999566
0,0,3.3506552e-07
0,0,4.837189e-07
0,0,4.574507e-07
0,0,7.882034e-07
0,0,3.8227606e-07
0,0,6.390596e-07
0,0,3.137804e-07
0,0,3.5459433e-07
0,0,2.6178984e-07
1,1,0.9999927
1,0,0.12481732
0,0,9.719452e-07
0,0,3.8314397e-07
0,0,5.0586095e-07
0,0,4.536247e-07
0,0,3.0817006e-07
0,0,4.6160346e-07
0,0,4.23262e-07
1,1,0.9999883
0,0,2.870158e-07
0,0,2.6527514e-06
0,0,5.298966e-07
0,0,8.1255234e-07
0,0,5.5194346e-07
0,0,3.2762293e-07
0,0,8.8411247e-07
0,0,3.325165e-06
0,0,1.4586778e-06
0,0,8.179044e-07
0,0,1.6183178e-06
0,0,4.6381778e-05
1,0,3.7302448e-06
0,0,4.1992735e-07
0,0,3.166666e-07
0,0,4.866237e-07
1,1,0.99997556
1,0,6.599092e-07
0,0,8.4712025e-07
0,0,4.7157855e-07
0,0,6.481818e-07
0,0,4.174796e-07
0,0,6.1436845e-07
0,0,3.5309873e-07
1,1,0.99999213
0,0,5.2263294e-07
0,0,4.0762754e-07
1,1,0.99997973
0,0,4.0404095e-07
0,0,4.2939556e-07
0,0,4.1306393e-07
0,0,2.9655595e-07
0,0,3.451219e-07
0,0,8.6072464e-07
1,0,4.000746e-06
0,0,3.756982e-07
0,0,9.0264695e-07
0,0,4.824188e-07
0,0,3.0921365e-07
0,0,3.708381e-07
0,0,4.9916713e-07
0,0,2.9227448e-07
1,0,3.5207759e-06
0,0,7.4454294e-07
0,0,8.0979294e-07
0,0,4.0672276e-07
0,0,2.7014272e-07
0,0,3.3952122e-07
0,0,3.8333621e-07
0,0,3.7773412e-07
0,0,5.7127977e-07
0,0,3.103117e-07
0,0,5.5374505e-07
0,0,3.4957293e-07
0,0,3.2788296e-07
0,0,8.715591e-05
0,0,4.1025064e-07
0,0,3.0982054e-07
0,0,3.9548047e-07
0,0,3.7582075e-07
0,0,3.271402e-07
0,0,3.8647394e-07
0,0,1.492674e-06
0,0,3.403758e-07
0,0,5.9315215e-07
0,0,3.0428797e-07
0,0,2.8800207e-07
0,0,5.596652e-07
0,0,4.6509652e-07
0,0,4.430683e-07
0,0,8.2199875e-07
0,0,1.052263e-06
0,0,4.9238054e-07
1,1,0.99998844
0,0,3.3655277e-07
0,0,5.6565625e-07
0,0,7.421603e-07
0,0,5.79435e-07
0,0,4.2411423e-07
0,0,3.5874336e-07
0,0,4.3543113e-07
0,0,6.2590345e-07
0,0,3.3489877e-07
0,0,3.7697012e-07
0,0,3.0523137e-07
0,0,5.7944607e-07
0,0,5.9260594e-07
0,0,2.8756378e-07
0,0,4.4924886e-07
0,0,3.7158932e-07
0,0,8.137908e-07
0,0,3.779078e-07
0,0,4.4680533e-07
0,0,9.782258e-07
0,0,3.6005954e-07
0,0,9.0528056e-07
0,0,4.386797e-07
0,0,0.00097421696
0,0,7.664357e-07
0,0,4.5144697e-07
0,0,5.025498e-07
0,0,3.1521915e-07
0,0,2.6836833e-06
0,0,6.641759e-07
0,0,6.287032e-07
0,0,4.5252546e-07
0,0,4.299455e-07
1,1,0.999987
0,0,4.94203e-07
0,0,3.4533986e-07
0,0,4.7235767e-07
1,1,0.999984
0,0,3.459563e-07
0,0,3.660011e-07
0,0,3.6217062e-07
0,0,3.1631708e-07
0,0,2.893955e-07
0,0,4.0353916e-07
0,0,5.1164915e-07
0,0,4.0723276e-07
0,0,3.5872077e-07
0,0,4.5943125e-07
0,0,3.1247927e-07
0,0,5.6462034e-07
0,0,1.3500706e-06
0,0,3.8750585e-07
0,0,3.621423e-07
0,0,9.900051e-07
0,0,4.0677784e-07
0,0,3.1649148e-07
0,0,8.464144e-07
0,0,4.5869967e-07
1,0,0.0002080429
0,0,4.2428695e-07
0,0,1.3091725e-06
0,0,5.2412236e-07
0,0,7.0898784e-07
0,0,2.7629537e-07
0,0,4.7311053e-07
0,0,3.8255322e-07
0,0,3.6162598e-07
0,0,3.3312133e-07
0,0,4.066095e-07
0,0,6.420113e-07
0,0,3.6898848e-07
0,0,5.8962047e-07
0,0,3.310684e-07
0,0,4.1024987e-07
0,0,3.0048085e-07
0,0,7.1373876e-07
0,0,4.2117784e-07
0,0,0.0005223904
0,0,3.288641e-07
0,0,1.5184028e-06
0,0,5.233956e-07
0,0,9.759726e-07
0,0,3.3973174e-07
0,0,4.278223e-07
0,0,5.7252e-07
0,0,5.4509763e-07
0,0,3.6368417e-07
0,0,2.8315358e-07
0,0,3.06291e-07
1,1,0.9999827
0,0,2.7697337e-07
1,1,0.9999523
1,0,0.00038563748
0,0,8.5878304e-07
0,0,1.3101155e-06
0,0,5.096156e-07
0,0,4.356895e-07
0,0,3.3438047e-07
0,0,5.704016e-07
0,0,4.2998076e-07
1,0,1.3344298e-06
0,0,7.235004e-07
0,0,3.561248e-07
0,0,3.2662834e-07
0,0,8.104133e-07
0,0,4.5890533e-07
0,0,7.0944776e-07
0,0,7.136394e-07
0,0,4.7941387e-07
0,0,5.9804154e-07
0,0,9.771601e-07
0,0,5.1565814e-07
0,0,2.300278e-05
0,0,3.8178348e-07
0,0,3.5046986e-07
0,0,5.052597e-07
0,0,3.3758658e-07
0,0,7.427313e-06
0,0,5.313804e-07
0,0,4.7259874e-07
0,0,4.995052e-07
1,0,3.2048305e-05
0,0,3.709665e-07
0,0,3.1507818e-07
0,0,3.7936735e-07
0,0,2.7736615e-07
0,0,1.2700266e-06
0,0,3.250994e-07
0,0,2.9120636e-07
0,0,4.696455e-07
0,0,4.4862293e-07
0,0,1.375457e-06
0,0,4.1734188e-07
0,0,5.321223e-07
0,0,2.8445433e-07
0,0,3.275111e-07
0,0,3.821973e-07
0,0,4.4789874e-07
0,0,7.589352e-07
0,0,0.004038141
0,0,1.1794714e-06
0,0,7.0730493e-07
0,0,3.2171383e-07
0,0,2.7904161e-07
0,0,7.5272044e-07
0,0,3.7500303e-07
0,0,4.6775833e-07
0,0,5.484542e-07
0,0,0.20958883
0,0,3.6841112e-07
0,0,3.5103852e-07
0,0,4.3069403e-07
0,0,4.89293e-07
0,0,6.501517e-07
0,0,9.535079e-07
0,0,3.6845188e-07
0,0,3.3789578e-07
0,0,3.1305433e-07
1,0,1.674498e-06
0,0,2.9172423e-07
0,0,3.8184098e-07
0,0,5.2666167e-07
0,0,5.1742074e-07
0,0,3.8680213e-07
0,0,8.867335e-07
0,0,8.390166e-07
0,0,1.9089655e-06
0,0,3.4481857e-07
0,0,3.5859662e-07
0,0,1.921948e-06
0,0,3.6501322e-07
0,0,3.8862052e-07
0,0,2.8660572e-06
0,0,3.4692894e-07
0,0,4.77288e-07
0,0,5.350391e-07
0,0,4.3680402e-07
0,0,3.3721687e-07
0,0,3.992073e-07
0,0,2.9129498e-07
1,0,9.0751854e-07
0,0,4.2367355e-07
0,0,5.161723e-07
0,0,7.0273893e-07
0,0,3.7151952e-07
0,0,5.2220844e-07
0,0,3.421414e-07
0,0,3.026291e-07
0,0,7.804245e-07
0,0,4.2335853e-07
0,0,3.736536e-07
0,0,1.0835315e-06
0,0,3.1334767e-07
0,0,3.5953866e-07
0,0,5.0528723e-07
0,0,8.820324e-07
0,0,7.618911e-07
1,1,0.9999889
0,0,3.4138031e-07
1,1,0.9999337
0,0,4.3522766e-07
0,0,4.491195e-07
0,0,4.2001386e-07
0,0,9.154592e-07
0,0,7.76284e-07
0,0,4.942435e-07
1,1,0.99997747
1,0,0.0003366335
0,0,3.7319168e-07
1,0,1.4905978e-05
0,0,4.5152015e-07
0,0,3.9646986e-07
0,0,1.1697158e-06
0,0,3.5294252e-07
0,0,8.765808e-07
0,0,3.1181662e-07
0,0,1.0686014e-06
0,0,7.86013e-07
0,0,6.7027435e-07
0,0,3.642538e-07
0,0,5.501861e-07
0,0,5.7584543e-07
0,0,4.3914432e-07
0,0,3.3733298e-07
0,0,3.252352e-07
0,0,3.2089784e-07
0,0,3.8443633e-07
0,0,4.6310043e-07
1,1,0.9999703
0,0,3.828649e-07
0,0,3.8019567e-07
1,1,0.9998753
0,0,6.961699e-07
0,0,3.0678393e-07
0,0,6.6923195e-07
0,0,3.3146267e-07
0,0,8.6480895e-07
0,0,7.600789e-07
0,0,1.0059532e-06
0,0,7.816327e-07
0,0,4.9043285e-07
1,1,0.9999919
0,0,2.901156e-07
0,0,3.5951396e-07
0,0,5.1216176e-07
0,0,3.9677096e-07
0,0,2.8104517e-07
0,0,5.5380946e-07
0,0,3.020686e-07
0,0,1.9954296e-05
0,0,4.1063032e-07
0,0,6.852513e-07
0,0,4.385987e-06
0,0,6.175246e-07
0,0,8.712162e-07
1,1,0.999984
0,0,3.7063268e-07
0,0,3.5106197e-07
0,0,3.8350296e-07
0,0,3.3185867e-07
0,0,3.5738634e-07
0,0,7.185523e-07
0,0,5.440973e-07
0,0,3.2923722e-07
0,0,3.0479913e-07
0,0,3.1067434e-06
0,0,5.985619e-07
0,0,3.1690467e-07
0,0,5.3117924e-07
0,0,2.9524574e-07
0,0,3.7869754e-07
0,0,3.900199e-07
0,0,5.788297e-07
0,0,3.8657495e-07
0,0,2.98759e-07
0,0,3.5411347e-07
0,0,4.6417577e-07
0,0,8.398644e-07
0,0,3.514948e-07
0,0,2.9958383e-07
0,0,3.0641812e-07
0,0,3.388872e-07
0,0,5.991901e-07
0,0,4.002541e-07
0,0,4.281917e-07
0,0,4.6273445e-07
0,0,4.3582912e-07
0,0,3.247452e-07
1,1,0.99987006
1,1,0.9999777
1,1,0.9986966
0,0,1.3519325e-06
0,0,2.9932337e-07
0,0,2.78155e-07
0,0,3.3613003e-07
0,0,5.804704e-07
1,1,0.9999443
0,0,4.805789e-07
0,0,2.7692082e-07
0,0,9.814308e-07
1,1,0.9993801
0,0,2.9826822e-07
0,0,1.1348718e-06
0,0,3.2381155e-07
0,0,4.1513724e-07
0,0,6.070869e-07
0,0,3.5392674e-07
0,0,2.5238685e-06
0,0,3.2119482e-07
0,0,2.8014472e-07
0,0,5.0289026e-07
0,0,3.0674414e-07
0,0,2.726824e-07
0,0,3.7029457e-07
0,0,5.067267e-07
0,0,6.7163853e-07
0,0,1.2665251e-06
0,0,6.6810065e-07
0,0,6.6962534e-06
1,1,0.9999887
0,0,1.9889285e-06
0,0,1.0034161e-05
0,0,4.6905916e-07
0,0,3.1875908e-07
0,0,4.0103396e-07
0,0,4.5772435e-07
0,0,4.482983e-07
0,0,3.336001e-07
0,0,8.083339e-07
0,0,3.0834497e-07
0,0,3.045318e-07
1,1,0.9999809
0,0,3.6963866e-07
0,0,8.910297e-07
0,0,1.374602e-06
0,0,3.489251e-07
0,0,3.3088534e-07
0,0,8.2593874e-07
1,1,0.9999865
0,0,8.037555e-07
0,0,5.052718e-07
0,0,3.5776964e-07
0,0,7.760768e-07
0,0,3.8412009e-07
0,0,2.0687069e-06
0,0,4.7592124e-07
0,0,5.2552775e-07
0,0,3.187533e-07
0,0,4.2730076e-07
0,0,5.14181e-07
0,0,3.9432578e-07
0,0,4.7271817e-07
0,0,6.026699e-07
0,0,4.673374e-07
0,0,4.6618004e-07
0,0,6.893597e-07
0,0,4.7933344e-07
0,0,3.452888e-07
0,0,4.3067308e-07
0,0,1.6323921e-06
0,0,5.3613877e-07
1,1,0.99998915
0,0,3.3145037e-07
0,0,3.913004e-07
0,0,5.8291016e-07
0,0,4.722658e-06
0,0,4.413784e-07
0,0,6.262217e-07
0,0,4.1209756e-07
0,0,8.246661e-07
0,0,5.0348e-07
0,0,2.9271632e-07
0,0,2.905129e-07
0,0,4.561025e-07
0,0,8.6750845e-07
0,0,5.030893e-07
0,0,4.3638934e-07
0,0,6.202691e-07
0,0,1.2862897e-06
0,0,5.0045406e-07
0,0,4.6700993e-07
0,0,3.9317223e-07
0,0,5.3011047e-07
0,0,9.592284e-07
0,0,3.523849e-07
0,0,2.2919728e-06
0,0,7.8533117e-07
0,0,1.19846e-06
0,0,3.021608e-07
0,0,4.381207e-07
0,0,3.3688738e-07
0,0,3.285854e-07
0,0,2.6327402e-07
0,0,2.0997475e-06
0,0,3.2769884e-07
0,0,2.7214568e-07
0,0,2.3880589e-06
0,0,8.7632253e-07
1,1,0.9999857
0,0,3.2064452e-07
0,0,5.880498e-07
0,0,5.613988e-07
0,0,3.8759455e-07
0,0,3.4030637e-07
0,0,5.1227215e-07
1,0,0.02008136
0,0,4.9255243e-07
0,0,3.5495026e-07
0,0,3.5638945e-07
0,0,4.1032027e-07
0,0,1.1381625e-06
0,0,4.777913e-07
0,0,5.5274364e-07
0,0,5.6547555e-07
0,0,3.095181e-07
0,0,4.477672e-07
0,0,3.0948445e-07
0,0,4.5263076e-07
0,0,8.078499e-07
0,0,7.8471135e-07
0,0,5.3314426e-07
0,0,3.9084094e-07
0,0,3.1335603e-07
1,0,1.6060825e-06
0,0,8.805212e-07
0,0,3.039318e-07
0,0,3.3514416e-07
1,1,0.99999404
0,0,5.279692e-07
0,0,3.850135e-07
1,1,0.99998355
0,0,7.0759097e-07
0,0,3.582039e-07
0,0,5.103641e-07
0,0,4.0330755e-07
0,0,3.8990055e-07
0,0,4.4757596e-07
0,0,8.2388704e-07
0,1,0.9999664
0,0,4.5512573e-07
0,0,3.4043424e-07
0,0,3.1758904e-07
0,0,3.0611e-07
1,1,0.81597704
0,0,3.3703552e-07
0,0,3.8573825e-07
0,0,5.524838e-07
0,0,3.083623e-07
0,0,3.4866298e-07
1,1,0.9999887
0,0,4.4871794e-07
0,0,5.350656e-07
0,0,5.969281e-07
0,0,3.448324e-07
0,0,4.3900863e-07
0,0,4.1192783e-07
0,0,7.768024e-07
0,0,4.867356e-07
0,0,7.4687694e-07
0,0,3.1891537e-07
0,0,3.1188415e-07
0,0,6.8941887e-07
0,0,4.0481038e-07
0,0,6.018337e-07
0,0,3.6359643e-07
0,0,2.912911e-07
1,0,8.0096635e-07
0,0,2.872009e-07
0,0,4.6324305e-07
0,0,3.9907786e-07
0,0,1.7045815e-06
0,0,6.921013e-07
0,0,3.0167934e-07
0,0,4.7244595e-07
0,0,5.5474084e-07
1,1,0.99993014
0,0,1.9715935e-06
0,0,5.388467e-07
0,0,2.9765903e-07
0,0,3.9879976e-07
0,0,2.9534206e-07
0,0,3.4588766e-07
0,0,3.7129425e-07
0,0,3.2969595e-07
0,0,1.8587609e-06
0,0,4.381721e-07
0,0,4.7872123e-07
1,1,0.9997923
0,0,4.0078694e-07
1,1,0.9999764
0,0,5.849684e-07
0,0,3.1024214e-07
0,0,2.806263e-07
0,0,3.523254e-07
0,0,3.4458716e-07
0,0,4.0507956e-07
0,0,3.9531645e-07
0,0,4.608069e-07
0,0,5.59528e-07
0,0,2.7112915e-07
0,0,4.365579e-07
0,0,5.038215e-07
0,0,3.6366785e-07
0,0,5.4506195e-06
0,0,5.6421555e-07
0,0,2.8937396e-07
0,0,3.2318897e-07
0,0,2.0771558e-06
0,0,3.1451168e-07
0,0,0.00015471439
0,0,4.1053244e-07
0,0,3.1506525e-07
0,0,2.8029118e-07
0,0,3.413927e-07
0,0,4.3653046e-07
0,0,4.1557215e-07
0,0,3.3629675e-07
0,0,3.8245983e-07
0,0,3.4209538e-07
0,0,4.3805596e-07
0,0,3.9686785e-07
0,0,2.2278145e-06
0,0,6.4053495e-07
0,0,1.2805218e-05
1,1,0.9997845
0,0,2.8297325e-07
0,0,2.81891e-07
0,0,1.2978725e-06
0,0,3.032592e-07
0,0,8.3431297e-07
0,0,4.200407e-07
0,0,4.2905708e-07
1,1,0.99930716
0,0,5.146029e-07
0,0,4.1730644e-07
0,0,4.6191124e-07
0,0,4.4042773e-07
1,1,0.99999
0,0,3.5911717e-07
0,0,3.396255e-07
0,0,2.4631238e-06
0,0,4.124223e-07
0,0,6.140539e-07
0,0,5.9035926e-07
0,0,4.6489697e-07
0,0,2.9739175e-07
0,0,5.0888025e-07
0,0,6.1273886e-07
0,0,5.5533765e-05
0,0,5.7538597e-07
0,0,3.6452343e-07
0,0,4.025454e-06
0,0,3.228036e-07
0,0,3.1441422e-07
0,0,4.525617e-07
1,0,0.055048667
0,0,4.8672115e-07
0,0,4.2459945e-07
0,0,2.8197945e-07
1,1,0.99990976
0,0,4.5228208e-07
0,0,3.7423345e-07
0,0,1.1373444e-06
0,0,3.8386153e-07
0,0,7.809934e-07
0,0,3.4239142e-07
0,0,2.8572512e-07
0,0,3.670144e-07
0,0,5.097915e-07
0,0,6.427281e-07
0,0,4.8797324e-07
1,1,0.9999783
1,1,0.8576353
0,0,3.3788805e-07
0,0,5.5088144e-06
0,0,3.6769578e-07
0,0,3.64858e-07
0,0,3.1965774e-07
0,0,3.3758144e-07
0,0,3.5489677e-07
0,0,3.3237623e-07
1,0,0.003140275
0,0,1.423437e-06
0,0,9.932289e-07
0,0,1.905267e-05
0,0,1.1365138e-06
0,0,4.183317e-07
1,1,0.99999154
0,0,4.8568205e-07
0,0,6.2133e-07
1,1,0.9999902
0,0,3.2529476e-07
0,0,3.6850813e-07
0,0,4.1361025e-07
0,0,3.895898e-07
0,0,0.00020016
0,0,2.9344304e-07
0,0,1.5351794e-06
0,0,3.094278e-07
0,0,3.0610707e-07
0,0,3.4327354e-07
1,1,0.9999455
0,0,3.81165e-07
0,0,4.3737802e-07
0,0,2.7098542e-07
0,0,4.9925757e-07
0,0,4.729626e-07
0,0,5.7509743e-07
0,0,5.8323155e-07
0,0,2.8150924e-07
0,0,2.6948396e-07
1,1,0.99941397
0,0,7.823001e-07
0,0,4.958525e-07
0,0,4.84017e-07
1,1,0.9999771
0,0,3.3575068e-07
0,0,6.323761e-07
0,0,3.9019847e-07
0,0,4.5452845e-07
0,0,3.6535977e-07
0,0,4.803832e-07
0,0,4.385458e-07
0,0,3.2817013e-07
0,0,6.0980426e-07
0,0,4.791378e-07
0,0,2.9027723e-07
0,0,6.1213785e-07
0,0,3.6815473e-07
0,0,1.893427e-06
0,0,5.1749277e-07
0,0,4.2222433e-07
0,0,3.0147307e-06
0,0,3.0499103e-07
0,0,3.352976e-07
1,1,0.99988496
0,0,3.4927803e-07
0,0,5.346856e-07
0,0,2.9783735e-07
0,0,4.192231e-07
1,1,0.9999913
1,0,1.7223227e-05
0,0,5.4354393e-07
0,0,9.078977e-07
1,1,0.9999813
0,0,4.5565727e-07
0,0,3.0623028e-07
0,0,3.0297855e-07
0,0,3.9634511e-07
0,0,3.258033e-07
0,0,8.325421e-07
0,0,3.9930057e-07
0,0,4.562643e-07
0,0,3.7695645e-07
0,0,8.6707337e-07
0,0,1.6200719e-06
0,0,4.1047608e-07
0,0,3.7961306e-07
1,0,0.08623417
1,1,0.99997973
0,0,3.224381e-07
0,0,3.080945e-07
0,0,3.4083448e-07
0,0,4.2377863e-07
0,0,5.1053786e-07
0,0,6.614616e-07
0,0,3.2591115e-07
0,0,3.2608492e-07
0,0,3.6460168e-07
0,0,3.211342e-07
0,0,4.6801313e-07
0,0,2.9846683e-07
0,0,3.419023e-07
0,0,3.7700894e-07
0,0,6.0296776e-07
0,0,1.9185197e-06
1,1,0.99987984
0,0,3.527911e-07
0,0,3.8318123e-07
1,1,0.99998367
0,0,9.634787e-07
0,0,2.9320972e-07
1,1,0.9997111
0,0,3.5724085e-07
0,0,3.6595085e-07
0,0,3.4882797e-07
0,0,5.259324e-07
0,0,3.7799322e-07
0,0,3.316195e-07
0,0,4.655696e-07
1,1,0.9999056
0,0,4.6557582e-07
0,0,1.38304e-06
0,0,3.0544677e-06
0,0,3.6939974e-07
0,0,3.5147602e-07
0,0,3.1256033e-07
0,0,3.5629873e-07
0,0,3.9484885e-07
0,0,3.3559382e-07
0,0,4.904366e-07
0,0,3.16798e-07
0,0,3.048654e-07
0,0,5.6012334e-07
0,0,3.6599272e-07
0,0,3.729163e-07
1,1,0.999944
0,0,2.7212752e-07
0,0,3.164426e-07
0,0,5.8570413e-07
0,0,3.0064226e-07
0,0,7.6842343e-07
0,0,4.0169076e-07
0,0,9.2722604e-07
0,0,9.1316076e-07
0,0,5.1338134e-07
0,0,4.983785e-07
0,0,3.4823566e-07
0,0,1.0827146e-06
0,0,7.123801e-07
0,0,3.1629597e-07
0,0,3.3270987e-07
0,0,3.5107334e-07
0,0,4.7191597e-07
0,0,4.5026283e-07
0,0,2.968375e-07
0,0,1.0267352e-06
0,0,3.2515393e-07
0,0,3.1407228e-07
0,0,3.84252e-07
0,0,6.155291e-07
0,0,4.1863777e-07
0,0,3.4486723e-07
0,0,9.839471e-05
0,0,6.202868e-07
0,0,3.3843241e-07
0,0,7.0937136e-07
0,0,8.977698e-07
1,1,0.99992335
1,1,0.9999937
0,0,3.4382165e-07
0,0,4.730375e-07
0,0,5.418779e-07
0,0,4.3165994e-07
0,0,3.1076095e-07
0,0,1.595296e-06
0,0,3.0404138e-07
0,0,5.24724e-07
0,0,3.2726285e-07
0,0,9.1068387e-07
0,0,3.0881287e-07
0,0,2.8131765e-07
0,0,8.392943e-07
0,0,4.6355288e-07
1,1,0.9999919
0,0,8.3595046e-07
0,0,3.2760792e-07
0,0,3.559326e-07
0,0,3.4335307e-07
0,0,3.9179517e-07
0,0,2.9965096e-07
1,1,0.99997604
0,0,3.2268696e-07
0,0,5.314812e-07
0,0,2.970581e-07
0,0,3.648667e-07
0,0,4.098627e-07
0,0,3.7896672e-07
0,0,4.0024685e-07
0,0,3.3723003e-07
1,1,0.99998605
0,0,1.7050074e-06
0,0,2.6246755e-06
0,0,7.045467e-07
0,0,3.4612523e-07
0,0,4.287842e-07
0,0,5.646635e-07
0,0,3.6741852e-07
0,0,3.0533894e-05
0,0,6.2019865e-07
1,1,0.9999906
0,0,6.120952e-07
0,0,7.280166e-07
0,0,4.4611767e-07
0,0,3.4943303e-06
0,0,3.1774508e-07
1,0,1.0462661e-06
0,0,4.979395e-07
0,0,3.571642e-07
0,0,3.869464e-07
0,0,6.9212643e-07
0,0,4.0926278e-07
0,0,4.2773542e-07
0,0,4.155436e-07
0,0,2.9501552e-07
0,0,5.3078827e-07
0,0,5.182057e-06
0,0,3.4388853e-07
0,0,2.895059e-07
0,0,4.910609e-07
0,0,3.3396876e-07
0,0,8.3004164e-07
0,0,6.146152e-07
0,0,4.284094e-07
1,1,0.9981267
0,0,3.6570455e-07
0,0,4.428081e-07
0,0,3.5851454e-07
0,0,3.5634153e-07
0,0,4.2812147e-07
0,0,6.163068e-07
0,0,3.6369423e-07
0,0,7.5514777e-07
0,0,3.9464254e-07
0,0,3.7290386e-07
1,0,0.0006272972
0,0,7.518796e-07
1,1,0.9999603
0,0,3.807726e-07
0,0,5.572276e-07
0,0,3.5113564e-07
0,0,3.295036e-07
0,0,6.387537e-07
0,0,4.3128918e-07
0,0,3.3832077e-07
0,0,8.257356e-07
1,1,0.99998
0,0,3.1303645e-07
0,0,3.0549407e-07
0,0,3.357795e-07
1,0,0.0006834229
0,0,3.903202e-07
0,0,3.7259036e-07
0,0,3.6959e-07
0,0,3.662462e-07
0,0,3.2843846e-07
0,0,1.0285718e-06
0,0,1.1205266e-06
0,0,4.5782386e-07
0,0,7.013557e-07
0,0,3.3256268e-07
1,1,0.99998844
0,0,5.836984e-07
0,0,4.577261e-07
0,0,2.8259595e-07
0,0,5.6816e-07
0,0,4.5821088e-07
0,0,3.6184574e-07
0,0,3.253512e-07
1,0,2.7793967e-06
1,1,0.99998987
1,1,0.99997056
1,0,2.3268271e-06
1,0,2.3874964e-06
0,0,3.947213e-05
0,0,3.88296e-07
1,0,0.0054498976
0,0,3.1596826e-07
0,0,4.2889465e-07
0,0,1.5316594e-06
0,0,3.1581763e-07
0,0,4.743842e-07
0,0,5.3548627e-07
1,0,2.9155058e-06
0,0,6.190553e-07
0,0,4.6680913e-07
0,0,3.88105e-07
0,0,2.766033e-07
0,0,3.1136375e-07
0,0,3.9393976e-07
0,0,5.129321e-07
0,0,3.0867506e-07
0,0,3.2470834e-07
0,0,2.8506102e-07
0,0,7.0106415e-07
0,0,5.123821e-07
0,0,8.538603e-07
0,0,6.617771e-07
0,0,3.44507e-07
0,0,5.662122e-07
0,0,6.7581607e-07
0,0,3.114362e-07
0,0,7.981824e-07
1,0,5.4746704e-07
1,0,2.9679508e-05
0,0,6.594587e-07
1,0,6.935338e-06
0,0,1.1271587e-06
1,0,0.005899385
0,0,4.080589e-07
1,1,0.9999577
0,0,3.5395476e-07
0,0,5.95752e-07
0,0,3.7872067e-07
0,0,5.0994856e-07
1,0,2.8219056e-06
0,0,1.2819801e-06
0,0,3.6541238e-07
0,0,5.2609397e-07
0,0,4.3353378e-07
0,0,3.2102517e-07
1,1,0.9999893
0,0,3.9318647e-07
0,0,4.9066256e-07
0,0,1.4927907e-06
0,0,2.8551375e-07
0,0,4.7529124e-07
0,0,4.266851e-07
0,0,4.1316633e-07
0,0,3.0595473e-07
1,0,3.260809e-05
0,0,3.1360895e-07
1,1,0.99999166
1,1,0.99999213
0,0,2.8903804e-07
0,0,7.602196e-07
0,0,2.9530375e-07
0,0,3.4115837e-07
0,0,3.7945094e-07
0,0,2.7585935e-07
0,0,3.583679e-07
0,0,2.9459153e-07
0,0,3.7558283e-07
0,0,3.8718449e-07
0,0,3.678473e-07
1,0,0.009960465
0,0,2.3640464e-06
0,0,4.6221135e-07
0,0,4.633372e-07
0,0,2.8949265e-07
0,0,3.9779582e-07
0,0,7.769906e-07
0,0,3.1375015e-07
0,0,5.450415e-07
0,0,4.6197076e-07
0,0,3.5426376e-07
0,0,2.6143854e-07
0,0,2.9068084e-07
0,0,3.1525522e-07
0,0,1.1767198e-06
0,0,1.6761469e-06
0,0,3.7432625e-07
0,0,2.6195461e-05
0,0,6.497191e-07
0,0,6.9524765e-07
0,0,4.1566253e-07
0,0,3.0842787e-07
0,0,3.7598673e-07
0,0,3.054393e-07
0,0,4.20336e-07
0,0,3.5490353e-07
0,0,3.2313224e-07
0,0,4.239674e-07
1,1,0.9977198
0,0,4.238154e-07
0,0,3.458603e-07
0,0,5.255859e-07
1,1,0.99999285
0,0,5.7971414e-07
0,0,4.1276542e-07
0,0,5.019253e-07
0,0,5.454346e-07
0,0,4.2773212e-07
0,0,3.4076493e-07
0,0,3.7240846e-07
0,0,3.1772475e-07
0,0,5.1216125e-07
0,0,3.3313722e-07
0,0,9.97925e-07
0,0,4.5584636e-07
0,0,4.054131e-07
0,0,7.8958476e-07
0,0,4.9042023e-07
0,0,5.440433e-07
0,0,6.24737e-07
1,1,0.9999896
0,0,4.2084142e-07
0,0,3.9026736e-07
0,0,3.4744417e-07
0,0,2.998654e-07
0,0,8.768216e-07
0,0,2.8118407e-07
0,0,3.032155e-06
0,0,4.9161525e-07
0,0,3.112177e-07
0,0,3.2621585e-07
0,0,3.7228773e-07
0,0,5.718188e-07
0,0,3.4253677e-07
0,0,3.3927395e-07
0,0,4.6225455e-07
0,0,2.8877656e-07
0,0,4.0976892e-07
0,0,4.300925e-05
0,0,3.8466263e-07
0,0,3.693233e-07
0,0,3.2395485e-07
1,0,0.00013877978
1,1,0.99999106
0,0,2.772276e-07
0,0,4.3739513e-07
0,0,9.357772e-07
0,0,3.4854529e-07
0,0,3.4774646e-07
0,0,2.5369286e-06
0,0,5.830847e-07
0,0,9.772784e-07
0,0,3.5455136e-07
0,0,5.574875e-07
1,1,0.99994445
0,0,4.5958507e-07
0,0,3.531243e-07
0,0,1.5156294e-06
1,0,1.1723541e-05
1,0,9.665962e-06
0,0,5.3190814e-07
0,0,2.6027482e-07
0,0,5.007482e-07
0,0,3.1848074e-07
0,0,3.6031543e-07
0,0,4.122662e-07
1,1,0.99999285
0,0,2.8662848e-07
0,0,4.015996e-07
0,0,3.2639574e-07
1,1,0.99998057
0,0,5.3896287e-07
0,0,3.5770753e-07
1,1,0.9093735
0,0,6.8238506e-07
0,0,1.520011e-06
0,0,8.3185165e-07
0,0,5.5444144e-07
0,0,5.6363046e-07
0,0,1.2665347e-06
0,0,3.539227e-07
1,0,0.00024749202
0,0,2.8729507e-06
1,1,0.9999932
0,0,2.6691373e-07
1,0,0.00031518828
0,0,3.806339e-07
0,0,3.671996e-07
0,0,4.500585e-07
0,0,3.1534782e-07
0,0,3.7404186e-07
0,0,9.685261e-07
0,0,2.7795824e-07
0,0,2.700162e-06
0,0,6.481645e-07
0,0,8.462739e-07
0,0,4.942162e-07
1,0,1.9636304e-06
0,0,4.815956e-07
0,0,3.404336e-07
0,0,6.7252694e-07
0,0,2.8547507e-07
0,0,3.0636232e-07
0,0,3.9384923e-07
0,0,3.1450926e-07
0,0,1.6717951e-06
0,0,5.06474e-07
0,0,6.4457447e-07
0,0,6.773337e-07
0,0,4.2012923e-07
0,0,6.402042e-06
0,0,6.108659e-07
0,0,3.123184e-07
0,0,3.2489854e-07
0,0,6.480551e-07
0,0,3.2038196e-07
0,0,5.524306e-07
0,0,4.0756535e-07
0,0,4.5252327e-07
0,0,6.365074e-07
0,0,3.7212942e-07
0,0,3.4194272e-07
0,0,7.0691107e-07
0,0,3.0542063e-07
0,0,4.2325073e-07
0,0,1.4440628e-06
1,1,0.99996924
0,0,3.5672983e-07
0,0,2.8579896e-07
0,0,1.4838122e-06
0,0,7.4726455e-07
0,0,5.403339e-07
0,0,4.6953625e-07
0,0,4.6059512e-07
0,0,4.6643797e-07
0,0,8.661445e-07
0,0,6.617923e-07
0,0,4.9329986e-07
0,0,1.206957e-06
0,0,9.696879e-07
0,0,6.562859e-07
1,0,0.00027658424
1,1,0.99998987
0,0,1.5329381e-06
1,0,6.7872505e-05
0,0,6.650836e-07
0,0,4.7532208e-07
1,1,0.9999883
0,0,4.5362728e-07
0,0,7.274524e-07
0,0,2.9722105e-07
0,0,3.1651626e-07
0,0,4.2024942e-07
0,0,4.0551552e-07
0,0,3.6880695e-07
0,0,4.4959606e-07
0,0,3.265891e-07
0,0,4.1137662e-07
0,0,4.915529e-07
0,0,1.0432051e-05
0,0,5.350973e-07
0,0,4.878979e-07
0,0,5.812592e-07
0,0,7.670104e-07
1,0,6.4990395e-06
0,0,5.301711e-07
0,0,6.4629177e-07
1,0,0.002188513
0,0,3.724674e-07
0,0,4.8427694e-07
0,0,6.1885225e-07
0,0,3.0643946e-07
0,0,5.492084e-07
0,0,1.4014382e-06
0,0,7.497094e-07
0,0,5.024411e-07
0,0,3.8117446e-07
0,0,3.2603765e-07
1,1,0.9999007
0,0,3.0973013e-07
0,0,3.4502284e-07
0,0,3.5974787e-07
0,0,3.6130538e-07
0,0,3.1204897e-07
0,0,9.135571e-07
0,0,2.869901e-07
0,0,5.5885823e-07
0,0,3.2717205e-07
0,0,3.463782e-07
0,0,7.025339e-07
1,1,0.9999919
0,0,6.474725e-07
0,0,2.797971e-07
0,0,3.5422997e-07
0,0,2.3530001e-06
0,0,3.0428333e-07
0,0,7.503109e-07
0,0,4.386161e-07
0,0,3.9570193e-07
0,0,4.0373894e-07
0,0,2.925285e-07
1,0,6.853401e-07
0,0,6.1800415e-07
0,0,3.8661258e-07
1,0,6.545184e-07
0,0,4.7569617e-07
1,0,0.00016537988
0,0,2.7805052e-07
0,0,6.128429e-07
0,0,7.683721e-07
0,0,3.1927325e-07
0,0,7.7446356e-07
0,0,1.3154302e-05
0,0,5.293148e-07
0,0,4.7626585e-07
1,1,0.9997478
1,1,0.9999895
0,0,3.2676792e-07
0,0,8.1961053e-07
0,0,6.171555e-07
0,0,1.7693746e-06
0,0,5.906307e-07
0,0,2.874083e-07
0,0,6.201496e-07
0,0,1.1757428e-06
0,0,6.1398595e-07
0,0,7.5322885e-07
0,0,3.4726725e-07
0,0,8.0195315e-07
0,0,4.121518e-07
0,0,2.7257192e-07
0,0,4.6093172e-07
0,0,3.8061725e-07
1,1,0.99998856
0,0,4.6492977e-07
0,0,3.3954973e-07
0,0,3.2360826e-06
0,0,1.2189153e-06
0,0,3.0724829e-07
0,0,5.7927696e-07
0,0,5.118258e-07
0,0,6.8728275e-07
0,0,3.7914273e-07
0,0,3.4292765e-07
0,0,3.9971056e-07
0,0,4.9410403e-07
0,0,3.5777475e-07
0,0,4.3420533e-07
0,0,6.809854e-07
0,0,3.8506195e-07
0,0,3.5507858e-07
0,0,6.533976e-07
0,0,3.47157e-07
0,0,3.117304e-07
0,0,5.6715413e-07
0,0,5.333371e-07
0,0,3.9086626e-07
0,0,6.035522e-07
0,0,3.4057453e-07
0,0,4.3436603e-07
0,0,3.5253515e-07
0,0,4.070301e-07
0,0,6.713536e-07
0,0,5.264699e-07
0,0,3.1766356e-07
0,0,5.0133013e-07
0,0,5.463425e-07
0,0,3.468975e-07
0,0,4.3025724e-07
0,0,3.8006698e-07
0,0,6.5144394e-07
0,0,6.6710743e-07
0,0,3.5188452e-07
0,0,3.18519e-07
1,1,0.9999925
0,0,5.207811e-07
0,0,3.730426e-07
0,0,3.1222606e-07
1,1,0.9999893
0,0,5.6013823e-07
0,0,7.246163e-07
0,0,5.77416e-07
0,0,0.04281524
0,0,9.621161e-07
0,0,3.4374395e-07
0,0,3.3521e-07
0,0,1.2154028e-06
0,0,3.358173e-07
0,0,3.4070382e-07
0,0,1.1295509e-06
0,0,3.3227735e-07
0,0,4.1345092e-07
0,0,3.2112683e-07
0,0,5.943163e-07
0,0,4.557416e-07
0,0,4.6613647e-07
0,0,3.2475913e-07
0,0,5.142456e-06
0,0,9.846391e-07
1,1,0.99893314
0,0,4.008175e-07
0,0,4.9988074e-07
1,0,0.007484774
0,0,5.2797725e-07
0,0,2.7539986e-07
0,0,3.513748e-07
0,0,2.7239912e-07
0,0,3.6086806e-07
0,0,4.8395236e-07
0,0,6.5214886e-07
0,0,3.2805187e-07
0,0,5.4475777e-07
0,0,4.144999e-07
0,0,3.1139405e-07
0,0,4.3275926e-07
0,0,8.850928e-07
0,0,3.3585573e-07
0,0,3.912784e-07
1,0,5.4588315e-07
1,1,0.99923444
0,0,6.906758e-07
0,0,5.1174777e-07
0,0,5.5802207e-07
0,0,2.2073575e-06
0,0,4.606988e-07
0,0,7.1353185e-07
0,0,3.6192614e-07
1,0,0.47527048
0,0,5.1835667e-07
0,0,6.5702676e-07
0,0,4.7709506e-07
0,0,9.812699e-07
0,0,6.055228e-07
0,0,3.6728784e-07
0,0,3.144547e-07
0,0,6.011889e-07
0,0,3.662979e-07
0,0,3.8680545e-07
0,0,3.108392e-07
0,0,4.5835688e-07
0,0,5.536426e-07
0,0,1.1837038e-06
0,0,3.830351e-07
0,0,3.1714714e-07
0,0,4.043011e-07
0,0,3.6307665e-07
0,0,3.5222834e-07
0,0,1.8104362e-06
0,0,1.1326552e-05
0,0,3.3594608e-07
1,1,0.9999032
0,1,0.9994717
0,0,5.515441e-07
0,0,3.337503e-07
0,0,9.943662e-07
0,0,2.2833135e-06
0,0,4.1125662e-07
0,0,1.6820301e-06
0,0,9.1595876e-07
0,0,6.275453e-07
0,0,5.4036377e-07
0,0,3.6048453e-07
0,0,9.651096e-06
0,0,1.0737693e-06
0,0,4.786176e-07
1,0,0.0005264622
1,1,0.9999913
0,0,3.7089998e-07
1,1,0.9999895
0,0,3.3578783e-07
0,0,7.8575823e-07
0,0,8.2505545e-07
0,0,3.0964682e-07
0,0,2.411464e-06
0,0,3.4345435e-06
0,0,4.004011e-07
0,0,3.2872208e-07
0,0,3.8484131e-07
0,0,2.9555704e-07
0,0,4.362233e-07
0,0,6.08698e-07
0,0,3.6796447e-07
0,0,5.5816366e-07
0,0,4.1486456e-07
0,0,5.190764e-07
0,0,1.3288433e-06
0,0,3.4355517e-07
0,0,0.00015389016
0,0,3.4840505e-07
1,0,0.07859693
0,0,3.3013583e-07
1,1,0.99996567
0,0,7.581366e-07
0,0,3.2557904e-07
0,0,3.125192e-07
1,1,0.9999212
0,0,6.8665975e-07
0,0,3.9685193e-07
0,0,3.6884177e-07
0,0,6.9207035e-06
0,0,3.211023e-07
0,0,3.775879e-07
0,0,3.696006e-07
0,0,7.722996e-07
1,1,0.9998963
0,0,2.9893513e-07
0,0,5.642586e-07
1,0,8.436618e-06
0,0,3.304962e-07
0,0,3.3634038e-07
0,0,3.6223554e-07
0,0,7.601804e-07
0,0,3.953764e-07
0,0,3.0622152e-07
0,0,5.201607e-07
0,0,2.928632e-07
0,0,1.3955511e-06
0,0,5.9900333e-07
0,0,3.6019588e-07
0,0,7.805853e-07
1,0,1.4047004e-06
0,0,3.6079442e-07
1,1,0.99999404
0,0,3.2375533e-07
0,0,3.4347622e-07
0,0,3.9692347e-07
0,0,7.576249e-07
0,0,9.347373e-07
0,0,3.4724803e-07
0,0,5.134323e-07
0,0,3.3379902e-07
0,0,4.2390437e-07
0,0,7.5468563e-07
0,0,3.5474721e-07
0,0,1.076851e-06
0,0,3.1526844e-07
0,0,5.327194e-07
0,0,3.3528227e-07
0,0,3.4656884e-07
0,0,4.266981e-07
0,0,5.1453276e-07
0,0,3.1729994e-07
0,0,3.5276113e-07
0,0,7.670894e-07
0,0,3.1653076e-07
0,0,3.8152214e-07
0,0,4.6259012e-07
0,0,3.9965641e-07
0,0,2.8039597e-07
0,0,3.7588168e-07
1,1,0.9999938
0,0,3.650209e-07
0,0,6.732906e-07
0,0,3.816415e-07
1,1,0.9999919
0,0,3.305542e-07
0,0,3.2421818e-07
0,0,5.648778e-07
1,1,0.99998987
0,0,8.504471e-07
0,0,4.1892497e-07
1,0,0.0002590614
0,0,3.996122e-07
0,0,4.0322678e-07
0,0,3.525449e-07
0,0,3.1839147e-07
0,0,3.922068e-07
0,0,5.228134e-07
0,0,1.0007745e-06
0,0,3.5210005e-07
1,1,0.99998224
1,0,0.00038638135
0,0,4.6405492e-07
1,0,8.376271e-07
0,0,9.689779e-07
0,0,3.0392312e-07
0,0,6.121443e-07
1,1,0.9998834
0,0,2.280739e-06
0,0,7.6580585e-07
0,0,1.1394093e-06
0,0,3.655661e-07
0,0,5.190764e-07
0,0,5.7806676e-07
0,0,4.55058e-07
0,0,4.44181e-07
0,0,7.324562e-07
0,0,2.9240553e-07
0,0,3.312835e-07
0,0,3.2208743e-07
0,0,3.3202963e-07
0,0,6.407451e-07
0,0,3.0521565e-07
0,0,3.9910412e-07
0,0,4.6519858e-07
0,0,3.856647e-07
0,0,4.331887e-07
0,0,4.0519973e-07
0,0,6.879438e-07
0,0,1.1822158e-06
0,0,3.941288e-07
0,0,3.9944837e-07
0,0,4.1100057e-07
0,0,3.37603e-07
0,0,6.497563e-07
0,0,3.6004064e-07
0,0,3.6091006e-07
0,0,3.4486624e-07
0,0,4.840401e-07
0,0,1.0433276e-06
0,0,5.8320927e-07
0,0,9.569778e-07
0,0,3.5168557e-07
0,0,8.4989574e-07
0,0,3.4704678e-07
0,0,3.1620127e-07
0,0,2.9120082e-07
0,0,3.091243e-07
0,0,9.5997726e-05
1,1,0.99801815
1,0,0.0035913838
1,1,0.9999826
0,0,3.1742613e-07
0,0,4.739216e-07
0,0,5.5259834e-06
0,0,5.210966e-07
0,0,2.9047607e-07
0,0,4.940635e-07
0,0,2.0434827e-06
0,0,9.0568295e-07
0,0,0.00019403361
0,0,3.951472e-07
0,0,3.3759173e-07
0,0,3.0156255e-07
1,0,0.00016854506
0,0,3.4729572e-07
0,0,5.1202306e-07
0,0,3.4754524e-07
0,0,1.2397173e-06
0,0,3.1375524e-07
0,0,3.5766934e-07
0,0,3.626756e-07
0,0,3.9461509e-07
0,0,3.809586e-07
0,0,8.9700296e-07
0,0,3.8844934e-07
1,0,1.6467776e-06
0,0,3.619434e-07
0,0,5.547927e-07
0,0,2.8785462e-07
0,0,4.5984024e-07
0,0,9.0813927e-07
0,0,3.826887e-05
0,0,4.813972e-07
0,0,3.8688918e-07
0,0,2.808129e-07
0,0,3.7037827e-07
0,0,2.951824e-07
0,0,3.1604299e-07
0,0,2.8224224e-06
0,0,3.921881e-07
0,0,3.2403827e-07
0,0,2.8266658e-07
0,0,4.0537944e-07
0,0,2.564386e-06
0,0,4.9669785e-07
0,0,9.2228737e-07
0,0,4.6606803e-07
0,0,3.332491e-07
0,0,4.1495002e-07
0,0,3.3789578e-07
0,0,4.4883262e-07
0,0,3.3299014e-07
0,0,2.925807e-07
0,0,4.320957e-07
0,0,3.1176813e-07
0,0,2.7755246e-07
0,0,1.0801681e-06
0,0,2.9578575e-07
0,0,2.9000103e-06
0,0,3.7718084e-07
0,0,4.1041108e-07
0,0,1.0819713e-06
0,0,2.9771155e-07
0,0,4.5529416e-07
0,0,7.2692393e-07
0,0,5.1779983e-07
0,0,3.1258506e-07
0,0,5.991752e-06
0,0,4.305388e-07
0,0,4.6600758e-07
0,0,8.3300273e-07
0,0,2.925489e-07
0,0,6.4517593e-07
0,0,3.446279e-07
0,0,3.2257714e-07
0,0,3.5146633e-07
0,0,5.9010705e-07
0,0,4.6809615e-07
0,0,3.5049797e-07
0,0,5.0665903e-07
0,0,4.6425632e-07
0,0,3.1983703e-07
0,0,7.777809e-07
0,0,3.3057813e-07
0,0,3.6702033e-07
0,0,8.858596e-07
0,0,4.1352823e-07
1,1,0.9999887
1,0,1.0488023e-05
0,0,4.989396e-07
0,0,3.5077483e-07
0,0,7.4226506e-07
0,0,5.8978634e-07
0,0,3.4884394e-07
0,0,2.912983e-07
0,0,1.3387778e-06
0,0,3.2790797e-07
0,0,3.2947216e-07
0,0,5.682071e-07
1,0,8.074986e-07
0,0,3.8599623e-07
0,0,3.4161351e-07
0,0,6.844779e-07
0,0,6.873365e-07
0,0,4.3501853e-07
0,0,5.419399e-07
0,0,3.3705837e-07
0,0,6.4090284e-07
0,0,5.095927e-07
0,0,3.751017e-07
0,0,7.910462e-07
0,0,4.4161294e-07
0,0,3.773737e-07
0,0,5.7280783e-07
0,0,3.184589e-07
0,0,4.3479704e-07
0,0,6.160541e-07
0,0,6.6321e-07
0,0,3.8326934e-07
0,0,4.044091e-07
0,0,4.125462e-07
0,0,3.8858494e-07
0,0,4.33736e-07
1,0,6.390876e-07
0,0,3.765411e-07
0,0,8.3211347e-07
1,1,0.99998236
0,0,4.3732132e-07
0,0,4.917311e-07
0,0,8.7431994e-07
0,0,3.2503925e-07
0,0,1.1634478e-06
0,0,2.692507e-07
1,0,3.0989374e-06
0,0,3.1102425e-07
0,0,1.3627399e-06
0,0,4.3721454e-07
0,0,4.6420584e-07
0,0,3.3905658e-07
0,0,3.0469334e-07
0,0,4.271704e-07
0,0,6.5313037e-07
1,1,0.9995227
0,0,4.5948428e-07
0,0,3.2669905e-07
0,0,3.643587e-07
0,0,4.728643e-07
0,0,6.3423516e-07
0,0,3.2707095e-07
0,0,3.7579133e-07
0,0,5.9770286e-07
0,0,3.8801284e-07
0,0,4.7508638e-07
0,0,4.0968686e-07
0,0,4.4048275e-07
1,0,0.00025720673
0,0,3.1992488e-07
0,0,3.0267327e-07
0,0,7.2751067e-07
0,0,5.0421085e-07
0,0,2.7600885e-07
0,0,4.0401667e-07
0,0,1.2543092e-06
0,0,4.264182e-07
0,0,3.1313189e-06
0,0,4.002171e-07
0,0,3.6589643e-07
0,0,4.0344528e-07
0,0,3.6164323e-07
0,0,2.7374654e-07
1,0,9.3008134e-07
0,0,9.2684854e-07
0,0,1.0975248e-06
1,0,7.325966e-05
0,0,3.3942183e-07
0,0,7.738036e-06
0,0,4.5827557e-07
0,0,3.5453414e-07
0,0,3.121037e-07
0,0,4.5040974e-07
0,0,8.313742e-07
0,0,4.0478878e-07
0,0,4.5434425e-07
0,0,3.6811718e-07
0,0,4.7157718e-07
0,0,4.6087152e-07
0,0,7.4969864e-07
0,0,4.0510233e-07
0,0,3.4639072e-07
0,0,6.53359e-07
0,0,3.2299792e-07
0,0,4.9250264e-07
0,0,4.2179286e-07
0,0,3.1250966e-07
0,0,3.3208252e-07
0,0,1.6689469e-06
1,0,1.0152226e-06
0,0,4.5654244e-07
0,0,4.6976555e-07
0,0,3.8280137e-07
0,0,8.440719e-07
0,0,3.039985e-07
0,0,2.740851e-07
0,0,5.5145784e-07
0,0,3.1390968e-07
1,1,0.9999896
0,0,4.593178e-07
0,0,1.5057333e-06
0,0,6.365863e-07
0,0,3.4002153e-07
0,0,6.976227e-07
0,0,2.544469e-06
0,0,4.2877113e-07
0,0,3.4772424e-07
0,0,7.0371806e-07
0,0,3.5785186e-07
0,0,3.731586e-07
0,0,3.0220286e-07
1,0,4.646417e-06
0,0,3.14605e-07
0,0,2.9750493e-07
0,0,3.8965334e-07
0,0,3.1998775e-07
0,0,1.9300794e-06
0,0,3.4796938e-07
0,0,6.5035147e-07
0,0,3.055541e-07
1,1,0.9999645
1,1,0.9999342
0,0,3.387421e-07
0,0,2.9737896e-07
0,0,3.1288064e-07
0,0,5.259169e-07
0,0,5.686343e-07
0,0,4.698843e-07
0,0,3.7892514e-07
0,0,6.95899e-07
0,0,4.5567774e-07
0,0,3.9843556e-07
0,0,4.026381e-07
0,0,2.9172784e-07
0,0,2.3758944e-06
0,0,2.8147247e-07
0,0,3.1007886e-07
0,0,3.1887615e-07
0,0,3.5428573e-07
0,0,3.465001e-07
0,0,3.6885902e-07
0,0,3.4843796e-07
0,0,4.0773992e-07
0,0,3.1117318e-07
0,0,8.496275e-07
0,0,3.1384621e-07
0,0,5.3286675e-07
0,0,5.302358e-07
0,0,4.96417e-07
0,0,5.8011676e-07
0,0,0.390186
0,0,4.5305137e-07
0,0,7.490669e-07
0,0,3.898552e-07
0,0,1.3355107e-06
0,0,2.900934e-06
0,0,4.6199057e-07
0,0,2.865268e-07
0,0,3.287553e-07
0,0,6.0932297e-07
1,1,0.99999356
0,0,1.5235086e-06
0,0,5.4026896e-07
0,0,5.3793997e-07
0,0,5.477062e-07
0,0,3.1437673e-07
0,0,4.7213206e-07
0,0,3.557704e-07
0,0,4.5087646e-07
0,0,5.9673573e-07
1,1,0.9999939
0,0,3.2221584e-07
0,0,7.3253585e-07
0,0,2.9826222e-07
0,0,3.1987153e-07
1,1,0.99999225
0,0,4.0223128e-07
0,0,2.9053314e-07
0,0,3.957276e-07
0,0,7.910017e-07
1,1,0.9999877
0,0,3.550603e-07
0,0,5.102142e-07
0,0,3.862967e-07
0,0,3.4309843e-07
0,0,1.3039567e-06
0,0,3.691497e-07
0,0,3.2224211e-06
0,0,2.8204266e-07
0,0,3.0929357e-07
0,0,3.4989145e-07
0,0,2.8896525e-07
0,0,5.5638753e-07
0,0,4.6969924e-07
0,0,2.9288302e-07
0,0,1.0771777e-06
0,0,8.0455845e-07
0,0,6.6063575e-07
0,0,3.8363942e-07
0,0,2.0617936e-06
0,0,2.9269037e-07
1,1,0.99997497
0,0,7.742088e-07
1,1,0.9997763
1,1,0.9999893
0,0,4.841269e-07
0,0,5.503781e-07
0,0,1.0125937e-06
0,0,3.4897437e-07
0,0,7.5651155e-07
0,0,3.0524768e-07
0,0,3.4268737e-07
0,0,3.6005676e-07
0,0,2.9524264e-07
0,0,4.2918188e-07
0,0,9.311898e-07
0,0,3.4545448e-07
0,0,4.637965e-07
0,0,3.463134e-07
0,0,3.6355482e-07
0,0,3.3809175e-07
1,1,0.9999796
0,0,9.922064e-07
0,0,5.780419e-07
0,0,4.3129498e-07
0,0,1.551579e-06
0,0,1.2441743e-06
0,0,1.8199919e-06
0,0,9.777408e-07
0,0,6.042353e-07
0,0,3.7890237e-07
0,0,3.9976084e-07
0,0,3.649847e-07
0,0,8.530382e-07
0,0,4.202683e-07
0,0,1.3840586e-06
0,0,6.3772507e-07
0,0,4.6859194e-07
0,0,3.5248908e-07
0,0,5.8847445e-07
0,0,4.516571e-07
1,1,0.9999529
0,0,3.387043e-07
0,0,4.0420397e-07
0,0,2.781359e-07
0,0,5.604407e-07
0,0,3.1252605e-07
0,0,8.4980826e-07
0,0,9.071594e-07
0,0,4.77655e-07
0,0,4.2990695e-07
0,0,7.8451905e-07
0,0,3.0240778e-06
1,1,0.99999166
0,0,3.3178432e-07
0,0,5.267275e-07
0,0,6.092706e-07
0,0,2.9277078e-07
0,0,3.407636e-07
0,0,2.9917584e-07
0,0,3.7534218e-07
0,0,7.5426254e-07
0,0,5.766995e-07
0,0,4.3841496e-07
0,0,6.6598164e-07
0,0,3.7649264e-07
0,0,3.0233315e-07
0,0,3.0190097e-07
0,0,3.747331e-07
0,0,4.3515337e-07
0,0,2.3837833e-06
0,0,5.7986506e-07
0,0,4.659658e-07
0,0,5.725042e-07
0,0,3.5245142e-07
0,0,3.948888e-07
0,0,3.352442e-07
0,0,3.25417e-07
0,0,3.2365256e-07
0,0,3.3195175e-07
0,0,3.914975e-07
0,0,3.624809e-07
0,0,3.287838e-07
0,0,3.636443e-07
0,0,4.907309e-07
0,0,4.1202625e-06
1,1,0.9999912
0,0,4.217414e-07
0,0,3.9901812e-07
0,0,4.443581e-07
0,0,3.3406556e-07
0,0,3.1625132e-07
0,0,6.7717093e-07
0,0,8.082252e-07
1,0,0.008539032
0,0,6.4877054e-07
0,0,4.1730763e-07
0,0,2.825391e-07
0,0,4.6662487e-07
0,0,3.666862e-07
0,0,3.618385e-07
0,0,3.4656716e-07
0,0,4.914723e-07
0,0,5.4941427e-07
0,0,6.1470774e-07
1,0,6.720101e-07
0,0,0.00026015594
0,0,2.9335013e-07
0,0,4.1539187e-07
0,0,3.7655477e-07
0,0,3.410442e-07
0,0,3.779644e-07
0,0,3.1237022e-07
0,0,2.7010768e-07
0,0,4.6414388e-07
0,0,5.054395e-07
0,0,3.6823548e-07
0,0,3.669283e-07
0,0,1.6788197e-05
0,0,4.7175172e-07
0,0,3.909617e-07
0,0,4.2984792e-07
0,0,5.006116e-07
0,0,6.942915e-07
0,0,7.7155016e-07
0,0,4.067608e-07
0,0,4.6528552e-07
0,0,2.8678434e-07
0,0,3.570123e-07
0,0,3.7473774e-07
1,1,0.99994874
0,0,3.56008e-07
0,0,3.5122204e-07
0,0,6.055228e-07
0,0,3.4727057e-07
0,0,3.3788288e-07
0,0,8.3512975e-07
0,0,4.314727e-07
0,0,7.796568e-07
0,0,4.6685452e-07
0,0,3.8742974e-07
0,0,4.2906973e-07
0,0,2.84373e-07
0,0,2.342448e-06
0,0,6.230294e-07
0,0,3.5263636e-07
0,0,4.109743e-07
0,0,6.104956e-07
0,0,2.9662695e-07
0,0,2.6295385e-07
1,1,0.9999924
0,0,4.5895962e-07
0,0,4.323789e-07
0,0,4.7007615e-07
0,0,5.157098e-07
0,0,0.002072765
0,0,5.166983e-07
0,0,9.119911e-07
0,0,2.875632e-07
0,0,3.9985235e-07
0,0,5.046655e-07
0,0,3.7073096e-07
0,0,6.654173e-07
0,0,3.341465e-07
0,0,5.3753974e-06
0,0,3.1174167e-07
0,0,3.9224156e-07
0,0,4.6735346e-07
1,0,7.084161e-07
0,0,3.9246268e-07
0,0,3.1359102e-07
0,0,2.9958812e-07
0,0,3.2687575e-07
0,0,2.9556747e-07
1,1,0.99999225
0,0,4.76225e-06
0,0,5.060868e-07
0,0,3.7431272e-07
0,0,5.179668e-07
0,0,2.993348e-07
0,0,2.9679362e-07
0,0,3.6473278e-07
1,1,0.9999789
0,0,0.0014264352
0,0,4.0304764e-07
0,0,3.0714577e-07
0,0,3.6254454e-07
0,0,4.8844913e-07
0,0,1.3623838e-06
0,0,3.4279623e-07
0,0,3.0114413e-07
0,0,4.7129575e-07
0,0,3.5848205e-07
0,0,4.360395e-07
0,0,3.0606708e-07
0,0,3.761176e-07
0,0,7.3572e-07
0,0,5.25599e-07
0,0,7.6902455e-07
0,0,4.4172162e-07
1,1,0.99994063
0,0,4.857872e-07
1,0,0.00014473026
1,1,0.99999535
0,0,4.3816374e-07
0,0,7.5699876e-07
0,0,3.7171336e-07
0,0,3.2920144e-07
0,0,3.8586592e-07
0,0,3.1810027e-06
0,0,3.1686386e-07
0,0,3.726259e-07
0,0,5.127179e-07
0,0,3.9449807e-07
1,1,0.9999902
1,1,0.99998593
0,0,4.6234405e-07
1,0,9.732688e-07
0,0,2.9785667e-07
0,0,5.5696194e-07
0,0,3.7234668e-07
0,0,3.9504624e-07
0,0,4.6743285e-06
0,0,3.451548e-07
0,0,6.431585e-07
0,0,2.986872e-07
0,0,5.0842135e-07
0,0,4.0068605e-07
0,0,7.458378e-07
0,0,3.918613e-07
0,0,4.267632e-07
0,0,3.9666804e-07
1,0,0.005683001
0,0,2.9556438e-07
0,0,1.0689458e-06
0,0,3.9739882e-07
0,0,4.6201347e-07
1,0,3.4542657e-06
0,0,3.9490234e-07
0,0,4.3201783e-07
0,0,4.6015256e-07
0,0,3.4793953e-07
1,1,0.99995744
0,0,6.9120756e-07
0,0,4.0574184e-07
0,0,7.3115115e-07
0,0,3.9507262e-07
0,0,3.990657e-07
0,0,7.726871e-07
0,0,3.573216e-07
0,0,7.247787e-07
0,0,4.3343044e-07
0,0,5.6204004e-07
0,0,2.991399e-07
0,0,2.713723e-07
0,0,8.523673e-07
0,0,1.0719635e-06
0,0,3.184443e-07
0,0,4.6818005e-07
1,0,0.0013449853
0,0,2.8479582e-07
0,0,2.42533e-06
0,0,3.4885923e-07
1,1,0.9999869
0,0,4.7247212e-07
0,0,3.460764e-07
0,0,4.7308617e-07
0,0,4.0005148e-07
0,0,3.757555e-07
0,0,5.240414e-07
0,0,4.274577e-07
0,0,5.1234156e-07
0,0,5.481561e-07
0,0,2.744361e-07
0,0,4.0752883e-07
0,0,2.4255382e-06
0,0,6.792757e-07
0,0,7.954255e-07
0,0,3.396731e-07
0,0,4.1725033e-07
0,0,1.6036704e-06
0,0,3.2620872e-07
0,0,3.2189797e-07
0,0,3.3174098e-07
0,0,5.4134483e-07
0,0,8.039854e-07
0,0,4.0165207e-07
0,0,4.1061074e-07
0,0,6.4060094e-07
0,0,4.25348e-07
0,0,3.5571782e-07
0,0,6.329204e-07
0,0,3.0708864e-07
0,0,4.2056645e-06
0,0,8.9890403e-07
0,0,9.129657e-07
0,0,3.6804383e-07
0,0,4.385132e-07
1,1,0.99537635
0,0,1.074425e-06
0,0,3.3547065e-07
0,0,3.1271657e-07
0,0,2.809723e-07
0,0,3.0514988e-07
0,0,3.1564028e-07
0,0,1.9718889e-06
0,0,3.2873177e-07
0,0,3.326131e-07
0,0,6.526466e-07
0,0,7.22407e-07
0,0,4.2904725e-07
0,0,3.229434e-07
0,0,1.445205e-06
0,0,3.582975e-07
0,0,4.3695113e-07
0,0,3.815214e-07
0,0,6.468578e-07
0,0,6.665567e-07
1,1,0.9998871
0,0,5.824967e-07
0,0,3.0397007e-07
0,0,3.0679328e-07
0,0,4.582677e-07
0,0,4.7293958e-07
0,0,2.885522e-07
0,0,3.301591e-07
0,0,5.6672644e-07
1,0,5.7043e-06
0,0,9.89757e-05
0,0,2.676547e-07
0,0,3.572783e-07
1,1,0.999987
0,0,6.1185597e-07
0,0,4.2601582e-07
0,0,4.4006077e-07
0,0,6.3804504e-07
0,0,3.5004365e-07
0,0,5.960225e-07
0,0,6.4978974e-07
1,0,4.2538613e-07
0,0,5.068248e-07
1,1,0.9999664
0,0,5.6751605e-07
0,0,4.6942878e-07
0,0,3.4461672e-07
0,0,1.1345439e-06
0,0,4.6564597e-07
1,1,0.99999
0,0,3.550759e-06
0,0,3.918613e-07
0,0,4.8414717e-07
0,0,4.9341276e-07
0,0,6.6427094e-07
0,0,3.0453938e-07
0,0,3.5364434e-07
0,0,2.9879774e-07
0,0,6.056776e-07
1,1,0.9999927
0,0,4.435173e-07
0,0,5.5144045e-07
0,0,3.3430206e-07
0,0,8.47161e-06
0,0,3.6924263e-07
1,0,4.7148768e-07
0,0,3.465024e-07
0,0,7.249799e-07
0,0,5.240294e-07
0,0,4.3424592e-07
0,0,3.0829437e-07
0,0,3.4412605e-07
0,0,3.9382445e-07
0,0,1.9085467e-06
0,0,3.3028036e-07
0,0,6.924816e-07
0,0,6.598997e-07
1,1,0.99995387
0,0,4.2478737e-07
0,0,4.859726e-07
1,0,2.8552417e-05
0,0,4.129048e-07
0,0,3.305337e-07
0,0,1.9251765e-06
0,0,2.8116872e-06
0,0,2.8490368e-07
0,0,9.591341e-07
0,0,4.8902797e-07
0,0,2.825919e-07
0,0,5.1911206e-07
0,0,6.787783e-07
0,0,4.6032287e-07
1,1,0.99995077
0,0,5.7945493e-07
0,0,3.5649347e-07
0,0,2.8047458e-07
0,0,4.38081e-07
1,1,0.9999629
0,0,3.3270825e-07
0,0,4.169441e-07
0,0,4.44984e-07
0,0,5.782239e-07
1,0,2.8496147e-06
0,0,4.129678e-07
0,0,2.8566464e-07
0,0,4.2435008e-07
0,0,4.3631235e-07
0,0,8.3530574e-07
0,0,1.0291674e-06
0,0,1.1509925e-06
0,0,4.834652e-07
0,0,3.179612e-07
0,0,3.5959283e-07
0,0,3.4492678e-07
0,0,3.845988e-07
0,0,3.513031e-07
0,0,3.9883474e-07
0,0,3.4903093e-07
0,0,4.1954428e-07
0,0,1.0900746e-06
0,0,4.14698e-07
0,0,0.0017404848
0,0,1.5679294e-06
0,0,4.9970146e-07
0,0,3.8916386e-07
0,0,4.005149e-07
0,0,5.389433e-07
1,1,0.9997713
0,0,7.427983e-07
0,0,4.9676606e-07
0,0,4.3278567e-07
0,0,3.1106458e-07
0,0,4.8004526e-06
0,0,3.2112285e-07
0,0,3.9309836e-07
0,0,6.1881923e-07
0,0,3.0735262e-07
0,0,4.4600068e-07
0,0,2.9518097e-07
0,0,3.3653097e-07
0,0,1.1361551e-06
0,0,6.547687e-07
1,1,0.9999926
0,0,3.1220404e-07
1,0,6.72364e-07
0,0,7.806166e-07
0,0,2.7704152e-07
1,1,0.99995625
0,0,4.7653893e-07
0,0,3.3147785e-07
0,0,3.410543e-07
0,0,3.2113448e-07
0,0,7.204049e-07
0,0,6.96057e-07
0,0,5.7736423e-07
0,0,4.054966e-07
0,0,5.620609e-07
0,0,4.3604032e-07
0,0,5.305272e-07
0,0,2.5979395e-07
0,0,3.1023623e-07
0,0,3.7889043e-07
0,0,4.2643126e-07
0,0,6.8024934e-07
0,0,5.810619e-07
0,0,2.8639514e-07
0,0,4.447551e-06
0,0,3.2070204e-07
0,0,3.9271768e-07
0,0,3.882527e-07
0,0,6.4760593e-07
1,1,0.9593773
0,0,6.4231625e-07
0,0,4.6693114e-07
0,0,4.0752104e-07
0,0,7.522985e-07
0,0,5.485096e-07
0,0,1.3432615e-06
0,0,2.6962897e-07
0,0,3.9296307e-07
0,0,3.9905464e-07
0,0,6.146667e-07
0,0,3.7811435e-07
0,0,3.9271544e-07
0,0,4.6207924e-06
0,0,3.8775133e-07
0,0,2.9737072e-07
0,0,7.031371e-07
0,0,6.202507e-07
0,0,3.1438995e-07
0,0,3.8340715e-07
1,0,1.420088e-06
0,0,3.942273e-07
0,0,4.1117895e-07
0,0,9.185989e-07
1,1,0.9999819
0,0,4.1253048e-07
0,0,1.9183863e-06
0,0,4.128741e-07
0,0,4.688427e-07
0,0,3.4362694e-07
0,0,3.5380896e-07
0,0,2.9633065e-07
0,0,3.1242772e-07
0,0,4.0265883e-07
0,0,5.763938e-07
0,0,9.806993e-07
0,0,2.8573712e-07
0,0,1.072395e-06
1,0,3.2827013e-06
0,0,6.1121443e-07
0,0,5.440122e-07
1,0,0.027166637
0,0,4.678065e-07
0,0,3.3950536e-07
0,0,4.6567973e-07
0,0,5.719404e-07
0,0,3.0768078e-07
0,0,2.8221754e-07
0,0,1.0209713e-05
0,0,0.010425533
0,0,4.283473e-07
1,0,4.8295415e-06
0,0,4.3675115e-07
0,0,4.201124e-07
0,0,5.1991265e-07
0,0,3.1006408e-07
0,0,4.0809198e-07
0,0,3.8945237e-07
0,0,5.0366634e-07
0,0,9.435242e-07
0,0,5.466187e-07
0,0,4.1618614e-07
0,0,1.1500334e-06
0,0,6.8606994e-07
0,0,3.830402e-07
0,0,3.797018e-07
0,0,6.0433135e-06
0,0,8.027183e-07
0,0,4.029454e-07
1,0,5.5405646e-05
0,0,1.2742024e-06
0,0,3.1112214e-07
0,0,6.055182e-07
0,0,4.4609985e-07
0,0,8.886095e-07
0,0,1.1433343e-06
0,0,6.4961375e-07
0,0,3.378017e-07
0,0,3.41146e-07
0,0,1.3482527e-06
0,0,3.2537233e-07
0,0,4.928381e-07
0,0,3.21581e-07
0,0,4.370286e-07
0,0,4.2918228e-07
0,0,3.3235912e-07
0,0,2.9983332e-06
0,0,3.760674e-07
0,0,3.5647375e-07
0,0,3.8102036e-07
0,0,3.4536555e-07
0,0,2.4702044e-06
0,0,3.92569e-07
1,1,0.999796
0,0,3.4343137e-07
0,0,1.8289758e-05
0,0,2.7976213e-07
0,0,9.985419e-07
1,1,0.99999094
1,1,0.9999889
1,1,0.99999046
0,0,3.6881858e-07
0,0,3.3565146e-07
0,0,3.3506552e-07
0,0,3.7449337e-07
0,0,3.8872062e-07
0,0,4.0794333e-07
0,0,4.0917027e-07
1,1,0.99957305
0,0,3.4644492e-07
0,0,6.0480374e-07
0,0,6.034544e-07
1,1,0.9999782
0,0,3.788601e-07
0,0,4.711587e-07
0,0,7.2911166e-07
0,0,4.6933346e-07
0,0,3.3293585e-07
0,0,2.9934765e-07
0,0,6.5353976e-07
0,0,4.4571624e-07
0,0,1.5774172e-06
0,0,5.8881017e-07
0,0,4.86957e-07
0,0,3.7297357e-07
0,0,4.053342e-07
0,0,4.9671723e-07
0,0,3.381121e-07
0,0,5.04208e-07
0,0,3.159318e-07
1,1,0.99998677
0,0,6.0933803e-07
0,0,3.6133156e-07
0,0,4.7767327e-07
0,0,3.0672746e-07
1,0,1.6429844e-06
0,0,3.6903495e-07
1,1,0.9995022
0,0,3.461371e-07
0,0,3.650599e-07
0,0,4.5023924e-07
0,0,9.512626e-07
0,0,4.248595e-07
0,0,3.978474e-07
0,0,3.3490133e-07
0,0,6.203401e-07
0,0,5.542623e-07
0,0,3.0247216e-07
0,0,4.408017e-07
0,0,3.9068516e-07
0,0,3.0101148e-07
0,0,4.6255397e-07
0,0,8.598107e-07
0,0,5.696183e-07
0,0,4.4422634e-07
0,0,6.2222307e-07
0,0,4.3743643e-07
0,0,1.0273512e-06
0,0,3.3036005e-07
0,0,5.637551e-07
0,0,4.5723047e-07
1,1,0.9993849
0,0,3.5307315e-07
1,0,0.0027271954
0,0,3.3182263e-07
0,0,5.086619e-07
0,0,8.201789e-07
0,0,3.269372e-07
0,0,1.1793285e-06
0,0,6.7520347e-07
0,0,3.6551415e-07
1,1,0.99953747
0,0,2.7955812e-07
0,0,2.9680627e-06
0,0,5.16893e-07
0,0,3.4591469e-07
0,0,7.047866e-07
1,1,0.9997384
0,0,4.0344642e-07
0,0,4.5559125e-07
0,0,5.236662e-07
1,1,0.99997616
0,0,5.166298e-07
0,0,5.5074514e-07
0,0,2.8747795e-07
0,0,1.0167661e-05
0,0,3.0247446e-07
0,0,6.233218e-07
