post_id,n_tokens,label_orig,binary_label,targets,rationale_pos,has_rationale,n_annotators,label_agree,y_true,y_pred,y_prob
4765911_gab,46,normal,0,"['Caucasian', 'Men', 'Other', 'Women']",[],False,3,False,0,0,0.00027449525
1215679596336689155_twitter,18,offensive,1,[],"[12, 13, 14, 15, 16, 17]",True,3,True,1,1,0.999966
27692892_gab,15,hatespeech,1,"['Hispanic', 'Men', 'Christian', 'Refugee', 'Heterosexual', 'Minority']","[13, 14]",True,3,False,1,1,0.99998546
1256922346956435459_twitter,8,offensive,1,"['Hispanic', 'Caucasian', 'Women']","[4, 5, 6, 7]",True,3,True,1,1,0.99128765
1089323621439414278_twitter,7,offensive,1,['Women'],[6],True,3,True,1,1,0.99985886
15823951_gab,29,hatespeech,1,['African'],"[8, 6, 23]",True,3,True,1,1,0.9999887
3041452_gab,19,hatespeech,1,"['Islam', 'Jewish', 'Other']","[0, 1, 2, 3, 4, 5, 6, 7, 8, 9, 10, 11, 12, 13, 14, 15, 16, 17, 18]",True,3,False,1,1,0.99998605
16460769_gab,40,hatespeech,1,['Islam'],[38],True,3,False,1,1,0.9999882
14020414_gab,13,offensive,1,"['Islam', 'Homosexual', 'Men', 'Refugee', 'Women', 'Arab']","[4, 5, 6, 7, 8, 9, 10, 11, 12]",True,3,False,1,1,0.99998534
23173712_gab,39,offensive,1,"['Homosexual', 'Islam']","[37, 20, 21, 22, 23, 24]",True,3,True,1,1,0.9999391
1087260795602329600_twitter,15,offensive,1,['Women'],[5],True,3,False,1,0,0.18149632
23269504_gab,11,hatespeech,1,"['Caucasian', 'African', 'Women']","[0, 1, 3, 4, 5, 6, 7, 8, 9, 10]",True,3,False,1,1,0.9999869
19613678_gab,38,normal,0,['Jewish'],[],False,3,False,0,1,0.53123844
10088893_gab,29,hatespeech,1,['Homosexual'],"[1, 2, 8, 9, 10, 11, 12, 16, 17, 18]",True,3,False,1,1,0.9999852
22808348_gab,20,offensive,1,['Other'],"[9, 10, 11, 13, 14]",True,3,False,1,0,0.01631725
1178871873465131008_twitter,45,normal,0,[],[],False,3,True,0,0,1.7746672e-05
1179103606752055298_twitter,7,offensive,1,['Women'],[2],True,3,True,1,0,0.052241456
22500099_gab,43,offensive,1,"['Homosexual', 'Islam']","[0, 1, 2, 3, 4, 5, 6, 7, 8, 9, 10, 11, 12, 13, 14, 15, 16, 17, 18, 19, 20, 21, 22, 23, 24, 25, 26, 27, 28, 29, 30, 31, 32, 33, 34, 35, 36, 37, 38, 39, 40, 41, 42]",True,3,False,1,1,0.99967074
15969953_gab,42,offensive,1,"['Homosexual', 'Men', 'Other']","[32, 26, 27, 28, 29, 31]",True,3,False,1,1,0.99916947
24249892_gab,8,hatespeech,1,"['Arab', 'Islam']","[0, 3, 4, 5, 6, 7]",True,3,False,1,1,0.99997854
17539657_gab,47,offensive,1,"['Caucasian', 'Hispanic', 'African']","[14, 15, 16, 17, 20, 21, 22]",True,3,True,1,1,0.99998474
1178751872150192128_twitter,36,normal,0,[],[],False,3,True,0,0,8.303241e-06
1179041937338318848_twitter,3,offensive,1,"['Disability', 'Other']",[2],True,3,True,1,1,0.99998534
27543139_gab,25,hatespeech,1,"['Arab', 'Jewish', 'Other']","[0, 1, 2, 3, 4, 5, 6, 7, 8, 9, 10, 11, 12, 13, 14, 15, 16, 17, 18, 19, 20, 21, 22, 23, 24]",True,3,False,1,1,0.99999034
24474924_gab,43,normal,0,"['Caucasian', 'Men', 'Women']",[],False,3,True,0,0,1.3798761e-05
17178016_gab,48,hatespeech,1,"['Minority', 'Jewish']","[44, 13, 14, 23, 24]",True,3,False,1,1,0.9997327
1230674874865192960_twitter,25,normal,0,['African'],[],False,3,False,0,1,0.9659056
21828756_gab,15,normal,0,"['Men', 'Caucasian', 'African', 'Women', 'Other']",[],False,3,False,0,1,0.9995633
11766357_gab,37,hatespeech,1,['African'],"[32, 33, 34, 35, 36]",True,3,True,1,1,0.99920434
1144020357101363203_twitter,14,normal,0,[],[],False,3,True,0,1,0.97957796
1178684226922848257_twitter,42,normal,0,['Caucasian'],[],False,3,True,0,0,0.06903484
9560214_gab,19,normal,0,['Women'],[],False,3,False,0,0,0.00034055463
25085591_gab,44,hatespeech,1,['African'],"[32, 33, 34, 35, 36, 37, 6, 7, 38, 39, 40, 41, 42, 43, 11, 12, 30, 31]",True,3,True,1,1,0.99996936
1125022374586400768_twitter,11,offensive,1,"['Caucasian', 'Men', 'Other']","[4, 5, 6]",True,3,True,1,1,0.99967897
11531871_gab,36,hatespeech,1,['Jewish'],"[32, 33, 34, 8, 9, 10, 11, 12, 15, 16, 17, 18, 19]",True,3,True,1,1,0.99997604
1179078508720640000_twitter,16,normal,0,[],[],False,3,True,0,0,2.029084e-05
1178807498234568704_twitter,42,normal,0,[],[],False,3,True,0,0,2.7181079e-05
1178921633031114752_twitter,42,normal,0,[],[],False,3,True,0,0,8.242994e-06
1179028585010651136_twitter,18,normal,0,[],[],False,3,True,0,0,5.3019536e-05
25008764_gab,15,normal,0,['Women'],[],False,3,True,0,1,0.99994385
1190366183167528960_twitter,28,normal,0,[],[],False,3,False,0,0,0.000298725
1179070924672425985_twitter,33,normal,0,[],[],False,3,True,0,0,2.0047833e-05
20780732_gab,20,hatespeech,1,"['Men', 'Jewish']","[0, 1, 2, 3, 4, 5, 6, 7, 8, 9, 10, 11, 12]",True,3,False,1,1,0.99998534
4368591_gab,27,hatespeech,1,"['African', 'Women']","[21, 22, 23, 24, 25, 26]",True,3,False,1,1,0.99998844
1255650470267359233_twitter,10,normal,0,"['Homosexual', 'African']",[],False,3,False,0,0,0.0143446475
1179095143850356737_twitter,7,normal,0,[],[],False,3,True,0,0,2.7633128e-05
1179017460042756096_twitter,32,normal,0,[],[],False,3,True,0,0,0.00042881092
17396457_gab,45,hatespeech,1,['Homosexual'],"[2, 42]",True,3,False,1,1,0.9999857
8607817_gab,42,offensive,1,"['Indigenous', 'Refugee']",[],False,3,False,1,1,0.6495145
1165785686903009283_twitter,16,normal,0,['Refugee'],[],False,3,False,0,1,0.99990225
12487417_gab,35,offensive,1,"['African', 'Other']","[32, 33, 34, 30, 31]",True,3,True,1,1,0.9999889
16413247_gab,33,normal,0,['Jewish'],[],False,3,False,0,1,0.94540745
23956986_gab,16,hatespeech,1,['African'],"[4, 5]",True,3,False,1,1,0.99997973
24081504_gab,12,hatespeech,1,['African'],[5],True,3,False,1,1,0.999979
1178638236706578432_twitter,27,hatespeech,1,['African'],[18],True,3,False,1,1,0.99996626
27953001_gab,46,offensive,1,['Refugee'],[],False,3,False,1,0,0.00024190509
14948289_gab,7,hatespeech,1,"['African', 'Jewish']","[2, 3, 4, 5, 6]",True,3,True,1,1,0.99998593
13702738_gab,34,hatespeech,1,"['African', 'Islam', 'Christian']","[3, 4, 5, 6, 7, 8, 9, 10, 11, 12, 17, 18, 19, 20, 21, 22, 23, 24, 25, 26, 27, 28, 29, 30, 31, 32, 33]",True,3,False,1,1,0.99978274
1267961587328925696_twitter,20,normal,0,['Men'],[],False,3,False,0,0,3.6250214e-05
8196222_gab,51,hatespeech,1,"['Homosexual', 'Caucasian', 'Refugee']","[0, 1, 2, 3, 4, 5, 6, 7, 8, 9, 10, 11, 12, 13, 14, 15, 16, 17, 18, 19, 20, 21, 22, 23, 24, 26, 27, 28, 29, 30, 31, 32, 33, 34, 35, 36, 37, 38, 39, 40, 41, 42, 43, 44, 45, 46, 47, 48, 49, 50]",True,3,True,1,1,0.99998903
6062932_gab,21,offensive,1,"['Indigenous', 'Refugee']","[14, 15, 16, 17, 18, 19, 20]",True,3,False,1,0,0.002696633
8657875_gab,21,hatespeech,1,['African'],"[4, 12]",True,3,False,1,1,0.99996257
6655495_gab,50,normal,0,"['Arab', 'Islam']",[],False,3,False,0,1,0.95322114
10843940_gab,40,hatespeech,1,"['Caucasian', 'Islam', 'Other']","[32, 33, 34, 35, 36, 37, 38, 39, 29, 30, 31]",True,3,False,1,1,0.99878365
15455318_gab,26,hatespeech,1,"['Homosexual', 'Men']",[],False,3,False,1,1,0.99929833
19134180_gab,31,hatespeech,1,['African'],"[7, 8, 9, 10, 11, 12, 13, 14, 15, 16, 17, 18, 19, 20, 21, 24, 25, 26, 27, 28, 29, 30]",True,3,True,1,1,0.99997413
1179041480666693632_twitter,36,normal,0,['Jewish'],[],False,3,False,0,0,6.793937e-06
1195959027525726209_twitter,10,normal,0,['Other'],[],False,3,True,0,0,1.896059e-05
9251318_gab,25,normal,0,"['Homosexual', 'Islam']",[],False,3,False,0,1,0.99998975
27279573_gab,7,hatespeech,1,['African'],"[4, 5, 6]",True,3,True,1,1,0.99996734
18421440_gab,21,hatespeech,1,['African'],"[1, 2, 3, 4, 5, 6, 7, 8, 9, 10, 11, 12, 13, 14, 15, 16, 17, 18, 19, 20]",True,3,False,1,1,0.99997604
25400457_gab,10,hatespeech,1,"['Islam', 'Jewish', 'Refugee']","[0, 1, 2, 3, 4, 5, 6, 7, 8, 9]",True,3,False,1,1,0.99994385
12388273_gab,33,hatespeech,1,"['Caucasian', 'African', 'Men', 'Women']","[32, 1, 2, 3, 13, 14, 15, 16, 17, 18]",True,3,False,1,1,0.9999877
20633746_gab,32,hatespeech,1,"['Men', 'Jewish', 'Women']","[0, 1, 2, 3, 4, 5, 6, 7, 8, 9, 10, 11, 12, 13, 14, 15, 16, 17, 18, 19, 20, 21, 22, 23, 24, 25, 26, 27, 28, 30, 31]",True,3,False,1,1,0.99999094
14503035_gab,45,offensive,1,"['African', 'Arab', 'Jewish']","[3, 4, 5, 6, 35, 36, 37, 38, 39, 40, 41, 42, 43, 44, 24]",True,3,False,1,1,0.99999034
13944828_gab,43,hatespeech,1,"['Homosexual', 'Other']","[22, 23, 24, 25, 26, 27, 28, 29, 30, 31, 32, 33, 34, 35, 36, 37, 38, 39, 40, 41, 42]",True,3,False,1,0,0.00021467946
2456779_gab,20,offensive,1,"['African', 'Other']","[1, 2, 3, 4, 5, 6, 7, 8, 9, 10, 11, 12, 13, 14, 15, 16, 17, 18, 19]",True,3,False,1,1,0.99988115
9222364_gab,33,offensive,1,['Refugee'],"[6, 7, 8, 9, 10, 11]",True,3,False,1,1,0.99998295
1180839832492359681_twitter,16,normal,0,[],[],False,3,True,0,0,0.00024466633
18627569_gab,43,offensive,1,"['Caucasian', 'African', 'Refugee', 'Other']",[],False,3,False,1,0,0.21527009
17153402_gab,41,offensive,1,"['Homosexual', 'Other']","[2, 3]",True,3,True,1,1,0.999982
1178607039653789697_twitter,42,normal,0,[],[],False,3,True,0,0,1.8215465e-05
1178302810007293952_twitter,42,hatespeech,1,['Homosexual'],[41],True,3,False,1,1,0.9999181
24922629_gab,30,hatespeech,1,['African'],"[0, 1, 11, 12, 13, 14, 15, 16, 17, 18, 19, 20, 21, 23]",True,3,True,1,1,0.9999702
20007187_gab,33,hatespeech,1,"['Men', 'Caucasian', 'African', 'Women', 'Other']","[32, 2, 3, 4, 19, 20, 21, 22, 23, 24, 25]",True,3,False,1,1,0.9999882
1178830935736717312_twitter,32,normal,0,[],[],False,3,True,0,0,4.792956e-05
19792641_gab,7,hatespeech,1,['African'],"[2, 6]",True,3,True,1,1,0.99994993
1142167967913918465_twitter,8,normal,0,[],[],False,3,True,0,0,0.0069932267
4395151_gab,40,normal,0,['Women'],[],False,3,True,0,1,0.85196966
1178387241615446016_twitter,49,normal,0,[],[],False,3,True,0,0,5.6445424e-05
1179095521668947968_twitter,6,normal,0,[],[],False,3,True,0,0,1.7313736e-05
1179100564971409408_twitter,29,normal,0,[],[],False,3,True,0,0,0.0026761428
22668821_gab,18,normal,0,['Other'],[],False,3,False,0,1,0.93722135
16338614_gab,35,offensive,1,"['Caucasian', 'African', 'Jewish']","[10, 13]",True,3,False,1,1,0.99998057
1178493677234262016_twitter,11,normal,0,[],[],False,3,False,0,0,2.8458117e-05
6677328_gab,33,offensive,1,"['Arab', 'Islam', 'Men', 'Women']","[0, 1, 2, 3, 4, 5, 6, 7, 8, 9, 10, 11, 12, 13, 14, 15, 16, 17, 18, 19, 20, 21, 22, 23, 24, 25, 26, 27, 28, 29, 30, 31, 32]",True,3,True,1,1,0.99999
1117597598666362881_twitter,32,offensive,1,"['African', 'Women']","[25, 3]",True,3,True,1,1,0.99996805
1178834761533407232_twitter,43,normal,0,[],[],False,3,True,0,0,7.585165e-06
5831662_gab,36,hatespeech,1,"['African', 'Women']","[0, 1, 2, 3, 4, 5, 6, 7, 8, 9, 10, 11, 12, 13, 14, 15, 16, 17, 18, 19, 20, 21, 22, 23, 24, 25, 26, 27, 28, 29, 30, 31, 32, 33, 34, 35]",True,3,False,1,1,0.9999912
12385410_gab,32,normal,0,['Women'],[],False,3,True,0,0,0.04276376
14157011_gab,23,hatespeech,1,['Jewish'],"[21, 22]",True,3,False,1,1,0.9999802
11587122_gab,22,hatespeech,1,"['Hispanic', 'Islam', 'Jewish', 'African', 'Asian', 'Arab']","[8, 9, 10, 11, 12, 13]",True,3,False,1,1,0.99998605
1178756225468698624_twitter,37,normal,0,[],[],False,3,True,0,0,6.5324143e-06
18723798_gab,7,normal,0,['Islam'],[],False,3,False,0,0,0.00013669052
1179067734937747456_twitter,31,normal,0,[],[],False,3,True,0,0,2.7173694e-05
21829843_gab,50,hatespeech,1,"['Disability', 'African', 'Jewish']","[13, 49, 20, 21, 22, 23]",True,3,True,1,1,0.999982
1079906322626371584_twitter,10,offensive,1,['Other'],[8],True,3,True,1,1,0.99997556
2023318_gab,27,offensive,1,['Other'],"[18, 19, 20, 21, 22, 23, 24, 25, 26]",True,3,False,1,0,4.301881e-05
1145043360438214657_twitter,6,offensive,1,"['Caucasian', 'Jewish', 'Other']","[3, 4, 5]",True,3,False,1,0,5.2588097e-05
11388430_gab,46,normal,0,['African'],[],False,3,False,0,1,0.99998
14615118_gab,23,hatespeech,1,"['Homosexual', 'Jewish', 'Asian']","[1, 2, 3, 9, 21, 22]",True,3,True,1,1,0.99998796
1123927065638723584_twitter,21,normal,0,[],[],False,3,True,0,0,1.4465602e-05
25643113_gab,44,hatespeech,1,['Islam'],"[32, 33, 34, 35, 36, 37, 38, 39, 40, 41, 42, 43, 14, 27, 28, 29, 30, 31]",True,3,True,1,1,0.9999851
24920889_gab,18,offensive,1,"['Caucasian', 'African', 'Other']","[3, 4, 5, 6, 7]",True,3,False,1,0,0.014241479
16335007_gab,11,normal,0,[],[],False,3,True,0,0,2.7760438e-05
1179016487366987777_twitter,36,normal,0,[],[],False,3,True,0,0,4.4376226e-05
1179102496847024133_twitter,23,normal,0,[],[],False,3,True,0,0,7.4172053e-06
1184750798653267968_twitter,11,offensive,1,['Jewish'],"[1, 5, 6, 7, 8, 9, 10]",True,3,False,1,1,0.99991584
1174340141881733122_twitter,25,normal,0,[],[],False,3,True,0,0,0.000121879726
1123690490136756225_twitter,18,normal,0,['Refugee'],[],False,3,False,0,0,1.7944936e-05
1179090454454951936_twitter,8,normal,0,[],[],False,3,True,0,0,0.00025379632
1112193907033550848_twitter,7,normal,0,['Other'],[],False,3,False,0,0,0.17157488
13482665_gab,11,hatespeech,1,"['Homosexual', 'Men', 'Islam']","[2, 3]",True,3,False,1,1,0.99998546
24192836_gab,23,hatespeech,1,"['Disability', 'African', 'Other']","[15, 5, 6, 7]",True,3,False,1,1,0.9999865
1179103400862064641_twitter,9,normal,0,['Caucasian'],[],False,3,True,0,0,1.4768021e-05
26804838_gab,18,hatespeech,1,"['Homosexual', 'Jewish']","[6, 7, 8, 9, 10, 11, 12, 13, 14, 15, 16, 17]",True,3,True,1,1,0.9999869
8207677_gab,22,offensive,1,"['Men', 'Other', 'Women']","[3, 4, 5, 6, 7, 8, 9, 10, 11, 12, 13, 14, 15]",True,3,False,1,1,0.9999771
10378045_gab,47,hatespeech,1,"['Homosexual', 'Refugee', 'Other']","[0, 1, 2, 3, 4, 5, 6, 7, 8, 9, 10, 11, 12, 13, 14, 17, 18]",True,3,True,1,1,0.99999034
1097529240327778310_twitter,5,offensive,1,['Other'],"[0, 3, 4]",True,3,False,1,1,0.99940157
16098694_gab,23,hatespeech,1,['Hispanic'],"[0, 1, 2, 20, 21, 22]",True,3,True,1,1,0.99998593
26496557_gab,21,hatespeech,1,"['African', 'Women']","[1, 2, 3, 4, 5, 6, 7, 8, 9, 10, 11, 12, 13, 14, 15, 16, 17, 18, 19, 20]",True,3,False,1,1,0.99998677
25428035_gab,9,hatespeech,1,['African'],"[4, 5]",True,3,True,1,1,0.99995804
11003094_gab,17,hatespeech,1,['Jewish'],"[4, 5, 6, 7]",True,3,True,1,1,0.99998593
1178735715204653062_twitter,19,normal,0,"['Homosexual', 'African']",[],False,3,False,0,0,4.5031582e-05
6323825_gab,7,hatespeech,1,['African'],[3],True,3,False,1,1,0.999979
20624917_gab,15,hatespeech,1,"['Homosexual', 'Jewish', 'Heterosexual']","[12, 13, 6, 14]",True,3,True,1,1,0.99997973
14715921_gab,21,offensive,1,"['Caucasian', 'Other']","[2, 3, 4, 5, 6, 7, 8]",True,3,False,1,1,0.99894255
13851720_gab,23,hatespeech,1,['Jewish'],"[10, 11, 12, 17, 18, 19]",True,3,True,1,1,0.9999865
1179065785030975488_twitter,17,normal,0,[],[],False,3,True,0,0,7.653687e-06
27669307_gab,36,hatespeech,1,['Asian'],"[32, 33, 34, 35]",True,3,False,1,0,0.005976643
1716053_gab,45,normal,0,"['Men', 'Other']",[],False,3,False,0,0,0.0001651218
1178368361132105729_twitter,17,normal,0,[],[],False,3,True,0,0,0.00016270725
1204572282443780096_twitter,7,normal,0,['Other'],[],False,3,True,0,0,1.5486414e-05
24959028_gab,46,normal,0,['Jewish'],[],False,3,True,0,1,0.9990294
24021724_gab,36,hatespeech,1,['African'],"[3, 4, 19, 20, 21, 22, 23, 24]",True,3,True,1,1,0.99996555
14677730_gab,16,hatespeech,1,['African'],"[0, 1, 2, 3, 4, 5, 12, 13]",True,3,True,1,1,0.9999881
15843155_gab,36,normal,0,"['Hispanic', 'African', 'Arab', 'Asian']",[],False,3,False,0,0,2.6881946e-05
16905410_gab,15,hatespeech,1,['Jewish'],[12],True,3,True,1,1,0.99997616
9097672_gab,49,hatespeech,1,['Islam'],[40],True,3,True,1,1,0.999987
16953323_gab,29,normal,0,['Caucasian'],[],False,3,False,0,0,4.326479e-05
16430676_gab,54,normal,0,[],[],False,3,True,0,1,0.9992843
10374353_gab,40,normal,0,[],[],False,3,True,0,0,0.00012654321
1185035562526396416_twitter,6,hatespeech,1,['African'],"[4, 5]",True,3,False,1,1,0.99987304
1178831874799624192_twitter,7,offensive,1,['Refugee'],"[1, 5]",True,3,False,1,0,0.0010879178
20157750_gab,18,hatespeech,1,['African'],"[16, 6, 15]",True,3,True,1,1,0.9999697
1109106538579296256_twitter,6,normal,0,[],[],False,3,True,0,1,0.99995744
14714558_gab,29,hatespeech,1,"['Caucasian', 'African', 'Asian']","[0, 1, 2, 3, 4, 5, 6, 7, 12, 13, 14, 15, 16, 17, 18, 19, 20, 21, 22, 23, 24, 25, 26, 27, 28]",True,3,False,1,1,0.9781495
1083131130046566402_twitter,8,normal,0,[],[],False,3,True,0,0,6.049487e-05
24517501_gab,19,normal,0,[],[],False,3,True,0,0,2.1850248e-05
16274284_gab,42,normal,0,['Other'],[],False,3,True,0,1,0.99998784
12659625_gab,42,offensive,1,['Islam'],"[32, 1, 2, 3, 4, 5, 6, 33, 34, 24, 25, 26, 27, 28, 29, 30, 31]",True,3,True,1,0,0.010641556
25227528_gab,45,hatespeech,1,"['Hispanic', 'Men', 'Caucasian', 'African', 'Asian', 'Women', 'Arab']","[21, 22, 23, 25, 26]",True,3,False,1,1,0.99998915
14815982_gab,37,hatespeech,1,"['Arab', 'Islam', 'Refugee']",[],False,3,False,1,1,0.99997663
15136724_gab,3,hatespeech,1,['African'],"[0, 1, 2]",True,3,True,1,1,0.9999852
14981350_gab,27,offensive,1,['Other'],[15],True,3,False,1,1,0.99998355
26293817_gab,26,hatespeech,1,"['Caucasian', 'African', 'Other', 'Women']","[18, 19, 20, 24, 25]",True,3,True,1,1,0.9999895
17976462_gab,8,normal,0,['Jewish'],[],False,3,False,0,1,0.9999361
20472665_gab,14,hatespeech,1,"['Jewish', 'Asexual', 'Caucasian', 'Minority', 'Other']","[10, 11, 12, 13]",True,3,True,1,1,0.99997747
1179104668607291392_twitter,7,normal,0,[],[],False,3,True,0,1,0.9999716
6030950_gab,7,offensive,1,['Islam'],"[2, 3, 4, 5, 6]",True,3,True,1,1,0.9981737
16652471_gab,27,hatespeech,1,"['Jewish', 'Other']","[1, 19, 20]",True,3,True,1,1,0.99999046
18012075_gab,44,normal,0,"['Men', 'Women']",[],False,3,False,0,0,0.00063334394
1179051027187818498_twitter,22,hatespeech,1,"['Caucasian', 'African', 'Women']","[0, 1, 2, 3, 7, 8]",True,3,False,1,1,0.9996232
14045424_gab,4,hatespeech,1,"['Arab', 'Islam']","[0, 1, 2, 3]",True,3,True,1,1,0.99930227
24423548_gab,39,offensive,1,"['Men', 'Other']","[0, 1, 2, 3, 4, 5, 25, 26, 27, 28, 29, 30, 31]",True,3,False,1,1,0.9999907
12995858_gab,47,offensive,1,['Other'],"[39, 8, 41, 40, 42, 43]",True,3,True,1,1,0.9997323
1178415250753892355_twitter,8,hatespeech,1,"['Indian', 'Arab', 'Other']",[7],True,3,False,1,1,0.9877495
8145373_gab,14,hatespeech,1,"['Hispanic', 'African']","[8, 11, 13]",True,3,True,1,1,0.9999635
1179076644230840320_twitter,51,normal,0,"['Asian', 'Other']",[],False,3,True,0,1,0.5861607
23331753_gab,11,hatespeech,1,"['Caucasian', 'Homosexual', 'African', 'Women']","[4, 5, 6, 7, 8]",True,3,True,1,1,0.9999794
1118168965736431621_twitter,28,offensive,1,['Other'],"[24, 25, 23]",True,3,False,1,0,0.027861783
14560961_gab,7,hatespeech,1,"['Arab', 'Islam', 'Men']","[2, 3, 4]",True,3,False,1,1,0.9999559
26389816_gab,44,offensive,1,"['Men', 'Jewish', 'Other']","[7, 8, 9, 10, 11, 12, 13, 14, 15, 16, 17, 18, 19, 20, 21, 22, 23, 24, 25, 26, 27, 28, 29, 30, 31, 32, 33, 34, 35, 36, 37, 38, 39, 40, 41, 42, 43]",True,3,False,1,1,0.9999907
16560546_gab,50,offensive,1,"['Homosexual', 'Other', 'Women']","[0, 36, 37, 6, 38, 39, 40, 42, 43, 44, 45, 46, 47, 48, 17, 49, 41]",True,3,True,1,1,0.9999869
24569919_gab,33,hatespeech,1,"['Homosexual', 'Jewish']","[32, 2, 3, 4, 5, 6, 21, 22]",True,3,True,1,1,0.99998343
25777407_gab,6,hatespeech,1,"['Caucasian', 'Jewish']","[0, 1, 2, 3, 4, 5]",True,3,False,1,1,0.9999901
1143716074904383488_twitter,9,normal,0,"['Other', 'Women']",[],False,3,False,0,1,0.91456443
1179076314986401792_twitter,14,normal,0,['Caucasian'],[],False,3,False,0,1,0.9975635
5431123_gab,11,offensive,1,"['Arab', 'Asian']","[8, 9, 10, 7]",True,3,True,1,1,0.9994254
1162791083862110209_twitter,12,normal,0,[],[],False,3,True,0,0,0.0008347056
6921568_gab,26,hatespeech,1,"['Arab', 'Islam']","[6, 7, 21, 22, 23, 24, 25]",True,3,True,1,1,0.99998665
1178858991339937792_twitter,11,normal,0,['Homosexual'],[],False,3,True,0,0,0.017373817
36GJS3V78VR66OSFZSCICZHGQ9YGJ9_nf_2,35,normal,0,[],[],False,3,True,0,0,0.0013788508
24024394_gab,48,hatespeech,1,"['Homosexual', 'Arab']","[0, 1, 2, 3, 4, 5, 6, 7, 8, 9, 10, 11, 12, 13, 14, 15, 16, 17, 18, 19, 20, 21, 22, 23, 24, 25, 26, 27, 28, 29, 30, 31, 32, 33, 34, 35, 36, 37, 38, 39, 40, 41, 42, 43, 44, 45, 46, 47]",True,3,False,1,1,0.9999838
26969039_gab,14,normal,0,"['Arab', 'Islam']",[],False,3,False,0,0,0.0004678103
27441881_gab,26,hatespeech,1,['African'],"[13, 14, 15, 16, 17, 18, 19, 20, 21, 22, 23, 24, 25]",True,3,False,1,1,0.9999809
15215004_gab,24,hatespeech,1,"['African', 'Other', 'Women']","[20, 11, 12, 13]",True,3,False,1,1,0.9999745
11220458_gab,7,hatespeech,1,['Jewish'],"[1, 2, 3]",True,3,True,1,1,0.99998796
1179018862748155905_twitter,17,normal,0,['Other'],[],False,3,True,0,0,0.0021938737
19756884_gab,35,offensive,1,['Christian'],"[9, 10]",True,3,False,1,1,0.9999857
1170171335043112960_twitter,25,normal,0,"['Men', 'Other']",[],False,3,False,0,0,0.0010128253
3TCFMTM8HEP9WD44AOLN6VRTM9T218_nf_6,17,hatespeech,1,['Jewish'],"[16, 12]",True,3,True,1,1,0.9999814
14419869_gab,48,normal,0,"['Caucasian', 'Men', 'Other', 'Women']",[],False,3,False,0,0,0.0036729074
14690702_gab,37,normal,0,"['Men', 'Women']",[],False,3,True,0,1,0.9996747
13948148_gab,46,offensive,1,"['Islam', 'Women']",[],False,3,False,1,0,3.735668e-05
16105464_gab,17,normal,0,['Homosexual'],[],False,3,False,0,0,0.0012380406
1178297577172848640_twitter,21,normal,0,['African'],[],False,3,False,0,1,0.9996517
1178908884578308096_twitter,4,normal,0,[],[],False,3,True,0,0,5.0814815e-05
12518823_gab,12,hatespeech,1,['African'],"[9, 10, 11]",True,3,False,1,1,0.99998474
12661138_gab,13,hatespeech,1,['African'],[7],True,3,False,1,1,0.99995244
22198009_gab,27,hatespeech,1,"['Caucasian', 'Jewish', 'African']","[8, 22, 14, 7]",True,3,True,1,1,0.99993336
19626016_gab,40,hatespeech,1,"['Homosexual', 'African']","[0, 1, 2, 3, 4, 5, 6, 7, 8, 9, 10, 11, 21, 22, 23, 24, 25, 26, 27, 28, 29, 30, 31, 32, 33, 34, 35, 36, 37, 38, 39]",True,3,False,1,1,0.9998235
1255658624149487622_twitter,15,normal,0,[],[],False,3,False,0,1,0.99975675
1178746286364925952_twitter,11,offensive,1,"['Homosexual', 'Nonreligious', 'Other', 'Women']",[10],True,3,False,1,1,0.830171
11747319_gab,12,offensive,1,['Women'],"[10, 11, 6]",True,3,False,1,1,0.9999863
1178831150053244928_twitter,42,normal,0,[],[],False,3,True,0,0,0.24833994
22552259_gab,27,hatespeech,1,"['Men', 'Jewish', 'Women']","[3, 4, 5, 6, 7, 8, 9, 10, 11, 12, 13, 14, 15, 16, 17, 18, 19, 20, 21, 22, 23, 24, 25, 26]",True,3,False,1,1,0.9999851
11675063_gab,9,normal,0,"['Homosexual', 'Heterosexual']",[],False,3,False,0,0,0.008815
12661982_gab,47,normal,0,[],[],False,3,True,0,0,3.894407e-05
1179089592819032069_twitter,39,hatespeech,1,['African'],"[11, 12, 37, 38]",True,3,False,1,1,0.99997115
1179080024302899200_twitter,29,normal,0,[],[],False,3,True,0,0,2.251444e-05
1212576474080792576_twitter,12,normal,0,['Women'],[],False,3,False,0,0,6.268024e-05
16174052_gab,15,hatespeech,1,['Jewish'],"[3, 4, 5, 6, 7, 8, 9, 10, 11, 12, 13, 14]",True,3,True,1,0,0.00014037084
24555628_gab,41,normal,0,"['Islam', 'Christian', 'Jewish']",[],False,3,False,0,0,6.6775974e-05
26356641_gab,14,offensive,1,"['Arab', 'Islam']","[4, 5, 6, 7, 8, 9, 10, 11, 12, 13]",True,3,False,1,1,0.9999852
1241973914625921024_twitter,6,offensive,1,"['Other', 'Women']","[1, 2, 3, 4, 5]",True,3,True,1,1,0.9974491
1240841863587741697_twitter,12,offensive,1,['Women'],"[2, 3, 4, 5, 6, 7, 8, 9, 10, 11]",True,3,False,1,0,5.8188853e-05
12145939_gab,53,hatespeech,1,"['Hispanic', 'Refugee']","[28, 29]",True,3,False,1,1,0.9999906
1179071305322287105_twitter,17,normal,0,[],[],False,3,True,0,1,0.9972715
1178859010931322880_twitter,10,normal,0,[],[],False,3,True,0,0,8.5427026e-05
12677263_gab,24,offensive,1,"['Islam', 'Women']","[0, 1, 2, 3, 4, 5, 6, 7, 8, 9, 10, 11, 12, 13, 14, 15, 16, 17, 18, 19, 20]",True,3,True,1,1,0.99998903
1178821611396489216_twitter,18,normal,0,[],[],False,3,True,0,0,2.6339803e-05
16994535_gab,44,normal,0,"['Men', 'Islam', 'Refugee', 'Asian']",[],False,3,False,0,1,0.99998724
1117944339777359873_twitter,7,normal,0,[],[],False,3,True,0,0,7.41728e-05
19734849_gab,15,hatespeech,1,['African'],"[4, 5, 6, 7, 8]",True,3,True,1,1,0.99998784
21420908_gab,31,hatespeech,1,['Caucasian'],[],False,3,False,1,1,0.99971277
17205391_gab,48,offensive,1,"['Caucasian', 'African']","[44, 45, 18, 19, 20, 21, 22, 23, 24, 25]",True,3,False,1,1,0.99994874
15593969_gab,44,hatespeech,1,"['Caucasian', 'Jewish', 'Women']","[5, 6, 7, 8, 9, 10, 11, 13, 14, 15, 24, 25, 26, 27, 28, 29, 30, 31, 32, 33, 34, 37, 38, 39, 40, 41, 42, 43]",True,3,False,1,1,0.99998975
11632794_gab,10,hatespeech,1,['Jewish'],"[1, 2]",True,3,True,1,1,0.9999876
24824526_gab,9,hatespeech,1,"['Jewish', 'Asian']","[1, 2, 6, 7, 8]",True,3,False,1,1,0.99998605
8810063_gab,45,normal,0,"['Homosexual', 'Men']",[],False,3,False,0,1,0.98806787
1089569255111176192_twitter,19,hatespeech,1,"['Islam', 'Arab', 'Men', 'Women']","[12, 13, 14]",True,3,False,1,1,0.99997187
24414450_gab,17,hatespeech,1,['Jewish'],[],False,3,False,1,0,0.29194474
1114639328888741889_twitter,18,normal,0,['Refugee'],[],False,3,False,0,0,0.07256995
11138433_gab,17,hatespeech,1,"['Caucasian', 'Other']","[5, 8, 9, 10, 11]",True,3,False,1,1,0.99992776
1123298276558532608_twitter,9,offensive,1,"['African', 'Other']","[3, 4]",True,3,True,1,1,0.9999831
1094766917875888128_twitter,6,normal,0,['Other'],[],False,3,False,0,0,0.00082376273
1111411786790498304_twitter,25,normal,0,[],[],False,3,True,0,0,2.8826424e-05
18420909_gab,50,hatespeech,1,['African'],"[32, 33, 34]",True,3,True,1,1,0.9999783
1145140813707583489_twitter,16,offensive,1,['Refugee'],"[4, 5, 6, 7, 8, 9, 10, 11, 12, 13, 14, 15]",True,3,True,1,0,0.010004897
17654836_gab,8,offensive,1,['Caucasian'],"[5, 6]",True,3,False,1,0,0.0006822141
1179104280432635905_twitter,8,hatespeech,1,"['Nonreligious', 'Asian', 'Other']","[3, 4]",True,3,False,1,1,0.98696893
21632167_gab,26,offensive,1,['Other'],"[24, 25, 23]",True,3,False,1,1,0.99641967
15990140_gab,29,hatespeech,1,['Jewish'],"[17, 18, 19, 20, 21, 22, 23, 24, 25, 26, 27, 28]",True,3,True,1,1,0.9999877
1179105117565575171_twitter,13,normal,0,[],[],False,3,True,0,0,0.0042843902
1104599456941572097_twitter,14,offensive,1,['Women'],[5],True,3,True,1,1,0.9999858
8141497_gab,43,hatespeech,1,['Women'],"[7, 8, 9, 10, 11, 12, 13, 14, 16, 19, 20, 21, 22, 23, 24, 25]",True,3,False,1,1,0.99995637
12777328_gab,32,offensive,1,['Refugee'],"[6, 7, 8, 9, 10, 11, 12, 13, 14, 15, 16, 17, 18, 19]",True,3,True,1,0,1.54981e-05
25382455_gab,21,hatespeech,1,['African'],"[0, 1, 2, 3, 4, 5, 6, 7, 8, 9, 10, 11, 12, 13, 14, 15, 16, 17, 18, 19, 20]",True,3,False,1,1,0.99997365
1179058473801265153_twitter,50,normal,0,[],[],False,3,True,0,0,2.0065161e-05
6086312_gab,23,offensive,1,"['Caucasian', 'African']","[6, 7, 8, 9, 10, 11, 12]",True,3,False,1,1,0.9999875
1204276810520956928_twitter,13,normal,0,['Other'],[],False,3,False,0,1,0.9980482
1203528190137749505_twitter,7,offensive,1,['Homosexual'],"[4, 5, 6]",True,3,False,1,0,0.00037218627
17727937_gab,20,offensive,1,"['African', 'Other']","[12, 13, 14]",True,3,False,1,1,0.9999658
1934765_gab,23,hatespeech,1,"['Hispanic', 'Islam', 'Refugee']","[1, 2, 3, 4, 5, 6, 7, 8, 9, 10, 11, 12, 13, 14, 15, 16, 17, 18, 19, 20, 21, 22]",True,3,False,1,0,3.47009e-05
24676758_gab,48,hatespeech,1,"['Arab', 'Islam', 'Refugee']","[10, 11]",True,3,False,1,0,3.6040983e-05
3799982_gab,27,offensive,1,['Other'],"[1, 2, 3, 4, 5, 6, 7, 8, 9, 10, 11, 12, 13, 14, 15, 16, 17, 18, 19, 20, 21, 22, 23, 24, 25, 26]",True,3,True,1,1,0.9685214
1122879949252300800_twitter,13,normal,0,[],[],False,3,True,0,0,0.00022077176
8766956_gab,33,hatespeech,1,"['Islam', 'Men', 'African', 'Women', 'Arab']","[32, 3, 4, 7, 8, 9, 10, 11, 12, 13, 14, 15, 16, 17, 18, 19, 31]",True,3,False,1,1,0.99997973
19659847_gab,5,hatespeech,1,['Arab'],"[0, 1, 2, 3, 4]",True,3,False,1,1,0.99998224
1232941338775080960_twitter,22,normal,0,[],[],False,3,False,0,0,0.00023055596
1139145950922887169_twitter,21,normal,0,[],[],False,3,True,0,0,0.0072088083
1178898010119561216_twitter,6,hatespeech,1,['African'],"[0, 1, 2, 3, 4, 5]",True,3,False,1,1,0.99997973
1075590925852794881_twitter,19,offensive,1,"['Hispanic', 'Men', 'Refugee', 'Women']","[8, 7]",True,3,False,1,0,4.465087e-05
20781169_gab,6,hatespeech,1,"['Caucasian', 'African', 'Women']",[4],True,3,False,1,1,0.99998796
23107237_gab,35,hatespeech,1,['African'],"[16, 17, 18, 15]",True,3,False,1,1,0.9999875
25941818_gab,11,offensive,1,['African'],[2],True,3,True,1,1,0.99998915
1225605290940338176_twitter,20,normal,0,"['Arab', 'African']",[],False,3,False,0,0,2.6147245e-05
1211099588351778816_twitter,8,normal,0,"['African', 'Other']",[],False,3,False,0,1,0.9999502
1178760797524238337_twitter,11,normal,0,[],[],False,3,True,0,0,0.0033015339
10767456_gab,6,offensive,1,"['African', 'Men', 'Women']","[4, 5]",True,3,False,1,1,0.9999832
11705359_gab,14,normal,0,['Asian'],[],False,3,True,0,1,0.99702305
24615935_gab,9,hatespeech,1,['Jewish'],"[3, 4, 5, 6]",True,3,True,1,1,0.99998665
11884112_gab,20,hatespeech,1,"['Homosexual', 'Jewish', 'Women']","[9, 5]",True,3,False,1,1,0.9999882
24857023_gab,28,normal,0,"['Caucasian', 'African']",[],False,3,False,0,1,0.9946806
1179078038673395712_twitter,42,normal,0,[],[],False,3,True,0,0,1.0881119e-05
7679912_gab,27,hatespeech,1,['Hispanic'],[19],True,3,False,1,1,0.9999759
1179087428243480576_twitter,29,normal,0,[],[],False,3,True,0,0,1.4812989e-05
17356759_gab,32,normal,0,"['African', 'Other']",[],False,3,False,0,1,0.99990535
1178852262518706176_twitter,49,normal,0,[],[],False,3,True,0,0,0.00024228549
1179092356047540225_twitter,42,normal,0,[],[],False,3,True,0,1,0.99899095
24464687_gab,40,hatespeech,1,['Jewish'],"[32, 30, 31]",True,3,False,1,1,0.9998393
16048962_gab,12,normal,0,['Other'],[],False,3,True,0,0,5.4548684e-05
16960611_gab,6,hatespeech,1,['African'],"[4, 5]",True,3,False,1,1,0.9410771
1091379396626317312_twitter,11,normal,0,['Homosexual'],[],False,3,True,0,0,0.010565762
1178436508862337024_twitter,15,normal,0,[],[],False,3,True,0,0,6.248456e-05
18537046_gab,11,normal,0,"['Caucasian', 'Hispanic', 'Arab', 'Islam']",[],False,3,False,0,0,0.05768644
1178788946911879169_twitter,51,normal,0,[],[],False,3,True,0,1,0.99996436
1182136827219791873_twitter,21,hatespeech,1,"['Homosexual', 'Other']","[8, 9, 10, 11, 12, 13]",True,3,True,1,1,0.9999528
1179002181334323201_twitter,44,normal,0,[],[],False,3,True,0,0,0.0051910225
1220065202986799105_twitter,21,normal,0,['Women'],[],False,3,False,0,0,0.2070459
1188859425609650176_twitter,10,normal,0,[],[],False,3,True,0,0,2.6549116e-05
25866917_gab,27,hatespeech,1,"['Homosexual', 'Women']","[6, 7, 12, 13, 14]",True,3,False,1,1,0.9998518
1179097509425082368_twitter,51,normal,0,[],[],False,3,True,0,0,1.0585552e-05
1179103899384303616_twitter,6,normal,0,[],[],False,3,True,0,1,0.65149266
14163229_gab,40,normal,0,['Islam'],[],False,3,False,0,0,0.00094042363
18138686_gab,6,hatespeech,1,['Hispanic'],"[0, 1, 2, 3, 4, 5]",True,3,True,1,1,0.999985
23693454_gab,12,offensive,1,['Islam'],"[0, 1, 2, 3, 4, 5, 6, 7, 8, 9, 10, 11]",True,3,False,1,1,0.9978923
16717552_gab,17,offensive,1,"['Hispanic', 'African', 'Women']","[4, 5, 6]",True,3,False,1,1,0.99996674
16982012_gab,7,hatespeech,1,['Jewish'],"[4, 5, 6]",True,3,True,1,1,0.9998331
16693543_gab,47,hatespeech,1,"['Islam', 'Refugee']","[32, 33, 34, 35, 36, 37, 38, 39, 40, 41, 42, 19, 20, 21, 22, 23]",True,3,True,1,1,0.9816165
15770035_gab,49,hatespeech,1,"['Jewish', 'Women']","[38, 5, 6, 7, 8, 9, 10, 11, 12, 13, 14, 15]",True,3,False,1,1,0.9999894
15906681_gab,26,hatespeech,1,"['Arab', 'Islam']","[14, 15]",True,3,False,1,1,0.99997365
27944432_gab,21,hatespeech,1,['Jewish'],"[19, 20]",True,3,False,1,1,0.9999887
5300362_gab,15,hatespeech,1,['Jewish'],"[2, 3, 4, 5, 6, 7, 8, 9, 10, 11, 12, 13, 14]",True,3,False,1,1,0.9983708
1193050944591650816_twitter,7,normal,0,['Other'],[],False,3,False,0,0,5.6288627e-05
1179083005308145664_twitter,20,normal,0,[],[],False,3,True,0,0,1.3537577e-05
1178738098106224641_twitter,37,normal,0,[],[],False,3,True,0,0,3.0913994e-05
6058274_gab,28,offensive,1,"['Hispanic', 'Caucasian', 'African', 'Asian', 'Arab', 'Other']","[4, 5, 6, 7, 8]",True,3,False,1,0,0.4321345
27623811_gab,16,hatespeech,1,['Jewish'],"[0, 1, 2, 3, 4, 5, 11]",True,3,True,1,1,0.9999778
20617485_gab,13,hatespeech,1,['Jewish'],"[3, 4, 5]",True,3,True,1,1,0.9999716
1179051068061294592_twitter,26,normal,0,[],[],False,3,True,0,0,4.338188e-05
18415383_gab,18,hatespeech,1,['Asian'],[],False,3,False,1,0,0.2056769
4632643_gab,36,normal,0,"['Men', 'Refugee', 'Women']",[],False,3,True,0,0,8.7911685e-06
22770132_gab,24,normal,0,"['Men', 'Women']",[],False,3,False,0,0,1.5908605e-05
24738592_gab,17,offensive,1,"['Caucasian', 'African']","[0, 1, 2, 3, 4, 5, 6, 7, 8, 9, 10, 11, 12, 13, 14, 15, 16]",True,3,False,1,1,0.99997675
1178981521459335168_twitter,11,offensive,1,['Homosexual'],"[9, 10]",True,3,True,1,1,0.99960524
1165438746663280640_twitter,22,hatespeech,1,['African'],"[17, 20, 21]",True,3,False,1,1,0.99997544
1201270352258699264_twitter,30,offensive,1,"['Homosexual', 'Other']","[11, 12]",True,3,False,1,0,0.005944083
27679978_gab,6,hatespeech,1,"['Islam', 'Jewish']","[0, 1, 2, 3, 4, 5]",True,3,True,1,0,0.19960375
1181347183880224769_twitter,27,normal,0,[],[],False,3,True,0,0,9.724785e-06
1179062852411363330_twitter,21,offensive,1,"['Caucasian', 'Other', 'Women']","[6, 7, 16, 17, 18]",True,3,True,1,1,0.9999776
1221202118981193729_twitter,18,hatespeech,1,"['Men', 'Women']","[5, 6, 7, 8, 9, 10, 11, 12, 13, 14, 15, 16]",True,3,False,1,0,0.44389874
27368390_gab,7,offensive,1,['Jewish'],"[4, 5, 6]",True,3,True,1,1,0.99951625
1168866646460719105_twitter,9,offensive,1,"['Jewish', 'Other']","[1, 2, 3, 4, 5, 6, 7, 8]",True,3,False,1,0,0.00039530796
12197188_gab,17,hatespeech,1,"['Islam', 'Men', 'African', 'Women', 'Arab']","[0, 1, 2, 3, 4, 5, 6, 7, 8, 9]",True,3,False,1,1,0.9999715
17187669_gab,30,hatespeech,1,"['Islam', 'Jewish', 'Homosexual', 'Caucasian', 'Women']","[0, 1, 10, 11, 26, 27]",True,3,False,1,1,0.99984443
25403083_gab,14,offensive,1,"['Homosexual', 'Jewish']","[0, 1, 2, 3, 4, 5, 6, 7, 8]",True,3,True,1,0,0.35806176
1187305859602407424_twitter,7,offensive,1,[],"[5, 6]",True,3,False,1,1,0.9997074
23990315_gab,49,normal,0,"['Refugee', 'Other']",[],False,3,True,0,0,1.5709762e-05
27856202_gab,8,hatespeech,1,['African'],"[1, 2, 3, 4, 5, 6]",True,3,True,1,1,0.99995434
6353337_gab,41,offensive,1,"['Islam', 'Men', 'Christian', 'Caucasian', 'Women', 'Arab']","[32, 33, 34, 37, 38, 14, 15, 27, 28, 29, 30, 31]",True,3,False,1,1,0.99997234
24842200_gab,37,hatespeech,1,"['African', 'Men', 'Women']","[2, 10, 11, 12, 13, 14, 15, 16, 17, 18, 19, 26, 28, 29, 30, 31, 32, 33, 34, 35, 36]",True,3,True,1,1,0.9999794
1198899817621049345_twitter,14,offensive,1,['Other'],"[11, 12, 13]",True,3,False,1,0,0.00020776934
1125728703743324160_twitter,14,normal,0,"['Islam', 'Women']",[],False,3,True,0,1,0.9990023
17016811_gab,12,hatespeech,1,"['Homosexual', 'Jewish', 'Women']","[0, 1, 5, 6, 7]",True,3,True,1,1,0.99998426
1180113778303737856_twitter,7,normal,0,['Women'],[],False,3,False,0,0,0.00018940619
25886736_gab,42,hatespeech,1,['Women'],"[0, 1, 2, 3, 4, 5, 6, 7, 8, 9, 10, 11, 12, 13, 14, 15, 16, 17, 18, 19, 20, 21, 22, 23, 24, 25, 26, 27, 28, 29, 30, 31, 32, 33, 34, 35, 36, 37, 38, 39, 40, 41]",True,3,False,1,0,0.14953697
1174053754783637504_twitter,5,offensive,1,['Other'],[4],True,3,False,1,1,0.9999778
7081774_gab,44,hatespeech,1,"['Islam', 'Other', 'Women']","[17, 18, 19, 20, 21, 22, 23, 24, 25, 26, 27, 29, 30, 31, 32, 33, 34, 37, 38, 39, 40, 41, 42, 43]",True,3,True,1,1,0.9999764
1178873652588240896_twitter,20,normal,0,[],[],False,3,True,0,0,1.0244494e-05
26245401_gab,31,hatespeech,1,['African'],"[1, 2, 3, 4, 14, 15, 17, 18, 19, 20]",True,3,False,1,1,0.99997103
5256848_gab,30,offensive,1,"['Homosexual', 'Other']","[14, 15, 16, 17, 18, 19, 20, 21, 22, 23, 24, 25]",True,3,True,1,1,0.99989223
1179096234591735808_twitter,7,normal,0,[],[],False,3,True,0,0,0.005571048
1178705964050079744_twitter,11,normal,0,['African'],[],False,3,True,0,1,0.99997175
1178542683226288128_twitter,10,normal,0,[],[],False,3,True,0,1,0.99728096
1178866756435079168_twitter,4,normal,0,[],[],False,3,True,0,1,0.9494657
15419746_gab,12,offensive,1,['Other'],"[9, 10, 11]",True,3,True,1,1,0.999987
1179093607707533312_twitter,6,normal,0,[],[],False,3,False,0,1,0.99965096
25245711_gab,9,hatespeech,1,['Jewish'],"[8, 2]",True,3,False,1,1,0.9999796
1178754672355618822_twitter,23,offensive,1,"['Homosexual', 'African']","[8, 1, 19]",True,3,True,1,1,0.9999684
22088852_gab,26,hatespeech,1,['African'],"[0, 1, 2, 3, 4, 5, 6, 7, 8, 9, 10, 11, 12, 13, 14, 15, 16, 17, 18, 19, 20, 21, 22, 23, 24, 25]",True,3,False,1,1,0.9999789
1077880500214288385_twitter,16,offensive,1,"['Homosexual', 'Women']","[11, 12, 13, 14, 15]",True,3,False,1,1,0.93850005
8950708_gab,39,offensive,1,"['Caucasian', 'Hispanic', 'African']","[36, 37, 38, 29, 30, 31]",True,3,False,1,1,0.9866627
18003032_gab,48,hatespeech,1,"['Hispanic', 'African', 'Refugee']","[32, 33, 34, 35, 36, 30, 31]",True,3,True,1,1,0.99997497
1190825749105848320_twitter,11,normal,0,['Other'],[],False,3,True,0,1,0.9364795
20156763_gab,39,normal,0,"['Caucasian', 'Islam']",[],False,3,False,0,1,0.9999311
1179096333413519360_twitter,3,offensive,1,"['Homosexual', 'Men']","[0, 1, 2]",True,3,False,1,1,0.99998283
20370378_gab,39,offensive,1,"['Arab', 'Islam', 'Men']","[34, 35, 36, 37, 38, 8, 10]",True,3,False,1,0,0.12978438
9723726_gab,24,offensive,1,"['Homosexual', 'Jewish']","[0, 1, 2, 3, 4, 5, 6, 7, 8, 9, 10, 11, 12, 13, 14, 15, 16, 17, 18, 19, 20, 21, 22, 23]",True,3,False,1,1,0.9999912
1085416199461236744_twitter,9,normal,0,['Women'],[],False,3,False,0,0,0.013717965
15982304_gab,28,hatespeech,1,"['Hispanic', 'Caucasian', 'Islam']","[9, 10, 11, 12, 13, 20, 21, 26, 27]",True,3,True,1,1,0.99996185
19110403_gab,34,hatespeech,1,['Jewish'],"[16, 15]",True,3,True,1,1,0.99998486
19232516_gab,40,hatespeech,1,"['Hispanic', 'Caucasian', 'Asian']","[7, 8, 19, 20, 21, 22, 23]",True,3,False,1,1,0.9999174
26795547_gab,22,normal,0,['African'],[],False,3,False,0,1,0.999954
10151352_gab,23,hatespeech,1,"['Homosexual', 'Islam']","[9, 11, 12, 13]",True,3,False,1,1,0.99999106
1079275200569622528_twitter,14,hatespeech,1,['African'],[],False,3,False,1,0,0.005217843
1179926054426861568_twitter,11,normal,0,"['African', 'Other']",[],False,3,False,0,0,0.00014331548
20691124_gab,29,hatespeech,1,['Islam'],"[16, 24, 3, 25]",True,3,True,1,1,0.9999865
10339602_gab,27,normal,0,['Asian'],[],False,3,False,0,1,0.68557113
10562645_gab,18,offensive,1,"['Refugee', 'Asian']","[2, 3, 4, 5, 6, 7, 17]",True,3,False,1,1,0.9999399
17527781_gab,14,offensive,1,['Other'],[0],True,3,False,1,1,0.999877
1106362301962166272_twitter,22,offensive,1,"['African', 'Other', 'Women']","[19, 20, 21]",True,3,False,1,0,9.518545e-05
22107549_gab,31,hatespeech,1,['Islam'],"[0, 1, 2, 3, 4, 5, 6, 7, 8, 9, 10, 11, 12, 13, 14, 15, 16, 17, 18, 19, 20, 21, 22, 23, 24, 25, 26, 27, 28, 29, 30]",True,3,True,1,1,0.9999757
1228138105305169921_twitter,17,offensive,1,['Women'],[15],True,3,False,1,1,0.9997882
1179093268862312449_twitter,22,normal,0,"['African', 'Other', 'Women']",[],False,3,True,0,0,6.93817e-05
1179093999426166784_twitter,42,normal,0,[],[],False,3,True,0,1,0.98308635
19000737_gab,22,offensive,1,['Asian'],"[0, 1, 2, 3, 4, 5, 6, 7, 8, 9, 10, 11, 12, 13, 14, 15, 16, 17, 18, 19, 20, 21]",True,3,False,1,1,0.9999881
4279210_gab,23,offensive,1,"['Jewish', 'Women']","[4, 5, 6, 7, 8, 9, 10, 11, 12, 13, 14, 15, 16, 17, 18, 19, 20, 21, 22]",True,3,False,1,1,0.9999862
12860828_gab,14,hatespeech,1,"['African', 'Asian', 'Women']","[9, 12, 13]",True,3,False,1,1,0.99998844
1229665905711312896_twitter,6,normal,0,['Other'],[],False,3,False,0,1,0.94355714
15879649_gab,31,normal,0,"['Caucasian', 'Islam', 'Other']",[],False,3,False,0,1,0.99981636
9763628_gab,37,hatespeech,1,"['African', 'Arab', 'Refugee']","[0, 1, 2, 3, 4, 5, 6, 7, 8, 9, 10, 11, 12, 13, 14, 15, 16, 17, 18, 19, 20, 21, 22, 23, 24, 25, 26, 27, 28, 29, 30, 31, 32, 33, 34, 35, 36]",True,3,False,1,1,0.9999558
7934990_gab,37,normal,0,['African'],[],False,3,False,0,1,0.9999901
1142341419140636672_twitter,7,offensive,1,"['Islam', 'Other']",[6],True,3,False,1,0,0.001013583
25071768_gab,8,hatespeech,1,['African'],[2],True,3,True,1,1,0.9999763
21592349_gab,35,hatespeech,1,"['Arab', 'Islam', 'African']","[32, 33, 34, 4, 5, 6, 7, 8, 14, 15, 16, 26, 27, 28, 29, 30, 31]",True,3,False,1,1,0.9999877
1179093839459446784_twitter,35,normal,0,[],[],False,3,True,0,0,1.2063829e-05
15579832_gab,21,hatespeech,1,"['Men', 'Jewish']","[2, 11, 12, 13, 14, 15, 16, 17, 18, 19, 20]",True,3,True,1,1,0.99998796
27023353_gab,21,hatespeech,1,"['Hispanic', 'Asian', 'Women']","[17, 18, 7]",True,3,True,1,0,2.7167862e-05
20188647_gab,33,hatespeech,1,"['Homosexual', 'Jewish']","[24, 25, 4, 28]",True,3,False,1,1,0.99994504
11849813_gab,45,hatespeech,1,['Hispanic'],"[42, 43, 44]",True,3,False,1,1,0.99997365
27758571_gab,17,hatespeech,1,"['Homosexual', 'African', 'Asian', 'Women', 'Arab', 'Other']","[2, 3, 4, 5, 6, 7, 8, 9, 10, 11, 12]",True,3,True,1,1,0.99998045
1178758896544079877_twitter,39,normal,0,[],[],False,3,True,0,0,0.00010002471
27824106_gab,26,hatespeech,1,['Jewish'],"[0, 1, 2, 3, 4, 5, 6, 7, 8, 9, 10, 11, 12, 13, 14, 15, 16, 17, 18, 19, 20, 21, 22, 23, 24, 25]",True,3,False,1,1,0.9999759
14712191_gab,12,offensive,1,"['Arab', 'Islam']","[2, 3]",True,3,False,1,1,0.999977
1213311416641433601_twitter,18,hatespeech,1,"['Arab', 'Islam']",[],False,3,False,1,1,0.84692234
10688387_gab,20,normal,0,['Other'],[],False,3,False,0,0,0.00027959078
1192577739036848128_twitter,10,normal,0,['Refugee'],[],False,3,False,0,0,9.523902e-05
1179066318911229952_twitter,37,normal,0,[],[],False,3,True,0,0,2.310761e-05
1178696589059198976_twitter,21,hatespeech,1,['African'],[12],True,3,True,1,1,0.9998622
1178588105164632064_twitter,9,offensive,1,"['African', 'Women']","[2, 5, 6, 7]",True,3,True,1,1,0.99996424
26001400_gab,29,offensive,1,['Women'],"[17, 18, 19, 20, 21]",True,3,False,1,0,0.00073926785
1076994242516606977_twitter,3,normal,0,[],[],False,3,False,0,1,0.99997115
10173933_gab,31,normal,0,"['Caucasian', 'Men']",[],False,3,True,0,0,2.9065806e-05
16016163_gab,27,offensive,1,"['Homosexual', 'Other']","[3, 4, 5]",True,3,False,1,1,0.9996043
1178630988072660993_twitter,31,normal,0,['African'],[],False,3,False,0,0,0.030290337
24015059_gab,23,hatespeech,1,"['Disability', 'Caucasian', 'African', 'Women']","[16, 14, 15]",True,3,False,1,1,0.99997485
15977167_gab,19,hatespeech,1,"['Hispanic', 'African', 'Arab', 'Other']","[0, 1, 2, 3, 4, 5, 6, 7, 8, 9, 10, 11, 12, 13, 14, 15, 16, 17, 18]",True,3,True,1,1,0.99998534
1179020101355487232_twitter,41,normal,0,[],[],False,3,True,0,1,0.9998411
1178799384886235138_twitter,16,offensive,1,['Disability'],[7],True,3,False,1,0,0.00039344223
1178412537496383488_twitter,21,hatespeech,1,['African'],"[8, 7]",True,3,True,1,1,0.98472
13979288_gab,37,normal,0,"['African', 'Refugee']",[],False,3,True,0,0,1.6196014e-05
18710271_gab,39,offensive,1,"['Hispanic', 'Other']","[32, 33, 34, 35, 36, 37, 23, 24, 25, 26, 27, 28, 29, 30, 31]",True,3,False,1,1,0.99899834
1178694780680720385_twitter,33,normal,0,[],[],False,3,True,0,0,9.450244e-05
1179078567235379200_twitter,12,normal,0,[],[],False,3,True,0,0,4.3230477e-05
1126363360679821312_twitter,22,normal,0,[],[],False,3,True,0,0,0.00041560622
13215907_gab,21,normal,0,"['Other', 'Women']",[],False,3,False,0,0,1.8710412e-05
20571381_gab,27,hatespeech,1,"['African', 'Other']","[4, 5, 6, 7, 8, 9, 10, 11, 12, 13, 14, 15, 16, 17, 18, 19, 20, 21, 22, 23, 24, 25, 26]",True,3,False,1,1,0.9999844
1097806861330333697_twitter,19,normal,0,"['Arab', 'Islam']",[],False,3,False,0,1,0.9990721
1179020157051650049_twitter,38,offensive,1,['Women'],"[32, 33, 6, 30, 31]",True,3,True,1,1,0.9999825
13501213_gab,32,normal,0,['African'],[],False,3,False,0,1,0.9999876
20197595_gab,34,offensive,1,"['Arab', 'Islam']","[0, 1, 18, 19, 20, 28, 29]",True,3,False,1,0,0.0006822701
1178902367590342657_twitter,24,normal,0,['Other'],[],False,3,False,0,1,0.9999752
1088128328685572097_twitter,5,normal,0,[],[],False,3,True,0,0,4.519132e-05
6653253_gab,15,hatespeech,1,"['African', 'Women']","[0, 1, 2, 3, 4, 5, 6, 7, 8, 9, 10, 11, 12, 13, 14]",True,3,True,1,0,0.014753832
8391527_gab,17,hatespeech,1,['African'],"[0, 1, 2, 3, 4, 5, 6, 7, 8, 9, 10, 11, 12, 13, 14, 15, 16]",True,3,False,1,0,0.016552897
22203969_gab,29,hatespeech,1,"['Hispanic', 'Refugee']","[9, 20, 21, 22, 23, 24, 25, 26, 27]",True,3,False,1,1,0.99998486
4735062_gab,20,normal,0,"['Homosexual', 'Jewish']",[],False,3,False,0,1,0.9999771
16293427_gab,7,hatespeech,1,['African'],"[3, 4]",True,3,True,1,0,0.43671104
19407319_gab,26,hatespeech,1,['Jewish'],"[17, 18, 23, 24, 25]",True,3,False,1,1,0.99997663
1178774436553613314_twitter,26,normal,0,[],[],False,3,True,0,0,2.4559447e-05
1181955978708824074_twitter,18,normal,0,['Other'],[],False,3,False,0,1,0.99997246
19244919_gab,19,offensive,1,"['Islam', 'Christian']","[7, 8, 9, 10, 11]",True,3,False,1,0,7.696152e-05
19732729_gab,29,hatespeech,1,['African'],"[7, 8, 9, 20, 21]",True,3,True,1,1,0.9999696
15073757_gab,11,offensive,1,"['Homosexual', 'Women']","[3, 4, 5, 6, 7]",True,3,False,1,1,0.9999881
1178631747426086914_twitter,3,normal,0,[],[],False,3,True,0,0,0.16948214
11180809_gab,6,hatespeech,1,"['Arab', 'Other']","[2, 3]",True,3,False,1,1,0.9999738
1165629440665235459_twitter,10,normal,0,[],[],False,3,True,0,0,2.5587171e-05
1179088963962884096_twitter,9,normal,0,[],[],False,3,True,0,0,1.824749e-05
12985498_gab,49,hatespeech,1,"['Hispanic', 'Men', 'Other', 'Women']","[0, 1, 2, 3, 4, 5, 37, 38, 39, 40, 41, 42, 43, 44, 45, 46, 47, 48]",True,3,False,1,1,0.99849117
1176235229423554563_twitter,4,offensive,1,"['Asian', 'Other']","[1, 2, 3]",True,3,False,1,1,0.99971944
26137273_gab,6,offensive,1,"['Men', 'Islam', 'Women']","[1, 2, 3, 4, 5]",True,3,False,1,1,0.9999858
1088982028945670144_twitter,18,normal,0,[],[],False,3,True,0,0,2.2332057e-05
21364889_gab,45,offensive,1,"['Islam', 'Jewish', 'Homosexual', 'Men', 'Bisexual', 'Disability', 'African', 'Refugee', 'Women']","[0, 1, 2, 3, 4, 5, 6, 7, 8, 9, 10, 11, 12, 13, 14, 15, 16, 17, 18, 19, 20, 21, 22, 23, 24, 25, 26, 27, 28, 29, 30, 31]",True,3,True,1,1,0.9999758
1178964068545236992_twitter,50,normal,0,"['Homosexual', 'African', 'Women']",[],False,3,True,0,0,0.0012899874
3174384_gab,50,hatespeech,1,['Refugee'],"[0, 1, 2, 3, 4, 5, 6, 7, 14, 15, 16, 17, 18, 19, 20, 21, 22, 23, 24, 25, 26, 28, 29, 30, 31, 32, 33, 34, 35, 36, 37, 38, 39, 40, 41, 42, 43, 44, 45, 46]",True,3,False,1,1,0.99998665
1178780987049889794_twitter,10,hatespeech,1,['African'],[1],True,3,True,1,1,0.9611441
22969485_gab,25,hatespeech,1,"['Hispanic', 'Refugee']","[9, 10, 11, 12, 13, 14, 15, 16, 17, 18, 19, 20, 21, 22, 23, 24]",True,3,False,1,1,0.99998593
19966733_gab,20,offensive,1,"['Hispanic', 'Asian']","[0, 1, 8, 9, 10, 11, 12, 19]",True,3,False,1,0,0.0017226597
20363000_gab,44,normal,0,['Other'],[],False,3,True,0,0,0.04406774
17705219_gab,43,normal,0,"['Hispanic', 'Caucasian']",[],False,3,False,0,1,0.7946659
27027259_gab,6,normal,0,[],[],False,3,True,0,0,2.5720406e-05
1086592848512708608_twitter,17,normal,0,['Islam'],[],False,3,False,0,0,6.125182e-05
22595106_gab,7,normal,0,"['Men', 'Women']",[],False,3,True,0,0,0.0011456121
5305334_gab,40,hatespeech,1,['Jewish'],"[0, 1, 2, 3, 4, 5, 6, 7, 8, 9, 10, 11, 12, 13, 14, 15, 16, 17, 18, 19, 20, 21, 22, 23, 24, 25, 26, 27, 28, 29, 30, 31, 32, 33, 34, 35, 36, 37, 38, 39]",True,3,False,1,1,0.9998419
7131848_gab,40,offensive,1,"['African', 'Caucasian', 'Islam', 'Jewish']","[4, 5, 6, 7, 8, 9, 10, 13, 14, 15, 16, 17, 18, 19, 20, 21, 22, 23, 24, 25, 26, 27, 30, 31, 32, 33, 34, 36]",True,3,False,1,1,0.99998415
1179070303772610565_twitter,23,offensive,1,"['Economic', 'African', 'Women']","[11, 12, 13, 14, 15, 16, 17, 18, 19, 20, 21, 22]",True,3,True,1,1,0.99998915
1179097570326523904_twitter,13,normal,0,[],[],False,3,True,0,1,0.9927619
1167039142045343745_twitter,13,hatespeech,1,"['Arab', 'Islam']","[4, 5, 6, 7, 8, 9]",True,3,False,1,1,0.99998426
1206790473668595714_twitter,6,normal,0,[],[],False,3,True,0,0,8.406351e-05
1090802012520964096_twitter,20,offensive,1,['Refugee'],"[3, 4, 5, 7, 8, 13]",True,3,False,1,1,0.99398863
1103165669225447425_twitter,17,normal,0,[],[],False,3,False,0,0,1.3887237e-05
3476709_gab,52,normal,0,"['Refugee', 'Other']",[],False,3,True,0,0,3.5678495e-05
27586727_gab,25,normal,0,"['Men', 'Refugee', 'Women']",[],False,3,False,0,0,0.0027004788
11063815_gab,42,offensive,1,"['Caucasian', 'Women']","[35, 36, 37, 38, 39, 40, 41, 15, 16, 17, 18, 19, 29]",True,3,False,1,1,0.99997866
1179104792267939843_twitter,15,normal,0,['Women'],[],False,3,True,0,1,0.9999887
1090022971303968771_twitter,6,normal,0,[],[],False,3,True,0,0,1.3782688e-05
1164907953280946176_twitter,27,normal,0,[],[],False,3,True,0,0,9.670462e-06
1178363475573129218_twitter,35,normal,0,['Caucasian'],[],False,3,False,0,1,0.9503795
20298286_gab,32,offensive,1,['Homosexual'],"[13, 14]",True,3,False,1,1,0.99420893
1113411677075144704_twitter,5,offensive,1,['Other'],[4],True,3,False,1,1,0.9475773
1125023867741847553_twitter,10,offensive,1,"['Hispanic', 'Other']","[4, 5]",True,3,True,1,1,0.9990194
26003312_gab,17,hatespeech,1,['African'],[0],True,3,False,1,1,0.99995637
1179065423985135617_twitter,22,normal,0,[],[],False,3,True,0,0,0.0010189645
26159937_gab,13,hatespeech,1,['Islam'],"[0, 1, 2, 3, 4, 5, 6, 7, 8, 9]",True,3,True,1,1,0.9956923
22389888_gab,14,hatespeech,1,"['Islam', 'Women']","[11, 13]",True,3,False,1,0,0.0005656185
1106389762066124801_twitter,6,offensive,1,['Islam'],"[2, 3, 4, 5]",True,3,False,1,0,7.955671e-05
24985956_gab,38,normal,0,[],[],False,3,True,0,1,0.9998267
10660581_gab,20,normal,0,"['Caucasian', 'Other']",[],False,3,True,0,0,2.103144e-05
1177915545108307968_twitter,46,normal,0,[],[],False,3,True,0,1,0.8135492
1178831129538744320_twitter,24,normal,0,[],[],False,3,True,0,0,8.030994e-05
23453158_gab,19,hatespeech,1,"['Islam', 'Women']","[0, 1, 2, 3, 4, 5, 6, 7, 8, 9, 10, 11, 12, 13, 14, 15, 16, 17, 18]",True,3,False,1,1,0.99998367
15065738_gab,13,hatespeech,1,"['African', 'Other', 'Women']","[10, 11, 12]",True,3,False,1,1,0.99998116
16109086_gab,22,hatespeech,1,"['African', 'Women']","[11, 3, 4, 12]",True,3,True,1,1,0.9999664
13760196_gab,41,normal,0,[],[],False,3,False,0,0,1.4692418e-05
10531067_gab,14,hatespeech,1,"['Men', 'Other', 'Women']","[0, 7, 8, 9, 10, 11, 12, 13]",True,3,False,1,1,0.9999106
1117128090487074819_twitter,12,normal,0,[],[],False,3,True,0,0,0.0037986485
3396176_gab,36,normal,0,[],[],False,3,False,0,1,0.99965787
1164021403231776771_twitter,20,normal,0,['Other'],[],False,3,False,0,1,0.9999888
17325666_gab,22,offensive,1,"['Homosexual', 'African']","[6, 15]",True,3,False,1,1,0.9999864
1179102097029160960_twitter,18,normal,0,[],[],False,3,True,0,0,7.721885e-06
1177986186989715457_twitter,10,normal,0,"['Arab', 'Other']",[],False,3,False,0,0,0.019856475
1123741510858625024_twitter,42,offensive,1,"['Homosexual', 'Women']","[5, 6, 12, 27, 28]",True,3,False,1,1,0.99996877
26562962_gab,34,normal,0,[],[],False,3,True,0,1,0.9948207
27289493_gab,14,normal,0,[],[],False,3,True,0,1,0.9981462
1178510172366393344_twitter,7,normal,0,[],[],False,3,True,0,0,0.0025584067
1179097808302817280_twitter,21,normal,0,[],[],False,3,True,0,0,8.196723e-05
27392816_gab,6,hatespeech,1,['Arab'],"[1, 2]",True,3,True,1,1,0.99997365
1179047556535455744_twitter,14,hatespeech,1,"['Arab', 'Islam', 'Women']","[4, 5, 6, 7, 8, 9, 10, 11, 12, 13]",True,3,True,1,1,0.99999034
7391418_gab,32,hatespeech,1,['Islam'],"[0, 1, 2, 3, 4, 5, 6, 7, 8, 9, 10, 11, 12, 13, 14, 15, 16, 17, 18, 19, 20, 21, 22, 23, 24, 25, 26, 27, 28, 29, 30, 31]",True,3,False,1,1,0.98491377
1178538620573097985_twitter,12,offensive,1,"['Homosexual', 'Men']","[9, 10, 11]",True,3,False,1,1,0.99994516
1127247792793997313_twitter,21,normal,0,"['African', 'Refugee']",[],False,3,False,0,0,0.011213844
11783475_gab,24,hatespeech,1,"['African', 'Minority']",[15],True,3,True,1,1,0.9999769
15516397_gab,3,hatespeech,1,['African'],"[0, 1, 2]",True,3,True,1,1,0.9999869
26122256_gab,27,offensive,1,"['Homosexual', 'Men']","[3, 12, 13, 14, 15, 16, 17, 18, 19, 20, 21, 22, 23, 24, 25, 26]",True,3,False,1,1,0.9999862
10043208_gab,46,hatespeech,1,"['Islam', 'Men', 'Refugee', 'Heterosexual', 'Women', 'Arab', 'Minority']","[13, 15, 16, 22, 24, 25, 30]",True,3,False,1,1,0.9999012
12744613_gab,17,offensive,1,['Other'],"[1, 2, 3, 4, 5, 6, 7, 8, 9, 10, 11, 12, 13, 14, 15, 16]",True,3,True,1,1,0.9993123
6074857_gab,31,hatespeech,1,"['African', 'Arab', 'Other']","[11, 12, 13, 14, 15, 16, 17, 19, 20, 21, 22, 23, 24]",True,3,False,1,1,0.50407815
1142991464965627904_twitter,10,offensive,1,['Women'],"[2, 3, 4, 5, 6, 7]",True,3,True,1,1,0.9999448
15621599_gab,22,hatespeech,1,"['Refugee', 'Asian']","[6, 7, 8, 9, 10, 20, 21]",True,3,False,1,1,0.9999852
12784812_gab,8,hatespeech,1,"['African', 'Men', 'Women']","[0, 1, 2, 3, 4, 5, 6, 7]",True,3,False,1,1,0.99997675
15428053_gab,34,offensive,1,['Jewish'],"[32, 33, 27, 28, 29, 30, 31]",True,3,False,1,1,0.9993211
833004295494762496_twitter,9,normal,0,"['Homosexual', 'Other']",[],False,3,True,0,0,0.0018393762
17019418_gab,23,hatespeech,1,"['Islam', 'Jewish']","[0, 1, 2, 3, 4, 5, 6, 7, 8, 9, 10, 11, 12, 13, 14, 15, 16, 17, 18, 19, 20, 21, 22]",True,3,True,1,1,0.9999869
1179053152655405057_twitter,39,normal,0,[],[],False,3,True,0,0,1.7049559e-05
21868057_gab,50,hatespeech,1,"['Indian', 'Homosexual', 'Jewish']","[3, 9, 10, 11, 12, 21, 22, 23]",True,3,True,1,1,0.9999883
1178713808510078979_twitter,33,normal,0,['Other'],[],False,3,False,0,0,9.739644e-06
1115292264597741570_twitter,14,hatespeech,1,['Islam'],"[2, 3, 4, 6, 7, 8, 9, 10]",True,3,False,1,1,0.9997385
11306174_gab,25,offensive,1,['Refugee'],"[9, 10, 11, 12, 13, 14, 15, 16, 17, 18]",True,3,True,1,0,0.0008071036
19376868_gab,20,hatespeech,1,['Hispanic'],[4],True,3,True,1,1,0.9999827
22626521_gab,12,normal,0,['African'],[],False,3,False,0,1,0.9999869
13662277_gab,39,offensive,1,"['Homosexual', 'Other']","[32, 33, 34, 35, 36, 37, 38, 24, 25, 26, 27, 28, 29, 30, 31]",True,3,True,1,1,0.99636465
10151526_gab,6,hatespeech,1,"['Nonreligious', 'Homosexual', 'Heterosexual', 'Women', 'Minority', 'Indigenous', 'Other']","[0, 1, 3, 4, 5]",True,3,True,1,1,0.99998665
24218631_gab,35,hatespeech,1,"['African', 'Women']","[32, 33, 34, 18, 19]",True,3,False,1,1,0.9999558
13286906_gab,38,hatespeech,1,['Jewish'],[4],True,3,True,1,1,0.99998116
1184433608599232512_twitter,9,offensive,1,"['African', 'Other', 'Women']",[8],True,3,False,1,0,0.00019483188
1178518159109832705_twitter,7,normal,0,[],[],False,3,True,0,0,1.3341383e-05
19521561_gab,35,offensive,1,"['Islam', 'Women']","[2, 3, 4, 5, 6, 7, 8, 9, 10, 11, 12, 13, 14, 15, 16, 17, 25, 26, 27, 28, 29, 30, 31, 32, 33, 34]",True,3,False,1,1,0.9999862
1090122741225795584_twitter,9,offensive,1,['Women'],"[8, 5, 6, 7]",True,3,False,1,1,0.99997354
1276509260122337282_twitter,24,offensive,1,[],"[22, 23]",True,3,True,1,1,0.9057391
20118309_gab,41,normal,0,"['Men', 'Women']",[],False,3,False,0,0,0.00022777493
20139234_gab,47,offensive,1,"['Indian', 'Other']","[32, 46, 30, 31]",True,3,False,1,1,0.99990976
23933864_gab,33,normal,0,['Women'],[],False,3,False,0,0,5.1804738e-05
12440268_gab,40,offensive,1,['African'],"[1, 2, 3, 4, 5, 6, 7, 8, 9, 10, 11, 12, 13]",True,3,False,1,1,0.9999881
13160999_gab,20,hatespeech,1,['Islam'],"[8, 9]",True,3,False,1,1,0.9999857
1160100500764811264_twitter,8,normal,0,['Other'],[],False,3,False,0,0,2.5351306e-05
1173735134492798982_twitter,7,normal,0,[],[],False,3,True,0,0,8.506731e-05
24716255_gab,19,hatespeech,1,['African'],[17],True,3,True,1,1,0.9999646
1194225983064166402_twitter,9,normal,0,[],[],False,3,False,0,0,0.0025110038
1178959002375507968_twitter,28,offensive,1,['Caucasian'],"[3, 4, 16, 17, 18, 19, 20, 21, 22, 23, 24, 25, 26, 27]",True,3,False,1,1,0.9973334
1192167601658585089_twitter,9,offensive,1,[],"[2, 3]",True,3,False,1,0,1.960801e-05
5289905_gab,18,normal,0,"['Hispanic', 'Caucasian', 'African', 'Asian', 'Arab']",[],False,3,False,0,0,0.24802567
3284473_gab,26,offensive,1,"['Caucasian', 'African', 'Other']","[6, 7, 8, 9, 10, 11, 12, 13, 14, 17, 18, 19, 20]",True,3,False,1,1,0.9999858
1179102418346418177_twitter,9,offensive,1,['Disability'],"[8, 6, 7]",True,3,True,1,1,0.99998224
21672910_gab,29,offensive,1,['Jewish'],"[2, 3, 4, 5, 6, 7, 21, 22, 23, 24]",True,3,False,1,1,0.99998975
1179088826985267201_twitter,19,normal,0,['Caucasian'],[],False,3,False,0,0,1.014159e-05
1178427236686409728_twitter,19,normal,0,[],[],False,3,True,0,0,5.0216608e-05
1179105719930490881_twitter,27,normal,0,[],[],False,3,True,0,0,0.00024204976
1163968982849863686_twitter,11,normal,0,[],[],False,3,False,0,1,0.9998727
17734035_gab,16,normal,0,"['Islam', 'Jewish', 'Other']",[],False,3,False,0,1,0.99977916
1178494192055664640_twitter,8,hatespeech,1,['African'],"[6, 7]",True,3,True,1,0,0.00089813565
1179072913582034944_twitter,21,normal,0,[],[],False,3,True,0,0,0.010203746
17918951_gab,10,normal,0,"['Islam', 'Refugee', 'Other']",[],False,3,False,0,1,0.9999856
24403175_gab,27,hatespeech,1,"['Arab', 'African']","[0, 1, 2, 3, 4, 5, 6, 7, 8, 9, 10, 11, 12, 13, 14, 15, 16, 22, 23, 24, 25, 26]",True,3,True,1,1,0.99997497
24525987_gab,7,normal,0,"['Homosexual', 'Women']",[],False,3,True,0,0,0.0024004756
23101908_gab,48,hatespeech,1,['African'],"[0, 1]",True,3,False,1,1,0.9999858
22616955_gab,21,hatespeech,1,"['Arab', 'Islam', 'Other']","[8, 9, 10, 11, 12, 13, 14, 15, 16, 17, 18, 19, 20]",True,3,False,1,1,0.99998856
21917123_gab,21,offensive,1,"['Arab', 'Islam']","[15, 16, 17, 18, 19, 20]",True,3,False,1,1,0.9999783
1182798517913423872_twitter,8,normal,0,['Other'],[],False,3,True,0,0,6.303673e-05
16277244_gab,42,hatespeech,1,['Hispanic'],"[41, 19, 20]",True,3,False,1,1,0.99985504
1165573249045909509_twitter,20,offensive,1,"['Islam', 'Men', 'Asian', 'Women', 'Arab']","[8, 9, 10, 11, 12, 13, 14, 15, 16, 17, 18, 19]",True,3,False,1,0,3.024536e-05
15632048_gab,7,offensive,1,"['African', 'Men', 'Christian', 'Heterosexual']","[2, 3]",True,3,False,1,1,0.9999757
1246127173171384320_twitter,13,hatespeech,1,['Homosexual'],"[2, 3, 4, 5]",True,3,True,1,1,0.99996185
1179101133488283649_twitter,16,normal,0,[],[],False,3,True,0,0,4.7644968e-05
15917909_gab,32,offensive,1,"['Caucasian', 'Other']",[],False,3,False,1,0,0.0023666646
4552326_gab,25,offensive,1,"['Islam', 'Men', 'Refugee', 'Women', 'Arab']","[10, 11, 19, 20, 21, 22, 23, 24]",True,3,False,1,1,0.9378751
1240749593069051912_twitter,38,offensive,1,['Men'],"[4, 5, 6, 7, 8, 9, 10, 11, 12, 13, 14, 15, 16, 17, 18, 19, 20, 21, 22, 23, 24, 25, 26, 27, 28, 29, 30, 31, 32, 33, 34, 35, 36, 37]",True,3,True,1,1,0.9998493
1179103102974214144_twitter,45,normal,0,['Refugee'],[],False,3,False,0,0,0.0038209208
12201491_gab,35,normal,0,['Islam'],[],False,3,False,0,0,0.079992555
5085456_gab,31,hatespeech,1,"['Jewish', 'African', 'Asian', 'Refugee', 'Arab']","[0, 1, 2, 3, 4, 5, 6, 7, 8, 9, 10, 11, 12, 13, 14, 15, 16, 17, 18, 19, 20, 21, 22, 23, 24, 25, 26, 27, 28, 29, 30]",True,3,False,1,1,0.99999094
1208582490052423686_twitter,8,normal,0,['Other'],[],False,3,False,0,0,0.0048843953
1178364470344781824_twitter,18,hatespeech,1,"['Arab', 'Other']","[9, 10]",True,3,True,1,0,3.4549837e-05
1820844_gab,3,normal,0,"['Homosexual', 'African', 'Women']",[],False,3,False,0,1,0.99996734
1208187936065212417_twitter,12,offensive,1,['Islam'],"[4, 5, 6, 7, 8, 9, 10, 11]",True,3,False,1,1,0.8785547
1231392956516642818_twitter,18,normal,0,['Jewish'],[],False,3,False,0,1,0.86786306
1178836489486118923_twitter,45,normal,0,[],[],False,3,True,0,0,2.2782326e-05
1178759551174270976_twitter,16,normal,0,[],[],False,3,True,0,0,3.119251e-05
13907983_gab,20,hatespeech,1,['Jewish'],"[8, 19]",True,3,True,1,1,0.9998709
21357074_gab,19,hatespeech,1,['Jewish'],"[3, 4]",True,3,True,1,1,0.99998844
1106543525254946817_twitter,22,normal,0,['Islam'],[],False,3,True,0,0,3.9495022e-05
20571496_gab,8,hatespeech,1,"['Homosexual', 'Islam']","[2, 3, 6, 7]",True,3,True,1,1,0.99998546
19089112_gab,19,hatespeech,1,"['Caucasian', 'African']","[3, 12, 13, 14, 15, 16, 17, 18]",True,3,False,1,1,0.99998474
16475631_gab,53,hatespeech,1,['Jewish'],"[8, 9, 5]",True,3,True,1,1,0.9999789
26296506_gab,35,normal,0,[],[],False,3,False,0,0,0.24937885
11916614_gab,46,hatespeech,1,"['Men', 'Jewish', 'Women']","[3, 4, 5, 6, 7, 8, 9, 10, 11, 23, 24, 25, 26, 27, 28, 29, 39, 40, 41, 42]",True,3,True,1,1,0.9999465
1274784683931439105_twitter,12,normal,0,"['Arab', 'Islam', 'Refugee']",[],False,3,False,0,0,0.0021439162
24766870_gab,42,hatespeech,1,"['Homosexual', 'Caucasian', 'Men']","[0, 1, 2, 3, 4, 5, 6, 7, 8, 9, 10, 11, 12, 13, 14, 15, 16, 17, 18, 19, 20, 21, 22, 23, 24, 25, 26, 27, 28, 29, 30, 31, 32, 33, 34, 35, 36, 37, 38, 39, 40, 41]",True,3,False,1,0,0.00051402196
1178849207567798272_twitter,42,normal,0,[],[],False,3,True,0,0,0.00040809117
1163091555424624643_twitter,15,offensive,1,['Homosexual'],"[12, 13, 14]",True,3,True,1,1,0.9999827
1178696637658681345_twitter,52,normal,0,[],[],False,3,True,0,0,2.836997e-05
1184640429733474304_twitter,17,normal,0,[],[],False,3,True,0,0,0.00014813564
17724232_gab,29,normal,0,"['Islam', 'Refugee']",[],False,3,False,0,1,0.99997365
27993546_gab,30,offensive,1,"['Hispanic', 'Refugee']","[0, 1, 2, 3, 4, 5, 6, 7, 8, 9, 10, 11, 12, 13, 14, 15, 16, 17, 18, 19, 20, 21, 22, 23, 24, 25, 26, 27, 28, 29]",True,3,False,1,0,8.785424e-05
4587670_gab,22,offensive,1,"['African', 'Women']","[18, 19, 12, 13]",True,3,False,1,1,0.99998116
26386955_gab,13,hatespeech,1,"['Hispanic', 'Jewish']","[0, 1, 5]",True,3,True,1,1,0.9999846
13450400_gab,48,hatespeech,1,"['Islam', 'Other']","[11, 12, 13, 14, 15, 16, 17, 18, 19, 20, 21]",True,3,True,1,1,0.99961215
25822786_gab,33,normal,0,"['Refugee', 'Other']",[],False,3,False,0,0,2.60283e-05
14024971_gab,42,offensive,1,"['Islam', 'Refugee']","[10, 11, 12, 13, 14, 15, 16]",True,3,False,1,1,0.9999602
21163029_gab,5,normal,0,['Homosexual'],[],False,3,False,0,0,7.715406e-05
1100232293094907904_twitter,22,normal,0,[],[],False,3,False,0,0,1.380862e-05
1179095699826323456_twitter,18,normal,0,[],[],False,3,True,0,1,0.90827173
1162574708090515456_twitter,17,offensive,1,['Women'],[11],True,3,False,1,1,0.99912924
1221919139457093639_twitter,7,offensive,1,"['Homosexual', 'Men', 'Women']","[4, 5, 6]",True,3,True,1,1,0.9999771
24957895_gab,19,hatespeech,1,"['Homosexual', 'Men', 'Women']","[16, 1, 2, 17]",True,3,False,1,1,0.9999826
1103849821599948801_twitter,6,normal,0,"['African', 'Men']",[],False,3,False,0,0,0.003185542
1126207508748619776_twitter,17,offensive,1,"['Men', 'Jewish', 'Christian', 'Women']",[],False,3,False,1,1,0.99994326
22291494_gab,45,offensive,1,"['Hispanic', 'African', 'Islam', 'Jewish']","[26, 27, 28, 29, 30, 31, 32, 33, 34, 35, 36, 37, 38, 39, 40, 41, 42, 43, 44]",True,3,False,1,1,0.9999788
25333316_gab,25,offensive,1,['Women'],"[11, 12, 13, 14, 15, 16, 17, 18, 19, 20, 21, 22, 23, 24]",True,3,False,1,1,0.9999832
11657882_gab,34,hatespeech,1,"['Jewish', 'Women']","[7, 10, 24, 25, 26, 27, 28, 29]",True,3,False,1,0,0.38390267
27055008_gab,40,hatespeech,1,"['Arab', 'Islam', 'Refugee', 'Asian']","[2, 3, 4, 5, 6, 7, 8, 17, 28, 29]",True,3,False,1,1,0.9999901
1178782022267019264_twitter,11,normal,0,"['Other', 'Women']",[],False,3,False,0,1,0.99650586
16297218_gab,30,hatespeech,1,"['Arab', 'Islam', 'Jewish']",[],False,3,False,1,0,0.0013071353
27713812_gab,12,hatespeech,1,['African'],"[1, 2, 7, 8, 9, 10, 11]",True,3,False,1,1,0.9999752
23168690_gab,38,hatespeech,1,"['Caucasian', 'Jewish']","[33, 34, 35, 36, 37, 9, 18, 31]",True,3,False,1,0,0.17927994
1178846407937134592_twitter,47,normal,0,[],[],False,3,True,0,0,2.5403679e-05
26967794_gab,25,hatespeech,1,['African'],"[0, 1, 2, 3, 4, 5, 6, 7, 8, 9, 10, 11, 12, 13, 14, 15, 16, 17, 18, 19, 20, 21, 22, 23, 24]",True,3,False,1,1,0.99998057
11172572_gab,17,hatespeech,1,"['Arab', 'Islam']","[6, 7]",True,3,True,1,1,0.99998987
26261243_gab,15,hatespeech,1,['African'],"[10, 11, 12, 13, 14]",True,3,False,1,1,0.99667275
1091513903756980224_twitter,13,offensive,1,['Islam'],"[9, 10, 11, 12]",True,3,True,1,0,0.00026151078
287620657783656449_twitter,10,offensive,1,"['Jewish', 'Other']","[0, 1, 2, 3, 4, 5, 6, 7, 8, 9]",True,3,True,1,0,0.4242778
1179091734162284550_twitter,17,normal,0,[],[],False,3,True,0,0,1.6767346e-05
1170625305519820801_twitter,18,normal,0,[],[],False,3,True,0,0,2.8994325e-05
22550417_gab,19,offensive,1,"['Islam', 'Men', 'Refugee', 'Women', 'Arab']","[1, 6, 7]",True,3,False,1,0,0.0054504196
1179073584121208832_twitter,38,offensive,1,"['Homosexual', 'African', 'Women']","[2, 18, 37]",True,3,True,1,1,0.9990687
16895328_gab,12,normal,0,['Homosexual'],[],False,3,False,0,1,0.9999778
3318676_gab,43,hatespeech,1,['African'],"[32, 33, 34, 35, 36, 37, 38, 39, 40, 41, 27, 28, 29, 30, 31]",True,3,True,1,1,0.9999869
20027761_gab,11,hatespeech,1,"['Arab', 'Refugee']","[3, 4, 5, 6]",True,3,True,1,1,0.9999888
23277972_gab,33,offensive,1,['Women'],"[1, 2, 3, 4]",True,3,False,1,1,0.9999826
1178468053274771456_twitter,20,normal,0,[],[],False,3,True,0,0,0.006047101
18387852_gab,7,offensive,1,"['Islam', 'Men', 'Refugee', 'Women', 'Arab']","[0, 1, 2, 3, 4, 5, 6]",True,3,False,1,1,0.99994874
22968939_gab,28,normal,0,['African'],[],False,3,False,0,0,0.01656864
19460638_gab,9,normal,0,['Jewish'],[],False,3,True,0,0,0.066170976
1208593554626564096_twitter,13,offensive,1,"['Homosexual', 'Other']","[0, 1, 2, 3]",True,3,False,1,1,0.99996984
1179082751737249792_twitter,13,normal,0,[],[],False,3,True,0,0,1.34783195e-05
1179099485512839169_twitter,20,normal,0,[],[],False,3,True,0,1,0.99993026
1276507590785105924_twitter,8,offensive,1,['Other'],[7],True,3,True,1,1,0.9999788
14824578_gab,47,offensive,1,['African'],"[6, 7]",True,3,False,1,1,0.9999894
24540668_gab,31,hatespeech,1,['African'],"[2, 3]",True,3,False,1,1,0.9999753
16388640_gab,51,hatespeech,1,"['Islam', 'Refugee']","[29, 30]",True,3,True,1,1,0.9999647
17138988_gab,26,hatespeech,1,"['Hispanic', 'Islam', 'Jewish', 'Homosexual', 'African', 'Asian', 'Women']","[15, 16, 17, 18, 19, 20, 21, 22, 23, 24, 25]",True,3,True,1,1,0.99997663
1179050937148678144_twitter,8,normal,0,[],[],False,3,True,0,0,2.569655e-05
20121839_gab,21,offensive,1,['Other'],"[0, 1, 2, 3, 4, 5, 6, 7, 8, 9]",True,3,False,1,1,0.99998474
27463557_gab,28,hatespeech,1,"['Homosexual', 'Jewish', 'Other', 'Women']","[25, 26, 27]",True,3,False,1,1,0.99998844
1093981213830926336_twitter,16,normal,0,['Refugee'],[],False,3,True,0,0,2.1469668e-05
25199044_gab,19,normal,0,"['Hispanic', 'Caucasian', 'Jewish']",[],False,3,False,0,1,0.99886936
1179097984748929025_twitter,26,normal,0,[],[],False,3,True,0,0,2.7065818e-05
1170025843013357568_twitter,27,offensive,1,['Women'],[24],True,3,False,1,0,0.00022285215
22627863_gab,26,hatespeech,1,"['Islam', 'Heterosexual', 'Women']","[6, 7, 8, 10, 11, 12, 15, 22, 23, 24, 25]",True,3,False,1,1,0.9999906
1179043003350093824_twitter,14,normal,0,[],[],False,3,True,0,0,0.0008843776
17504619_gab,51,hatespeech,1,['Jewish'],"[33, 34, 35, 36, 37, 7, 39, 40, 46, 47, 48, 49, 50]",True,3,True,1,1,0.99998736
1206413758060519426_twitter,20,offensive,1,"['African', 'Other']","[12, 13, 14, 15]",True,3,True,1,1,0.99995744
1178850715848122369_twitter,42,normal,0,[],[],False,3,True,0,0,0.00023323612
10428925_gab,11,hatespeech,1,['Islam'],"[2, 3, 4, 5, 6, 7, 8, 9, 10]",True,3,False,1,1,0.9999838
24752762_gab,17,normal,0,[],[],False,3,True,0,0,0.00010069124
19412594_gab,52,hatespeech,1,"['Homosexual', 'African']","[46, 18, 19, 20, 21, 31]",True,3,True,1,1,0.9999579
20473768_gab,25,offensive,1,['Other'],"[8, 16, 17, 18, 19, 20, 21, 22]",True,3,True,1,1,0.9999765
16144185_gab,40,hatespeech,1,"['Arab', 'Islam']","[10, 11, 12, 13, 14, 15, 16, 17, 18, 19, 20, 21, 22, 23, 24, 25, 26, 27, 28, 29, 30, 31, 32, 33, 34, 35, 36, 37, 38, 39]",True,3,True,1,1,0.9997273
14410484_gab,46,hatespeech,1,['Islam'],"[37, 38, 40, 41, 42, 43, 44, 45, 23, 24]",True,3,False,1,1,0.9999596
1178261446683234304_twitter,31,normal,0,"['Homosexual', 'African']",[],False,3,False,0,1,0.94891727
1179069486923689987_twitter,19,normal,0,[],[],False,3,True,0,1,0.9069377
1177801777154052096_twitter,8,normal,0,"['Caucasian', 'African']",[],False,3,False,0,1,0.99998045
20148975_gab,13,offensive,1,"['Arab', 'Islam', 'Jewish']","[0, 1, 2, 3, 4, 5, 6, 7, 8, 9, 10, 11, 12]",True,3,False,1,1,0.99998164
1163928201627865089_twitter,22,offensive,1,['Homosexual'],[19],True,3,True,1,0,2.3081622e-05
16462384_gab,22,hatespeech,1,['Jewish'],"[2, 3, 6, 13, 14, 15, 16, 17, 18, 19, 20, 21]",True,3,False,1,1,0.99997926
1178979725252988928_twitter,32,normal,0,['Islam'],[],False,3,False,0,0,7.074726e-05
1102795985951043584_twitter,13,normal,0,['Other'],[],False,3,True,0,0,1.3203846e-05
15062597_gab,12,hatespeech,1,['African'],"[0, 1, 3, 4, 5, 6, 8, 9, 11]",True,3,False,1,1,0.9999831
1919775_gab,21,offensive,1,"['Hispanic', 'Caucasian', 'Other']","[0, 1, 2, 3, 4, 5, 6, 7, 8, 9, 10, 11, 12, 13, 14, 15, 16, 17, 18, 19, 20]",True,3,False,1,0,0.0001307496
1090776805148102656_twitter,3,offensive,1,['Women'],[2],True,3,False,1,1,0.9998493
23150596_gab,33,hatespeech,1,['Islam'],"[3, 25, 26, 27, 28]",True,3,False,1,1,0.99997926
11701492_gab,31,hatespeech,1,"['Other', 'Women']","[3, 4, 5, 6, 7, 8, 9, 10, 11, 12, 13, 14, 15, 16, 17, 18, 19, 20, 21, 23, 24, 25, 26, 27, 28, 29, 30]",True,3,False,1,1,0.99929667
1179071028552781824_twitter,8,normal,0,[],[],False,3,True,0,0,9.988685e-06
9844016_gab,14,hatespeech,1,"['African', 'Men', 'Jewish', 'Women']","[0, 1, 2, 3, 4, 5, 6]",True,3,True,1,1,0.9999875
25379594_gab,4,offensive,1,"['Arab', 'Islam', 'Men', 'Women']","[0, 1, 2, 3]",True,3,True,1,0,0.0016061679
1178430921156042753_twitter,23,normal,0,['African'],[],False,3,True,0,1,0.9998683
20120250_gab,47,hatespeech,1,['African'],"[38, 39, 40, 41, 42, 43, 44, 45, 46, 11]",True,3,True,1,1,0.9999794
1178854367929106432_twitter,20,hatespeech,1,"['Homosexual', 'African']","[9, 10, 11, 13, 14, 15, 16, 17, 18, 19]",True,3,True,1,1,0.9999833
9078994_gab,29,normal,0,['Refugee'],[],False,3,True,0,0,0.0062847007
1203280822704492544_twitter,12,offensive,1,['Homosexual'],"[0, 1, 7, 9, 10, 11]",True,3,False,1,0,7.6742625e-05
9013145_gab,32,offensive,1,"['Arab', 'Islam']","[0, 1, 2, 3, 4, 5, 6, 7, 8, 9, 10, 11, 12, 13, 14, 15, 16, 17, 18, 19, 20, 21, 22, 23, 24, 25, 26, 27, 28, 29, 30, 31]",True,3,False,1,0,0.030806854
22991916_gab,32,offensive,1,"['Indian', 'Islam']","[14, 15, 16, 17, 18, 19]",True,3,False,1,1,0.9995672
1174008783460323329_twitter,22,normal,0,[],[],False,3,True,0,0,2.3088092e-05
23298289_gab,19,offensive,1,[],"[17, 18, 3]",True,3,True,1,1,0.9999912
13716982_gab,49,offensive,1,"['Arab', 'Other']","[0, 1, 2, 3, 4, 5, 6, 7, 8, 9, 24, 25, 26, 27, 28, 29, 30, 31, 32, 33, 34, 35, 36, 37, 38, 39, 40, 41, 42, 43, 44, 45, 46, 47, 48]",True,3,False,1,1,0.99998426
16787150_gab,48,hatespeech,1,"['Hispanic', 'African', 'Jewish', 'Asian']","[23, 24, 25, 26, 27]",True,3,False,1,1,0.99949336
24419087_gab,19,hatespeech,1,"['Homosexual', 'Women']","[0, 1, 2, 3, 4, 5, 6, 7, 8, 9, 10, 11, 12, 13, 14, 15, 16, 17, 18]",True,3,True,1,1,0.99947006
1178559091482021893_twitter,47,hatespeech,1,"['Arab', 'Islam']",[],False,3,False,1,0,4.947301e-05
1179093572156628994_twitter,30,normal,0,[],[],False,3,True,0,0,7.93573e-06
1179100754747023361_twitter,39,normal,0,[],[],False,3,True,0,0,3.316112e-05
1179077559381704704_twitter,23,normal,0,[],[],False,3,True,0,0,3.7109407e-05
10904919_gab,12,hatespeech,1,"['Homosexual', 'Jewish', 'Women']","[1, 10]",True,3,True,1,1,0.9999832
1178598739893727232_twitter,36,normal,0,[],[],False,3,True,0,0,1.2610745e-05
26460479_gab,24,offensive,1,['Women'],"[0, 1, 2, 3, 4, 5, 6, 7, 8, 9, 10, 11, 12, 13, 14, 15, 16, 17, 18, 19, 20, 21, 22, 23]",True,3,False,1,0,2.4027175e-05
16962207_gab,18,normal,0,"['Homosexual', 'Heterosexual']",[],False,3,False,0,0,0.003548349
1211421115299463168_twitter,12,offensive,1,"['Caucasian', 'Arab', 'Islam']","[3, 10, 11, 7]",True,3,True,1,1,0.99342465
1162847266568323073_twitter,12,normal,0,['Other'],[],False,3,False,0,1,0.9995528
1086466931442503680_twitter,15,offensive,1,"['Arab', 'Islam', 'Other']","[5, 6, 7, 8, 9, 10, 11, 12]",True,3,False,1,0,0.046353374
20387264_gab,11,hatespeech,1,['African'],[10],True,3,True,1,1,0.9995733
5857792_gab,25,offensive,1,"['Arab', 'Islam', 'Jewish']","[0, 1, 2, 3, 4, 5, 6, 7, 8, 9, 10, 11, 12, 13, 14, 15, 16, 17, 18, 19, 20, 21, 22, 23, 24]",True,3,False,1,1,0.9999281
2237880_gab,30,hatespeech,1,['Islam'],"[26, 27]",True,3,True,1,1,0.9978035
1112434819483480065_twitter,11,offensive,1,['Other'],[6],True,3,True,1,1,0.9999298
1178895379011555329_twitter,22,normal,0,[],[],False,3,True,0,0,1.1467981e-05
25340676_gab,34,hatespeech,1,['Homosexual'],"[32, 33, 28, 29, 30, 31]",True,3,True,1,1,0.9999871
1178758216383107074_twitter,4,hatespeech,1,['African'],"[2, 3]",True,3,True,1,1,0.99998665
1178250528456724480_twitter,51,normal,0,[],[],False,3,True,0,0,1.0481513e-05
13961057_gab,46,offensive,1,"['African', 'Arab']","[38, 39, 40, 41, 42, 43, 44, 45]",True,3,False,1,1,0.9996045
23862875_gab,46,normal,0,['Caucasian'],[],False,3,True,0,1,0.99958724
9675817_gab,33,offensive,1,"['African', 'Men', 'Refugee', 'Women']","[0, 1, 2, 3, 4, 5, 6, 7, 8, 9, 10, 11, 12, 13, 14, 15, 16, 17, 18, 19, 20, 21, 22, 23, 24, 25, 26, 27, 28, 29, 30, 31, 32]",True,3,False,1,0,0.00018922871
1122212018931609600_twitter,10,offensive,1,"['Caucasian', 'Women']","[3, 4, 5, 6]",True,3,False,1,1,0.9999163
1178852220424445952_twitter,8,hatespeech,1,"['Arab', 'Islam']","[6, 7]",True,3,False,1,0,0.0006499623
12386020_gab,49,normal,0,['Jewish'],[],False,3,False,0,0,3.4466582e-05
1179074827916922880_twitter,12,normal,0,[],[],False,3,True,0,0,1.2154319e-05
21189732_gab,3,normal,0,"['Islam', 'Other']",[],False,3,True,0,0,0.01756688
1178861976702849024_twitter,11,normal,0,[],[],False,3,True,0,1,0.99996126
13504124_gab,50,normal,0,"['Refugee', 'Other']",[],False,3,False,0,1,0.9948767
12447576_gab,35,normal,0,"['Homosexual', 'Men']",[],False,3,False,0,0,0.000120831435
7117498_gab,11,normal,0,['Other'],[],False,3,False,0,1,0.99998116
1104924368725934081_twitter,22,offensive,1,['Women'],"[2, 3]",True,3,True,1,1,0.9999461
1144486239434788864_twitter,17,offensive,1,['Women'],"[16, 13, 14, 15]",True,3,False,1,1,0.998718
6361297_gab,7,hatespeech,1,"['Caucasian', 'Arab', 'African']","[0, 1, 2, 3, 4, 5, 6]",True,3,False,1,1,0.9999734
18918814_gab,9,hatespeech,1,"['Jewish', 'Women']","[0, 1, 2]",True,3,False,1,1,0.9999894
1103476897617494016_twitter,8,normal,0,[],[],False,3,True,0,0,0.10901029
17367446_gab,48,normal,0,"['Islam', 'Other']",[],False,3,False,0,0,6.127525e-05
1125719191066173441_twitter,10,offensive,1,"['Islam', 'Other']","[5, 6, 7, 8, 9]",True,3,True,1,1,0.99993145
19292008_gab,36,hatespeech,1,['African'],"[3, 7, 8, 9, 11, 12, 13, 14, 15, 16, 17, 18, 19, 20, 21, 22, 23, 24, 25, 26, 27, 28]",True,3,True,1,1,0.99998784
1241642841417363456_twitter,23,normal,0,['Homosexual'],[],False,3,False,0,0,0.0015502557
13187518_gab,45,hatespeech,1,['African'],"[32, 1, 2, 3, 4, 33, 34, 35, 36, 37, 42, 43, 44]",True,3,False,1,1,0.99997556
21492394_gab,18,hatespeech,1,['Jewish'],[16],True,3,True,1,1,0.99998426
1178910429483065344_twitter,39,normal,0,[],[],False,3,True,0,0,8.940114e-06
15398939_gab,20,offensive,1,"['Arab', 'Islam']","[5, 8, 9, 10, 11, 12, 13, 14, 15, 16, 17, 18, 19]",True,3,False,1,1,0.99997807
19018059_gab,26,normal,0,"['Caucasian', 'Men', 'Women']",[],False,3,True,0,1,0.99997807
10755224_gab,34,normal,0,"['Men', 'Women']",[],False,3,False,0,0,0.17409892
20293120_gab,10,hatespeech,1,"['Jewish', 'Refugee']","[0, 1, 2, 3, 7, 8, 9]",True,3,True,1,1,0.9999881
1187989405342076931_twitter,10,normal,0,['Women'],[],False,3,False,0,0,0.00046620058
15521288_gab,26,hatespeech,1,"['Islam', 'Men', 'African', 'Refugee', 'Women', 'Arab']","[0, 1, 2, 3, 4, 5, 6, 7, 8, 9, 10, 11, 12, 13, 14, 15, 16, 17, 18, 19, 20, 21, 22, 23, 24, 25]",True,3,False,1,1,0.999972
17085217_gab,24,offensive,1,"['Homosexual', 'Women']",[21],True,3,True,1,0,7.387054e-05
7507489_gab,51,offensive,1,"['Homosexual', 'Men', 'Women']","[1, 2, 3, 4, 5, 6, 7, 8, 9, 10, 11, 12, 13, 14, 15, 16, 17, 18, 19, 20, 21, 22, 23, 24, 25, 26, 27, 28, 29, 30, 31, 32, 42, 43, 44, 45, 46, 47]",True,3,False,1,1,0.5148224
25691008_gab,19,offensive,1,"['African', 'Minority']",[18],True,3,True,1,0,0.25573716
24309479_gab,47,offensive,1,['Other'],"[7, 8, 9, 10, 11, 12, 13, 14, 15, 16, 17, 18, 19, 20, 21, 22, 23, 24, 25, 31, 32, 33, 34, 35, 36, 37, 38, 39, 40, 41, 42, 43, 44, 45, 46]",True,3,False,1,1,0.99962604
12309875_gab,44,hatespeech,1,"['African', 'Other']","[11, 12, 13, 14, 15, 16, 17]",True,3,False,1,1,0.9999783
1084856717026963457_twitter,13,normal,0,['Other'],[],False,3,False,0,1,0.9917966
18861953_gab,29,hatespeech,1,"['Caucasian', 'African', 'Other', 'Women']","[7, 13, 20, 21, 22, 23, 24]",True,3,True,1,1,0.99997354
25855215_gab,34,hatespeech,1,"['Islam', 'African', 'Asian', 'Arab', 'Other']","[0, 1, 2, 3, 4, 5, 6, 7, 8, 9, 10, 11, 12, 13, 14, 15, 16, 17, 18, 19, 20, 21, 22, 23, 24, 25, 26, 27, 28, 29, 30, 31, 32]",True,3,True,1,1,0.9998745
1179056562423422977_twitter,19,normal,0,[],[],False,3,True,0,0,5.5748656e-05
1179089882095874048_twitter,24,hatespeech,1,"['Homosexual', 'Men']","[1, 2, 3, 15, 21, 22]",True,3,False,1,1,0.9997515
6867013_gab,22,offensive,1,['Women'],"[5, 6, 7, 8, 9, 10, 11, 12, 13, 14, 15, 16, 17, 18, 19, 20, 21]",True,3,True,1,1,0.9999865
17745058_gab,28,offensive,1,"['Hispanic', 'Homosexual', 'Men', 'African', 'Refugee', 'Women']","[20, 21, 22, 23, 25, 26, 27]",True,3,False,1,1,0.99997735
1179010129318072321_twitter,24,normal,0,[],[],False,3,True,0,0,5.3835578e-05
13921195_gab,20,hatespeech,1,"['Caucasian', 'African', 'Men', 'Women']",[],False,3,False,1,1,0.99785054
1178530577206644737_twitter,3,normal,0,[],[],False,3,True,0,0,0.00022091933
13116041_gab,42,hatespeech,1,['Islam'],"[37, 38, 41, 13, 14]",True,3,False,1,1,0.99975103
1087182794130903041_twitter,8,offensive,1,['Women'],[7],True,3,False,1,1,0.67288357
11966722_gab,19,hatespeech,1,['African'],"[12, 13, 14, 15]",True,3,True,1,1,0.9992619
24848318_gab,15,hatespeech,1,"['Homosexual', 'African', 'Women']","[0, 1, 2, 3, 4, 5, 6, 7, 8, 9, 10, 11, 12, 13, 14]",True,3,True,1,1,0.99998176
11456563_gab,52,hatespeech,1,"['Homosexual', 'Men']","[3, 4, 10, 11, 12, 13, 14, 15, 16, 17, 18, 19, 20, 21, 22, 23, 24, 25]",True,3,False,1,1,0.98734903
27928076_gab,10,hatespeech,1,"['Islam', 'Other']","[0, 1]",True,3,False,1,1,0.9999827
23373927_gab,33,normal,0,['Homosexual'],[],False,3,False,0,1,0.9993705
1178833199297900545_twitter,6,normal,0,"['African', 'Men']",[],False,3,False,0,1,0.85817134
8291339_gab,17,offensive,1,"['Men', 'Other', 'Women']","[0, 1, 2, 3, 4, 5, 6, 7, 8, 9, 10, 11, 12, 13, 14, 15, 16]",True,3,False,1,0,2.241151e-05
1178909126790918155_twitter,16,normal,0,[],[],False,3,True,0,0,9.203381e-05
17600331_gab,15,hatespeech,1,['African'],"[0, 1, 2, 3, 4, 11, 12, 13, 14]",True,3,True,1,1,0.99998045
1179066191597441024_twitter,12,normal,0,['Women'],[],False,3,True,0,1,0.9997029
26107063_gab,26,hatespeech,1,"['African', 'Other']","[1, 2, 3, 21]",True,3,False,1,1,0.9999819
6144966_gab,20,hatespeech,1,['African'],"[3, 12, 13, 14, 15, 18, 19]",True,3,True,1,1,0.999985
1179037327328366593_twitter,23,normal,0,[],[],False,3,True,0,1,0.99998057
12352960_gab,50,hatespeech,1,"['Men', 'Jewish', 'Women']","[32, 33, 34, 17, 18, 19, 20, 21, 22, 23, 24, 25, 26, 27, 28, 29, 30, 31]",True,3,False,1,1,0.9999877
4719142_gab,20,offensive,1,"['Buddhism', 'Islam', 'Refugee']","[0, 1, 2, 3, 4, 5, 6, 7, 8, 9, 10, 11, 12, 13, 14, 15, 16, 17, 18]",True,3,False,1,1,0.9999753
17397567_gab,24,normal,0,"['Men', 'Women']",[],False,3,False,0,1,0.99998486
14903335_gab,39,normal,0,[],[],False,3,False,0,1,0.9999875
8816114_gab,25,offensive,1,"['African', 'Other']","[19, 20, 21, 22, 23, 24]",True,3,False,1,1,0.9992617
22808088_gab,14,hatespeech,1,"['African', 'Jewish', 'Other']","[0, 1, 2, 3, 4, 5, 6, 7, 9, 10, 11]",True,3,True,1,1,0.99998975
21162364_gab,45,hatespeech,1,"['Arab', 'African', 'Islam', 'Women']","[32, 33, 34, 35, 36, 37]",True,3,False,1,1,0.999985
16622003_gab,28,hatespeech,1,"['Hispanic', 'Jewish', 'Caucasian', 'African', 'Arab']","[2, 3, 4, 5, 6, 7, 8, 9, 12, 13, 14, 15, 16, 17, 18, 19, 20, 21, 22, 23, 24, 25, 26, 27]",True,3,False,1,1,0.99997485
1251628925605892100_twitter,20,normal,0,"['Caucasian', 'Asian']",[],False,3,False,0,0,9.250816e-05
1098170218055122944_twitter,21,normal,0,['Other'],[],False,3,True,0,0,4.4665438e-05
25809327_gab,38,hatespeech,1,"['Homosexual', 'African', 'Hispanic']","[10, 27, 29]",True,3,True,1,1,0.99997866
1178775312366276609_twitter,44,normal,0,[],[],False,3,True,0,0,0.00071989687
1171487918680002560_twitter,26,normal,0,[],[],False,3,True,0,1,0.99947566
18507564_gab,35,hatespeech,1,['African'],"[26, 27, 34]",True,3,True,1,1,0.50534827
1179090333839298560_twitter,30,normal,0,['Refugee'],[],False,3,False,0,1,0.9999851
19429874_gab,28,hatespeech,1,"['Arab', 'Islam', 'Refugee']","[0, 1, 2, 3, 4, 5, 6, 7, 8, 9, 10, 11, 12, 13, 14, 15, 16, 17, 18, 19, 20, 21, 22, 23, 24, 25, 26, 27]",True,3,False,1,1,0.9999882
14791122_gab,9,hatespeech,1,['African'],[2],True,3,False,1,1,0.99994683
4101661_gab,29,normal,0,['Other'],[],False,3,True,0,0,8.635666e-06
6381397_gab,37,offensive,1,"['Homosexual', 'Other', 'Women']","[0, 1, 2, 3, 4, 5, 6, 7, 8, 9, 10, 11, 12, 13, 14, 15, 16, 17, 18, 19, 20, 21, 22, 23, 25, 26, 27, 28, 29, 30, 31, 32, 33]",True,3,False,1,1,0.99988186
1185675462351171584_twitter,10,normal,0,[],[],False,3,True,0,0,1.5651458e-05
3814093_gab,44,normal,0,"['African', 'Islam', 'Other']",[],False,3,False,0,0,0.000554904
1185441299379310592_twitter,4,offensive,1,"['African', 'Other', 'Women']","[1, 3]",True,3,True,1,1,0.9999821
23728501_gab,19,normal,0,"['Arab', 'Islam', 'Refugee']",[],False,3,False,0,0,0.2569341
13212977_gab,41,offensive,1,"['African', 'Other', 'Women']","[0, 1, 2, 3, 20, 21, 22, 23, 24, 25, 26, 27, 28, 29, 30, 31, 32, 36, 37]",True,3,False,1,1,0.9999895
20983829_gab,47,hatespeech,1,"['Caucasian', 'Women']","[9, 45, 46, 25, 26, 27, 28, 29]",True,3,False,1,1,0.9999906
1179041644462534658_twitter,18,normal,0,['Women'],[],False,3,True,0,0,2.5943173e-05
14527061_gab,48,offensive,1,"['African', 'Refugee']","[3, 4, 5, 6, 7, 8, 9, 10, 11, 12, 13, 14]",True,3,False,1,0,0.00016489619
13844176_gab,8,offensive,1,['Jewish'],"[2, 3, 4, 5]",True,3,True,1,1,0.99988246
22804322_gab,23,hatespeech,1,['Homosexual'],"[9, 10, 11, 12, 13, 14, 15, 16, 17, 18]",True,3,False,1,1,0.9999882
11249431_gab,21,offensive,1,"['Islam', 'Men', 'Christian', 'Refugee', 'Women', 'Arab']","[0, 1, 2, 3, 4, 5, 6, 7, 8, 9, 10, 11, 12, 13, 14, 15, 16, 17, 18, 19, 20]",True,3,True,1,1,0.99997556
1190706907461361666_twitter,6,offensive,1,['Women'],[1],True,3,False,1,1,0.99938846
1247487398532927489_twitter,24,normal,0,"['Homosexual', 'Women']",[],False,3,True,0,0,0.00018832587
1168271529223819265_twitter,18,offensive,1,['Christian'],"[1, 2, 3, 4, 5, 6, 7, 8, 9, 10, 11, 12, 13, 14, 15, 16, 17]",True,3,True,1,0,0.010281757
27654023_gab,41,hatespeech,1,"['Arab', 'Islam', 'Men', 'Women']","[0, 1, 2, 3, 4, 5, 6, 7, 8, 9, 10, 11, 12, 13, 14, 15, 16, 17, 18, 19, 20, 21, 22, 23, 24, 25, 26, 27, 28, 29, 30, 31, 32, 33, 34, 35, 36, 37, 38, 39, 40]",True,3,True,1,1,0.9999895
1179103188026134529_twitter,21,normal,0,[],[],False,3,True,0,1,0.9999567
1179070980880261124_twitter,7,normal,0,[],[],False,3,True,0,0,2.8200951e-05
1083159533848023041_twitter,19,normal,0,[],[],False,3,True,0,0,1.7188933e-05
1178439505126346753_twitter,5,normal,0,['African'],[],False,3,False,0,0,0.0013535667
1178321642650587137_twitter,24,hatespeech,1,['African'],"[18, 19, 20, 21, 22, 23]",True,3,False,1,1,0.9367217
15801100_gab,18,hatespeech,1,['African'],"[3, 4, 5]",True,3,False,1,1,0.9999685
10302680_gab,7,normal,0,['Women'],[],False,3,True,0,0,0.30086017
22680262_gab,6,normal,0,['Asian'],[],False,3,False,0,1,0.99983144
1084364519642669056_twitter,6,offensive,1,['Women'],"[1, 2, 3, 4, 5]",True,3,True,1,1,0.942377
1179035468823842818_twitter,10,normal,0,['Refugee'],[],False,3,True,0,1,0.99998176
1185012057663528960_twitter,4,offensive,1,['Women'],"[1, 2, 3]",True,3,False,1,0,0.0013264492
18219431_gab,44,hatespeech,1,['Islam'],"[16, 17]",True,3,False,1,1,0.9999832
1210046029501829122_twitter,4,offensive,1,[],[3],True,3,False,1,0,0.003149193
1178842394793566208_twitter,5,normal,0,['Homosexual'],[],False,3,True,0,1,0.98972976
12477646_gab,20,normal,0,['African'],[],False,3,True,0,1,0.96929055
1179035803231510528_twitter,46,offensive,1,"['Caucasian', 'Other']","[21, 14]",True,3,False,1,0,0.013769348
9560440_gab,32,offensive,1,"['Islam', 'Refugee']","[0, 1, 2, 3, 4, 5, 6, 7, 8, 9, 10, 11, 12, 13, 14, 15, 16, 17, 18, 19, 20, 21, 22, 23, 24, 25, 26, 27, 28, 29, 30, 31]",True,3,False,1,0,1.80733e-05
18911185_gab,21,offensive,1,['African'],[],False,3,False,1,1,0.9997069
24264037_gab,50,offensive,1,['African'],[],False,3,False,1,1,0.9999479
26995288_gab,51,offensive,1,"['Homosexual', 'African']","[0, 1, 2, 3, 4, 5, 6, 7, 8, 9, 10, 11, 12, 13, 14, 15, 16, 17, 18, 19, 20, 21, 24, 25, 26, 27, 28, 29, 30, 31, 32, 33, 34, 35, 36, 37, 38, 39, 40, 41, 42, 43, 44, 45, 46, 47, 48, 49, 50]",True,3,False,1,1,0.9999387
1179090479196991488_twitter,4,offensive,1,['Homosexual'],[3],True,3,False,1,0,0.0009620756
1090255373489991680_twitter,6,normal,0,[],[],False,3,False,0,0,0.0041681477
18130044_gab,13,hatespeech,1,"['Caucasian', 'Other']","[0, 1, 2, 3, 4, 5, 6, 7, 8, 9, 10, 11, 12]",True,3,False,1,1,0.9999839
26559678_gab,48,offensive,1,"['Men', 'Jewish', 'Other', 'Women']","[0, 1, 2, 3, 4, 5, 6, 7, 8, 9, 10, 11, 12, 13, 14, 15, 16, 17, 18, 19, 20, 21, 22, 23, 24, 25, 26, 27, 28, 29, 30, 31, 32, 33, 34, 35, 36, 37, 38, 39, 40, 41, 42, 43, 44, 45, 46, 47]",True,3,False,1,1,0.99998987
1187901870192414725_twitter,9,offensive,1,['Women'],"[8, 5]",True,3,True,1,1,0.99088097
7148583_gab,17,offensive,1,['African'],"[3, 4, 5, 6, 7, 8, 9, 10, 11, 12, 13, 14, 15, 16]",True,3,False,1,1,0.99931836
11595446_gab,21,offensive,1,['Refugee'],"[0, 1, 2, 3, 7, 18, 19, 20]",True,3,False,1,1,0.9998336
15873740_gab,5,offensive,1,"['Caucasian', 'Women']","[0, 1, 2, 3, 4]",True,3,False,1,1,0.9996941
1178174090739253249_twitter,12,hatespeech,1,['Asian'],"[2, 3, 4, 5]",True,3,False,1,1,0.999648
16166955_gab,42,offensive,1,"['Other', 'Women']",[19],True,3,True,1,1,0.99997306
1179073382375182337_twitter,17,normal,0,[],[],False,3,True,0,0,3.9634848e-05
17566705_gab,23,offensive,1,['Women'],"[8, 9, 10, 11, 12, 13, 14, 15, 16]",True,3,False,1,1,0.91918087
27008964_gab,23,hatespeech,1,"['Hispanic', 'Islam', 'Jewish', 'African', 'Arab']","[0, 1, 2, 3, 4, 5, 6, 7, 8, 9, 10, 11, 12, 13, 14, 15, 16, 17, 18, 19, 20, 21, 22]",True,3,False,1,1,0.9999695
1178686676639420417_twitter,20,normal,0,[],[],False,3,True,0,0,0.0059240335
10714486_gab,4,normal,0,['Other'],[],False,3,False,0,0,0.0064442423
1179072603677450240_twitter,8,normal,0,[],[],False,3,True,0,0,0.0001959658
1179091423758553089_twitter,46,normal,0,['Asian'],[],False,3,False,0,0,0.0029245175
1080040209016709121_twitter,10,normal,0,['Asian'],[],False,3,True,0,0,1.2590041e-05
23182733_gab,4,normal,0,['Homosexual'],[],False,3,False,0,1,0.9605865
26653806_gab,8,hatespeech,1,"['Caucasian', 'African']","[0, 1, 2, 3, 4, 5, 6, 7]",True,3,False,1,1,0.9999758
1178839475851411457_twitter,49,normal,0,"['Caucasian', 'Other']",[],False,3,False,0,1,0.9999865
1203927219464294400_twitter,16,normal,0,"['African', 'Men', 'Other', 'Women']",[],False,3,False,0,1,0.9989416
27189166_gab,45,hatespeech,1,['Hispanic'],"[3, 4, 5, 6, 7, 8, 9, 10]",True,3,True,1,1,0.9999124
1178839398617686017_twitter,24,normal,0,[],[],False,3,True,0,1,0.9998876
17470399_gab,15,offensive,1,['Jewish'],[10],True,3,False,1,1,0.8952947
14362587_gab,23,offensive,1,['Jewish'],"[2, 3, 4, 5, 6, 7, 8, 9, 10, 11, 12, 13, 14, 15, 16, 17, 18, 19, 20, 21, 22]",True,3,False,1,1,0.997182
9444813_gab,45,offensive,1,"['African', 'Women']","[5, 6, 7, 12, 13, 14, 15, 16, 17, 18, 19, 20, 21, 22, 23, 24, 25, 26, 27, 28, 29, 30, 31, 32, 33, 34, 35]",True,3,False,1,1,0.9999821
1091173137532796933_twitter,16,normal,0,[],[],False,3,True,0,0,0.006277724
16123875_gab,9,hatespeech,1,['Jewish'],[7],True,3,True,1,1,0.9999895
17637792_gab,31,normal,0,['Women'],[],False,3,True,0,0,4.208765e-05
19625308_gab,10,normal,0,['Jewish'],[],False,3,False,0,1,0.9999758
23776541_gab,26,offensive,1,['Homosexual'],"[0, 1, 2, 3, 4, 5, 6, 7, 8, 9, 10, 11, 12, 13, 14, 15, 16, 17, 18, 19, 20, 21, 22, 23, 24]",True,3,False,1,0,0.004292266
19713958_gab,22,hatespeech,1,"['Arab', 'Jewish']","[2, 3, 4, 12, 13, 16, 20, 21]",True,3,True,1,1,0.9999895
1113045006833668096_twitter,16,normal,0,"['Caucasian', 'Other']",[],False,3,False,0,0,3.563616e-05
1106683061373153281_twitter,5,offensive,1,['Men'],[4],True,3,False,1,1,0.99908304
24680313_gab,45,normal,0,"['Men', 'Women']",[],False,3,False,0,1,0.9996542
1621695_gab,10,hatespeech,1,"['Islam', 'Refugee']","[5, 6, 7, 8, 9]",True,3,False,1,1,0.9999212
12760010_gab,23,normal,0,['Homosexual'],[],False,3,True,0,1,0.99975926
23109309_gab,25,hatespeech,1,"['Homosexual', 'Jewish']","[2, 3, 4, 16, 17, 21, 22, 23, 24]",True,3,True,1,1,0.9999914
24202866_gab,31,normal,0,['Arab'],[],False,3,True,0,1,0.9999378
12915755_gab,48,hatespeech,1,"['African', 'Refugee']","[39, 40, 41, 42, 27, 28, 29]",True,3,True,1,1,0.9999298
17943455_gab,20,hatespeech,1,"['Homosexual', 'Islam', 'Women']","[6, 7, 10, 11, 12]",True,3,True,1,1,0.99998796
1246265979476344832_twitter,7,normal,0,['Homosexual'],[],False,3,True,0,1,0.55793464
19640126_gab,14,offensive,1,['Islam'],"[4, 5, 6, 7, 8, 9, 10, 11, 12, 13]",True,3,False,1,1,0.99998975
19707144_gab,23,hatespeech,1,"['Caucasian', 'Arab', 'Islam']","[0, 1, 2, 3, 4, 5, 6, 7, 8, 9, 10, 11, 12, 13, 14, 15, 16, 17, 18, 19, 20, 21, 22]",True,3,True,1,1,0.99998844
15468960_gab,49,hatespeech,1,"['Arab', 'African', 'Islam', 'Jewish']","[9, 10, 11, 12, 13, 14, 15, 16, 17, 20, 21, 22, 23, 24, 25, 26, 27, 28, 29, 31, 32, 33, 34, 35, 36, 37, 38, 39, 40, 41, 42, 43, 44, 45, 46, 47, 48]",True,3,True,1,1,0.999987
24316413_gab,6,hatespeech,1,['Arab'],"[0, 1, 2, 3, 4, 5]",True,3,True,1,1,0.9999633
20563689_gab,50,hatespeech,1,"['Homosexual', 'Other']","[3, 11, 12, 13, 14, 49]",True,3,False,1,1,0.99997795
16736512_gab,51,hatespeech,1,['African'],[7],True,3,True,1,1,0.9999862
1178840932474589186_twitter,16,offensive,1,"['Homosexual', 'Women']","[9, 14]",True,3,True,1,1,0.9999795
5505215_gab,50,hatespeech,1,['Islam'],[44],True,3,False,1,1,0.9999757
1144419935868710913_twitter,14,normal,0,"['African', 'Refugee']",[],False,3,True,0,1,0.99999094
1257676017268920321_twitter,23,normal,0,"['Arab', 'Other']",[],False,3,True,0,0,0.00020201289
1078868437902987265_twitter,12,offensive,1,['Homosexual'],[5],True,3,False,1,1,0.9997677
1179051296290168832_twitter,8,normal,0,"['Men', 'Women']",[],False,3,True,0,1,0.9927637
21524231_gab,33,offensive,1,"['Islam', 'Women']","[8, 27, 28, 7]",True,3,False,1,1,0.6446132
5546882_gab,52,normal,0,['Homosexual'],[],False,3,False,0,0,0.00462804
1178833638215110656_twitter,21,normal,0,"['Caucasian', 'Men', 'African']",[],False,3,True,0,0,1.7094022e-05
1165156323173908480_twitter,22,normal,0,[],[],False,3,True,0,0,0.050759915
1177581706699628544_twitter,51,normal,0,[],[],False,3,True,0,0,1.1240993e-05
13727583_gab,8,offensive,1,['Jewish'],[7],True,3,False,1,0,0.00634737
9223199_gab,21,hatespeech,1,['Homosexual'],"[3, 4, 5, 6, 7]",True,3,False,1,1,0.9996019
1178557582727897089_twitter,5,offensive,1,['Homosexual'],[4],True,3,True,1,1,0.99998486
1179009255837437957_twitter,16,normal,0,[],[],False,3,True,0,0,0.0025357963
17397697_gab,21,hatespeech,1,"['Hispanic', 'Islam', 'Jewish', 'African', 'Other']","[5, 6, 7, 8, 9, 10, 11]",True,3,True,1,1,0.99999034
1094393196988252163_twitter,10,offensive,1,"['African', 'Jewish']","[4, 5, 6, 7, 8, 9]",True,3,False,1,1,0.9999465
1178880011035664384_twitter,9,normal,0,[],[],False,3,True,0,0,4.6173383e-05
8326993_gab,35,hatespeech,1,['African'],"[32, 33, 34, 18, 19, 20, 21, 22, 23, 24, 25, 26, 27, 28, 29, 30, 31]",True,3,False,1,1,0.9999857
1179002593172869123_twitter,42,offensive,1,['Homosexual'],[40],True,3,True,1,0,2.1109785e-05
25233620_gab,16,normal,0,['African'],[],False,3,False,0,1,0.9999764
2098760_gab,24,offensive,1,['African'],[],False,3,False,1,1,0.9999844
1179021226246692864_twitter,10,normal,0,[],[],False,3,True,0,0,0.0007387456
1103227336550432771_twitter,8,offensive,1,['Women'],"[2, 3]",True,3,True,1,0,0.055948645
20803751_gab,44,hatespeech,1,['African'],"[0, 1, 2, 3, 4, 5, 6, 7, 8, 9, 10, 11, 12, 13, 14, 15, 16, 17, 18, 19, 20, 21, 22, 23, 24, 25, 26, 27, 28, 29, 30, 31, 32, 33, 34, 35, 36, 37, 38, 39, 40, 41, 42, 43]",True,3,True,1,1,0.99998856
1178541794323259393_twitter,15,normal,0,[],[],False,3,True,0,0,0.0025389062
12702256_gab,44,normal,0,"['Islam', 'Jewish', 'Refugee', 'Other']",[],False,3,False,0,1,0.99998236
1188593808667103232_twitter,26,offensive,1,"['African', 'Other']","[24, 25, 23]",True,3,False,1,1,0.99985707
1179102245696262145_twitter,15,normal,0,[],[],False,3,True,0,1,0.8964588
1125480647810867205_twitter,12,normal,0,[],[],False,3,True,0,0,2.040204e-05
1267538377844248576_twitter,14,offensive,1,"['Jewish', 'Other']","[1, 2, 3, 4, 5, 6, 7, 8, 9, 10, 11, 12, 13]",True,3,False,1,1,0.9872126
1179104076149202945_twitter,33,normal,0,[],[],False,3,True,0,0,1.3175896e-05
12994697_gab,49,hatespeech,1,['Islam'],"[12, 13, 14, 15]",True,3,False,1,0,0.12063987
26646572_gab,34,offensive,1,[],"[0, 1, 2, 3, 4, 5, 6, 7, 8, 9, 10, 25, 26, 27, 28, 29, 30, 31, 32, 33]",True,3,False,1,1,0.9994704
13127370_gab,45,hatespeech,1,"['African', 'Islam']","[14, 15, 16, 17, 18, 19, 20, 21, 22, 29, 30, 31, 32, 33, 34, 35, 36, 37, 38, 39, 40, 41, 42, 43, 44]",True,3,True,1,1,0.99392056
18100788_gab,21,hatespeech,1,['African'],"[1, 2, 3, 4, 16, 17, 18, 19, 20]",True,3,True,1,1,0.99997604
25476794_gab,10,hatespeech,1,['Jewish'],"[8, 9]",True,3,True,1,1,0.99998534
1178744388618510337_twitter,24,normal,0,[],[],False,3,True,0,1,0.9741746
19613965_gab,5,hatespeech,1,"['Arab', 'Other']","[3, 4]",True,3,False,1,1,0.9999869
12122551_gab,38,normal,0,"['Refugee', 'Other']",[],False,3,False,0,0,0.00029907664
1179062330434428930_twitter,20,normal,0,['Women'],[],False,3,False,0,0,8.068608e-05
1094842390177894400_twitter,14,offensive,1,"['Caucasian', 'Women']","[8, 9, 10, 11, 12, 13]",True,3,False,1,0,0.0051778206
1142486957303447554_twitter,12,normal,0,[],[],False,3,True,0,0,0.0015268436
1185890869192396800_twitter,17,normal,0,[],[],False,3,True,0,0,1.3644494e-05
13986567_gab,12,hatespeech,1,['Homosexual'],[8],True,3,False,1,1,0.9999902
1178898971013591041_twitter,45,offensive,1,['African'],"[11, 12, 7]",True,3,False,1,0,0.00018801921
19601902_gab,6,offensive,1,['Jewish'],[],False,3,False,1,0,9.6741715e-05
15920501_gab,47,normal,0,[],[],False,3,True,0,1,0.9999732
1173067099910094853_twitter,17,offensive,1,['Other'],"[8, 9, 10, 11, 12, 13, 14, 15, 16]",True,3,False,1,0,0.0003528691
21167565_gab,41,hatespeech,1,['Asian'],"[22, 23]",True,3,False,1,0,0.025915157
1262086782138691585_twitter,10,normal,0,['Other'],[],False,3,True,0,0,1.3186242e-05
16508274_gab,21,hatespeech,1,"['African', 'Men']","[1, 2, 3]",True,3,False,1,1,0.9999852
24384817_gab,13,normal,0,['Islam'],[],False,3,False,0,0,0.32719028
4561885_gab,15,offensive,1,"['Hispanic', 'Arab', 'Islam']","[8, 6, 7]",True,3,False,1,1,0.9999534
21242245_gab,22,hatespeech,1,['African'],"[18, 19, 20, 21]",True,3,True,1,1,0.9999777
14277138_gab,23,hatespeech,1,['Jewish'],[],False,3,False,1,1,0.9680875
4045620_gab,8,normal,0,[],[],False,3,True,0,0,3.0081344e-05
17084379_gab,25,normal,0,['Arab'],[],False,3,False,0,1,0.9997979
16157105_gab,7,offensive,1,"['Other', 'Women']","[0, 1, 2, 3, 4, 5, 6]",True,3,False,1,0,0.009405625
27348680_gab,38,offensive,1,['Other'],[31],True,3,False,1,1,0.9998411
22446944_gab,34,hatespeech,1,['African'],"[1, 2, 3, 4, 5, 7, 8, 9, 10, 11, 28]",True,3,True,1,1,0.9999777
1265280315565592579_twitter,12,offensive,1,['Jewish'],"[1, 2, 3, 4, 5, 6, 7, 8, 9, 10, 11]",True,3,False,1,1,0.99997175
1083042797995941889_twitter,5,offensive,1,['Women'],"[0, 1, 2, 3, 4]",True,3,True,1,1,0.9986173
23191613_gab,48,normal,0,['Homosexual'],[],False,3,False,0,0,0.00024197984
4787035_gab,25,normal,0,"['Caucasian', 'Islam']",[],False,3,False,0,1,0.99999
13390472_gab,41,hatespeech,1,"['Arab', 'Islam']","[18, 19, 20, 25, 26, 27, 28, 29, 30]",True,3,False,1,1,0.9999832
14017912_gab,44,hatespeech,1,"['Hispanic', 'Nonreligious', 'Men', 'Refugee', 'Heterosexual', 'Minority']","[35, 36, 37, 38, 39, 22, 23, 24, 25]",True,3,False,1,1,0.99998856
1139225537824665601_twitter,19,offensive,1,['Women'],[15],True,3,False,1,1,0.99998415
21945523_gab,42,offensive,1,['Jewish'],"[2, 18, 20, 13]",True,3,True,1,1,0.9885274
1179093034518171649_twitter,4,hatespeech,1,['Women'],"[2, 3]",True,3,False,1,1,0.958459
11922495_gab,37,hatespeech,1,"['Refugee', 'Asian', 'Other']","[28, 29, 30]",True,3,False,1,1,0.9993049
1178837824625401856_twitter,7,offensive,1,"['Caucasian', 'Other']","[5, 6]",True,3,True,1,1,0.9996393
13539891_gab,8,offensive,1,['Other'],"[3, 4, 5, 6, 7]",True,3,True,1,1,0.999984
1178689664275927040_twitter,10,normal,0,"['Homosexual', 'Asian']",[],False,3,True,0,0,1.3850428e-05
1178421242149425153_twitter,50,normal,0,[],[],False,3,False,0,0,7.572401e-06
14354356_gab,22,hatespeech,1,"['Arab', 'Islam', 'Asian', 'Hindu']","[2, 3, 4, 5, 6, 7, 8, 9, 10, 11, 13, 14, 15, 16, 17, 18, 19, 20, 21]",True,3,False,1,1,0.9999809
13730242_gab,11,hatespeech,1,['African'],[6],True,3,True,1,1,0.9999527
20084998_gab,43,hatespeech,1,['Jewish'],[18],True,3,False,1,1,0.9999467
1111582276847104000_twitter,12,normal,0,['African'],[],False,3,False,0,1,0.9999598
21794282_gab,48,offensive,1,"['Homosexual', 'African', 'Islam', 'Women']",[],False,3,False,1,1,0.99997795
13022734_gab,18,offensive,1,['Other'],"[17, 3]",True,3,False,1,0,0.38353714
17994158_gab,9,hatespeech,1,['Jewish'],"[8, 5, 6, 7]",True,3,True,1,1,0.9999877
1178752135816724481_twitter,26,offensive,1,"['Caucasian', 'Other']","[24, 23]",True,3,True,1,1,0.9998123
10945897_gab,44,hatespeech,1,"['Arab', 'Islam']","[2, 3, 21, 22, 23, 24]",True,3,False,1,0,9.570679e-05
1144571404752265217_twitter,4,normal,0,"['Hispanic', 'Caucasian']",[],False,3,False,0,0,5.6348566e-05
1178877608492072961_twitter,8,offensive,1,"['Caucasian', 'Asian', 'Other']","[4, 5, 6, 7]",True,3,False,1,1,0.9969875
1199960838146318336_twitter,7,normal,0,['Other'],[],False,3,False,0,0,2.2700522e-05
1178589373513764864_twitter,12,offensive,1,['Women'],"[0, 1]",True,3,True,1,1,0.999894
26089002_gab,25,hatespeech,1,"['Hispanic', 'African', 'Arab']","[5, 10, 11, 12, 13, 14, 15, 16, 24]",True,3,True,1,1,0.99997747
10723000_gab,20,offensive,1,['African'],"[0, 1, 2, 3, 9, 10, 11, 12, 13, 14, 15, 16, 17, 18, 19]",True,3,False,1,1,0.99998987
1178755558544936966_twitter,12,offensive,1,"['Arab', 'Hindu']","[9, 10, 11]",True,3,False,1,1,0.9998511
2775127_gab,44,offensive,1,"['Homosexual', 'Islam', 'Christian']","[3, 4, 5, 6, 7, 8, 9, 10, 11, 12, 13, 14, 15, 16, 17, 18, 19, 20, 21, 22, 23, 24, 25, 26, 27, 28, 29, 30, 31, 32, 33, 34, 35, 36, 37, 38, 39, 40, 41, 42, 43]",True,3,False,1,1,0.9999852
12894603_gab,26,hatespeech,1,"['Minority', 'Jewish']",[9],True,3,True,1,1,0.99995005
1179018388489854976_twitter,43,normal,0,['Other'],[],False,3,True,0,0,8.267652e-06
9551353_gab,50,hatespeech,1,"['Homosexual', 'Christian']","[0, 1, 2, 3, 4, 5, 6, 7, 8, 9, 10, 11, 12, 13, 14, 15, 16, 33, 34, 35, 36, 37, 38, 39, 40, 41, 42, 43, 44, 45, 46, 47, 48, 49]",True,3,False,1,1,0.9999902
5486117_gab,22,offensive,1,"['Jewish', 'Other']","[1, 2, 3, 6, 7, 8, 9, 10, 11, 12, 13, 14, 15, 16, 17, 18]",True,3,False,1,0,5.920713e-05
7487386_gab,20,hatespeech,1,"['Hispanic', 'African', 'Islam']","[7, 8, 9, 10, 11, 12]",True,3,False,1,1,0.99998546
1170496284538671104_twitter,12,normal,0,[],[],False,3,True,0,0,0.00010043491
1179097672722141184_twitter,12,normal,0,[],[],False,3,True,0,0,5.7443885e-05
1124394409921994753_twitter,18,normal,0,"['Refugee', 'Other']",[],False,3,True,0,0,0.0009902376
1178844285501767685_twitter,27,offensive,1,"['Disability', 'African', 'Women']","[7, 8, 9, 19, 22, 23, 24]",True,3,True,1,0,0.0029642954
4992787_gab,32,offensive,1,"['Arab', 'Refugee', 'Other']","[0, 1, 2, 3, 4, 5, 6, 7, 8, 9, 10, 11, 12, 13, 14, 15, 16, 17, 18, 19, 20, 21, 22, 23, 24, 25]",True,3,False,1,1,0.9999591
23673476_gab,22,hatespeech,1,"['Homosexual', 'Men', 'Jewish']","[5, 6, 8, 9, 10, 13, 19]",True,3,True,1,1,0.9999876
12632292_gab,22,hatespeech,1,['Islam'],"[13, 14]",True,3,False,1,0,0.09819914
24976382_gab,48,offensive,1,"['Islam', 'Women']","[0, 1, 2, 3, 4, 5, 6, 7, 8, 9, 10, 11, 12, 13, 14, 15, 16, 17, 18, 19, 20, 21, 22, 23, 24, 25, 26, 27, 28, 29, 30, 31, 32, 33, 34, 35, 36, 37, 38, 39, 40, 41, 42, 43, 44, 45, 46, 47]",True,3,False,1,1,0.9999914
18578069_gab,6,hatespeech,1,['Islam'],"[3, 4, 5]",True,3,False,1,1,0.99995124
1172682083170258944_twitter,15,hatespeech,1,['Jewish'],"[8, 12, 13]",True,3,False,1,1,0.82634956
15231597_gab,4,hatespeech,1,"['African', 'Women']","[0, 1, 2, 3]",True,3,True,1,1,0.9999827
10482092_gab,37,hatespeech,1,['African'],[17],True,3,False,1,0,0.08419869
1179002001083863040_twitter,9,normal,0,[],[],False,3,True,0,0,0.00015569705
1179083776611291136_twitter,31,normal,0,[],[],False,3,True,0,0,6.821022e-06
1103453694735966213_twitter,8,normal,0,[],[],False,3,True,0,0,0.002063095
13740267_gab,34,hatespeech,1,"['Homosexual', 'African', 'Men']","[0, 1, 2, 3, 4, 5, 6, 7, 8, 9, 10, 11, 12, 13, 14, 15, 16, 17, 18, 19, 20, 21, 22, 23, 24, 25, 26, 27, 28, 29, 30, 31, 32, 33]",True,3,False,1,1,0.99998593
5339628_gab,17,offensive,1,"['Homosexual', 'Women']",[16],True,3,True,1,0,0.0001065496
5644239_gab,11,normal,0,['Men'],[],False,3,True,0,0,1.5686615e-05
8089281_gab,45,normal,0,"['Arab', 'Islam']",[],False,3,False,0,0,1.771358e-05
1179102845817298944_twitter,29,offensive,1,['Women'],[14],True,3,False,1,0,5.4066943e-05
21055613_gab,34,offensive,1,"['Islam', 'Other']","[32, 0, 33, 28, 29, 30, 31]",True,3,False,1,1,0.99998176
27845571_gab,25,hatespeech,1,['African'],"[3, 6, 7, 20, 21, 22, 23, 24]",True,3,False,1,1,0.9999796
9353459_gab,52,hatespeech,1,"['Caucasian', 'African', 'Women']","[33, 34, 9, 10, 18, 19, 20, 21]",True,3,True,1,1,0.9999201
18676042_gab,14,offensive,1,['Women'],"[0, 1, 2, 3, 4, 5, 6, 7, 8, 9, 10, 11, 12, 13]",True,3,True,1,0,3.8928993e-05
1179100350982307840_twitter,50,normal,0,[],[],False,3,True,0,0,5.2650314e-05
27386050_gab,22,hatespeech,1,"['Arab', 'Jewish']","[12, 13, 14, 15, 16, 17, 18, 19, 20, 21]",True,3,True,1,1,0.8204005
1117235695360233473_twitter,19,normal,0,"['Caucasian', 'African', 'Other']",[],False,3,False,0,0,0.0036046868
11847566_gab,13,offensive,1,['Homosexual'],"[3, 4]",True,3,True,1,1,0.9999782
20088200_gab,8,offensive,1,['Other'],"[6, 7]",True,3,False,1,0,0.0007156327
20202278_gab,5,hatespeech,1,['African'],[4],True,3,True,1,1,0.9999733
1178876195590438912_twitter,27,hatespeech,1,['Homosexual'],"[18, 19]",True,3,False,1,1,0.9986313
18529303_gab,43,normal,0,"['Jewish', 'Indigenous']",[],False,3,False,0,0,2.1593034e-05
18545642_gab,32,normal,0,"['Asian', 'Other']",[],False,3,True,0,0,1.8646944e-05
17261158_gab,47,offensive,1,['Islam'],"[2, 4, 7, 8, 13, 29, 30]",True,3,True,1,1,0.9999893
16073311_gab,15,hatespeech,1,['African'],"[12, 13, 14]",True,3,False,1,1,0.9991787
1179089677208285184_twitter,28,normal,0,"['Caucasian', 'Women']",[],False,3,True,0,1,0.9446868
1178722554695049216_twitter,8,offensive,1,"['Homosexual', 'Women']","[3, 4, 5]",True,3,True,1,1,0.9998215
1179028959029276672_twitter,35,normal,0,[],[],False,3,True,0,0,8.539697e-06
17566507_gab,25,hatespeech,1,"['African', 'Women']","[3, 4, 5, 6, 7, 8, 9, 10, 11, 12, 13, 14, 15, 17, 18, 19, 20, 21, 22, 23]",True,3,False,1,1,0.9999757
1126729166915661824_twitter,16,normal,0,['Other'],[],False,3,False,0,1,0.99997497
1096886249330229250_twitter,27,offensive,1,"['African', 'Men', 'Women']","[17, 18, 5, 7]",True,3,False,1,0,0.0008034969
1178650031076909056_twitter,22,normal,0,['Homosexual'],[],False,3,True,0,0,4.925148e-05
13379446_gab,40,hatespeech,1,"['Islam', 'Other']","[1, 2, 3, 36, 35, 37, 38, 39]",True,3,False,1,1,0.99998724
10521438_gab,25,hatespeech,1,"['Caucasian', 'African']","[13, 20, 21, 22, 23, 24]",True,3,False,1,1,0.999979
12824687_gab,29,normal,0,['Islam'],[],False,3,False,0,0,1.7890618e-05
3777108_gab,32,normal,0,['Islam'],[],False,3,True,0,1,0.9999598
1111709058111807488_twitter,19,normal,0,"['Islam', 'Hindu']",[],False,3,False,0,0,0.000101272664
22986133_gab,7,normal,0,[],[],False,3,False,0,1,0.9998617
22315818_gab,15,normal,0,[],[],False,3,False,0,0,0.0001928506
24858659_gab,43,hatespeech,1,"['African', 'Men']","[0, 1, 2, 3, 4, 5, 6, 7, 8, 9, 10, 11, 12, 13, 14, 15, 16, 17, 18, 19, 20, 21, 22, 23, 24, 25, 26, 27]",True,3,False,1,1,0.93800503
21531589_gab,13,hatespeech,1,"['African', 'Men', 'Women']",[0],True,3,True,1,0,0.00030224177
1212036939781554176_twitter,15,normal,0,['Homosexual'],[],False,3,True,0,0,0.012390027
14708270_gab,38,normal,0,"['Islam', 'Refugee']",[],False,3,False,0,1,0.9364756
15078775_gab,46,offensive,1,"['Islam', 'Men', 'Jewish', 'Christian']","[41, 42, 43, 44]",True,3,True,1,1,0.9999851
10427435_gab,54,hatespeech,1,"['Indian', 'Other']","[0, 1, 2, 3, 4, 24, 25]",True,3,False,1,1,0.9999877
3158557_gab,30,offensive,1,"['Men', 'Refugee', 'Women']","[1, 2, 3, 4, 5, 6, 7, 8, 9, 10, 11, 12, 13, 14, 15, 16, 17, 18, 19, 20, 21, 22, 23, 24, 25, 26, 27, 28, 29]",True,3,False,1,0,0.047019623
25285915_gab,22,offensive,1,['Jewish'],"[0, 1, 2, 3, 4, 5, 6, 7, 8, 9, 10, 11, 12, 13, 14, 15, 16, 17, 18, 19, 20, 21]",True,3,True,1,1,0.999966
27457937_gab,11,hatespeech,1,"['Islam', 'Jewish']","[8, 9, 10]",True,3,True,1,1,0.99967515
1110273981171621889_twitter,16,normal,0,['Women'],[],False,3,False,0,1,0.99980396
13964687_gab,5,offensive,1,"['Homosexual', 'Other']","[0, 1, 2, 3, 4]",True,3,True,1,0,4.1594714e-05
4037364_gab,30,hatespeech,1,"['Refugee', 'Women']","[4, 5, 6, 7, 21, 22, 23, 24]",True,3,False,1,0,0.00012052121
1166667993348280320_twitter,6,normal,0,"['African', 'Other']",[],False,3,False,0,0,3.993484e-05
4004699_gab,45,hatespeech,1,"['Arab', 'Islam', 'Jewish']",[],False,3,False,1,0,0.46624026
1163479566268162049_twitter,14,normal,0,"['Hispanic', 'Caucasian']",[],False,3,False,0,0,2.605164e-05
1196161461426544640_twitter,4,offensive,1,['Other'],[3],True,3,False,1,1,0.9996296
18222430_gab,39,normal,0,"['Caucasian', 'Refugee']",[],False,3,False,0,1,0.9283702
25112559_gab,12,hatespeech,1,['Islam'],"[11, 3, 4]",True,3,False,1,1,0.9999827
1179032794628014080_twitter,15,normal,0,[],[],False,3,True,0,0,1.2613801e-05
1179034049370656768_twitter,7,normal,0,[],[],False,3,True,0,0,4.2898937e-05
27106705_gab,8,normal,0,"['Hispanic', 'African', 'Arab', 'Asian']",[],False,3,False,0,1,0.99989283
1163009598695071744_twitter,17,normal,0,['Islam'],[],False,3,False,0,1,0.8905986
1179062513071218691_twitter,10,hatespeech,1,['African'],[7],True,3,False,1,1,0.99995446
12451432_gab,14,offensive,1,"['Homosexual', 'Women']","[3, 4]",True,3,False,1,0,0.00021763322
24176160_gab,13,offensive,1,"['Homosexual', 'African', 'Islam', 'Jewish']","[0, 1, 2, 3, 4, 5, 6, 7, 8, 9, 10, 11, 12]",True,3,True,1,1,0.9999697
17372469_gab,8,hatespeech,1,"['Nonreligious', 'African', 'Women', 'Minority', 'Other']","[2, 3]",True,3,True,1,1,0.9999821
24399964_gab,42,offensive,1,['Other'],"[32, 33, 34, 35, 36, 37, 38, 39, 40, 41, 24, 25, 26, 27, 28, 29, 30, 31]",True,3,False,1,1,0.99997735
24779565_gab,35,normal,0,"['Men', 'Refugee', 'Women']",[],False,3,False,0,1,0.99998724
19230596_gab,26,hatespeech,1,"['African', 'Women']","[0, 1, 2, 3, 5, 6, 19]",True,3,False,1,1,0.99996984
1179050544075137026_twitter,4,normal,0,"['Homosexual', 'Men']",[],False,3,False,0,1,0.99975544
1184521852556845056_twitter,20,offensive,1,"['Homosexual', 'Caucasian', 'Hispanic', 'African']","[4, 5, 7, 8, 9]",True,3,True,1,0,1.5771144e-05
11696585_gab,40,normal,0,['Caucasian'],[],False,3,False,0,1,0.9861413
1178888593747664897_twitter,11,normal,0,[],[],False,3,True,0,0,0.0015425179
14750722_gab,18,hatespeech,1,"['Islam', 'Other', 'Women']","[1, 8, 10, 11, 12, 13, 14, 15, 16, 17]",True,3,False,1,1,0.99998784
1178681122911330304_twitter,13,normal,0,[],[],False,3,True,0,0,0.09336902
1035940_gab,49,normal,0,['Islam'],[],False,3,False,0,0,4.5806042e-05
1179043947299119104_twitter,25,normal,0,[],[],False,3,True,0,0,1.8634073e-05
7757039_gab,22,offensive,1,"['Islam', 'Jewish', 'Refugee']","[3, 4, 5, 6, 7, 8, 9, 10]",True,3,False,1,1,0.9999292
15914684_gab,33,offensive,1,['Other'],"[5, 6, 7, 8, 9, 19, 20, 21, 28]",True,3,True,1,1,0.99987113
18363908_gab,28,normal,0,"['Islam', 'Women']",[],False,3,False,0,0,0.41619897
1111414269822693376_twitter,21,normal,0,"['Homosexual', 'Asian']",[],False,3,True,0,0,0.001390907
15230250_gab,38,hatespeech,1,"['Caucasian', 'Hispanic', 'African', 'Asian']","[32, 33, 34, 35, 36, 37, 23, 29, 30, 31]",True,3,False,1,1,0.9999912
20199443_gab,12,hatespeech,1,"['African', 'Women']","[8, 6, 7]",True,3,False,1,1,0.9999176
1109817980630822912_twitter,30,normal,0,[],[],False,3,True,0,0,3.547263e-05
12591782_gab,45,normal,0,"['Men', 'Women']",[],False,3,False,0,1,0.6965442
1178815094735753216_twitter,48,normal,0,[],[],False,3,True,0,0,7.866393e-06
1163828708517568517_twitter,15,normal,0,['Jewish'],[],False,3,False,0,0,0.0023385645
1178674968479047680_twitter,32,normal,0,[],[],False,3,True,0,0,0.00044281557
18618174_gab,36,hatespeech,1,"['Indian', 'Islam']","[12, 13, 14, 15, 16, 19, 20, 21, 22, 23]",True,3,False,1,1,0.9999678
1087112787036434432_twitter,17,offensive,1,['Women'],[11],True,3,False,1,0,5.104016e-05
1178741095150313480_twitter,51,normal,0,[],[],False,3,True,0,1,0.6370557
1178850691550453760_twitter,35,normal,0,['Other'],[],False,3,True,0,0,0.00011400361
13001147_gab,7,hatespeech,1,['African'],[6],True,3,False,1,1,0.99999034
1179105362139594752_twitter,8,hatespeech,1,"['African', 'Women']","[6, 7]",True,3,False,1,1,0.9999776
15222713_gab,4,normal,0,"['Jewish', 'Other']",[],False,3,True,0,0,0.03267351
1113850321598599168_twitter,7,normal,0,['Other'],[],False,3,False,0,1,0.99919134
2867169_gab,47,offensive,1,"['Islam', 'Other']",[],False,3,False,1,0,2.7355645e-05
1208860081674170370_twitter,12,normal,0,"['Refugee', 'Other']",[],False,3,False,0,1,0.9990746
1178691252402806784_twitter,5,normal,0,['Asian'],[],False,3,False,0,1,0.9998068
22738951_gab,19,normal,0,['African'],[],False,3,False,0,1,0.99997497
1234486222141214722_twitter,16,offensive,1,['Islam'],"[1, 2, 3, 4, 5, 6, 7, 8, 9, 10, 11, 12, 13, 14, 15]",True,3,False,1,0,0.00024135497
15292278_gab,19,normal,0,[],[],False,3,True,0,1,0.9999876
15099545_gab,8,normal,0,['African'],[],False,3,False,0,0,0.29856944
22568293_gab,28,hatespeech,1,"['Arab', 'Islam', 'Other']","[0, 1, 2, 3, 4, 5, 6, 7, 8, 9, 10, 11, 12, 13, 14, 15, 16, 17, 18, 19, 20, 21, 22, 23, 24, 25, 26, 27]",True,3,False,1,1,0.9999788
25714908_gab,40,offensive,1,['Other'],"[0, 1, 2, 3, 4, 5, 6, 7, 8, 9, 10, 11, 12, 13, 14, 15, 16, 17, 18, 19, 20, 21, 22, 23, 24, 25, 26, 27, 28, 29, 30]",True,3,False,1,0,2.354561e-05
1082141802763702272_twitter,11,normal,0,['Other'],[],False,3,False,0,1,0.7149004
24257726_gab,10,hatespeech,1,"['Homosexual', 'Men', 'Jewish']","[0, 1, 2, 3, 4, 5, 6, 7, 8, 9]",True,3,False,1,1,0.9999577
1159244812408635392_twitter,7,normal,0,"['Men', 'African']",[],False,3,True,0,1,0.9998889
9622487_gab,41,offensive,1,['Islam'],"[5, 6, 7, 8, 9, 10, 11, 12, 13, 14, 15, 16, 17, 18, 19, 20, 21, 22, 23, 24, 25, 26, 27, 28, 29, 30, 31, 32, 33, 34, 35, 36, 37, 38, 39, 40]",True,3,False,1,0,5.9545277e-05
12309433_gab,39,offensive,1,"['Homosexual', 'Men', 'Women']","[32, 8, 27, 28, 29, 30, 31]",True,3,False,1,1,0.9801728
12213672_gab,48,hatespeech,1,"['Refugee', 'Other']","[0, 1, 2, 3, 4, 5, 6, 7, 8, 9, 10, 11, 12, 13, 22, 26, 27, 28, 29, 30, 31, 32, 33, 34, 35, 36, 37, 38, 39, 40, 41]",True,3,True,1,1,0.9999896
21666013_gab,17,hatespeech,1,"['Islam', 'Other', 'Women']","[1, 2, 3, 4, 5, 6, 7, 13]",True,3,False,1,1,0.9999697
1179097178037469185_twitter,14,normal,0,[],[],False,3,True,0,0,1.4421414e-05
1179036933973893124_twitter,33,offensive,1,"['Economic', 'Women']","[0, 1, 2, 3, 4, 5, 6, 7, 8, 9, 10, 11, 12, 18, 19, 20, 22, 23, 24, 25, 26, 27, 28, 29, 30, 31, 32]",True,3,False,1,1,0.9999883
23218081_gab,39,offensive,1,"['Caucasian', 'Men', 'Jewish', 'Women']","[33, 30, 7]",True,3,True,1,1,0.9871017
1109959500633702401_twitter,17,normal,0,[],[],False,3,True,0,0,3.6456313e-05
1178706365289816065_twitter,15,normal,0,[],[],False,3,True,0,0,2.2868742e-05
1122314661934915584_twitter,19,offensive,1,['Women'],"[6, 14]",True,3,False,1,1,0.99998
19476637_gab,4,offensive,1,['Women'],"[0, 1, 2, 3]",True,3,True,1,1,0.9524878
27134916_gab,16,hatespeech,1,"['Hispanic', 'Caucasian', 'Christian']",[2],True,3,True,1,1,0.999987
26005467_gab,10,offensive,1,"['Islam', 'Other']",[],False,3,False,1,0,0.00037141357
1180496713611481093_twitter,27,normal,0,['Other'],[],False,3,True,0,0,1.8973396e-05
1083224050648854528_twitter,12,offensive,1,['Women'],[11],True,3,True,1,0,0.0037691754
6317913_gab,19,offensive,1,['African'],"[8, 9, 10, 11]",True,3,False,1,1,0.9999721
20538514_gab,27,offensive,1,['Other'],"[5, 8, 9, 10, 21, 22]",True,3,False,1,1,0.9999151
1075799268546502656_twitter,5,offensive,1,[],[4],True,3,True,1,1,0.9999473
14018539_gab,24,normal,0,['Islam'],[],False,3,False,0,1,0.9999783
26461856_gab,30,offensive,1,"['Islam', 'Jewish']","[7, 8, 9, 10, 11, 12, 13, 14, 15, 16, 17, 18, 19, 20, 21, 22, 23, 24, 25, 26, 27]",True,3,False,1,1,0.9999764
1090426127804522496_twitter,28,normal,0,['African'],[],False,3,False,0,1,0.9999145
1179098071671754752_twitter,34,normal,0,[],[],False,3,True,0,0,0.00036132542
1178806104739983361_twitter,6,offensive,1,['Homosexual'],[5],True,3,False,1,1,0.9907052
1087114213099745281_twitter,10,hatespeech,1,['African'],[3],True,3,False,1,1,0.99964833
23219555_gab,8,hatespeech,1,"['African', 'Men']","[0, 1, 2, 3, 4, 5, 6, 7]",True,3,True,1,1,0.9999678
1091427048755732482_twitter,25,offensive,1,"['Hispanic', 'African', 'Asian']","[0, 1, 2, 3, 4, 5, 6, 7, 8, 9, 10, 11, 12, 13, 14, 15, 16, 17, 19, 20]",True,3,False,1,1,0.99861157
1084219799406825472_twitter,11,normal,0,[],[],False,3,True,0,0,0.07544176
15418448_gab,18,hatespeech,1,"['Arab', 'Islam']","[0, 1, 2, 3, 4, 5, 6, 7, 8, 9, 10, 11, 12, 13, 14, 15, 16, 17]",True,3,False,1,1,0.9788493
1077291887134879744_twitter,22,offensive,1,['Refugee'],"[12, 13]",True,3,False,1,0,0.00037678963
1179040165999726592_twitter,10,normal,0,[],[],False,3,False,0,0,0.0025506795
10794716_gab,51,offensive,1,['Refugee'],"[32, 33, 30, 31]",True,3,False,1,1,0.9997012
12675441_gab,11,offensive,1,['Islam'],"[1, 2, 3, 4, 5, 6, 7, 8, 9, 10]",True,3,False,1,1,0.9719559
17913782_gab,16,normal,0,['Islam'],[],False,3,False,0,1,0.97431785
24362675_gab,27,normal,0,['Other'],[],False,3,True,0,0,6.4136904e-05
1178864181262651392_twitter,23,normal,0,[],[],False,3,True,0,0,2.256786e-05
9027977_gab,32,offensive,1,"['Arab', 'Islam', 'Men', 'Women']","[0, 1, 2, 3, 4, 5, 6, 7, 8, 9, 10, 11, 12, 13, 14, 15, 16, 17, 18, 19, 20, 21, 22, 23, 24, 25, 26, 27, 28, 29, 30, 31]",True,3,True,1,1,0.9999732
1200278778959798273_twitter,11,offensive,1,['Jewish'],"[4, 5]",True,3,False,1,1,0.99566996
1145852106139680768_twitter,11,offensive,1,"['Nonreligious', 'Other', 'Women']","[4, 5]",True,3,False,1,0,0.024165373
18352124_gab,21,offensive,1,"['Homosexual', 'African', 'Women']","[4, 15]",True,3,False,1,1,0.99994195
19372895_gab,29,hatespeech,1,"['Homosexual', 'African', 'Jewish']","[12, 13, 14, 15]",True,3,True,1,1,0.9999821
10579761_gab,52,offensive,1,"['Hispanic', 'Homosexual', 'Christian', 'Caucasian', 'Refugee', 'Asian']",[],False,3,False,1,0,4.1404044e-05
1212091792893583360_twitter,9,offensive,1,['African'],"[8, 7]",True,3,True,1,0,0.00020803952
1179076954621763584_twitter,39,normal,0,['Refugee'],[],False,3,False,0,0,1.6727214e-05
1254517888599429125_twitter,22,normal,0,['Refugee'],[],False,3,False,0,0,7.00302e-05
23857799_gab,14,hatespeech,1,['African'],"[12, 13]",True,3,False,1,1,0.9999746
1179086593694535681_twitter,20,normal,0,[],[],False,3,True,0,0,8.421057e-06
23487663_gab,28,normal,0,['Jewish'],[],False,3,False,0,1,0.9999696
6119701_gab,32,hatespeech,1,"['African', 'Minority', 'Christian']","[4, 5, 6, 16, 29]",True,3,True,1,1,0.99998474
17735687_gab,32,normal,0,['Refugee'],[],False,3,False,0,0,1.9952317e-05
16652611_gab,49,normal,0,['Arab'],[],False,3,True,0,0,3.5279427e-05
10192109_gab,29,offensive,1,"['Hispanic', 'Caucasian', 'African', 'Women', 'Arab']","[0, 1, 2, 3, 4, 5, 6, 7, 8, 9, 10, 19, 20, 21, 22, 23, 24, 25, 26, 27, 28]",True,3,False,1,1,0.79784584
1178822711629504512_twitter,9,offensive,1,"['Disability', 'Women']","[8, 4]",True,3,True,1,1,0.9997476
7009073_gab,32,hatespeech,1,"['Homosexual', 'African', 'Other']","[0, 1, 2, 3, 4, 5, 6, 7, 8, 9, 10, 11, 12, 13, 14, 15, 16, 17, 18, 19, 20, 21, 22, 23, 24, 25, 26, 27, 28, 29, 30, 31]",True,3,True,1,1,0.99998474
1178910299119730688_twitter,44,normal,0,[],[],False,3,True,0,0,1.4621689e-05
7956761_gab,18,offensive,1,"['Homosexual', 'Other']","[2, 12, 13]",True,3,False,1,1,0.99995995
1178941558235783169_twitter,43,normal,0,[],[],False,3,True,0,0,9.789063e-06
3367166_gab,31,offensive,1,"['Homosexual', 'Men', 'Jewish', 'Other']","[3, 4, 5, 24, 25]",True,3,False,1,1,0.9998963
1117201683749249025_twitter,8,normal,0,[],[],False,3,False,0,0,1.7301621e-05
23959011_gab,14,hatespeech,1,"['African', 'Men', 'Women']","[4, 5, 6, 7, 8, 9, 10, 11, 12, 13]",True,3,False,1,1,0.9999801
1179019054402551808_twitter,50,normal,0,[],[],False,3,True,0,1,0.9999491
1178684623292948480_twitter,10,normal,0,[],[],False,3,False,0,0,0.00013236066
1085371408476180481_twitter,7,offensive,1,['Women'],[2],True,3,False,1,1,0.9999746
16659400_gab,16,offensive,1,['Jewish'],"[3, 4, 5, 6, 7, 8]",True,3,False,1,0,0.0019118538
1170804784003239937_twitter,7,normal,0,[],[],False,3,True,0,1,0.9742744
18897682_gab,12,normal,0,['Jewish'],[],False,3,True,0,1,0.9997459
1178827967323082759_twitter,52,normal,0,[],[],False,3,True,0,0,1.5141547e-05
6841335_gab,29,offensive,1,"['African', 'Other']","[2, 3, 4, 5, 6, 7, 8, 9, 10, 11, 12, 13, 14, 15, 16, 17, 18, 19, 20, 21, 22, 23, 24, 25, 26, 27, 28]",True,3,False,1,1,0.99998796
19236118_gab,5,offensive,1,['Jewish'],"[3, 4]",True,3,False,1,1,0.99998295
1178794848054398977_twitter,24,normal,0,['Caucasian'],[],False,3,True,0,0,0.22685191
1178422167920369664_twitter,31,normal,0,[],[],False,3,True,0,0,9.898569e-06
1179054043056021504_twitter,33,normal,0,[],[],False,3,True,0,0,0.00021217081
1178669378700812294_twitter,8,hatespeech,1,['African'],"[5, 6, 7]",True,3,True,1,1,0.9999244
1178985525040037889_twitter,27,offensive,1,['Other'],[],False,3,False,1,0,7.960614e-06
1179053050561888256_twitter,11,offensive,1,['Women'],[3],True,3,False,1,1,0.99966526
15805591_gab,23,offensive,1,"['Homosexual', 'Women']","[21, 22]",True,3,False,1,1,0.9999765
1169991265171189760_twitter,6,offensive,1,['Islam'],"[0, 1, 2, 3, 4, 5]",True,3,False,1,1,0.99993455
13173409_gab,6,hatespeech,1,"['Arab', 'Other']",[4],True,3,False,1,1,0.99996114
1105049342203887618_twitter,12,normal,0,[],[],False,3,True,0,0,0.00089886173
25998143_gab,25,hatespeech,1,"['African', 'Islam']","[10, 13, 16, 17, 18, 19, 20, 21]",True,3,True,1,1,0.9999318
23632868_gab,33,normal,0,[],[],False,3,False,0,1,0.994921
5089750_gab,44,hatespeech,1,"['Hispanic', 'Islam']","[7, 9, 11, 13, 15, 17, 18, 19]",True,3,False,1,1,0.99996936
9623515_gab,48,offensive,1,['African'],"[0, 1, 2, 3, 4, 5, 6, 7, 8, 9, 10, 11, 12, 13, 14, 15, 16, 17, 18, 19, 20, 21, 22, 23, 24, 25, 31, 32, 33, 34, 35, 36, 37, 38, 39, 40, 41, 42, 43, 44, 45, 46, 47]",True,3,True,1,1,0.9999554
18521332_gab,51,offensive,1,"['Men', 'Other']",[],False,3,False,1,1,0.9971554
21246216_gab,5,hatespeech,1,['African'],"[3, 4]",True,3,True,1,1,0.99996376
27670128_gab,18,normal,0,"['Caucasian', 'Jewish']",[],False,3,False,0,1,0.99998355
1179101985670389760_twitter,17,normal,0,[],[],False,3,True,0,0,8.796632e-05
1117382701521227776_twitter,11,normal,0,[],[],False,3,True,0,1,0.81486917
16430689_gab,47,offensive,1,"['Arab', 'Islam']","[0, 1, 2, 3, 4, 5, 6, 7, 8, 9, 10, 11, 12, 13, 14, 15, 16, 17, 18, 19, 22, 23, 24, 25, 26, 27, 28, 29, 30, 31, 32, 33, 36, 37, 38, 39, 40, 41, 42, 43, 44, 45, 46]",True,3,False,1,1,0.99992085
20110849_gab,8,hatespeech,1,['Jewish'],"[2, 3]",True,3,True,1,1,0.99998975
17145782_gab,50,hatespeech,1,"['Homosexual', 'Jewish', 'Other']","[7, 8, 9, 10, 11, 12, 13, 14, 15, 20, 21, 22, 23, 24, 25, 26, 44, 45, 46, 47, 48, 49]",True,3,False,1,1,0.99998236
21849756_gab,20,hatespeech,1,"['African', 'Women']","[1, 2, 15]",True,3,True,1,1,0.9996952
1178888446737174529_twitter,23,normal,0,[],[],False,3,True,0,0,0.018339017
15212893_gab,35,hatespeech,1,"['Islam', 'Refugee']","[16, 17, 18, 19, 20, 21, 22]",True,3,True,1,0,0.00075006875
23086085_gab,23,hatespeech,1,"['Homosexual', 'African', 'Jewish']","[13, 14, 15, 18, 19, 20, 21]",True,3,False,1,1,0.99998045
16882125_gab,11,offensive,1,"['Islam', 'Other']","[0, 1, 2, 3, 4, 5, 6, 7, 8, 9, 10]",True,3,False,1,0,0.00021955925
12839835_gab,48,normal,0,['Other'],[],False,3,True,0,1,0.709811
1171243558528942080_twitter,25,offensive,1,['Women'],"[2, 3]",True,3,False,1,1,0.99998426
17608981_gab,45,normal,0,"['Caucasian', 'Arab', 'Asian']",[],False,3,True,0,1,0.9911293
13329120_gab,10,hatespeech,1,['Jewish'],"[8, 9, 6, 7]",True,3,False,1,1,0.9999895
1179024994744987649_twitter,35,normal,0,[],[],False,3,True,0,0,2.0312254e-05
20595346_gab,55,normal,0,['Refugee'],[],False,3,False,0,0,1.0301179e-05
10550250_gab,45,offensive,1,['Other'],[30],True,3,True,1,1,0.99985814
1106339422038048770_twitter,22,normal,0,['Islam'],[],False,3,False,0,0,7.608681e-05
17868211_gab,45,offensive,1,"['Refugee', 'Other']",[],False,3,False,1,1,0.99779046
1178851695616499712_twitter,15,normal,0,['Women'],[],False,3,True,0,0,0.036905307
13723911_gab,51,hatespeech,1,"['Islam', 'Refugee']","[50, 44, 45, 46, 15, 16, 17, 18, 19, 47, 48, 49, 23, 24, 25, 26, 27, 28]",True,3,False,1,1,0.99999154
1078648690162786304_twitter,19,offensive,1,['Refugee'],"[8, 9, 10, 11, 12, 13, 14, 15, 16, 17, 18]",True,3,False,1,0,2.6077965e-05
1179102987911880704_twitter,8,offensive,1,['Homosexual'],"[4, 7]",True,3,False,1,1,0.99997246
1076835003802238976_twitter,12,offensive,1,"['Islam', 'Other']",[4],True,3,False,1,0,1.2575811e-05
20028120_gab,6,hatespeech,1,['Islam'],[3],True,3,False,1,1,0.99998975
1092559677970440194_twitter,9,normal,0,"['Homosexual', 'Men', 'Women']",[],False,3,False,0,1,0.99990654
16085711_gab,48,hatespeech,1,['African'],"[40, 9, 10, 11, 12, 41, 42, 43, 44, 45, 46]",True,3,True,1,1,0.99993575
1178761923032043520_twitter,24,offensive,1,['Other'],[23],True,3,False,1,0,0.00020775903
18535043_gab,13,normal,0,['Jewish'],[],False,3,False,0,1,0.9999585
26065100_gab,35,hatespeech,1,"['African', 'Men', 'Jewish', 'Women']","[4, 5, 6, 7, 8, 9, 26, 29, 30, 31]",True,3,False,1,1,0.99997413
1179094683730903040_twitter,24,normal,0,[],[],False,3,True,0,0,3.5486904e-05
18120004_gab,40,offensive,1,['Women'],"[32, 33, 34, 35, 26, 27, 28, 29, 30, 31]",True,3,False,1,1,0.99998784
1178857406236745729_twitter,6,normal,0,['African'],[],False,3,False,0,1,0.9696405
13129921_gab,21,hatespeech,1,"['Caucasian', 'African', 'Islam']","[0, 1, 2, 3, 4, 5, 6, 7, 8, 9, 10, 11, 12]",True,3,False,1,1,0.9999826
7121532_gab,44,offensive,1,"['African', 'Other']","[6, 7, 9, 10, 11, 12, 13, 14, 15, 21, 22, 23, 24, 25, 26, 27]",True,3,False,1,0,0.120691486
1093483561489817600_twitter,8,hatespeech,1,['Islam'],"[4, 5, 6, 7]",True,3,False,1,0,0.0017132913
1203417649264259072_twitter,22,offensive,1,['Homosexual'],[7],True,3,True,1,0,0.121455334
16210558_gab,29,hatespeech,1,"['Jewish', 'Other']","[25, 26]",True,3,True,1,1,0.9999869
24935273_gab,16,offensive,1,['Homosexual'],"[0, 1, 2, 3, 4, 5, 6, 7, 8, 9, 10, 11, 12, 13, 14, 15]",True,3,False,1,1,0.99995756
1084979035522899969_twitter,16,offensive,1,"['Other', 'Women']","[0, 13, 14, 15]",True,3,True,1,1,0.9944464
15334455_gab,16,hatespeech,1,['Jewish'],[6],True,3,False,1,1,0.999877
4588593_gab,46,normal,0,"['Arab', 'Islam', 'Refugee']",[],False,3,False,0,1,0.9999801
1179040282781855744_twitter,16,normal,0,[],[],False,3,True,0,0,1.0017123e-05
1276241517267615745_twitter,19,normal,0,['Other'],[],False,3,True,0,0,1.1170408e-05
1178517465090985989_twitter,5,hatespeech,1,['Homosexual'],[4],True,3,False,1,1,0.99998045
8160154_gab,51,hatespeech,1,"['Islam', 'Jewish']","[38, 39, 40, 41, 42, 15, 16, 20, 21, 22, 23, 24]",True,3,True,1,1,0.99999034
12787655_gab,6,offensive,1,"['Jewish', 'Women']","[2, 3, 4, 5]",True,3,False,1,1,0.9999883
9048176_gab,48,offensive,1,"['Islam', 'Refugee', 'Other']","[0, 1, 2, 3, 4, 32, 33, 39, 5, 6, 7, 25, 26, 27, 28, 29, 30, 31]",True,3,True,1,1,0.9995819
1179025932666847235_twitter,30,normal,0,[],[],False,3,True,0,0,1.7078835e-05
1166003610335023108_twitter,11,offensive,1,['Women'],"[9, 4, 5]",True,3,True,1,1,0.99992967
1178733769806798848_twitter,11,normal,0,[],[],False,3,True,0,0,5.0254544e-05
1163202972915916800_twitter,19,offensive,1,['Islam'],"[5, 6, 7, 8, 16, 17, 18]",True,3,False,1,0,0.096977234
1177443914250219520_twitter,3,offensive,1,['African'],"[0, 1, 2]",True,3,False,1,1,0.99997914
1106460842948595714_twitter,7,normal,0,['Islam'],[],False,3,True,0,0,1.318477e-05
26371449_gab,5,offensive,1,"['Men', 'Jewish', 'Women']",[],False,3,False,1,1,0.99998677
1194095745730797568_twitter,8,normal,0,['Jewish'],[],False,3,False,0,0,0.027467795
6549880_gab,51,normal,0,"['Other', 'Women']",[],False,3,False,0,1,0.9917344
1232954013533884418_twitter,10,normal,0,['African'],[],False,3,True,0,0,0.0001413356
24741549_gab,15,hatespeech,1,"['Arab', 'Islam']","[0, 1, 2, 3, 4, 5, 6, 7]",True,3,False,1,1,0.99998283
19802718_gab,43,hatespeech,1,"['African', 'Jewish', 'Women']","[6, 20, 21, 22, 23, 24, 25, 31]",True,3,False,1,1,0.9999522
1183369366903152641_twitter,11,hatespeech,1,"['Caucasian', 'African', 'Other']","[3, 4, 6, 8, 9, 10]",True,3,False,1,1,0.9999875
16545708_gab,43,normal,0,['Jewish'],[],False,3,False,0,1,0.9991196
1178791069032603648_twitter,17,hatespeech,1,['African'],[10],True,3,True,1,1,0.9999306
17584884_gab,27,normal,0,['Caucasian'],[],False,3,True,0,0,1.4528562e-05
3436770_gab,25,normal,0,['Homosexual'],[],False,3,True,0,0,0.00016242277
1178769181845659648_twitter,17,normal,0,['African'],[],False,3,False,0,0,3.9048715e-05
25858883_gab,32,hatespeech,1,"['Homosexual', 'Jewish']","[3, 4, 5, 6, 7, 13, 14, 15, 16, 17, 18, 19]",True,3,True,1,1,0.9999863
4076689_gab,48,hatespeech,1,"['Islam', 'Caucasian', 'Refugee', 'Women', 'Arab']","[38, 39, 40, 41, 42, 43, 18]",True,3,False,1,1,0.99998724
19071181_gab,20,hatespeech,1,"['Hispanic', 'Other', 'Women']",[],False,3,False,1,1,0.9999821
1178799574888173568_twitter,8,hatespeech,1,"['Arab', 'Islam', 'Other']","[6, 7]",True,3,False,1,1,0.9570611
1119851280099356672_twitter,16,hatespeech,1,[],[],False,3,False,1,0,0.0008583892
26002225_gab,9,offensive,1,"['Men', 'Other', 'Women']","[2, 3, 4]",True,3,True,1,1,0.9999684
1270628271265329153_twitter,13,offensive,1,['Islam'],"[2, 3, 4, 5, 6, 7, 8, 9, 10, 11, 12]",True,3,True,1,1,0.95177543
1179895157757489158_twitter,7,normal,0,['Other'],[],False,3,False,0,1,0.9995415
1144390831601852416_twitter,13,offensive,1,['Women'],"[9, 10]",True,3,True,1,1,0.9999815
1178837089577684993_twitter,32,normal,0,[],[],False,3,True,0,0,0.00013211592
1120040632548909056_twitter,15,offensive,1,"['Islam', 'Caucasian', 'African', 'Arab', 'Other']","[8, 9, 10, 11, 13, 14]",True,3,False,1,1,0.9999887
22608640_gab,10,hatespeech,1,"['African', 'Jewish', 'Asian']","[0, 1, 2, 3, 4, 5, 6, 7, 8, 9]",True,3,True,1,1,0.999984
1099333093058584577_twitter,14,normal,0,['African'],[],False,3,False,0,0,0.06602119
1179093946066259968_twitter,11,normal,0,['Women'],[],False,3,False,0,0,1.8287124e-05
20710599_gab,19,hatespeech,1,['African'],"[4, 5, 6, 7, 8, 9, 10, 11, 12, 13, 14, 15, 16, 17, 18]",True,3,True,1,1,0.99996316
18016424_gab,24,offensive,1,['Arab'],"[0, 1, 2, 3, 4, 5, 6, 7]",True,3,False,1,1,0.99992824
1173565646770229248_twitter,17,offensive,1,['Refugee'],"[3, 4, 5, 6]",True,3,False,1,1,0.99998295
1179044844129394698_twitter,10,normal,0,[],[],False,3,True,0,0,2.2347655e-05
1179003429810774017_twitter,41,normal,0,"['Disability', 'Caucasian', 'Other']",[],False,3,False,0,0,2.8614651e-05
12977861_gab,44,hatespeech,1,"['Homosexual', 'Arab', 'Asian', 'Other']","[5, 6, 7, 42, 43]",True,3,False,1,1,0.99998796
25983525_gab,28,normal,0,['Refugee'],[],False,3,False,0,1,0.99995553
23621777_gab,23,hatespeech,1,"['Hispanic', 'African', 'Arab', 'Asian']","[0, 1, 2, 3, 4, 5, 6, 7, 8, 9, 10, 11, 12, 13, 14, 15, 16, 17, 18, 19, 20, 21, 22]",True,3,True,1,1,0.999984
11570079_gab,36,hatespeech,1,"['Caucasian', 'African']","[21, 22, 23, 24, 26, 29, 30]",True,3,False,1,1,0.99997425
27605417_gab,12,normal,0,['Women'],[],False,3,False,0,1,0.9999871
1110229370558472196_twitter,11,offensive,1,['Women'],"[9, 10]",True,3,True,1,0,0.012081744
10569062_gab,16,hatespeech,1,['African'],[10],True,3,False,1,1,0.99997914
1257026487351341056_twitter,9,offensive,1,['Men'],"[5, 6, 7]",True,3,True,1,1,0.9999914
24960331_gab,27,hatespeech,1,"['Islam', 'Jewish', 'Men', 'Women', 'Arab']","[4, 5, 6]",True,3,False,1,1,0.9999809
2901472_gab,19,hatespeech,1,"['Arab', 'Islam', 'Men', 'Women']","[1, 2, 3, 4, 5, 6, 7, 8, 9, 10, 11, 12, 13, 14, 15, 16, 17, 18]",True,3,True,1,1,0.9999832
1178921677046128640_twitter,8,normal,0,[],[],False,3,True,0,0,0.0004945426
15836567_gab,50,offensive,1,['Jewish'],[9],True,3,False,1,1,0.98451567
1179016845329743876_twitter,45,normal,0,[],[],False,3,True,0,0,0.0077345683
1079148026013323265_twitter,19,hatespeech,1,"['Arab', 'Women']","[5, 6, 8, 9, 10, 11, 12, 13, 14, 15, 16, 17, 18]",True,3,False,1,1,0.99997735
1179082498304888833_twitter,11,normal,0,[],[],False,3,True,0,0,1.1890341e-05
1179089691871793152_twitter,18,offensive,1,"['Homosexual', 'Heterosexual']","[8, 9, 7]",True,3,False,1,1,0.9999863
14698347_gab,25,hatespeech,1,"['Hispanic', 'Women']","[6, 7, 8, 9, 10, 11, 12, 13, 14, 15, 16, 17, 18, 19, 20, 21, 22, 23, 24]",True,3,True,1,1,0.9999881
17683307_gab,49,offensive,1,"['Refugee', 'Other']","[9, 10, 11, 12, 13, 14, 15, 16, 17, 18, 19, 20, 21, 22, 23, 24, 25]",True,3,True,1,0,0.14811121
6521607_gab,43,offensive,1,"['Arab', 'Islam', 'Refugee']","[0, 1, 2, 3, 4, 5, 6, 7, 8, 9, 10, 11, 12, 13, 14, 15, 16, 17, 18, 19, 20, 21, 22, 23, 24, 25, 26, 27, 28, 29, 30, 31, 32, 33, 34, 35, 36, 37, 38, 39, 40]",True,3,False,1,1,0.99999154
1168047167518306304_twitter,20,normal,0,['Refugee'],[],False,3,False,0,0,1.2399086e-05
18219048_gab,8,hatespeech,1,['Jewish'],"[1, 6, 7]",True,3,True,1,1,0.99998784
13885981_gab,37,offensive,1,"['African', 'Islam']","[5, 7, 9, 10, 11, 12, 13, 14, 15, 16, 17, 18]",True,3,False,1,1,0.9905455
13080023_gab,28,normal,0,"['Islam', 'Refugee']",[],False,3,False,0,0,3.647325e-05
1107152949250265088_twitter,20,normal,0,['Other'],[],False,3,False,0,1,0.999363
1122355392837611520_twitter,20,normal,0,['African'],[],False,3,True,0,0,0.31815714
1178714891387097091_twitter,30,hatespeech,1,"['Economic', 'Caucasian', 'Other']","[16, 17, 18, 19, 20, 21, 22, 23]",True,3,True,1,1,0.99996674
1179082262920466432_twitter,13,normal,0,[],[],False,3,True,0,0,0.00014810174
1179063618803032070_twitter,33,normal,0,[],[],False,3,True,0,0,1.0845232e-05
1077301022316478464_twitter,17,normal,0,['Homosexual'],[],False,3,True,0,0,1.4808555e-05
1178678509255872512_twitter,18,normal,0,[],[],False,3,True,0,0,0.00062245474
1179099489165926401_twitter,41,normal,0,['Islam'],[],False,3,False,0,0,1.2983854e-05
1206023608109273088_twitter,15,normal,0,['Islam'],[],False,3,True,0,1,0.999972
17108507_gab,24,normal,0,['Other'],[],False,3,True,0,1,0.9999548
1185232317347794944_twitter,7,normal,0,[],[],False,3,False,0,0,5.040198e-05
22171054_gab,32,offensive,1,"['African', 'Other']",[],False,3,False,1,0,0.00037488353
25708251_gab,6,hatespeech,1,['Islam'],[4],True,3,False,1,1,0.9999888
1198325965539201024_twitter,7,offensive,1,[],"[0, 1, 2, 3, 4, 5, 6]",True,3,True,1,1,0.99998474
8188812_gab,34,hatespeech,1,"['Arab', 'Islam', 'Jewish']","[0, 1, 2, 3, 4, 5, 6, 7, 8, 9, 10, 11, 12, 13, 14, 15, 16, 17, 18, 19, 20, 21, 22, 23, 24, 25, 26, 27, 28, 29, 30, 31, 32, 33]",True,3,False,1,1,0.99998605
1178011556908535808_twitter,32,normal,0,[],[],False,3,True,0,0,4.602506e-05
18648259_gab,44,normal,0,"['Arab', 'Islam', 'Men']",[],False,3,False,0,0,2.9240431e-05
1120011166972030981_twitter,10,offensive,1,"['Arab', 'Islam']","[2, 3, 4, 5, 6, 7, 8, 9]",True,3,False,1,1,0.90222883
26423869_gab,15,hatespeech,1,['Homosexual'],[],False,3,False,1,0,0.0008970675
13164242_gab,48,offensive,1,['Asian'],"[32, 33, 6, 7, 8, 9, 10, 11, 12, 13, 28, 29, 30, 31]",True,3,False,1,1,0.9998524
1091133367150657537_twitter,16,offensive,1,['Women'],[15],True,3,False,1,1,0.9998356
2977535_gab,44,offensive,1,"['Arab', 'Islam', 'Jewish']","[1, 2, 3, 4, 5, 6, 7, 8, 9, 10, 11, 12, 13, 14, 15, 16, 17, 18, 19, 20, 21, 22, 23, 24, 25, 26, 27, 28, 29, 30, 31, 32, 33, 34, 35, 36, 37, 38, 39, 40, 41, 42, 43]",True,3,False,1,1,0.9712902
27200285_gab,25,hatespeech,1,['Jewish'],"[18, 19]",True,3,True,1,1,0.99998677
1160613216688463872_twitter,21,normal,0,['Jewish'],[],False,3,True,0,1,0.99934405
1178630496932249600_twitter,12,offensive,1,['Homosexual'],"[10, 11]",True,3,False,1,0,0.011989195
12987183_gab,10,hatespeech,1,"['Hispanic', 'African', 'Arab', 'Asian']","[9, 3, 4, 5]",True,3,True,1,1,0.99997234
9816222_gab,22,offensive,1,"['Jewish', 'Asian']","[0, 1, 2, 3, 4, 5, 6, 7, 8, 9, 10, 11, 12, 13, 14, 15, 16, 17, 18, 19, 20, 21]",True,3,False,1,1,0.99996555
21073982_gab,15,hatespeech,1,"['African', 'Refugee']","[0, 1, 2, 3, 4, 5, 6, 7, 8, 9, 10, 11, 12, 13, 14]",True,3,False,1,1,0.99992836
1178556707720613888_twitter,13,normal,0,['African'],[],False,3,False,0,1,0.99986875
1179008458680606720_twitter,12,normal,0,[],[],False,3,True,0,1,0.97589785
23620291_gab,6,hatespeech,1,"['Homosexual', 'Men', 'African']","[1, 2, 3, 4]",True,3,False,1,1,0.99997497
13502476_gab,3,hatespeech,1,['Jewish'],"[1, 2]",True,3,True,1,1,0.9999863
27575832_gab,18,offensive,1,"['Caucasian', 'Men', 'Other']","[0, 1, 2, 3, 4, 5, 6, 7, 8, 9, 10, 11, 12, 13, 14, 15, 16, 17]",True,3,False,1,0,0.00011980906
1114195399575650304_twitter,22,normal,0,"['Refugee', 'Hindu']",[],False,3,True,0,0,1.1185759e-05
1178863684636069894_twitter,18,normal,0,['Refugee'],[],False,3,True,0,1,0.9619539
1178580445358891009_twitter,26,normal,0,['Homosexual'],[],False,3,False,0,0,0.36354724
10912372_gab,47,normal,0,['Islam'],[],False,3,False,0,1,0.9986808
27673860_gab,7,normal,0,['Islam'],[],False,3,False,0,0,6.4783075e-05
23519250_gab,25,hatespeech,1,['Islam'],"[0, 1, 2, 3, 4, 5, 6, 7, 8, 9, 10, 11, 12, 13, 14, 15, 16, 17, 18, 19, 20, 21, 22, 23, 24]",True,3,False,1,1,0.9999882
1170516555635015680_twitter,6,offensive,1,['Homosexual'],[5],True,3,True,1,1,0.9999809
1237107565676433408_twitter,25,normal,0,['Islam'],[],False,3,False,0,0,0.2889397
27057892_gab,43,hatespeech,1,['Islam'],"[0, 1, 2, 3, 4, 5, 6, 7, 8, 9, 10, 11, 12, 13, 14, 15, 16, 17, 18, 19, 20, 21, 22, 23, 24, 25, 26, 27, 28, 29, 30, 31, 32, 33, 34, 35, 36, 37, 38, 39, 40, 41, 42]",True,3,False,1,0,0.0008636794
1179090577004138497_twitter,16,normal,0,[],[],False,3,True,0,0,1.5673639e-05
1092249190418198528_twitter,27,normal,0,[],[],False,3,True,0,0,0.0051581226
21854608_gab,30,hatespeech,1,['African'],"[0, 1, 2, 3, 4, 5, 6, 7, 8, 9, 10, 11, 12, 13, 14, 15, 16, 17, 18, 19, 20, 21, 22, 23, 24, 25, 26, 27, 28, 29]",True,3,False,1,1,0.9986286
1178011413417201664_twitter,12,normal,0,['Homosexual'],[],False,3,False,0,1,0.99997187
14969522_gab,9,offensive,1,['Women'],"[8, 6, 7]",True,3,False,1,0,0.0008504174
22782753_gab,4,hatespeech,1,"['Homosexual', 'Jewish']","[1, 2, 3]",True,3,True,1,1,0.9999876
13972200_gab,27,hatespeech,1,"['Islam', 'Other', 'Women']","[15, 16, 17, 18, 19, 20, 21, 22, 23, 24, 25, 26]",True,3,False,1,1,0.9999889
7232065_gab,28,hatespeech,1,['Islam'],"[6, 7, 8, 9, 10, 11, 12, 13, 14, 15, 16, 17, 18, 19, 20, 21, 22, 23, 24, 25, 26, 27]",True,3,False,1,0,1.2957407e-05
1200417140647636994_twitter,6,hatespeech,1,['African'],"[0, 1, 2, 3, 4, 5]",True,3,False,1,0,0.0006023317
1178626145291358208_twitter,37,normal,0,[],[],False,3,True,0,0,0.00014692669
12504818_gab,46,hatespeech,1,"['Caucasian', 'African', 'Women']","[6, 7, 9, 10, 11, 12, 13]",True,3,True,1,1,0.9997689
21560468_gab,32,hatespeech,1,"['Arab', 'Islam']","[22, 23, 24, 25, 26, 27, 28]",True,3,False,1,1,0.9998418
14456047_gab,21,normal,0,"['Caucasian', 'Other']",[],False,3,False,0,1,0.99989283
24758229_gab,21,offensive,1,['Jewish'],"[0, 1, 2, 3, 4, 5, 6, 7, 8, 9, 10, 11, 12, 13, 14, 15, 16, 17, 18, 19, 20]",True,3,True,1,0,0.0023979384
13518887_gab,12,hatespeech,1,['Homosexual'],[6],True,3,False,1,1,0.99998164
10681662_gab,23,normal,0,"['Men', 'Women']",[],False,3,False,0,0,0.0002615255
15333251_gab,50,hatespeech,1,"['Homosexual', 'Islam']","[3, 4, 5, 35, 47, 20, 21, 22, 23, 24, 25, 26, 27, 28]",True,3,True,1,1,0.99997723
4331119_gab,34,hatespeech,1,"['Other', 'Women']","[0, 1, 2, 3, 4, 5, 6, 7, 8, 9, 10, 11, 12, 13, 14, 15, 16, 17, 18, 19, 20, 21, 22, 23, 24, 25, 26, 27, 28, 29, 30, 31, 32, 33]",True,3,False,1,1,0.99998033
1179092841164951556_twitter,15,normal,0,[],[],False,3,True,0,0,9.5853844e-05
1110474116597993472_twitter,8,offensive,1,['Homosexual'],[2],True,3,False,1,1,0.9992968
6155286_gab,33,offensive,1,['Other'],"[19, 20, 21, 24, 25, 26, 27]",True,3,False,1,1,0.98485804
17534594_gab,34,offensive,1,"['Asian', 'Refugee']","[4, 5, 6, 7, 8, 9, 10, 11, 12, 14, 15, 16, 17, 18, 19, 20, 21]",True,3,False,1,0,2.8400858e-05
1178833527128768512_twitter,14,normal,0,[],[],False,3,True,0,0,2.1883841e-05
27535667_gab,26,hatespeech,1,"['Hispanic', 'Jewish', 'Homosexual', 'Men', 'African', 'Asian', 'Refugee', 'Women', 'Arab']","[0, 1, 2, 3, 4, 5, 6, 7, 8, 9, 10, 11, 12, 13, 14, 15, 16, 17, 18, 19, 20, 21, 22, 23, 24, 25]",True,3,True,1,1,0.9999808
1179099538495115264_twitter,51,normal,0,[],[],False,3,True,0,0,9.589452e-06
1212594168834351105_twitter,6,offensive,1,"['African', 'Other']","[3, 5]",True,3,True,1,0,0.010557873
1221882384766980096_twitter,20,hatespeech,1,['Refugee'],[],False,3,False,1,0,8.213803e-06
18489702_gab,51,hatespeech,1,"['Homosexual', 'Jewish', 'Other']","[35, 36, 37, 3, 45, 14, 15, 46, 47, 50]",True,3,True,1,1,0.9999399
12687141_gab,35,hatespeech,1,"['Homosexual', 'African', 'Islam']","[6, 7, 8, 9, 10, 11, 12, 13, 14, 15, 16, 17, 18, 19, 20, 21, 22, 23, 24, 25, 26, 27, 28, 29, 30, 31, 32, 33, 34]",True,3,True,1,1,0.99998677
1179102478710837249_twitter,10,offensive,1,"['Hispanic', 'Caucasian']","[8, 9]",True,3,True,1,0,0.0021139144
1211387569277165570_twitter,5,offensive,1,['Homosexual'],"[0, 1, 2, 3, 4]",True,3,False,1,1,0.9222077
1178730424635461632_twitter,29,normal,0,[],[],False,3,True,0,0,1.28465845e-05
5804553_gab,40,normal,0,[],[],False,3,True,0,0,2.535242e-05
15988874_gab,7,hatespeech,1,"['Men', 'Jewish']",[6],True,3,True,1,1,0.99998343
16491428_gab,23,normal,0,['African'],[],False,3,False,0,0,0.0012763106
1178892515669245952_twitter,48,normal,0,[],[],False,3,True,0,0,9.905236e-06
12902581_gab,50,hatespeech,1,"['Homosexual', 'Women']","[5, 6, 7, 8, 9, 10, 11, 12, 13, 14, 15, 16, 17, 22, 23, 24, 25, 26, 27, 28, 29, 30, 31, 32, 33, 34, 35, 36, 37, 38, 39, 40, 41, 42, 43, 44]",True,3,False,1,1,0.9999801
23467735_gab,16,hatespeech,1,['Hispanic'],"[5, 11, 12, 13, 14, 15]",True,3,True,1,1,0.99997795
10725207_gab,30,normal,0,['Homosexual'],[],False,3,True,0,0,0.0006154017
23150585_gab,9,hatespeech,1,['African'],[5],True,3,True,1,1,0.99998355
1086686146632052737_twitter,8,offensive,1,['Women'],[5],True,3,True,1,0,9.808715e-05
1179071111713017861_twitter,29,normal,0,[],[],False,3,True,0,0,1.494079e-05
1179012978445713411_twitter,32,normal,0,[],[],False,3,True,0,0,1.60716e-05
9237044_gab,37,hatespeech,1,"['Arab', 'Islam', 'Men', 'Women']","[32, 33, 34, 35, 4, 5, 6, 7, 36, 12, 29, 30, 31]",True,3,False,1,1,0.9999888
22121304_gab,37,offensive,1,"['African', 'Arab', 'Asian']","[0, 1, 2, 3, 4, 5, 6, 7, 8, 9, 10, 11, 12, 13, 14, 15, 16, 17, 18, 19, 20, 21, 22, 23, 24, 25, 26, 27, 28, 29, 30, 31, 32, 33, 34, 35, 36]",True,3,False,1,1,0.999987
18388078_gab,43,hatespeech,1,"['Arab', 'Islam', 'Jewish']","[16, 17, 18, 19, 20, 21, 22, 23, 24, 29, 30, 31]",True,3,False,1,1,0.99999094
14165113_gab,18,normal,0,['African'],[],False,3,False,0,1,0.99997735
1178789747793256448_twitter,35,normal,0,"['Homosexual', 'Men', 'Women']",[],False,3,True,0,1,0.99996436
1179008614184312835_twitter,18,normal,0,[],[],False,3,True,0,0,0.026781544
1179104863101304832_twitter,19,normal,0,['African'],[],False,3,True,0,1,0.99978036
7578858_gab,23,hatespeech,1,['Jewish'],[4],True,3,True,1,1,0.9999473
1178810534923264005_twitter,22,normal,0,[],[],False,3,True,0,1,0.9949686
1105268381341675520_twitter,14,normal,0,[],[],False,3,True,0,1,0.999925
7975029_gab,28,normal,0,"['African', 'Refugee']",[],False,3,False,0,1,0.66436505
1182374073646628870_twitter,13,normal,0,"['Homosexual', 'Women']",[],False,3,True,0,0,6.218602e-05
1270742_gab,28,hatespeech,1,"['Islam', 'Other']","[15, 16, 19, 20, 21]",True,3,False,1,1,0.9999888
1082679634511056897_twitter,20,normal,0,['Refugee'],[],False,3,True,0,0,0.00045534264
13140862_gab,15,offensive,1,['Men'],"[1, 2, 3, 4, 5, 6, 7, 11, 12, 13, 14]",True,3,False,1,0,0.000674214
10763688_gab,30,hatespeech,1,['Jewish'],"[3, 4, 5]",True,3,True,1,1,0.9999871
1104896761817112577_twitter,24,offensive,1,['Islam'],"[2, 8, 9, 10, 11, 12, 13, 14, 15, 16]",True,3,True,1,0,0.00044655855
1178970303491461120_twitter,35,normal,0,['Caucasian'],[],False,3,False,0,0,9.437317e-06
1179026967062044673_twitter,23,offensive,1,['Women'],"[12, 15]",True,3,False,1,1,0.99934644
8695293_gab,46,hatespeech,1,['Jewish'],"[0, 1, 2]",True,3,False,1,1,0.99998844
26503461_gab,16,hatespeech,1,"['Arab', 'Islam', 'Women']","[2, 9, 10, 11, 12, 13, 14, 15]",True,3,False,1,1,0.999956
15523169_gab,36,normal,0,['Caucasian'],[],False,3,False,0,1,0.90102726
1183022464386904064_twitter,26,normal,0,"['Caucasian', 'Men', 'Women']",[],False,3,True,0,0,4.7798287e-05
1179045784781836288_twitter,49,hatespeech,1,['Islam'],[43],True,3,False,1,0,0.0138984
1082071149712818177_twitter,15,offensive,1,['Refugee'],"[11, 12, 13, 14]",True,3,False,1,1,0.9999411
20672153_gab,4,hatespeech,1,"['Men', 'Jewish', 'Women']",[],False,3,False,1,1,0.9977265
1178923952183357442_twitter,6,normal,0,[],[],False,3,True,0,0,2.6899796e-05
1222201109919535106_twitter,5,normal,0,['African'],[],False,3,True,0,1,0.99998665
1124086293988814849_twitter,10,normal,0,['Other'],[],False,3,True,0,1,0.99973124
1179079786225967105_twitter,8,normal,0,[],[],False,3,True,0,0,1.1741231e-05
1272988351612588032_twitter,12,hatespeech,1,['Islam'],"[2, 3, 4, 5, 6, 7, 8, 9]",True,3,False,1,0,4.557133e-05
24941415_gab,13,offensive,1,['Women'],"[0, 1, 2, 3, 4, 5, 6, 7, 8, 9, 10, 11, 12]",True,3,False,1,0,0.070614025
1178980197263138826_twitter,26,normal,0,[],[],False,3,True,0,0,9.795723e-06
1263136019597135873_twitter,22,offensive,1,"['Homosexual', 'African', 'Women']","[0, 1, 2, 3, 4, 5, 6, 7, 8, 9, 10, 11, 12, 13, 14, 15, 16, 17, 18, 19, 20]",True,3,False,1,1,0.99977034
20838853_gab,23,hatespeech,1,"['Islam', 'Asian']","[0, 1, 2, 3, 4, 5, 6, 7, 8, 9, 10, 11, 12, 13, 14, 15, 16, 17, 18, 19]",True,3,False,1,1,0.9999881
1178333310944206849_twitter,45,normal,0,['Christian'],[],False,3,False,0,0,7.176133e-06
27176920_gab,34,hatespeech,1,['Islam'],"[0, 1, 2, 3, 4, 5, 6, 7, 8, 9, 10, 11, 12, 13, 14, 15, 22, 23, 24, 25, 26, 27, 28, 29, 30]",True,3,True,1,1,0.99998987
10099455_gab,8,normal,0,['Hispanic'],[],False,3,False,0,1,0.9997079
1257363931691126786_twitter,11,normal,0,['Islam'],[],False,3,True,0,1,0.9999801
14839598_gab,20,offensive,1,['African'],"[16, 14, 15]",True,3,False,1,1,0.90162295
11872515_gab,25,hatespeech,1,"['Caucasian', 'African', 'Other']","[24, 10, 23]",True,3,False,1,1,0.9999366
1179005894392070144_twitter,47,normal,0,[],[],False,3,True,0,0,3.1294585e-05
16474328_gab,10,normal,0,[],[],False,3,True,0,1,0.9998951
1178871654128050176_twitter,7,normal,0,['African'],[],False,3,False,0,0,1.8318942e-05
1217175851390984192_twitter,5,normal,0,['Homosexual'],[],False,3,False,0,1,0.98909676
1194611917719003136_twitter,13,offensive,1,['Other'],"[1, 2, 3, 4, 5, 6, 7, 8, 9, 10, 11, 12]",True,3,False,1,1,0.99996054
16732270_gab,7,hatespeech,1,['African'],"[0, 1, 2, 3, 4, 5, 6]",True,3,True,1,1,0.9998307
23324274_gab,13,hatespeech,1,['Caucasian'],"[1, 2, 3, 4, 6, 7, 8, 9, 10, 11, 12]",True,3,False,1,0,0.00017282234
1179039195228065794_twitter,36,normal,0,['Women'],[],False,3,False,0,1,0.99992836
1083536396281962496_twitter,5,offensive,1,['Other'],[],False,3,False,1,0,0.37423712
1178831761293266944_twitter,9,normal,0,"['Homosexual', 'Caucasian']",[],False,3,False,0,0,0.00018167257
1187610068289634304_twitter,8,hatespeech,1,['Other'],[7],True,3,False,1,1,0.9999809
1179076690972164096_twitter,13,normal,0,['Homosexual'],[],False,3,True,0,0,9.620053e-05
1179086548907610113_twitter,30,offensive,1,['Homosexual'],"[17, 18, 19, 20, 22, 23, 24, 25]",True,3,False,1,0,6.202198e-05
1178761983262412801_twitter,22,normal,0,[],[],False,3,True,0,0,9.977345e-06
21777048_gab,27,hatespeech,1,['Jewish'],"[6, 7, 12, 14, 15, 16]",True,3,False,1,1,0.9999752
1164183794125103104_twitter,16,hatespeech,1,"['African', 'Women']",[],False,3,False,1,0,0.00022488504
13846820_gab,16,hatespeech,1,"['Nonreligious', 'Homosexual', 'African', 'Minority', 'Other']","[13, 14]",True,3,True,1,1,0.9999807
18786838_gab,24,hatespeech,1,"['Caucasian', 'Arab', 'African', 'Indigenous']","[6, 7, 12, 13, 14, 15, 16, 17]",True,3,True,1,1,0.9999876
20893287_gab,35,normal,0,"['Jewish', 'Other']",[],False,3,False,0,0,0.082770325
11311964_gab,5,normal,0,[],[],False,3,True,0,0,0.4175082
22368593_gab,19,hatespeech,1,['African'],"[11, 12, 13, 14]",True,3,True,1,1,0.99997544
1166855276357672960_twitter,26,normal,0,['Refugee'],[],False,3,False,0,0,2.509403e-05
22813282_gab,29,offensive,1,['Arab'],"[0, 1, 2, 3, 8, 9, 10]",True,3,True,1,1,0.9999869
1179064141832691717_twitter,18,normal,0,['Other'],[],False,3,True,0,1,0.9999553
14525087_gab,35,offensive,1,['Jewish'],"[32, 13, 14, 19, 20, 21, 22, 23, 24, 25, 26, 27, 28, 29, 30, 31]",True,3,False,1,1,0.9999856
1179040822077116416_twitter,15,normal,0,[],[],False,3,True,0,0,1.1517025e-05
16395836_gab,3,offensive,1,"['Men', 'Heterosexual']","[0, 1, 2]",True,3,True,1,1,0.9999887
1179062193083559938_twitter,30,normal,0,[],[],False,3,True,0,0,9.020626e-06
1178272826303942656_twitter,45,normal,0,['Caucasian'],[],False,3,True,0,0,5.9804886e-05
1178351561233166336_twitter,17,normal,0,['Caucasian'],[],False,3,False,0,1,0.9695776
1179018782079160320_twitter,5,hatespeech,1,['Homosexual'],"[2, 3, 4]",True,3,True,1,1,0.9997832
8711615_gab,18,offensive,1,['African'],"[0, 1, 2, 3, 4, 5, 6, 7, 8, 9, 10, 11, 12, 13, 14, 15, 16, 17]",True,3,False,1,1,0.99998593
12070680_gab,36,offensive,1,['African'],"[35, 5, 6, 7, 8, 9]",True,3,False,1,0,0.00056758634
1087720596195160069_twitter,9,offensive,1,"['African', 'Arab']","[0, 1, 2, 3, 4, 5, 6, 7, 8]",True,3,False,1,1,0.99988425
18052581_gab,40,hatespeech,1,['African'],"[15, 14, 31]",True,3,True,1,1,0.99998915
12442595_gab,17,offensive,1,"['Arab', 'Jewish']",[9],True,3,False,1,1,0.9994363
1178468147327729664_twitter,41,normal,0,[],[],False,3,True,0,0,9.168981e-06
14403681_gab,43,normal,0,['Other'],[],False,3,False,0,0,2.765269e-05
13958256_gab,38,hatespeech,1,"['Caucasian', 'African']","[13, 15, 16, 17, 18, 19, 20]",True,3,False,1,1,0.9999571
1178229707357245440_twitter,6,hatespeech,1,"['Homosexual', 'African', 'Women']","[0, 3, 4]",True,3,True,1,1,0.9999354
18756903_gab,13,normal,0,[],[],False,3,False,0,0,0.00038366814
1178805036228460545_twitter,17,offensive,1,"['Disability', 'Homosexual', 'Other']","[16, 13, 14, 15]",True,3,True,1,1,0.9999604
7546997_gab,17,hatespeech,1,"['Caucasian', 'African', 'Women']","[4, 14]",True,3,False,1,1,0.999915
21504198_gab,46,offensive,1,"['African', 'Other', 'Women']","[34, 35, 36, 8, 9, 10, 11, 12, 16, 17, 18, 19]",True,3,False,1,1,0.99992156
27638324_gab,36,normal,0,['Islam'],[],False,3,True,0,1,0.9998363
1081257496705224704_twitter,8,normal,0,[],[],False,3,True,0,1,0.99986756
9617009_gab,46,hatespeech,1,['Islam'],"[21, 22, 23, 24, 25, 31]",True,3,False,1,0,0.022793638
15544535_gab,27,hatespeech,1,"['Jewish', 'Women']","[11, 12]",True,3,False,1,1,0.9999685
1178998960507109376_twitter,11,normal,0,['Women'],[],False,3,False,0,0,0.0030426653
15648625_gab,43,hatespeech,1,"['Homosexual', 'Islam']","[32, 33, 34, 21, 31]",True,3,False,1,1,0.99997807
22768622_gab,11,hatespeech,1,"['Hispanic', 'Arab', 'Other']","[9, 10, 3]",True,3,False,1,1,0.99998116
1104453528750309377_twitter,19,normal,0,"['Men', 'Other']",[],False,3,True,0,1,0.99684095
1179079100368949248_twitter,9,normal,0,['Refugee'],[],False,3,True,0,0,1.7675093e-05
24462652_gab,9,offensive,1,"['Homosexual', 'Women']","[0, 1, 2, 3, 4, 5, 6, 7, 8]",True,3,True,1,1,0.9999825
1120218852132999168_twitter,19,normal,0,['Other'],[],False,3,False,0,1,0.5301364
21418436_gab,33,hatespeech,1,"['Arab', 'Islam', 'Other']","[32, 6, 7, 8, 9, 10, 26, 27, 30, 31]",True,3,False,1,1,0.9999907
13000029_gab,6,offensive,1,"['Men', 'Other']",[2],True,3,True,1,1,0.9999722
7133882_gab,30,normal,0,"['African', 'Refugee', 'Other']",[],False,3,False,0,1,0.99962974
1179012746781679623_twitter,22,hatespeech,1,['African'],[6],True,3,False,1,0,6.364886e-05
1210226141316947968_twitter,6,normal,0,[],[],False,3,False,0,0,0.000112012145
9347638_gab,36,hatespeech,1,['Islam'],"[0, 1, 2, 3, 4, 5, 6, 7, 8, 9, 10, 11, 12, 13, 14, 15, 16, 17, 18, 19, 20, 21, 22, 23, 24, 25, 26, 27, 28, 29, 30, 31, 32, 33, 34, 35]",True,3,False,1,1,0.8777789
23332141_gab,35,hatespeech,1,"['Caucasian', 'Homosexual', 'African', 'Minority']","[32, 9, 10, 11, 12, 13, 14]",True,3,False,1,1,0.999987
1196999034575024128_twitter,9,offensive,1,['Other'],[2],True,3,True,1,1,0.9999796
22269252_gab,27,hatespeech,1,['African'],"[0, 1, 2, 3, 4, 5, 6, 7, 8, 9, 10, 11, 12, 13, 14, 15, 16, 17, 18, 19, 20, 21, 22, 23, 24, 25, 26]",True,3,False,1,1,0.99997604
23990651_gab,21,hatespeech,1,['Jewish'],"[6, 7, 18, 19, 20]",True,3,True,1,1,0.9999864
1179093930551328768_twitter,42,normal,0,[],[],False,3,True,0,0,0.26420847
9581587_gab,45,normal,0,"['Islam', 'Women']",[],False,3,False,0,0,0.004549315
1264078467122868225_twitter,15,normal,0,[],[],False,3,False,0,1,0.9925384
1178658944136429571_twitter,15,hatespeech,1,['African'],[14],True,3,True,1,1,0.99998665
17023288_gab,26,offensive,1,"['Men', 'Jewish', 'Women']","[3, 4, 5, 6, 7, 8, 9, 10, 11, 12, 13, 14, 15, 16, 22, 23, 24, 25]",True,3,False,1,1,0.9999815
19114988_gab,7,normal,0,['Jewish'],[],False,3,False,0,1,0.9999747
13203916_gab,35,offensive,1,"['Homosexual', 'Other']","[32, 33, 34, 4, 23, 24, 25, 31]",True,3,False,1,1,0.9999827
22218803_gab,36,offensive,1,['Other'],"[3, 4, 5, 6, 7, 8, 9, 10, 11, 12, 13, 14, 15, 16, 17, 18, 19, 31, 32, 33, 34, 35]",True,3,False,1,0,0.27476168
1213255267686576128_twitter,14,hatespeech,1,"['Arab', 'African']","[12, 13]",True,3,True,1,1,0.9999864
1179087145996345345_twitter,52,normal,0,[],[],False,3,True,0,0,5.458813e-05
19624242_gab,13,hatespeech,1,"['Islam', 'Arab', 'Asian', 'Refugee']","[10, 11, 12]",True,3,True,1,1,0.9999864
1179037954565525505_twitter,17,normal,0,['African'],[],False,3,False,0,1,0.9999409
1258834932811665408_twitter,15,normal,0,['Homosexual'],[],False,3,False,0,0,0.0028057152
1179048955025346562_twitter,46,hatespeech,1,"['Indian', 'Islam', 'Refugee']","[2, 3, 4, 5, 38, 39, 40, 41, 34, 35, 36, 37]",True,3,False,1,1,0.92399037
15735838_gab,55,offensive,1,"['Christian', 'Caucasian', 'African', 'Women', 'Other']",[],False,3,False,1,1,0.9999858
1179098334100938752_twitter,10,offensive,1,"['Caucasian', 'Women']","[5, 6]",True,3,False,1,1,0.99979454
1179101546530906115_twitter,6,normal,0,[],[],False,3,True,0,0,7.199821e-05
11273952_gab,46,hatespeech,1,"['Caucasian', 'Jewish', 'Asian']","[0, 1, 2, 3, 4, 5, 16, 17, 18, 19, 20, 21, 22, 29, 30, 31]",True,3,True,1,1,0.9999168
22972942_gab,19,hatespeech,1,['African'],"[6, 8, 13, 16, 17, 18]",True,3,True,1,1,0.9999831
1179019377481572352_twitter,8,normal,0,[],[],False,3,True,0,0,1.5705164e-05
26643860_gab,12,offensive,1,"['African', 'Jewish']",[],False,3,False,1,1,0.99998426
16147211_gab,46,offensive,1,"['Homosexual', 'Other']",[16],True,3,True,1,1,0.9998425
1081127020287938560_twitter,6,normal,0,"['Men', 'Women']",[],False,3,True,0,1,0.99921644
7069129_gab,16,hatespeech,1,"['African', 'Jewish']","[3, 4, 5, 6, 7, 12, 13]",True,3,False,1,1,0.9999864
7507997_gab,51,normal,0,"['African', 'Arab', 'Women']",[],False,3,False,0,1,0.976182
1179060381970567170_twitter,15,hatespeech,1,['Homosexual'],[6],True,3,False,1,1,0.9477287
21726323_gab,18,hatespeech,1,"['Hispanic', 'African', 'Jewish']","[16, 11, 6, 7]",True,3,True,1,1,0.99998415
1179025513970577408_twitter,10,normal,0,[],[],False,3,True,0,0,0.030544367
22733217_gab,5,hatespeech,1,['African'],"[2, 3, 4]",True,3,True,1,1,0.9999877
1178763591153008646_twitter,38,normal,0,[],[],False,3,True,0,0,2.0375539e-05
1246864747506683907_twitter,11,offensive,1,['Women'],"[4, 5]",True,3,False,1,1,0.9967926
1170198681892474880_twitter,10,normal,0,"['Men', 'African']",[],False,3,True,0,0,1.9950128e-05
24290957_gab,14,normal,0,"['Hispanic', 'African', 'Jewish']",[],False,3,False,0,1,0.99998736
1178403986501722113_twitter,21,normal,0,[],[],False,3,True,0,0,1.1801806e-05
1179050229170991104_twitter,37,normal,0,[],[],False,3,True,0,1,0.99975866
1178588392822427648_twitter,32,normal,0,[],[],False,3,True,0,0,0.00019215312
1259526942635823107_twitter,7,offensive,1,['Women'],[3],True,3,False,1,1,0.9975267
1178788376822071296_twitter,20,normal,0,[],[],False,3,True,0,0,1.0672268e-05
1178728995967291392_twitter,22,normal,0,"['Homosexual', 'Other']",[],False,3,True,0,0,6.507327e-05
1172604807300943872_twitter,9,offensive,1,"['Islam', 'Jewish', 'African', 'Refugee', 'Other']","[1, 2, 3, 4, 5, 6, 7, 8]",True,3,False,1,0,0.067669965
26185198_gab,49,hatespeech,1,"['Arab', 'Minority', 'Jewish', 'Refugee']",[35],True,3,True,1,1,0.99998
17902441_gab,36,hatespeech,1,['African'],"[32, 33, 34, 35, 19, 20, 21, 22, 23, 24, 25, 26, 27, 28, 29, 30, 31]",True,3,True,1,1,0.999286
26891279_gab,45,hatespeech,1,"['Arab', 'Islam']",[],False,3,False,1,1,0.99998176
2154282_gab,27,offensive,1,['Refugee'],"[0, 1, 2, 3, 4, 5, 6, 7, 8, 9, 10, 11, 12, 13, 14, 15, 16, 17, 18, 19, 20, 21, 22, 23]",True,3,False,1,0,1.3128812e-05
1118137999185915908_twitter,9,normal,0,['Women'],[],False,3,False,0,1,0.9999846
3681285_gab,30,offensive,1,"['Other', 'Women']","[8, 9, 10, 11, 12, 13, 14, 16, 17]",True,3,False,1,0,0.000103406055
9747039_gab,47,normal,0,"['Hispanic', 'African', 'Arab', 'Asian']",[],False,3,False,0,1,0.9981318
12118721_gab,50,normal,0,['Asian'],[],False,3,True,0,1,0.99944586
1179100720458584066_twitter,7,offensive,1,['Women'],"[1, 2, 3]",True,3,False,1,1,0.99997723
14528716_gab,33,normal,0,[],[],False,3,True,0,0,2.2487124e-05
1258692523603746816_twitter,21,offensive,1,['Women'],"[3, 4, 5, 6, 14]",True,3,True,1,1,0.99998176
24491289_gab,32,normal,0,"['Men', 'Women']",[],False,3,True,0,0,0.00020135348
1163163689027022851_twitter,9,hatespeech,1,"['Homosexual', 'African']","[8, 7]",True,3,False,1,1,0.9999857
1081356390013095936_twitter,14,normal,0,"['Caucasian', 'Refugee']",[],False,3,True,0,0,0.00021866841
26311137_gab,11,hatespeech,1,"['Homosexual', 'Jewish']","[9, 10]",True,3,True,1,1,0.9999857
1179105200734429184_twitter,18,normal,0,[],[],False,3,True,0,0,2.330213e-05
1237862838208581636_twitter,8,normal,0,['Islam'],[],False,3,True,0,0,0.0009773625
1179008305353691137_twitter,15,normal,0,[],[],False,3,True,0,0,3.083341e-05
1208193791301160960_twitter,11,normal,0,['Homosexual'],[],False,3,False,0,0,0.014981851
13441576_gab,9,hatespeech,1,['African'],[5],True,3,True,1,1,0.999969
12006705_gab,17,hatespeech,1,['African'],"[0, 1, 2, 3, 4, 5, 6, 7, 8, 9, 10, 11, 12, 13, 14, 15, 16]",True,3,False,1,1,0.99998236
1179103624871456768_twitter,13,normal,0,['Other'],[],False,3,True,0,0,0.012528109
6354462_gab,41,offensive,1,"['Arab', 'Islam', 'Asian']","[1, 2, 3, 4, 5, 6, 7, 8, 9, 10, 11, 12, 13, 14, 15, 16, 18, 19, 20, 21, 22, 23, 24, 25, 26, 28, 29, 30, 31, 32, 33, 34, 35, 36, 37, 38, 39, 40]",True,3,False,1,1,0.99998593
13728564_gab,32,offensive,1,['Jewish'],"[0, 1, 2, 3, 4, 5, 6, 7, 8, 9, 10, 11, 12, 13, 14, 15, 16, 17, 18, 19, 20, 21, 22, 23, 24, 25, 26, 27, 28, 29, 30, 31]",True,3,False,1,1,0.99997246
24503426_gab,9,hatespeech,1,"['African', 'Women']","[8, 2, 6, 7]",True,3,True,1,1,0.99998116
21093492_gab,18,normal,0,"['African', 'Women']",[],False,3,True,0,0,0.0011001271
17417561_gab,12,normal,0,['African'],[],False,3,True,0,1,0.8525036
24343767_gab,21,hatespeech,1,['Arab'],"[0, 1, 2, 3, 4, 5, 6, 7, 8, 9, 10, 11, 12, 13, 14, 15, 16, 17, 18, 19, 20]",True,3,True,1,1,0.9999856
1179018220612866056_twitter,23,normal,0,[],[],False,3,True,0,1,0.9983146
13796553_gab,27,normal,0,['Jewish'],[],False,3,False,0,0,0.0051505044
25176418_gab,19,hatespeech,1,['Jewish'],"[16, 15]",True,3,False,1,1,0.97979534
21299727_gab,42,offensive,1,['Islam'],"[1, 2, 3, 39, 27, 28, 29, 30]",True,3,False,1,1,0.9999902
23043331_gab,13,normal,0,['Hispanic'],[],False,3,False,0,0,0.34932384
23659387_gab,46,offensive,1,['Jewish'],[],False,3,False,1,0,0.00023577879
1263277749327855616_twitter,11,offensive,1,"['Other', 'Women']","[2, 3, 4, 5, 6, 7, 8, 9, 10]",True,3,True,1,1,0.999987
1179057017740120065_twitter,25,normal,0,[],[],False,3,True,0,0,0.030243734
1162610347100033025_twitter,15,normal,0,[],[],False,3,True,0,0,6.936139e-05
9707521_gab,14,hatespeech,1,['Homosexual'],"[1, 2, 3, 4, 5, 6]",True,3,False,1,1,0.9998921
4582509_gab,19,normal,0,"['Arab', 'Islam', 'Men', 'Women']",[],False,3,False,0,1,0.99998605
20672422_gab,33,offensive,1,['Jewish'],"[7, 8, 9, 10, 11, 12, 13, 14, 15, 16, 17, 18, 19, 20, 21, 22, 23, 24, 25, 26, 27, 28, 29, 30, 31, 32]",True,3,False,1,1,0.7162783
8174664_gab,25,offensive,1,['African'],"[11, 12, 13, 14, 15, 16, 17, 18]",True,3,True,1,1,0.9992792
22203462_gab,12,normal,0,"['Men', 'Women']",[],False,3,True,0,0,0.00054161705
10691275_gab,47,offensive,1,"['Caucasian', 'Jewish', 'Refugee', 'Other']","[0, 1, 2, 3, 5, 6, 7, 8, 22, 23, 24, 25, 26, 27, 28, 29, 30, 31, 32, 33, 34, 35, 36, 37]",True,3,False,1,0,0.017759267
1178831315875094529_twitter,29,normal,0,['Caucasian'],[],False,3,False,0,0,0.0066521945
12182841_gab,45,hatespeech,1,"['African', 'Arab', 'Jewish', 'Women']","[3, 4, 5, 6, 7, 8, 9, 10, 11, 12, 13, 14, 15, 16, 17, 18, 19, 20, 21, 22, 23, 24, 25, 26, 27, 28, 29, 30, 31, 32, 33, 34, 35, 36, 37, 38, 39, 40, 41, 42, 43, 44]",True,3,True,1,1,0.9999852
1162135058573979649_twitter,10,offensive,1,['Other'],[2],True,3,True,1,1,0.9998723
1087669354370617345_twitter,24,normal,0,[],[],False,3,True,0,1,0.885648
1178631556946157568_twitter,39,normal,0,[],[],False,3,True,0,0,0.00051666267
1109996926412288000_twitter,6,normal,0,['Men'],[],False,3,False,0,0,0.07622832
16490033_gab,23,hatespeech,1,['Homosexual'],"[12, 13, 14]",True,3,False,1,1,0.9600889
27629806_gab,6,hatespeech,1,"['Homosexual', 'African']","[1, 3, 4, 5]",True,3,True,1,1,0.9999783
1179010181381918721_twitter,23,normal,0,[],[],False,3,True,0,0,1.0482052e-05
15302040_gab,44,normal,0,['Other'],[],False,3,True,0,0,0.000116303316
16546041_gab,52,normal,0,"['Refugee', 'Women']",[],False,3,False,0,0,0.00040560783
1220374582806417410_twitter,9,offensive,1,['Other'],"[3, 4, 5, 6, 7]",True,3,True,1,1,0.99995804
12952385_gab,49,offensive,1,['Other'],"[27, 28, 29, 30, 31, 32, 33, 34, 35, 36, 37, 38, 39, 40, 41, 42, 43, 44, 45, 46, 47, 48]",True,3,True,1,0,0.00030098343
1265634407123087361_twitter,22,offensive,1,"['African', 'Other']","[8, 5, 6, 7]",True,3,False,1,0,0.00018751508
14492354_gab,45,offensive,1,['African'],"[0, 1, 2, 3, 4, 5, 6, 7, 8, 9, 10, 11, 12, 13, 14, 15, 16, 17, 18, 19, 20, 21, 22, 23, 24, 25, 26, 27, 28, 29, 30, 31, 32, 33]",True,3,False,1,1,0.9997578
1087903866312687616_twitter,12,offensive,1,['Women'],[1],True,3,False,1,1,0.99998844
14889008_gab,23,normal,0,[],[],False,3,False,0,0,2.7315762e-05
1212566885356785664_twitter,18,normal,0,[],[],False,3,True,0,0,3.7338265e-05
26281745_gab,32,normal,0,"['Homosexual', 'Other']",[],False,3,False,0,0,0.000116282245
1143639157807427584_twitter,17,normal,0,['Women'],[],False,3,False,0,1,0.99998224
7084693_gab,22,normal,0,"['Men', 'African', 'Women']",[],False,3,True,0,1,0.99987566
22403184_gab,19,hatespeech,1,['African'],"[16, 17, 18, 15]",True,3,True,1,1,0.9999813
1086430013044543495_twitter,13,normal,0,[],[],False,3,True,0,1,0.91564393
9814962_gab,33,hatespeech,1,"['Arab', 'Islam', 'Other']","[0, 1, 2, 3, 4, 5, 6, 7, 8, 9, 10, 11, 12, 13, 14, 15, 16, 17, 18, 19, 20, 21, 22, 23, 24, 25, 26, 27, 28, 29, 30, 31, 32]",True,3,False,1,1,0.99999106
1087133473318551555_twitter,9,offensive,1,"['Men', 'Islam', 'Other', 'Women']",[8],True,3,True,1,1,0.9999522
1179032327462277120_twitter,4,offensive,1,['Homosexual'],[3],True,3,False,1,1,0.99998724
24770559_gab,26,hatespeech,1,"['Jewish', 'Women']","[6, 7, 8, 9, 10, 11, 12, 13, 14, 15, 16, 17, 18, 19, 20, 21, 22, 25]",True,3,True,1,1,0.99998844
18743168_gab,13,hatespeech,1,['Jewish'],"[11, 12]",True,3,True,1,1,0.99998295
21934219_gab,25,hatespeech,1,['Jewish'],"[12, 13, 14, 15, 16, 17, 18, 19, 20, 21, 22, 23, 24]",True,3,False,1,1,0.99997866
1179092284350046208_twitter,10,normal,0,[],[],False,3,True,0,0,1.6283608e-05
19499335_gab,23,hatespeech,1,"['Homosexual', 'African', 'Men', 'Women']","[4, 5, 6, 7, 8, 9, 10, 11, 12, 13, 14, 15, 16, 17, 19, 20]",True,3,True,1,1,0.99998415
1179093737818996737_twitter,26,normal,0,[],[],False,3,True,0,1,0.99600416
6395112_gab,52,offensive,1,"['Arab', 'Islam', 'Refugee']","[0, 1, 2, 3, 4, 5, 6, 7, 8, 9, 10, 11, 12, 13, 14, 15, 16, 17, 18, 19, 20, 21, 22, 23, 24, 25, 26, 27, 28, 29, 30, 31, 32, 33, 34, 35, 36, 37, 38, 39, 40, 41, 42, 43, 44, 45, 46, 47, 48, 49]",True,3,False,1,1,0.99999
10587044_gab,31,normal,0,['Caucasian'],[],False,3,False,0,0,0.000109755296
3012325_gab,41,offensive,1,"['Islam', 'Men', 'Refugee', 'Women', 'Arab']","[1, 2, 3, 4, 5, 6, 7, 8, 9, 10, 11, 12, 13, 14, 15, 16, 17, 18, 19, 20, 21, 22, 23, 24, 25, 26, 27, 28, 29, 30, 31, 32, 33, 34]",True,3,False,1,0,0.221485
1181666173274001408_twitter,4,offensive,1,['Women'],[1],True,3,True,1,1,0.9996673
11058354_gab,35,offensive,1,"['Caucasian', 'Men', 'African', 'Women']","[5, 28, 4, 6]",True,3,True,1,0,6.275962e-05
27829735_gab,5,normal,0,[],[],False,3,True,0,1,0.9850605
7043965_gab,43,normal,0,['Caucasian'],[],False,3,False,0,0,0.18816327
20659618_gab,9,hatespeech,1,['Hispanic'],[2],True,3,True,1,1,0.99998105
1184937029940985856_twitter,14,normal,0,['Other'],[],False,3,False,0,0,0.0016191194
27160160_gab,11,hatespeech,1,"['African', 'Women']","[1, 2, 3, 4, 5, 6, 7, 8, 9, 10]",True,3,True,1,1,0.9999813
18537585_gab,17,offensive,1,"['Other', 'Women']","[11, 4, 5]",True,3,False,1,1,0.99959975
1122614344959660032_twitter,8,normal,0,[],[],False,3,False,0,0,0.00011694498
1213773504148996097_twitter,10,offensive,1,[],"[4, 5, 6, 7, 8]",True,3,False,1,0,0.07394099
1055823679333023744_twitter,8,offensive,1,['Other'],"[6, 7]",True,3,False,1,1,0.99997807
16171497_gab,27,hatespeech,1,"['Homosexual', 'Women']","[25, 26, 13]",True,3,False,1,0,3.3195072e-05
14335849_gab,32,hatespeech,1,"['Hispanic', 'African', 'Other']","[0, 1, 2, 3, 4, 5, 6, 7, 8, 9, 10, 11, 12, 13, 14, 15, 16, 17, 18, 19, 20, 21, 22, 23, 24, 25, 26, 27, 28, 29, 30, 31]",True,3,True,1,1,0.86432403
1178981039353581568_twitter,49,normal,0,['Caucasian'],[],False,3,True,0,1,0.9999672
6817112_gab,38,hatespeech,1,"['Arab', 'Islam']",[36],True,3,True,1,1,0.9999883
22046510_gab,18,normal,0,"['Caucasian', 'African']",[],False,3,True,0,0,0.2740679
8525524_gab,32,hatespeech,1,"['Islam', 'Other']","[9, 23, 17, 22]",True,3,False,1,1,0.9999651
10741717_gab,41,normal,0,"['Men', 'Women']",[],False,3,True,0,1,0.9999883
1178921589963919360_twitter,33,normal,0,[],[],False,3,True,0,1,0.99998415
1179102721426763782_twitter,17,normal,0,[],[],False,3,True,0,0,0.28056115
12182872_gab,51,offensive,1,"['Men', 'Jewish', 'Refugee', 'Women']","[12, 13, 14, 15, 16, 17, 18, 19, 20, 21, 22, 23, 24, 44, 45, 46, 47, 48, 49, 50]",True,3,False,1,1,0.9999832
18360243_gab,11,normal,0,"['Hispanic', 'African', 'Refugee', 'Asian', 'Arab']",[],False,3,False,0,1,0.99987733
1178784642368856064_twitter,19,normal,0,[],[],False,3,True,0,0,1.6404654e-05
11947257_gab,29,offensive,1,['Other'],"[16, 17, 18, 19, 20, 21, 22, 23]",True,3,False,1,0,7.160552e-05
1178992145933459456_twitter,23,normal,0,[],[],False,3,True,0,0,1.0465032e-05
1179024048422080512_twitter,28,normal,0,"['African', 'Women']",[],False,3,False,0,1,0.99992335
1179101319606521858_twitter,12,normal,0,[],[],False,3,True,0,1,0.99981123
25922772_gab,21,hatespeech,1,['Islam'],[15],True,3,False,1,1,0.99998665
22466421_gab,13,offensive,1,"['Caucasian', 'African', 'Other']","[8, 7]",True,3,False,1,1,0.9999846
1163082929557450753_twitter,20,normal,0,"['Homosexual', 'Heterosexual']",[],False,3,False,0,0,0.00017538451
26985413_gab,17,offensive,1,['Homosexual'],[],False,3,False,1,0,0.00010460181
23308026_gab,20,hatespeech,1,"['Islam', 'Jewish', 'Men', 'African', 'Asian', 'Refugee', 'Women', 'Arab']","[2, 3, 4, 5, 6, 7, 8, 9, 10, 11, 12, 13, 14]",True,3,False,1,1,0.9999896
1237089861535969282_twitter,3,normal,0,['African'],[],False,3,False,0,0,0.0001974968
9637052_gab,15,normal,0,"['Homosexual', 'African', 'Jewish', 'Other']",[],False,3,False,0,1,0.9999865
1179076992861261824_twitter,11,normal,0,"['Caucasian', 'African']",[],False,3,True,0,0,1.682328e-05
14524021_gab,43,offensive,1,"['Arab', 'Refugee']",[],False,3,False,1,0,2.7815136e-05
18637219_gab,45,normal,0,"['Arab', 'Islam']",[],False,3,False,0,1,0.9878229
26202771_gab,17,hatespeech,1,['Jewish'],"[16, 8, 10, 7]",True,3,True,1,1,0.9999889
1231315507795632133_twitter,17,offensive,1,['African'],"[1, 2, 3, 4]",True,3,True,1,1,0.97422284
15351090_gab,20,hatespeech,1,"['Homosexual', 'African', 'Other', 'Women']","[1, 7, 12, 13, 14]",True,3,False,1,1,0.99998534
1178810803673272321_twitter,14,normal,0,['Women'],[],False,3,False,0,0,0.004547661
1188930917529804802_twitter,5,offensive,1,['Other'],[4],True,3,True,1,1,0.9989384
1178981778683416576_twitter,42,normal,0,[],[],False,3,True,0,0,0.00012307178
1116149567739678721_twitter,7,normal,0,['Refugee'],[],False,3,True,0,0,1.9075796e-05
11578894_gab,5,hatespeech,1,"['Caucasian', 'African', 'Other', 'Women']",[4],True,3,False,1,1,0.99997973
5517744_gab,49,hatespeech,1,['Islam'],"[7, 8, 15, 16, 17, 18, 19, 20, 21, 22, 23, 24, 25, 26, 27, 28, 29, 30, 31, 32, 33, 34, 35, 36, 37, 38, 39, 40, 41, 42, 43, 44, 45, 46, 47, 48]",True,3,True,1,1,0.9999876
17077636_gab,11,offensive,1,[],"[0, 1, 2, 3, 4, 5, 6, 7, 8, 9, 10]",True,3,False,1,0,2.0161511e-05
26052738_gab,37,offensive,1,['Other'],"[32, 33, 34, 35, 36, 21, 28, 29, 30, 31]",True,3,False,1,1,0.99998224
1179015280602882048_twitter,18,normal,0,[],[],False,3,True,0,1,0.9601436
13452626_gab,23,normal,0,"['Islam', 'Refugee']",[],False,3,False,0,1,0.9988016
19137219_gab,9,hatespeech,1,['Arab'],"[8, 7]",True,3,True,1,1,0.999972
24889680_gab,9,offensive,1,['African'],"[0, 1, 2, 3, 4, 5, 6, 7, 8]",True,3,False,1,1,0.99998355
19736399_gab,17,hatespeech,1,"['African', 'Refugee']","[1, 2, 3, 4, 5, 6, 7, 8, 9, 10, 11, 12, 13, 14, 15, 16]",True,3,True,1,1,0.8003405
1098685974861758464_twitter,6,normal,0,['Women'],[],False,3,True,0,0,1.9750056e-05
6369122_gab,3,hatespeech,1,['Jewish'],"[0, 1, 2]",True,3,True,1,1,0.99998343
10365362_gab,26,normal,0,"['Refugee', 'Other']",[],False,3,True,0,1,0.99984777
18642788_gab,46,offensive,1,['Homosexual'],[],False,3,False,1,0,2.3442368e-05
10413780_gab,50,normal,0,"['African', 'Islam']",[],False,3,False,0,1,0.9999896
12556329_gab,24,hatespeech,1,['African'],"[12, 13, 14, 15, 16]",True,3,True,1,1,0.9991978
6178631_gab,17,offensive,1,['Jewish'],"[11, 12, 13, 14, 15, 16]",True,3,False,1,1,0.9999492
1178569618232709121_twitter,25,normal,0,[],[],False,3,True,0,0,1.7032284e-05
24133934_gab,17,hatespeech,1,['African'],[1],True,3,True,1,1,0.99996924
17856076_gab,21,normal,0,"['Caucasian', 'Men', 'Other', 'Women']",[],False,3,False,0,0,0.016304437
14271882_gab,17,offensive,1,['Islam'],"[0, 1, 2, 3, 4, 5, 6, 7, 8, 9, 10, 11, 12, 13, 14, 15, 16]",True,3,False,1,0,0.056538496
13928535_gab,26,offensive,1,[],[25],True,3,True,1,1,0.9999621
1179055114046365696_twitter,22,normal,0,[],[],False,3,True,0,1,0.9999815
23237197_gab,4,hatespeech,1,['African'],[2],True,3,False,1,1,0.998596
1143545146673369089_twitter,12,normal,0,[],[],False,3,True,0,0,0.00025753502
9274670_gab,30,offensive,1,"['Homosexual', 'African']","[16, 17, 18, 19, 20, 21, 22, 23, 24, 25, 26, 27, 28]",True,3,False,1,1,0.9999893
1179067724384931846_twitter,43,normal,0,['Caucasian'],[],False,3,True,0,0,1.3325385e-05
1179562385893232640_twitter,22,hatespeech,1,['African'],"[0, 1, 11, 12, 13, 14, 15, 16, 17, 18, 19, 20, 21]",True,3,True,1,1,0.9999858
1179092483390746625_twitter,17,offensive,1,"['Caucasian', 'Other']","[0, 1, 2, 3, 4, 5, 6, 7]",True,3,False,1,0,0.0027445483
1107013241148850177_twitter,14,offensive,1,"['Other', 'Women']",[],False,3,False,1,1,0.9999906
15772194_gab,4,hatespeech,1,"['Arab', 'African']","[0, 1, 2, 3]",True,3,True,1,1,0.9999831
21959094_gab,16,offensive,1,"['Hispanic', 'Women']","[13, 14, 15]",True,3,False,1,1,0.999979
14632082_gab,19,hatespeech,1,['Homosexual'],"[8, 9, 10, 11, 12, 13, 14, 15, 16, 17, 18]",True,3,False,1,0,0.23786584
1520595_gab,40,hatespeech,1,['Jewish'],"[38, 39, 11, 15, 16, 17, 18, 19, 20, 21, 22, 23, 24, 25, 26]",True,3,True,1,1,0.9999907
1179048493014376448_twitter,46,normal,0,[],[],False,3,True,0,0,9.3635e-06
1091863937673580545_twitter,15,offensive,1,"['African', 'Other']","[4, 5, 6, 11, 12]",True,3,False,1,1,0.99998105
1179095095225851904_twitter,17,normal,0,[],[],False,3,True,0,0,1.3114795e-05
15314538_gab,13,hatespeech,1,['African'],[4],True,3,False,1,1,0.9999763
1254886293399646208_twitter,23,normal,0,"['Men', 'Other', 'Women']",[],False,3,True,0,0,1.0814743e-05
22148551_gab,6,normal,0,['Jewish'],[],False,3,False,0,1,0.99998415
1143334538065698816_twitter,11,normal,0,[],[],False,3,True,0,0,0.27700824
1179096102118809603_twitter,30,normal,0,[],[],False,3,True,0,0,8.413592e-06
15240435_gab,36,offensive,1,"['Other', 'Women']","[32, 33, 34, 35, 17, 18, 19, 20, 21, 22, 23, 24, 28, 29, 30, 31]",True,3,True,1,0,4.08775e-05
17315138_gab,4,offensive,1,['Caucasian'],[2],True,3,False,1,0,0.13287695
1179093997806972933_twitter,8,normal,0,[],[],False,3,True,0,1,0.98596513
10328185_gab,52,hatespeech,1,"['Islam', 'African', 'Arab']","[29, 30, 31, 32, 33, 34, 35, 36, 37, 38, 39, 40, 41, 42, 43, 44, 45, 46, 47, 48, 49, 50, 51]",True,3,True,1,1,0.99998057
1178825959241342976_twitter,10,normal,0,[],[],False,3,True,0,0,7.488578e-05
11280734_gab,45,normal,0,['Islam'],[],False,3,True,0,1,0.9524075
1387997_gab,35,normal,0,"['Homosexual', 'Arab', 'Islam', 'Women']",[],False,3,False,0,0,0.1343949
1185430926005886977_twitter,11,normal,0,[],[],False,3,True,0,0,0.00041745044
12137752_gab,3,hatespeech,1,['African'],"[0, 1]",True,3,True,1,1,0.9999832
1179016150547611650_twitter,16,normal,0,[],[],False,3,True,0,0,1.6129825e-05
1174317394816360448_twitter,14,normal,0,[],[],False,3,False,0,0,6.8581353e-06
17464469_gab,39,hatespeech,1,"['African', 'Women']","[5, 20, 21, 22, 23, 24, 25, 26, 27, 28, 29, 30, 31, 32, 33, 34, 35, 37, 38]",True,3,True,1,1,0.9999851
1184694032947007491_twitter,7,offensive,1,"['Homosexual', 'Other']","[5, 6]",True,3,True,1,1,0.9999871
1178809032796180481_twitter,7,normal,0,[],[],False,3,True,0,0,6.64375e-05
12370283_gab,17,hatespeech,1,['African'],"[6, 7]",True,3,True,1,0,0.0001571534
1178415398728929285_twitter,37,normal,0,"['Islam', 'Jewish', 'African', 'Caucasian', 'Refugee']",[],False,3,True,0,0,0.00059582066
1179069105795502080_twitter,10,normal,0,[],[],False,3,True,0,1,0.99760914
1109087701960146945_twitter,21,normal,0,"['Refugee', 'Other']",[],False,3,False,0,0,0.0008662335
10908503_gab,36,hatespeech,1,"['Islam', 'Refugee']","[3, 4, 5, 6, 7, 21, 22, 23]",True,3,False,1,0,0.00025041253
1206026422491451393_twitter,12,offensive,1,['Refugee'],"[9, 10, 11]",True,3,True,1,1,0.9939161
1179053960268779520_twitter,48,normal,0,['African'],[],False,3,True,0,1,0.9999753
1124087912994344960_twitter,4,hatespeech,1,['Other'],"[1, 2, 3]",True,3,False,1,0,0.16901897
24072943_gab,19,normal,0,['Islam'],[],False,3,False,0,1,0.99999213
18915190_gab,21,offensive,1,"['Men', 'Refugee']","[3, 4, 5, 6, 7, 8, 9, 10, 11, 12, 13, 14, 15, 16, 17, 19, 20]",True,3,True,1,1,0.9998111
22601151_gab,19,hatespeech,1,['Jewish'],[14],True,3,False,1,1,0.99998844
19256888_gab,27,hatespeech,1,"['African', 'Other']","[1, 2, 6, 7, 20, 21]",True,3,True,1,1,0.9999851
1192647985223610369_twitter,22,offensive,1,['Other'],[14],True,3,False,1,1,0.9999579
1265596729677799424_twitter,24,normal,0,"['Islam', 'Other']",[],False,3,False,0,0,0.0008482283
20632309_gab,30,hatespeech,1,['African'],"[2, 3, 4, 8, 9, 10, 28, 29]",True,3,True,1,1,0.9999697
10502870_gab,31,offensive,1,[],"[7, 8, 9, 10, 11, 12, 13, 14, 15, 16, 17]",True,3,False,1,0,3.547263e-05
21787587_gab,43,offensive,1,"['Caucasian', 'African', 'Other']","[34, 35, 25, 26, 27, 28, 29]",True,3,False,1,0,0.00011434809
1179056260169134082_twitter,11,hatespeech,1,"['Nonreligious', 'African', 'Minority', 'Other']",[5],True,3,True,1,1,0.9898655
13681127_gab,49,hatespeech,1,"['African', 'Jewish']",[],False,3,False,1,1,0.99993527
12832858_gab,23,hatespeech,1,"['Jewish', 'Women']","[11, 12]",True,3,True,1,1,0.99998236
1178981012015058944_twitter,42,normal,0,[],[],False,3,True,0,0,1.3703631e-05
19269291_gab,5,hatespeech,1,['Jewish'],"[3, 4]",True,3,True,1,1,0.9999851
1178827098921865216_twitter,9,normal,0,[],[],False,3,True,0,0,1.6204172e-05
1179024420502999041_twitter,13,normal,0,['Refugee'],[],False,3,False,0,0,2.8115317e-05
9603844_gab,25,offensive,1,['Arab'],"[0, 1, 2, 3, 4, 5, 6, 7, 8, 9, 10, 11, 12, 13, 14, 15, 16, 17, 18, 19, 20, 21, 22, 23, 24]",True,3,False,1,1,0.99964786
1178848666423037954_twitter,40,normal,0,[],[],False,3,True,0,0,1.1055653e-05
1089588241714634752_twitter,23,normal,0,['Other'],[],False,3,True,0,0,8.876492e-06
1091578252760674305_twitter,18,offensive,1,['Women'],"[7, 8, 9, 10, 11, 12, 13, 14, 16, 17]",True,3,False,1,0,0.00014994189
1178803080583946242_twitter,12,normal,0,['Caucasian'],[],False,3,True,0,0,2.7265818e-05
10068208_gab,34,normal,0,"['Caucasian', 'African']",[],False,3,False,0,0,4.199448e-05
1081230732834603009_twitter,10,normal,0,"['Men', 'African']",[],False,3,True,0,1,0.76380783
18971794_gab,24,hatespeech,1,"['Other', 'Women']","[7, 8, 9, 10, 22]",True,3,False,1,1,0.9998661
1178941286323109888_twitter,12,normal,0,[],[],False,3,True,0,0,0.022954289
19923814_gab,15,offensive,1,"['Arab', 'African']","[5, 6, 7, 12, 13, 14]",True,3,True,1,1,0.99998355
25499160_gab,5,hatespeech,1,['Homosexual'],"[3, 4]",True,3,False,1,1,0.9933037
20896139_gab,47,hatespeech,1,['Refugee'],[],False,3,False,1,0,0.016742246
1165270785742651393_twitter,17,normal,0,['Other'],[],False,3,True,0,0,1.8254297e-05
20983237_gab,14,hatespeech,1,['Jewish'],"[11, 12, 13]",True,3,True,1,1,0.99997103
21324545_gab,24,offensive,1,"['African', 'Other']","[7, 8, 11, 12, 13, 23]",True,3,False,1,1,0.9999366
1179090482862927872_twitter,4,normal,0,[],[],False,3,True,0,0,0.005272364
1178852610025111553_twitter,6,offensive,1,['African'],"[2, 3]",True,3,False,1,0,0.0015068265
15544666_gab,5,hatespeech,1,"['Jewish', 'Other']",[4],True,3,True,1,1,0.9999838
17171846_gab,24,offensive,1,"['Homosexual', 'Islam', 'Other']","[3, 4, 17, 18, 19, 20, 21, 22, 23]",True,3,True,1,1,0.9999901
24949183_gab,39,normal,0,"['Homosexual', 'Arab', 'Islam', 'Jewish']",[],False,3,False,0,1,0.9999856
12182895_gab,3,offensive,1,['Other'],"[0, 1, 2]",True,3,True,1,1,0.9998503
1095439403202166784_twitter,4,normal,0,"['Men', 'Women']",[],False,3,False,0,0,0.37882888
18945488_gab,33,offensive,1,"['Hispanic', 'Islam', 'Jewish', 'African', 'Arab', 'Other']","[23, 21, 30, 22]",True,3,False,1,1,0.9999887
1244966409135886337_twitter,24,normal,0,"['African', 'Other', 'Women']",[],False,3,False,0,0,2.305837e-05
1179080720830083074_twitter,9,normal,0,[],[],False,3,True,0,0,1.8235643e-05
1179019791526326272_twitter,13,normal,0,[],[],False,3,True,0,0,2.9027968e-05
15883236_gab,21,hatespeech,1,"['African', 'Jewish']","[2, 3, 4, 5]",True,3,True,1,1,0.9999274
1139177051691409409_twitter,19,offensive,1,"['Jewish', 'Other']","[16, 15, 7]",True,3,False,1,0,0.15683429
12770258_gab,15,normal,0,['Homosexual'],[],False,3,True,0,1,0.9999846
1179063615468576768_twitter,36,offensive,1,"['Caucasian', 'Women']","[16, 17, 18]",True,3,True,1,0,0.00041623667
21678073_gab,37,hatespeech,1,"['Arab', 'Islam']","[35, 36, 5, 6, 7, 8, 4, 14, 15, 21, 22, 23, 24, 25]",True,3,False,1,1,0.9999802
1103995103889244161_twitter,14,normal,0,['Women'],[],False,3,True,0,0,1.7933426e-05
1107467954059444224_twitter,13,normal,0,"['Men', 'Other', 'Women']",[],False,3,True,0,0,2.6648144e-05
1179041541136031745_twitter,15,normal,0,[],[],False,3,True,0,0,2.08102e-05
22599394_gab,39,hatespeech,1,"['Indigenous', 'Refugee']","[0, 1, 2, 3, 4, 5, 6, 7, 8, 9, 10, 11, 12, 13, 14, 15, 16, 17, 18]",True,3,False,1,1,0.99993265
1122469511460999169_twitter,7,offensive,1,['Homosexual'],"[5, 6]",True,3,True,1,0,0.00012013957
1179034997023531008_twitter,14,normal,0,[],[],False,3,True,0,0,5.1381518e-05
4589525_gab,41,offensive,1,"['Homosexual', 'Arab', 'Islam']","[0, 1, 2, 3, 4, 5, 6, 7, 8, 9, 10, 11, 12, 13, 14, 15, 16, 17, 18, 19, 20, 21, 22, 23, 24, 25, 26, 27, 28, 29, 30]",True,3,False,1,0,0.0098488275
4315430_gab,16,normal,0,['Homosexual'],[],False,3,False,0,1,0.99998605
18112013_gab,39,offensive,1,"['Hispanic', 'Islam', 'Caucasian', 'African', 'Women', 'Arab']","[17, 18, 19, 20, 21, 22, 23, 24, 25, 26, 27, 28, 29, 30, 31, 32, 33, 34, 35, 36, 37, 38]",True,3,False,1,1,0.99998605
1179024615844171777_twitter,18,normal,0,"['Islam', 'Other']",[],False,3,True,0,0,0.17158791
1117523131009204225_twitter,10,normal,0,[],[],False,3,True,0,0,0.47205156
23699069_gab,44,hatespeech,1,"['African', 'Women']","[0, 1, 36, 37, 38, 39, 40, 41, 42, 43, 14, 15, 16, 17]",True,3,True,1,1,0.9999876
27058756_gab,40,hatespeech,1,"['Jewish', 'African', 'Women', 'Arab', 'Other']","[0, 1, 2, 33, 34, 35, 36, 37, 8, 38, 39, 23]",True,3,False,1,1,0.99998546
1146073456347439108_twitter,9,normal,0,['Homosexual'],[],False,3,False,0,1,0.9982956
5489354_gab,15,normal,0,['Islam'],[],False,3,False,0,1,0.9996915
1246212346890072064_twitter,30,normal,0,['Other'],[],False,3,True,0,0,0.010765519
20477640_gab,26,normal,0,[],[],False,3,True,0,1,0.94523436
1225381860370305025_twitter,23,hatespeech,1,"['Islam', 'Women']","[2, 7, 8, 9, 10, 11, 12, 13, 14, 15, 16, 19, 20, 21, 22]",True,3,True,1,1,0.9999881
20990971_gab,36,normal,0,['Women'],[],False,3,True,0,0,0.00076825375
22320605_gab,41,normal,0,['African'],[],False,3,False,0,1,0.9999871
16382456_gab,45,hatespeech,1,['Refugee'],"[43, 44]",True,3,True,1,1,0.9999685
17865084_gab,13,offensive,1,"['African', 'Jewish']","[2, 3, 4, 5, 6, 7, 8, 9, 10, 11, 12]",True,3,False,1,1,0.9999672
16966283_gab,49,normal,0,"['African', 'Islam', 'Indigenous', 'Refugee']",[],False,3,False,0,1,0.9999794
9072242_gab,40,offensive,1,['Refugee'],[],False,3,False,1,0,9.369629e-05
20820201_gab,9,hatespeech,1,['Jewish'],[7],True,3,True,1,1,0.9999869
1178944624251015168_twitter,11,normal,0,[],[],False,3,True,0,0,2.9904237e-05
1246340638066585602_twitter,6,normal,0,['Homosexual'],[],False,3,False,0,0,0.012657743
18088580_gab,25,hatespeech,1,"['Islam', 'Homosexual', 'African', 'Heterosexual', 'Other']","[2, 5, 8, 10, 12]",True,3,True,1,1,0.99998415
12589700_gab,15,hatespeech,1,"['Arab', 'Islam', 'Refugee']","[0, 1, 2, 3, 4, 5, 6, 7, 8, 9, 10, 11, 12, 13, 14]",True,3,False,1,1,0.9999713
12307022_gab,50,hatespeech,1,"['Caucasian', 'African', 'Refugee', 'Women', 'Minority']","[0, 1, 2, 3, 4, 5, 6, 7, 8, 9, 10, 11, 12, 13, 14, 15, 20, 37, 38, 39, 40, 41, 42, 43, 44, 45, 46, 47, 48, 49]",True,3,True,1,1,0.9999832
16973360_gab,43,normal,0,"['Homosexual', 'Men']",[],False,3,False,0,1,0.81249034
1179101617477619712_twitter,3,normal,0,[],[],False,3,True,0,0,0.0005629132
1215594254858248192_twitter,15,offensive,1,"['Caucasian', 'African', 'Other']","[1, 2, 3, 4, 5, 6, 7, 8, 9, 10, 11, 12, 13]",True,3,False,1,0,3.9643124e-05
24747262_gab,7,hatespeech,1,"['Islam', 'African', 'Arab']",[3],True,3,False,1,1,0.9999876
18984909_gab,29,offensive,1,['Refugee'],"[15, 16, 17, 18, 19, 20]",True,3,False,1,1,0.9984106
22241011_gab,12,hatespeech,1,"['Arab', 'Islam', 'African', 'Other']","[0, 1, 2, 3, 4, 5, 6, 7, 8, 9, 10, 11]",True,3,True,1,1,0.9999856
11702551_gab,16,hatespeech,1,['African'],[],False,3,False,1,0,0.065853305
1178674557990912001_twitter,11,offensive,1,"['African', 'Women']","[6, 7]",True,3,False,1,0,0.0048685446
10346937_gab,33,offensive,1,"['African', 'Islam']","[0, 1, 2, 3, 4, 5, 6, 7, 8, 9, 10, 11, 12, 13, 14, 15]",True,3,False,1,1,0.99994266
21606378_gab,46,hatespeech,1,"['African', 'Refugee']",[5],True,3,False,1,1,0.99997866
24348911_gab,40,offensive,1,['Other'],"[1, 2, 3, 4, 5, 6, 7, 8, 9, 10, 11, 12, 13, 14, 15, 16, 17, 18, 19, 20, 21, 22, 23, 24, 25]",True,3,True,1,1,0.9999609
10122399_gab,49,offensive,1,"['Refugee', 'Other']","[0, 1, 2, 3, 8, 47, 48]",True,3,False,1,0,0.00018409429
1116021310117830662_twitter,17,normal,0,[],[],False,3,True,0,0,0.39652225
1179048017887936515_twitter,6,offensive,1,['African'],"[3, 4, 5]",True,3,False,1,1,0.99578273
1179010487457112064_twitter,24,normal,0,[],[],False,3,True,0,0,1.1216289e-05
19663357_gab,32,normal,0,['African'],[],False,3,False,0,0,0.00037829528
19490516_gab,29,hatespeech,1,"['Hispanic', 'Refugee']",[],False,3,False,1,1,0.79429364
1178813519921373185_twitter,29,normal,0,[],[],False,3,True,0,0,7.5251366e-05
24268026_gab,32,normal,0,"['Homosexual', 'Men', 'Women']",[],False,3,True,0,1,0.9998344
24556547_gab,10,hatespeech,1,['Arab'],"[0, 1, 2, 3, 4, 5, 6, 7, 8, 9]",True,3,False,1,1,0.99998033
24429879_gab,25,offensive,1,"['Arab', 'Islam', 'Refugee']","[0, 1, 2, 3, 4, 5, 6, 7, 8, 9, 10, 11, 12, 13, 14, 15, 16, 17, 18, 19, 20, 21, 22, 23, 24]",True,3,False,1,1,0.99996877
12939052_gab,32,offensive,1,"['Caucasian', 'African']","[10, 11, 12, 13, 14, 15, 16, 17, 18, 19, 20, 21, 22, 23, 24, 25, 26, 27, 28, 31]",True,3,False,1,1,0.9999914
1179065569884217344_twitter,15,normal,0,[],[],False,3,True,0,0,2.9238172e-05
27892666_gab,19,hatespeech,1,"['African', 'Arab', 'Jewish', 'Women']","[9, 18, 17, 14]",True,3,True,1,1,0.999979
3703256_gab,47,normal,0,['African'],[],False,3,False,0,1,0.9999703
1179103597633703936_twitter,9,offensive,1,"['Disability', 'Other']","[3, 4, 5, 6]",True,3,True,1,1,0.99996305
1179091701941653505_twitter,48,normal,0,[],[],False,3,True,0,0,1.6518754e-05
1110671349540896768_twitter,11,offensive,1,['Other'],"[4, 5, 6]",True,3,False,1,1,0.99869376
24714037_gab,14,hatespeech,1,"['Arab', 'Islam', 'Men']","[0, 1, 2, 3, 4, 5, 6, 7, 8, 9, 10, 11, 12, 13]",True,3,False,1,1,0.9999833
25515279_gab,20,normal,0,['Homosexual'],[],False,3,True,0,0,3.5170386e-05
1105346902906683394_twitter,8,hatespeech,1,['African'],"[1, 2, 3, 4, 5]",True,3,False,1,1,0.9999701
14884885_gab,22,offensive,1,['Other'],"[11, 12, 17, 18, 19, 20, 21]",True,3,False,1,0,1.7410099e-05
17538388_gab,32,normal,0,['Homosexual'],[],False,3,False,0,1,0.9999579
18643085_gab,30,offensive,1,['Other'],"[10, 12]",True,3,False,1,1,0.9999877
1178429287424253970_twitter,48,normal,0,['Caucasian'],[],False,3,False,0,0,0.45445877
1179067605484589056_twitter,13,normal,0,[],[],False,3,True,0,0,0.03947503
1091105782735749120_twitter,23,normal,0,"['Hispanic', 'Refugee']",[],False,3,False,0,0,0.00020211538
15500373_gab,16,hatespeech,1,['Asian'],[12],True,3,True,1,0,0.0003057725
1093415982893285377_twitter,19,normal,0,['Refugee'],[],False,3,False,0,1,0.744587
1178708692553756672_twitter,32,normal,0,[],[],False,3,True,0,0,0.01402384
5145699_gab,15,hatespeech,1,"['Arab', 'Indigenous', 'Other']","[10, 11, 12, 13, 14]",True,3,True,1,1,0.9999895
1179072630718115843_twitter,8,offensive,1,"['Caucasian', 'Women']","[1, 2]",True,3,False,1,1,0.9999881
1178692034531643396_twitter,24,normal,0,[],[],False,3,True,0,0,3.2160544e-05
1178787469262766081_twitter,6,offensive,1,['Homosexual'],[5],True,3,True,1,1,0.99996066
1178222483314479107_twitter,6,normal,0,[],[],False,3,True,0,0,0.0060114204
13211398_gab,33,hatespeech,1,['Women'],"[32, 21, 22, 23, 24, 25, 26, 27, 28, 29, 30, 31]",True,3,False,1,0,0.00016958837
10219716_gab,30,normal,0,['Other'],[],False,3,True,0,0,0.003122571
1178978611652710406_twitter,24,normal,0,[],[],False,3,True,0,0,0.0013058552
1178581844910104576_twitter,25,normal,0,[],[],False,3,True,0,0,0.00025990108
1179013103327072257_twitter,27,normal,0,[],[],False,3,True,0,0,0.0084429355
1179103115309662209_twitter,24,normal,0,[],[],False,3,True,0,0,2.4685518e-05
1178771153156018176_twitter,8,offensive,1,['African'],"[4, 5, 6, 7]",True,3,False,1,1,0.97994393
12859763_gab,13,offensive,1,['African'],"[10, 11, 12]",True,3,False,1,1,0.9999869
21192067_gab,23,hatespeech,1,"['Arab', 'Islam']","[10, 19, 20, 21, 22]",True,3,True,1,1,0.99998045
25749877_gab,27,offensive,1,['Other'],"[11, 12, 13, 14, 15, 16, 17, 18, 19, 20, 21, 22, 23, 24, 25, 26]",True,3,True,1,1,0.99987733
18422791_gab,36,normal,0,"['Islam', 'Other']",[],False,3,False,0,1,0.9999895
11837421_gab,46,normal,0,['Refugee'],[],False,3,False,0,1,0.99996495
19828443_gab,13,offensive,1,"['African', 'Caucasian', 'Jewish']","[0, 2, 7, 10, 11, 12]",True,3,False,1,1,0.99998593
1225390131537903622_twitter,24,offensive,1,"['Other', 'Women']","[19, 20, 21, 22, 23]",True,3,False,1,1,0.9988815
1092108135962009601_twitter,17,normal,0,[],[],False,3,True,0,0,7.5864016e-05
13149776_gab,47,normal,0,"['Arab', 'Islam']",[],False,3,False,0,1,0.99995494
20579612_gab,25,hatespeech,1,"['Caucasian', 'Arab', 'African']","[3, 4, 5, 6, 7, 17, 18, 19, 20, 21, 22, 23, 24]",True,3,True,1,1,0.9999833
14075428_gab,27,normal,0,"['Refugee', 'Other']",[],False,3,True,0,0,0.0012080997
1178620034127667200_twitter,44,normal,0,[],[],False,3,True,0,0,9.859735e-06
1178679137357180928_twitter,11,offensive,1,"['Caucasian', 'African']","[8, 9, 10, 7]",True,3,False,1,1,0.9999486
1179069833490698240_twitter,47,normal,0,[],[],False,3,True,0,0,0.00014857302
1122367636011126784_twitter,4,normal,0,"['Homosexual', 'Other']",[],False,3,True,0,0,4.251525e-05
1159220745500684288_twitter,11,normal,0,[],[],False,3,True,0,0,5.908778e-05
1197965498647867392_twitter,22,normal,0,"['African', 'Other']",[],False,3,False,0,0,0.003987154
6377586_gab,17,offensive,1,['Islam'],"[1, 6]",True,3,False,1,1,0.9990037
1210439929198608384_twitter,14,normal,0,"['Homosexual', 'Men']",[],False,3,True,0,0,0.00015493228
1179087197733081088_twitter,30,normal,0,[],[],False,3,True,0,0,2.7991397e-05
26885241_gab,32,hatespeech,1,"['Islam', 'Christian']","[0, 1, 2, 3, 4, 5, 6, 7, 8, 9, 10, 11, 12, 13, 14, 15, 16, 17, 18, 19]",True,3,False,1,1,0.99731475
1178171578825228288_twitter,10,hatespeech,1,['African'],[9],True,3,False,1,0,0.016899236
26699755_gab,16,hatespeech,1,"['Arab', 'Jewish']","[13, 14, 15]",True,3,False,1,1,0.9999707
1247963586254651393_twitter,17,offensive,1,['Other'],"[10, 11, 12, 13, 14, 15, 16]",True,3,False,1,1,0.9999318
1179085128120721408_twitter,26,normal,0,[],[],False,3,True,0,0,1.7417738e-05
24227903_gab,19,offensive,1,"['African', 'Jewish']","[8, 7, 12, 15]",True,3,True,1,1,0.99998236
1110025330238976000_twitter,15,hatespeech,1,['Other'],[],False,3,False,1,1,0.672453
3418902_gab,27,hatespeech,1,['Jewish'],"[11, 20, 12]",True,3,True,1,1,0.9999882
17715535_gab,40,offensive,1,"['African', 'Other']","[32, 33, 24, 25, 26, 27, 31]",True,3,False,1,1,0.9999875
1178374131898818561_twitter,22,normal,0,"['Caucasian', 'African', 'Women']",[],False,3,False,0,0,1.9598605e-05
1690626_gab,4,hatespeech,1,['African'],"[0, 1, 2, 3]",True,3,True,1,1,0.99998415
15459655_gab,30,hatespeech,1,"['Hispanic', 'Arab']","[25, 26, 27, 28, 29]",True,3,True,1,1,0.9999273
4009897_gab,31,hatespeech,1,"['Homosexual', 'Arab', 'Islam', 'Jewish']","[7, 8, 9, 10, 28, 29, 30]",True,3,False,1,1,0.99998915
23834135_gab,6,offensive,1,['African'],"[0, 1, 2, 3]",True,3,False,1,0,0.000119388686
1178646784643612672_twitter,44,offensive,1,"['Islam', 'Refugee']","[35, 36, 17, 20, 21, 22]",True,3,False,1,0,0.36944354
27033411_gab,31,offensive,1,"['Homosexual', 'Other']","[3, 4, 5, 6, 7, 8, 9, 10, 11, 12, 13, 14, 15, 16, 17, 18, 19, 20, 21, 22, 23, 24, 25, 26, 27, 28, 29, 30]",True,3,True,1,1,0.9999851
1178831399484346374_twitter,25,normal,0,"['Minority', 'Refugee']",[],False,3,False,0,1,0.99998105
1113195741747601409_twitter,10,normal,0,"['Homosexual', 'Other']",[],False,3,True,0,0,0.043120645
12643635_gab,51,normal,0,['Homosexual'],[],False,3,True,0,1,0.9995272
3666528_gab,47,hatespeech,1,"['Caucasian', 'African']","[1, 2, 3, 4, 5, 6, 7, 8, 9, 10, 11, 12, 13, 14, 15, 16, 17, 18, 19, 20, 21, 22, 23, 24, 25, 26, 27, 28, 29, 30, 31, 32, 33]",True,3,False,1,0,0.008858551
21149794_gab,32,hatespeech,1,"['Hispanic', 'Jewish', 'Refugee']","[10, 12, 13]",True,3,True,1,1,0.99998665
1206177975265320965_twitter,16,normal,0,['Refugee'],[],False,3,True,0,0,1.8099743e-05
13652786_gab,9,normal,0,"['Men', 'Jewish', 'Women']",[],False,3,True,0,1,0.7215065
19711039_gab,34,offensive,1,"['Hispanic', 'Other']","[0, 1, 2, 3, 4, 5, 6, 7, 8, 9, 10, 11, 12, 13, 14, 15, 16, 17, 18, 19, 20, 21, 22, 23, 24, 25, 26, 27, 28, 29, 30, 31, 32, 33]",True,3,True,1,1,0.9999659
25160519_gab,50,hatespeech,1,['African'],"[34, 44, 45, 46, 47, 48, 49]",True,3,True,1,1,0.9999875
7119465_gab,38,offensive,1,"['Homosexual', 'Women']","[32, 33, 34, 36, 37, 24, 25, 26, 27, 28, 29, 30, 31]",True,3,False,1,1,0.99876106
1189567918465605632_twitter,7,offensive,1,['Homosexual'],[6],True,3,False,1,0,0.023548147
13770224_gab,16,hatespeech,1,"['Homosexual', 'African']",[11],True,3,True,1,1,0.9999732
1179053487134408706_twitter,44,offensive,1,['Women'],[27],True,3,False,1,1,0.99929607
14054951_gab,22,hatespeech,1,"['African', 'Other']","[17, 18, 19, 20, 21]",True,3,False,1,1,0.99993896
8256574_gab,22,hatespeech,1,"['Islam', 'Jewish']","[9, 21]",True,3,False,1,1,0.9989348
27717644_gab,6,hatespeech,1,['African'],"[4, 5]",True,3,False,1,1,0.99998677
1103766016742416384_twitter,22,normal,0,"['Jewish', 'Other', 'Women']",[],False,3,False,0,1,0.9962554
1178387837500018689_twitter,8,offensive,1,"['Economic', 'Caucasian']","[1, 2]",True,3,True,1,1,0.99985456
25572783_gab,48,hatespeech,1,"['Hispanic', 'Refugee']",[41],True,3,False,1,1,0.99997246
27254282_gab,8,hatespeech,1,"['Homosexual', 'African']","[3, 4]",True,3,True,1,1,0.99998474
17829883_gab,11,hatespeech,1,"['African', 'Other', 'Women']","[8, 9, 10, 7]",True,3,False,1,1,0.99998736
12635997_gab,30,offensive,1,"['African', 'Other']","[3, 4, 5, 6, 7, 8, 9, 10, 11]",True,3,False,1,1,0.9999362
26821350_gab,14,hatespeech,1,['African'],"[8, 9, 10, 11, 12, 13]",True,3,True,1,1,0.9999788
1480557_gab,44,hatespeech,1,"['African', 'Other']","[32, 33, 34, 35, 36, 37, 38, 39, 40, 41, 42, 43, 21, 22, 28, 29, 30, 31]",True,3,False,1,1,0.9998964
18353388_gab,10,hatespeech,1,"['Islam', 'Other', 'Women']",[],False,3,False,1,0,0.0027635465
21832472_gab,14,hatespeech,1,"['African', 'Women']","[9, 10, 11, 12, 13]",True,3,False,1,1,0.999959
20674930_gab,40,normal,0,"['Refugee', 'Other']",[],False,3,False,0,1,0.8815099
16545674_gab,51,normal,0,"['African', 'Other']",[],False,3,False,0,1,0.99997675
18322605_gab,11,hatespeech,1,['Jewish'],"[8, 4]",True,3,True,1,1,0.99998116
27000580_gab,11,hatespeech,1,"['Islam', 'Men', 'Refugee', 'Women', 'Arab']","[0, 1, 2, 3, 4, 5, 6, 7, 8, 9, 10]",True,3,True,1,1,0.99998224
11591392_gab,17,offensive,1,['Refugee'],"[13, 4, 12, 14]",True,3,False,1,1,0.76938796
27063809_gab,12,normal,0,['Islam'],[],False,3,False,0,1,0.9183931
1179100557300158466_twitter,14,normal,0,[],[],False,3,True,0,0,0.0001998061
1179104674391048192_twitter,11,normal,0,[],[],False,3,True,0,0,2.9335084e-05
20027579_gab,25,normal,0,[],[],False,3,True,0,1,0.9999845
19096312_gab,19,normal,0,"['African', 'Refugee']",[],False,3,False,0,1,0.99753785
1178898274595438593_twitter,23,normal,0,[],[],False,3,True,0,0,9.753801e-06
16537620_gab,49,offensive,1,"['Caucasian', 'Hispanic', 'African']","[32, 33, 34, 12, 17, 18, 19, 27, 28, 29, 30, 31]",True,3,False,1,1,0.99997044
1178971871011672064_twitter,9,hatespeech,1,['Islam'],"[0, 1, 2, 3, 4, 5, 6, 7, 8]",True,3,False,1,0,0.06994501
1178869793006465025_twitter,40,normal,0,['African'],[],False,3,True,0,0,0.0007193705
1179063570719559680_twitter,18,normal,0,[],[],False,3,True,0,0,0.0004677724
20146258_gab,7,normal,0,['Asian'],[],False,3,True,0,0,8.145158e-05
1203641589899448320_twitter,13,normal,0,"['Caucasian', 'Arab']",[],False,3,False,0,1,0.9996542
1275531752379949056_twitter,15,normal,0,[],[],False,3,True,0,0,2.0728834e-05
5769043_gab,24,hatespeech,1,['African'],"[8, 9, 10, 11, 12, 13, 14, 17, 18, 19, 20, 21, 22, 23]",True,3,False,1,1,0.9998617
1179037390138007554_twitter,32,normal,0,[],[],False,3,True,0,0,7.579547e-05
1177597442662879234_twitter,6,hatespeech,1,"['Indian', 'Arab', 'Other', 'Women']","[2, 3, 4, 5]",True,3,True,1,1,0.99998355
19945326_gab,22,hatespeech,1,"['Arab', 'Islam']",[4],True,3,True,1,1,0.99998343
1179101057084866560_twitter,12,normal,0,"['Caucasian', 'Men']",[],False,3,True,0,0,4.761077e-05
1161856513230692352_twitter,16,normal,0,['Homosexual'],[],False,3,True,0,0,0.06444431
25715452_gab,48,offensive,1,"['Homosexual', 'Other', 'Women']","[9, 10, 11, 12, 13, 14]",True,3,False,1,1,0.9999881
1097362424498315264_twitter,9,offensive,1,"['Hispanic', 'Caucasian', 'African', 'Asian', 'Arab']","[1, 2, 3, 4, 5, 6, 7, 8]",True,3,False,1,1,0.99959666
19323003_gab,23,hatespeech,1,"['Islam', 'Jewish']","[16, 17, 18, 19, 20, 21, 22]",True,3,False,1,1,0.99998903
1142982217892814854_twitter,11,hatespeech,1,['Women'],[10],True,3,False,1,1,0.9999825
1224155999516463104_twitter,4,offensive,1,['Women'],"[2, 3]",True,3,False,1,1,0.997733
20228634_gab,27,offensive,1,"['Caucasian', 'African', 'Other']","[2, 9, 10, 11, 12, 13]",True,3,False,1,0,1.0814165e-05
13892226_gab,37,hatespeech,1,['African'],[],False,3,False,1,1,0.9999846
25331977_gab,13,offensive,1,['Jewish'],"[1, 4]",True,3,False,1,1,0.9999801
16470189_gab,48,normal,0,['Homosexual'],[],False,3,True,0,1,0.96757925
1253845170690326532_twitter,7,offensive,1,['Homosexual'],"[1, 2, 3, 4, 5, 6]",True,3,True,1,0,0.0017531319
1178771179877744640_twitter,35,normal,0,"['Homosexual', 'Women']",[],False,3,False,0,0,0.0006695913
18614143_gab,32,hatespeech,1,"['Hispanic', 'Christian', 'African', 'Asian', 'Arab', 'Other']","[0, 11, 12, 13, 14, 15, 29, 30, 31]",True,3,False,1,1,0.9999838
24721556_gab,7,hatespeech,1,['African'],[4],True,3,True,1,1,0.9999777
2194887_gab,45,offensive,1,"['African', 'Women']","[24, 33]",True,3,False,1,0,1.260394e-05
1178852803130859520_twitter,22,offensive,1,"['Caucasian', 'Women']","[11, 12]",True,3,False,1,0,7.178185e-05
13537537_gab,48,hatespeech,1,"['African', 'Men', 'Jewish', 'Women']","[32, 33, 34, 35, 37, 38, 39, 40, 41, 42, 26, 27, 28, 29, 30]",True,3,True,1,1,0.99993384
22119924_gab,18,hatespeech,1,['Islam'],"[9, 10, 11]",True,3,False,1,1,0.9999807
1228733218331004934_twitter,12,normal,0,"['Homosexual', 'Caucasian']",[],False,3,False,0,0,0.00033941827
1179035220084842498_twitter,27,normal,0,[],[],False,3,True,0,0,0.00024247754
22908376_gab,16,offensive,1,['Homosexual'],"[11, 12]",True,3,True,1,1,0.9999895
27683915_gab,14,hatespeech,1,['Jewish'],"[0, 3]",True,3,True,1,1,0.99998534
1216713290971303939_twitter,19,offensive,1,"['Homosexual', 'Caucasian', 'Jewish']","[9, 10, 11]",True,3,True,1,1,0.9999863
15129842_gab,27,offensive,1,['Islam'],"[4, 5, 6, 7, 8, 9, 10, 11, 12, 13, 14, 15, 16, 17, 18]",True,3,False,1,1,0.9999242
1166882137980702721_twitter,17,normal,0,['Other'],[],False,3,True,0,1,0.9997254
25044230_gab,35,offensive,1,"['Arab', 'Islam']","[0, 1, 2, 3, 4, 5, 6, 7, 8, 9, 10, 11, 12, 13, 14, 15, 16, 17, 18, 19, 20, 21, 22, 23, 24, 25, 26, 27, 28, 29, 30, 31, 32, 33, 34]",True,3,True,1,1,0.5887036
25456358_gab,28,normal,0,[],[],False,3,True,0,0,2.1680004e-05
21692731_gab,18,normal,0,['Islam'],[],False,3,False,0,1,0.99998677
27341451_gab,48,offensive,1,"['Jewish', 'Other', 'Women']","[13, 14, 15, 16, 17, 18, 19, 20, 21, 22, 23, 24, 25, 26, 27, 30, 31, 32, 35]",True,3,False,1,1,0.99998856
16324773_gab,20,offensive,1,"['Homosexual', 'African', 'Other', 'Women']","[9, 10, 11, 12, 13, 14, 15]",True,3,False,1,1,0.9999852
15479823_gab,33,hatespeech,1,"['Caucasian', 'Women']","[0, 1, 2, 3, 4, 5, 6, 7, 8, 9, 10, 11, 12, 13, 14, 15, 16, 17, 18, 19, 20, 21, 22, 23, 24, 25]",True,3,False,1,1,0.9984914
14395022_gab,13,offensive,1,"['Homosexual', 'Women']",[12],True,3,False,1,0,0.0050837235
1179043438131417088_twitter,34,normal,0,[],[],False,3,True,0,0,1.15035355e-05
1179095978349154304_twitter,26,normal,0,[],[],False,3,True,0,0,0.00017347862
1178930175112691713_twitter,10,hatespeech,1,['Islam'],"[3, 4]",True,3,False,1,0,0.16806993
22110752_gab,9,hatespeech,1,"['African', 'Women']",[5],True,3,False,1,1,0.999984
1146120134756622336_twitter,15,normal,0,['Other'],[],False,3,True,0,0,0.00021206343
1121937362492194818_twitter,29,offensive,1,['Jewish'],"[0, 1, 3, 4, 5, 6, 7]",True,3,False,1,1,0.9999471
23838441_gab,50,hatespeech,1,"['Homosexual', 'African', 'Hispanic', 'Women']","[3, 4, 5, 6, 7, 8, 9, 10, 11, 13, 14, 15, 16, 17, 18, 19, 20, 21, 22, 23, 24, 25, 26, 27, 28, 29, 30, 31, 32, 33, 34, 35, 36, 37, 38, 39, 40, 41, 42, 43, 44, 45, 46, 47, 48, 49]",True,3,True,1,1,0.99999154
1263614686156558336_twitter,17,hatespeech,1,"['Men', 'Asian', 'Other', 'Women']","[4, 5, 6, 7, 8, 9, 10, 11, 12, 13, 14, 15, 16]",True,3,True,1,0,5.0332532e-05
1178837154916704259_twitter,8,normal,0,[],[],False,3,True,0,0,0.00011019419
13170938_gab,48,offensive,1,"['African', 'Women']","[0, 1, 2, 3]",True,3,False,1,1,0.9999796
22952569_gab,18,normal,0,"['Hispanic', 'African', 'Asian']",[],False,3,True,0,0,0.0037963956
1086739334563270658_twitter,10,normal,0,"['Other', 'Women']",[],False,3,False,0,0,0.085473314
1213958396577304578_twitter,13,offensive,1,['Homosexual'],"[5, 6]",True,3,False,1,0,0.22733223
25969499_gab,37,hatespeech,1,['African'],"[5, 6, 7]",True,3,False,1,1,0.99998236
10785246_gab,49,normal,0,['Other'],[],False,3,True,0,0,0.36448842
1105505120446500865_twitter,13,normal,0,[],[],False,3,True,0,0,0.008124447
15319506_gab,47,hatespeech,1,"['Hispanic', 'Other']","[44, 46]",True,3,False,1,1,0.9999881
1179087612583141376_twitter,34,normal,0,[],[],False,3,True,0,0,0.26340166
1110069233860268032_twitter,19,normal,0,['Other'],[],False,3,False,0,0,0.0013653407
9990225_gab,28,offensive,1,"['African', 'Other']","[8, 9, 10, 11, 12, 21, 22]",True,3,False,1,1,0.9998357
17578395_gab,20,hatespeech,1,"['African', 'Jewish']","[3, 4, 14, 15, 16, 18, 19]",True,3,True,1,1,0.99998474
17693630_gab,21,offensive,1,['Islam'],"[1, 20]",True,3,False,1,1,0.99998736
1186297871890468864_twitter,21,normal,0,"['Homosexual', 'Women']",[],False,3,False,0,1,0.99987626
1178053577207619595_twitter,27,normal,0,[],[],False,3,True,0,0,1.2166634e-05
27013885_gab,25,offensive,1,"['Christian', 'Refugee', 'Other']","[0, 1, 2, 3, 4, 5, 6, 7, 8, 9, 10, 11, 12, 13, 14, 15, 16, 17, 18, 19, 20, 21, 22, 23, 24]",True,3,True,1,1,0.99989665
22080231_gab,41,hatespeech,1,['Asian'],"[35, 39, 40, 12, 20]",True,3,True,1,1,0.99998677
27989825_gab,21,offensive,1,['Women'],"[0, 1, 2, 3, 4, 5, 6, 7, 8, 9, 10, 11, 12]",True,3,True,1,1,0.9994518
1124408781448736768_twitter,7,offensive,1,"['Men', 'Other', 'Women']","[4, 5]",True,3,False,1,1,0.9999664
1205364875859546112_twitter,15,offensive,1,"['Homosexual', 'Women']","[0, 1, 2, 3, 7, 8, 9, 10, 11, 12, 13]",True,3,True,1,1,0.9997104
22353017_gab,38,offensive,1,['Islam'],[],False,3,False,1,1,0.99994576
4304387_gab,38,offensive,1,"['Other', 'Women']","[3, 4, 5, 6, 7, 8, 9, 10, 11, 12, 13, 14, 15, 16, 17, 18, 19, 20, 21, 22, 23, 24, 25, 26, 27, 28, 29, 30, 31, 32, 33, 34, 35, 36, 37]",True,3,False,1,1,0.99984455
2624697_gab,13,offensive,1,"['Homosexual', 'Women']","[8, 9, 10]",True,3,True,1,1,0.99998224
1179105274231246848_twitter,7,normal,0,['African'],[],False,3,False,0,1,0.9999306
15517533_gab,9,offensive,1,['Arab'],[],False,3,False,1,1,0.99998057
13443012_gab,27,offensive,1,"['Caucasian', 'Other', 'Women']","[4, 5, 6, 7, 8, 9, 10, 11, 12, 13, 14, 15, 18, 19, 20, 21, 22, 23, 24, 25, 26]",True,3,False,1,1,0.9997625
24806879_gab,21,offensive,1,"['Homosexual', 'Other']","[2, 3, 4, 5, 13, 14, 15, 16, 17, 18]",True,3,True,1,1,0.99994457
27599318_gab,37,offensive,1,"['Homosexual', 'Islam']","[0, 1, 2, 3, 4, 5, 6, 7, 8, 9, 10, 11, 12, 13, 14, 15, 16, 17, 18, 19, 20, 21, 22, 23, 24, 25, 26, 27, 28, 29, 30, 31, 32, 33, 34, 35, 36]",True,3,False,1,0,0.078731805
1179094068741201922_twitter,42,normal,0,[],[],False,3,True,0,0,7.1612358e-06
1160643688306900992_twitter,18,normal,0,[],[],False,3,True,0,0,0.00042964888
3972671_gab,50,offensive,1,"['Arab', 'Islam', 'Refugee']","[14, 15, 16, 17, 18, 19, 20, 21, 22, 23, 24, 25, 26, 27, 28, 29, 30, 31, 32, 33, 34, 35, 36, 37, 38, 39, 40, 41, 42, 43, 44, 45, 46, 47, 48, 49]",True,3,False,1,1,0.99959487
21005725_gab,6,hatespeech,1,"['Other', 'Women']","[3, 4, 5]",True,3,False,1,0,0.0001460999
1179075228430790656_twitter,37,normal,0,[],[],False,3,True,0,0,6.8495087e-06
5661795_gab,34,hatespeech,1,['Islam'],"[6, 7, 8, 9, 10]",True,3,False,1,1,0.9999894
22834161_gab,51,offensive,1,"['Hispanic', 'Other']","[32, 33, 8, 9, 10, 27, 28, 29]",True,3,False,1,1,0.99988544
1256082039142563840_twitter,23,hatespeech,1,"['Caucasian', 'Other']","[2, 3, 4, 5, 6, 7, 8, 15, 16, 17, 18, 19, 20, 21, 22]",True,3,False,1,0,5.7373043e-05
12410971_gab,39,offensive,1,"['Jewish', 'Other']","[4, 5, 6, 7, 8, 9, 10, 11, 12, 13, 14, 15, 16, 17, 18, 19, 20, 21, 22, 23, 24, 25, 26, 27, 28, 29, 30, 31, 32, 33, 34, 35, 36, 37, 38]",True,3,False,1,1,0.99993324
19923095_gab,23,normal,0,"['Caucasian', 'Men', 'Women']",[],False,3,False,0,0,0.044065118
1179015709302542337_twitter,43,normal,0,[],[],False,3,True,0,0,3.1436997e-05
1179019731698884608_twitter,24,normal,0,[],[],False,3,True,0,0,1.1432381e-05
1193959291838971907_twitter,13,normal,0,"['Homosexual', 'Men', 'Heterosexual']",[],False,3,True,0,0,5.8001926e-05
1165431998027976705_twitter,16,offensive,1,['Women'],"[1, 11, 7]",True,3,False,1,1,0.99995995
22102612_gab,45,offensive,1,"['Homosexual', 'Men', 'Jewish']","[7, 8, 9, 10, 11, 12, 13, 14, 15, 16, 17, 18, 19, 20, 21, 22, 23, 24, 25, 26, 27, 28, 29, 30, 31, 32, 33, 34, 35, 36, 37, 38, 39, 40, 41, 42]",True,3,False,1,1,0.99995387
1171149509637881856_twitter,14,normal,0,[],[],False,3,True,0,0,0.2056118
23233554_gab,19,normal,0,['Women'],[],False,3,False,0,0,1.18220605e-05
23895200_gab,19,hatespeech,1,"['Jewish', 'Caucasian', 'African', 'Women', 'Other']","[16, 17, 18, 15]",True,3,True,1,1,0.9999846
11138092_gab,17,hatespeech,1,"['Caucasian', 'Refugee']","[0, 1, 2, 3, 4, 5, 6, 7, 8, 9]",True,3,False,1,0,0.00011026723
1177919602841571328_twitter,6,normal,0,"['African', 'Women']",[],False,3,True,0,0,2.6103344e-05
1099780793050771459_twitter,14,hatespeech,1,"['Hispanic', 'Men', 'Refugee', 'Women']","[1, 2, 3, 4, 5, 6, 7, 8, 9, 10, 11, 12, 13]",True,3,False,1,1,0.9999883
13822268_gab,20,offensive,1,['Men'],"[9, 10]",True,3,True,1,1,0.99986506
1195515140143058944_twitter,23,normal,0,[],[],False,3,True,0,0,1.7035856e-05
1178650245523218432_twitter,16,normal,0,['Disability'],[],False,3,False,0,1,0.9985159
1178746473988657154_twitter,7,offensive,1,['African'],"[1, 4]",True,3,False,1,1,0.9999552
22503266_gab,11,hatespeech,1,"['Homosexual', 'Women']","[4, 5, 6, 7, 9, 10]",True,3,True,1,1,0.9999856
21403525_gab,44,offensive,1,"['Islam', 'Men', 'Refugee', 'Women', 'Arab']",[],False,3,False,1,1,0.99847883
1113570611845058561_twitter,6,normal,0,"['Men', 'African', 'Other', 'Women']",[],False,3,False,0,0,8.889627e-05
1179098082635583489_twitter,13,offensive,1,"['Caucasian', 'Other', 'Women']","[4, 5, 6, 10, 11, 12]",True,3,False,1,1,0.9999907
1179100563687886848_twitter,14,normal,0,[],[],False,3,True,0,0,0.011966781
20496329_gab,20,hatespeech,1,['African'],"[2, 5, 12, 13, 14, 15, 16, 17, 18, 19]",True,3,True,1,1,0.972033
27593057_gab,30,normal,0,"['Other', 'Women']",[],False,3,True,0,0,0.00045829106
3728815_gab,22,hatespeech,1,"['African', 'Islam', 'Men']","[6, 7, 8, 9, 10, 12, 13, 14, 15, 16, 17, 18, 19, 20, 21]",True,3,False,1,1,0.999936
1178907480853630977_twitter,8,offensive,1,['Women'],"[6, 7]",True,3,True,1,1,0.99992347
1178782608014106631_twitter,11,normal,0,"['Caucasian', 'African']",[],False,3,False,0,1,0.9999107
1179076712824557574_twitter,46,normal,0,[],[],False,3,True,0,0,7.823031e-06
1170740787312766976_twitter,6,offensive,1,['Women'],"[0, 1, 2, 5]",True,3,True,1,1,0.9999552
1082831291819745281_twitter,6,offensive,1,['Jewish'],[],False,3,False,1,1,0.99997485
1237970711488036864_twitter,7,normal,0,['Asian'],[],False,3,True,0,0,3.6824247e-05
3588894_gab,37,normal,0,['Women'],[],False,3,False,0,0,1.7933324e-05
1179085970588815360_twitter,31,offensive,1,"['Homosexual', 'Men', 'Women']","[24, 30]",True,3,False,1,1,0.9975858
11239767_gab,14,normal,0,[],[],False,3,True,0,1,0.9996049
1178132546787450881_twitter,3,normal,0,[],[],False,3,True,0,0,0.0006163553
1083113182632312832_twitter,21,offensive,1,['Refugee'],"[16, 17, 14, 15]",True,3,True,1,0,1.813658e-05
1178818068497207298_twitter,42,normal,0,[],[],False,3,True,0,1,0.98526025
1095096665667600384_twitter,20,normal,0,"['Islam', 'Christian']",[],False,3,True,0,0,3.3686367e-05
1165449937028636673_twitter,17,normal,0,[],[],False,3,True,0,1,0.99997294
1139106256008953856_twitter,14,normal,0,['Women'],[],False,3,False,0,1,0.85716426
1174860386538909697_twitter,10,normal,0,[],[],False,3,True,0,0,2.5818954e-05
21555615_gab,27,hatespeech,1,['Hispanic'],[8],True,3,False,1,1,0.9999893
4923728_gab,48,normal,0,['African'],[],False,3,False,0,1,0.9692384
11291972_gab,16,normal,0,['Refugee'],[],False,3,False,0,1,0.68606937
11223593_gab,51,normal,0,['Caucasian'],[],False,3,False,0,0,0.00013556409
5001577_gab,10,offensive,1,"['Indigenous', 'Other']",[],False,3,False,1,1,0.638889
12518134_gab,16,hatespeech,1,"['Nonreligious', 'Jewish', 'Women']","[4, 13, 14]",True,3,True,1,1,0.99998486
1178697435033587712_twitter,24,normal,0,"['Caucasian', 'African']",[],False,3,True,0,1,0.96997595
27150234_gab,17,hatespeech,1,"['Jewish', 'Other']","[2, 3, 4]",True,3,False,1,1,0.999984
9537035_gab,13,offensive,1,"['Arab', 'Islam', 'Men', 'Women']","[1, 2, 3, 4, 5, 6, 7, 8, 9, 10, 11, 12]",True,3,True,1,1,0.9999815
14007631_gab,9,offensive,1,['Other'],"[8, 3]",True,3,True,1,1,0.961699
1179081046790328322_twitter,18,normal,0,[],[],False,3,True,0,0,2.4196368e-05
1178934909823418371_twitter,12,normal,0,[],[],False,3,True,0,0,9.548889e-06
21687282_gab,11,offensive,1,"['Other', 'Women']","[1, 2, 3, 4, 10]",True,3,True,1,1,0.9999838
11070324_gab,23,offensive,1,['African'],"[0, 1, 4, 5]",True,3,False,1,0,2.2852828e-05
15613204_gab,10,offensive,1,"['Men', 'Jewish', 'Women']","[0, 1, 2, 3, 4, 5, 6, 7, 8, 9]",True,3,False,1,1,0.98453313
1084543381546696704_twitter,21,normal,0,['African'],[],False,3,True,0,1,0.9999491
1178856832074424325_twitter,10,offensive,1,"['Men', 'Women']","[4, 5]",True,3,True,1,1,0.97441405
1179104575095218179_twitter,18,offensive,1,['Homosexual'],"[6, 7]",True,3,True,1,1,0.99995875
1178755833359994893_twitter,5,offensive,1,"['Disability', 'Caucasian']","[0, 1, 2, 3, 4]",True,3,True,1,1,0.9948836
1178435020496789505_twitter,52,normal,0,['Caucasian'],[],False,3,True,0,1,0.99998844
21560693_gab,43,offensive,1,['Jewish'],"[41, 42, 36]",True,3,True,1,1,0.9999912
9982674_gab,51,hatespeech,1,"['Arab', 'Islam', 'Refugee']","[32, 33, 34, 27, 28, 29, 30, 31]",True,3,False,1,1,0.999897
1142551247595147265_twitter,6,offensive,1,['Women'],"[1, 2, 3, 4, 5]",True,3,False,1,1,0.9999888
15422964_gab,11,normal,0,[],[],False,3,False,0,1,0.9999901
1178807638085099520_twitter,38,normal,0,[],[],False,3,True,0,0,5.492079e-05
1179094143907311617_twitter,16,normal,0,[],[],False,3,True,0,0,1.4304808e-05
13922902_gab,47,offensive,1,"['Heterosexual', 'Women']","[32, 33, 34, 35, 36, 37]",True,3,False,1,0,0.020488948
1729915_gab,16,offensive,1,['Other'],"[2, 3, 4, 5]",True,3,False,1,1,0.8321197
27021209_gab,7,offensive,1,"['Homosexual', 'Other']","[0, 1, 2, 3, 4, 5, 6]",True,3,False,1,1,0.99998474
1180638015129038853_twitter,22,offensive,1,[],"[10, 11, 12]",True,3,False,1,1,0.9448213
11580271_gab,41,normal,0,['Islam'],[],False,3,False,0,0,1.4177295e-05
15297898_gab,19,hatespeech,1,"['Arab', 'Islam']","[2, 3, 12, 13, 14, 15, 16, 17, 18]",True,3,True,1,1,0.9999443
1092216453867159553_twitter,12,offensive,1,['Women'],"[0, 1]",True,3,False,1,1,0.99996626
1188807969871409153_twitter,28,offensive,1,['Other'],"[10, 20, 21, 22, 23, 27]",True,3,False,1,0,0.0005402698
10585306_gab,8,normal,0,['Caucasian'],[],False,3,False,0,0,0.00020983886
14519168_gab,23,offensive,1,['Islam'],"[17, 18, 19, 20, 21, 22]",True,3,False,1,1,0.999987
12588713_gab,28,normal,0,['Women'],[],False,3,False,0,0,0.00037282155
21943672_gab,10,normal,0,"['Islam', 'Refugee']",[],False,3,False,0,0,0.00031832472
25085831_gab,18,hatespeech,1,"['Nonreligious', 'Men', 'African', 'Heterosexual', 'Minority', 'Indigenous']","[4, 5, 6, 13, 14, 15, 16, 17]",True,3,True,1,1,0.9999645
1178362173258715137_twitter,36,normal,0,[],[],False,3,False,0,1,0.9999795
1178891054164185089_twitter,41,normal,0,[],[],False,3,True,0,0,1.3320151e-05
26241973_gab,42,offensive,1,"['Arab', 'Islam', 'Men', 'Women']","[24, 25, 26, 27, 28]",True,3,True,1,1,0.9990496
20147416_gab,6,offensive,1,"['Christian', 'Other']","[0, 1, 2, 3, 4, 5]",True,3,False,1,1,0.9999894
1084758654228881408_twitter,23,offensive,1,['Refugee'],"[7, 8, 16, 17, 18, 19, 20, 21, 22]",True,3,False,1,0,0.00047227426
7279954_gab,22,hatespeech,1,"['Indian', 'Islam']","[20, 21, 7]",True,3,False,1,1,0.999928
1204525535495368704_twitter,20,offensive,1,['Jewish'],[],False,3,False,1,1,0.68629724
21637297_gab,20,hatespeech,1,['Homosexual'],"[16, 1, 2, 3]",True,3,True,1,1,0.9999876
1096914925816070145_twitter,10,offensive,1,['Refugee'],"[8, 1, 2, 9]",True,3,True,1,1,0.7430787
13744455_gab,18,offensive,1,"['Homosexual', 'Men', 'Women']",[],False,3,False,1,1,0.99993384
14515332_gab,27,offensive,1,"['Hispanic', 'Jewish', 'Caucasian', 'African', 'Asian', 'Arab']","[6, 7, 8, 9, 10, 11, 12, 13, 14, 15, 16, 17, 18, 19, 20, 21, 22, 23, 24, 25, 26]",True,3,False,1,0,1.2423457e-05
1168919462076178432_twitter,18,normal,0,['Islam'],[],False,3,False,0,1,0.5969687
10047451_gab,29,offensive,1,[],"[9, 13, 14, 15, 17]",True,3,False,1,0,3.7038448e-05
1178829526970830848_twitter,21,offensive,1,['Other'],[7],True,3,False,1,1,0.9999044
19954915_gab,47,normal,0,"['Caucasian', 'African', 'Men', 'Women']",[],False,3,False,0,0,0.30256554
22639477_gab,38,normal,0,[],[],False,3,False,0,0,1.2822581e-05
17490770_gab,30,offensive,1,"['Hispanic', 'Jewish', 'Other']",[],False,3,False,1,1,0.9996184
1180870622861127681_twitter,15,normal,0,[],[],False,3,True,0,0,1.8748102e-05
1181358353290678273_twitter,9,offensive,1,['Women'],[2],True,3,True,1,1,0.9964567
1114166509176098816_twitter,17,normal,0,['Other'],[],False,3,False,0,0,5.814104e-05
27988856_gab,44,hatespeech,1,"['Arab', 'Islam']","[0, 1, 2, 3, 4, 5, 6, 7, 8, 9, 10, 11, 12, 13, 14, 15, 16, 17, 18, 19, 20, 21, 22, 23, 24, 25, 26, 27, 28, 29, 30, 31, 32, 33, 34, 35, 36, 37, 38, 39, 40, 41, 42, 43]",True,3,True,1,1,0.99998474
1178398776916086784_twitter,8,normal,0,[],[],False,3,True,0,1,0.8063095
25779812_gab,26,offensive,1,['Women'],"[1, 11, 12, 13, 14, 15, 16, 17, 18, 19, 20, 21, 22, 23, 24, 25]",True,3,False,1,0,0.00050905976
24648663_gab,40,normal,0,['Other'],[],False,3,True,0,0,2.5289108e-05
1178662707047931904_twitter,11,offensive,1,"['Caucasian', 'Other']","[8, 9, 10]",True,3,False,1,1,0.99641633
22660256_gab,9,hatespeech,1,"['Homosexual', 'Men']","[0, 1, 4, 5, 6]",True,3,False,1,1,0.9999827
10527563_gab,19,offensive,1,"['Other', 'Women']","[12, 13, 14]",True,3,False,1,1,0.9999851
16095641_gab,18,hatespeech,1,['Refugee'],[],False,3,False,1,1,0.99998
1080891149424836609_twitter,17,normal,0,"['African', 'Women']",[],False,3,True,0,1,0.99925953
1188532198607085576_twitter,9,normal,0,[],[],False,3,True,0,0,0.00012871002
1178094223444324352_twitter,5,hatespeech,1,"['Homosexual', 'Men', 'Women']","[3, 4]",True,3,False,1,1,0.9999893
15209007_gab,5,offensive,1,['Homosexual'],[1],True,3,False,1,1,0.9992086
1179086941037453314_twitter,10,normal,0,"['Caucasian', 'Christian']",[],False,3,True,0,0,0.00018533139
1179101213989601280_twitter,33,normal,0,[],[],False,3,True,0,0,6.916008e-05
13462165_gab,30,normal,0,['Other'],[],False,3,True,0,0,7.380604e-05
1185540112148566016_twitter,13,normal,0,[],[],False,3,False,0,1,0.82480925
22817338_gab,49,offensive,1,['Women'],"[32, 33, 34, 35, 36, 7, 26, 27, 28, 29, 30, 31]",True,3,False,1,0,0.108988754
25580645_gab,11,hatespeech,1,['Jewish'],"[2, 10]",True,3,True,1,1,0.999987
9512557_gab,48,offensive,1,"['Islam', 'Refugee']","[0, 1, 2, 3, 4, 5, 6, 7, 8, 9, 10, 11, 12, 13, 14, 15, 16, 17, 18, 19, 20, 21, 22, 23, 24, 25, 26, 27, 28, 29, 30, 31, 32, 33, 34, 35, 36, 37, 38, 39, 40, 41, 42, 43, 44, 45, 46, 47]",True,3,False,1,1,0.9998776
16436843_gab,40,offensive,1,['Islam'],[1],True,3,False,1,1,0.9994634
2338901_gab,11,offensive,1,"['African', 'Asian']",[],False,3,False,1,1,0.99998844
19813547_gab,47,offensive,1,['Jewish'],"[38, 2, 30]",True,3,False,1,1,0.99998116
16074519_gab,23,hatespeech,1,['Jewish'],"[4, 13, 14, 15, 16]",True,3,True,1,1,0.9999871
11413291_gab,29,normal,0,"['Men', 'African', 'Women']",[],False,3,False,0,0,0.022864036
1178816845987467264_twitter,23,normal,0,"['Homosexual', 'Caucasian']",[],False,3,False,0,0,4.5648096e-05
1105115549284159490_twitter,11,normal,0,['Homosexual'],[],False,3,False,0,0,0.00078711676
17046888_gab,43,normal,0,['Refugee'],[],False,3,True,0,0,0.00028293955
26813880_gab,19,offensive,1,"['Refugee', 'Other']","[0, 1, 2, 3, 4, 5, 6, 7, 8, 9, 10, 11, 12, 13, 14, 15, 16, 17, 18]",True,3,True,1,1,0.9999201
1189017181763166208_twitter,7,hatespeech,1,['Other'],"[3, 4]",True,3,False,1,0,0.054424465
16487965_gab,32,normal,0,"['African', 'Other']",[],False,3,True,0,1,0.99997556
1179104137444593665_twitter,9,normal,0,[],[],False,3,True,0,0,0.0010922223
17519362_gab,12,hatespeech,1,"['Caucasian', 'African', 'Jewish', 'Women']","[0, 1, 2, 11]",True,3,True,1,1,0.99998486
26520682_gab,28,offensive,1,['Refugee'],"[0, 1, 2, 3, 4, 5, 6, 7, 8, 9, 10, 11, 12, 13, 14, 15, 16, 17, 18, 19, 20, 21, 22, 23, 24, 25, 26]",True,3,False,1,1,0.99997425
20224785_gab,41,normal,0,"['Homosexual', 'Christian']",[],False,3,False,0,1,0.99989057
1142637105014816769_twitter,6,offensive,1,['Women'],"[0, 1, 2, 3, 4, 5]",True,3,True,1,1,0.99992824
1178400193424842752_twitter,46,normal,0,[],[],False,3,True,0,1,0.9999907
1192859093276545029_twitter,19,offensive,1,"['Hispanic', 'Caucasian']","[8, 18, 6, 7]",True,3,False,1,0,1.0235011e-05
15062922_gab,14,hatespeech,1,['African'],"[1, 2]",True,3,True,1,1,0.99998
19456053_gab,24,hatespeech,1,"['African', 'Islam']","[8, 9, 10, 11, 12]",True,3,False,1,1,0.9999807
1178871534632325120_twitter,5,offensive,1,"['Homosexual', 'Men']",[4],True,3,False,1,1,0.9999629
22245955_gab,51,offensive,1,"['Arab', 'Other']","[1, 2, 3, 4, 5, 6, 7, 8, 9, 10, 11, 12, 13, 14, 15, 16, 17, 18, 19, 20, 21, 22, 23, 24, 25, 26, 27, 28, 29, 30, 31, 32, 33, 34, 35, 36, 37, 38, 39, 40]",True,3,False,1,1,0.9999833
16333911_gab,8,hatespeech,1,['African'],"[6, 7]",True,3,True,1,1,0.9999808
22430338_gab,44,hatespeech,1,"['Arab', 'African', 'Islam']","[15, 16, 19, 20, 21, 22, 23, 24, 25, 26, 27]",True,3,True,1,1,0.9999858
17958826_gab,45,hatespeech,1,['African'],"[25, 26, 27, 28, 29, 30, 31, 32, 33, 34, 35, 36, 37, 38, 39, 40, 41, 42, 43, 44]",True,3,True,1,1,0.9999707
21849624_gab,15,hatespeech,1,['African'],[5],True,3,False,1,1,0.99975556
17574897_gab,8,hatespeech,1,['Caucasian'],"[0, 1, 2, 3, 4, 5, 6, 7]",True,3,False,1,1,0.7520358
21645764_gab,36,hatespeech,1,"['African', 'Other']","[3, 4, 5, 6, 7, 16, 17]",True,3,False,1,1,0.99996793
25745607_gab,32,hatespeech,1,"['Arab', 'Islam']","[0, 1, 2, 3, 4, 5, 6, 7, 8, 9, 10, 11, 12, 13, 14, 15, 16, 17, 18, 19, 20, 21, 22, 23, 24, 25, 26, 27, 28, 29, 30, 31]",True,3,False,1,1,0.99994326
12193495_gab,49,normal,0,['Islam'],[],False,3,True,0,0,0.00010575208
18018864_gab,13,normal,0,"['Arab', 'Islam', 'African', 'Refugee']",[],False,3,False,0,1,0.9998982
14903031_gab,43,hatespeech,1,['African'],"[13, 14]",True,3,False,1,1,0.99996555
1116783645820379138_twitter,12,normal,0,['Jewish'],[],False,3,True,0,1,0.52204126
5328590_gab,47,hatespeech,1,"['Arab', 'Islam']",[8],True,3,False,1,1,0.99998426
1142429386295169024_twitter,6,offensive,1,"['Men', 'Women']","[4, 5]",True,3,True,1,1,0.9999876
1177715933386870785_twitter,15,hatespeech,1,"['Arab', 'Islam']","[1, 2, 6, 7, 8, 9, 10, 11, 12]",True,3,True,1,1,0.9999727
1178730504490819584_twitter,23,normal,0,['Homosexual'],[],False,3,True,0,0,1.256683e-05
1179015605917237248_twitter,8,hatespeech,1,['African'],[4],True,3,True,1,1,0.99972147
1184136970651332608_twitter,25,normal,0,['Women'],[],False,3,True,0,0,5.105968e-05
1163196987635728384_twitter,6,normal,0,[],[],False,3,True,0,0,0.068012536
1178760780587716608_twitter,47,normal,0,[],[],False,3,True,0,0,0.40619138
6780068_gab,26,hatespeech,1,"['Islam', 'Jewish', 'Other']","[4, 5, 6, 7, 18]",True,3,True,1,1,0.9999895
1178806607024705536_twitter,43,normal,0,[],[],False,3,True,0,0,2.4097395e-05
1179065075539292160_twitter,25,hatespeech,1,"['Homosexual', 'Women']","[19, 4, 20]",True,3,False,1,1,0.99998677
1179053462463635456_twitter,18,normal,0,['African'],[],False,3,False,0,1,0.99758387
14489925_gab,18,hatespeech,1,['Jewish'],"[4, 6, 7, 8, 9, 10, 11, 12, 13, 14, 15, 16]",True,3,False,1,1,0.9999633
11658965_gab,40,hatespeech,1,['Jewish'],"[36, 37, 10, 11, 12, 13, 14, 15]",True,3,True,1,1,0.99998784
1178817901119365121_twitter,11,normal,0,[],[],False,3,True,0,0,0.00033042696
5836621_gab,45,normal,0,"['Men', 'Women']",[],False,3,False,0,0,2.1916632e-05
1178864074928480256_twitter,10,normal,0,[],[],False,3,True,0,0,0.03337586
15435117_gab,43,hatespeech,1,['African'],"[10, 11, 12, 13, 14, 15, 16, 17]",True,3,False,1,1,0.9999684
1178995222862340097_twitter,45,normal,0,[],[],False,3,True,0,1,0.9981178
1179077962672459776_twitter,40,normal,0,[],[],False,3,True,0,0,2.009461e-05
1927923_gab,19,hatespeech,1,"['African', 'Women']","[12, 13, 14, 15]",True,3,True,1,1,0.9999833
21113479_gab,5,hatespeech,1,"['Islam', 'Hindu']","[0, 1, 2]",True,3,True,1,1,0.9999895
1237057972246724614_twitter,15,offensive,1,['Jewish'],"[4, 5, 6, 7, 8, 9, 10, 11]",True,3,False,1,1,0.9998716
19567773_gab,25,offensive,1,['African'],"[11, 12, 13, 14]",True,3,False,1,1,0.99996746
1167356734735675392_twitter,4,offensive,1,['Women'],[2],True,3,False,1,1,0.97930145
1096147842136240128_twitter,11,offensive,1,['Women'],[4],True,3,False,1,0,0.005353829
6900981_gab,43,hatespeech,1,['Jewish'],"[0, 1, 2, 3, 4, 5, 6, 7, 8, 9, 10, 11, 12, 13, 14, 15, 16, 17, 18, 19, 20, 21, 22, 23, 24, 37]",True,3,True,1,1,0.9999845
18653570_gab,34,offensive,1,['Homosexual'],"[32, 33, 23, 24, 25, 26]",True,3,False,1,0,0.4683813
1112706085926912000_twitter,18,normal,0,"['Islam', 'Homosexual', 'African', 'Refugee', 'Women']",[],False,3,True,0,0,1.4279033e-05
1176869964583723009_twitter,16,offensive,1,"['Homosexual', 'Other']","[1, 3]",True,3,False,1,1,0.9997861
1179060420558147592_twitter,44,normal,0,['Jewish'],[],False,3,False,0,0,1.3412361e-05
27440192_gab,16,offensive,1,['African'],[8],True,3,False,1,1,0.9999839
21228524_gab,37,hatespeech,1,"['Men', 'Caucasian', 'African', 'Women', 'Minority']","[21, 22, 23, 24, 25, 26, 27, 28, 29, 30, 31]",True,3,False,1,1,0.99995613
1091106800408190976_twitter,21,offensive,1,['Jewish'],"[1, 12, 18, 19, 20]",True,3,True,1,1,0.99991024
1185284570075336706_twitter,26,normal,0,['Other'],[],False,3,False,0,0,2.2096676e-05
1178434892910215173_twitter,31,normal,0,['Caucasian'],[],False,3,True,0,0,5.5820907e-05
1178401026308636672_twitter,20,hatespeech,1,"['Homosexual', 'African', 'Jewish']","[4, 5, 6, 7, 8, 9, 10, 11, 12, 13, 14, 15, 16, 17, 18, 19]",True,3,False,1,0,2.0819132e-05
1104779161930006530_twitter,12,offensive,1,"['Hispanic', 'Refugee']","[3, 4]",True,3,False,1,1,0.9995907
1109500157232480256_twitter,26,hatespeech,1,"['Caucasian', 'African']","[24, 25, 13]",True,3,False,1,0,0.00013429817
1165614227949838337_twitter,13,normal,0,['Refugee'],[],False,3,False,0,0,1.6813543e-05
10076944_gab,25,offensive,1,"['Jewish', 'Men', 'African', 'Women', 'Other']","[17, 20, 21]",True,3,True,1,0,0.014469066
27789536_gab,17,hatespeech,1,['Islam'],[15],True,3,False,1,1,0.99998355
1233848625022763010_twitter,7,offensive,1,[],"[5, 6]",True,3,False,1,1,0.9999739
1178510797888204801_twitter,15,normal,0,"['Men', 'Minority', 'African']",[],False,3,False,0,1,0.9999769
1252689061090938880_twitter,9,offensive,1,['Refugee'],"[8, 6, 7]",True,3,False,1,1,0.6257205
22440512_gab,51,offensive,1,"['Hispanic', 'Jewish']","[38, 44, 47, 48, 49, 50]",True,3,False,1,1,0.99998367
1178702199439990785_twitter,22,hatespeech,1,['Arab'],"[14, 15, 16, 17, 18]",True,3,True,1,1,0.99998343
1178831184966684673_twitter,10,offensive,1,['Asian'],"[3, 4]",True,3,False,1,1,0.99965477
18126591_gab,40,offensive,1,"['Islam', 'Homosexual', 'Men', 'Refugee', 'Heterosexual', 'Women', 'Arab']","[19, 20]",True,3,False,1,1,0.9996105
23886817_gab,26,hatespeech,1,"['African', 'Arab']","[9, 10, 11, 12, 22, 23, 24, 25]",True,3,True,1,1,0.999985
17179582_gab,37,hatespeech,1,['Jewish'],[13],True,3,True,1,1,0.99997985
1178747576704741376_twitter,40,normal,0,[],[],False,3,True,0,0,8.749299e-06
20773435_gab,21,hatespeech,1,['Jewish'],"[2, 3, 4, 5, 6, 7, 8, 9, 10, 15, 16]",True,3,False,1,1,0.99998546
20555532_gab,47,normal,0,[],[],False,3,False,0,1,0.99998784
1178345056584916994_twitter,16,offensive,1,"['Homosexual', 'African']","[4, 7]",True,3,True,1,0,0.00026632473
1177216103896035328_twitter,15,offensive,1,"['Caucasian', 'Homosexual', 'African', 'Women']",[6],True,3,False,1,1,0.99995446
22618732_gab,22,hatespeech,1,"['Homosexual', 'Women']","[2, 3, 4]",True,3,False,1,1,0.9999901
1106418508915716096_twitter,19,normal,0,"['Men', 'Women']",[],False,3,True,0,0,1.33348185e-05
10806236_gab,46,hatespeech,1,"['African', 'Jewish', 'Women']","[32, 35, 36, 37, 38, 28, 29, 30, 31]",True,3,False,1,1,0.9999901
27178626_gab,20,offensive,1,"['African', 'Refugee']","[4, 5, 8, 9, 10, 11, 12, 13, 14, 15, 16, 17, 18, 19]",True,3,False,1,1,0.9999881
27296852_gab,48,hatespeech,1,"['African', 'Other']","[8, 9, 10, 11, 12, 13, 14, 15, 16, 17, 18, 19, 20, 21, 22, 23, 24, 25, 26, 27, 28, 29, 30, 31, 32, 33, 34, 35, 36, 37, 38, 39, 40, 41, 42, 43, 44, 45]",True,3,False,1,1,0.9687121
1179105451713056768_twitter,29,normal,0,[],[],False,3,True,0,0,3.260032e-05
1091155055909064704_twitter,10,normal,0,[],[],False,3,True,0,1,0.99888414
1179098103284211712_twitter,17,normal,0,"['Homosexual', 'Women']",[],False,3,False,0,1,0.99865484
21276945_gab,11,normal,0,"['Jewish', 'Other']",[],False,3,False,0,1,0.85807586
1179091452543942658_twitter,10,normal,0,['Women'],[],False,3,True,0,0,0.0033367085
1115717688624668674_twitter,6,offensive,1,['Other'],"[4, 5]",True,3,True,1,1,0.99996376
13375491_gab,6,hatespeech,1,['Jewish'],"[3, 4]",True,3,True,1,1,0.9999839
17668590_gab,25,offensive,1,"['African', 'Other', 'Women']",[21],True,3,True,1,1,0.9999528
10057789_gab,19,offensive,1,"['Homosexual', 'Islam']","[11, 13, 14, 15]",True,3,False,1,0,4.244703e-05
18418884_gab,40,normal,0,"['African', 'Refugee']",[],False,3,True,0,1,0.9135679
14477029_gab,33,hatespeech,1,"['Islam', 'Jewish']",[2],True,3,True,1,1,0.9999684
21162388_gab,6,offensive,1,"['Homosexual', 'African', 'Islam', 'Other']","[4, 5]",True,3,True,1,1,0.98933524
1163342806783365121_twitter,8,normal,0,['Women'],[],False,3,False,0,1,0.9999653
1179011958823178240_twitter,4,normal,0,[],[],False,3,True,0,1,0.998106
1105927818184056832_twitter,17,offensive,1,['Homosexual'],"[1, 2, 7]",True,3,False,1,1,0.9999627
27063457_gab,37,hatespeech,1,"['Caucasian', 'Islam', 'Women']","[36, 7, 8, 9, 10, 11]",True,3,False,1,1,0.99965656
2985716_gab,50,offensive,1,"['Refugee', 'Other']","[2, 3, 4, 5, 6, 7, 8, 9, 10, 11, 12, 13, 14, 15, 16, 17, 18, 19, 20, 21, 22, 23, 24, 25, 26, 27, 28, 34, 35, 36, 37, 38, 39, 40, 41, 42, 43, 44, 45, 46, 47, 48]",True,3,False,1,0,9.773181e-05
1088160612235046913_twitter,5,offensive,1,['Women'],"[0, 4]",True,3,True,1,1,0.99998975
10924439_gab,17,offensive,1,['Islam'],"[2, 3, 4, 5, 6, 7, 8, 9, 10]",True,3,False,1,1,0.9999887
19474727_gab,5,hatespeech,1,"['African', 'Women']","[0, 1, 2, 4]",True,3,True,1,1,0.99998045
27476858_gab,43,offensive,1,['Jewish'],"[0, 1, 2, 3, 4, 5, 6, 7, 8, 9, 10, 11, 12, 13, 14, 15, 16, 17, 18, 19, 20, 21, 22, 23, 24, 25, 26, 27, 28, 29, 30, 31, 32, 33, 34, 35, 36, 37, 38, 39, 40, 41, 42]",True,3,False,1,1,0.95949155
5362527_gab,42,offensive,1,"['Islam', 'Other']","[40, 26]",True,3,True,1,1,0.9999864
1248426364782276608_twitter,10,normal,0,['Homosexual'],[],False,3,True,0,0,0.08464096
19533112_gab,48,hatespeech,1,"['Islam', 'African', 'Arab', 'Caucasian']",[],False,3,False,1,1,0.9999877
16827400_gab,18,offensive,1,"['Asian', 'Other']",[],False,3,False,1,1,0.99998033
21453585_gab,20,hatespeech,1,['African'],"[11, 12, 13, 14, 15, 16, 17, 18, 19]",True,3,True,1,1,0.9999702
14405099_gab,19,hatespeech,1,['African'],"[13, 14, 15, 16, 17, 18]",True,3,False,1,0,0.12843038
16610584_gab,39,offensive,1,"['Caucasian', 'Jewish']","[15, 16, 17, 18, 19, 20, 21, 22, 23]",True,3,False,1,0,1.8148745e-05
1185426001909747712_twitter,12,normal,0,[],[],False,3,True,0,0,2.4002718e-05
1115999348758859779_twitter,14,normal,0,[],[],False,3,True,0,0,6.141683e-05
1118164544919093249_twitter,9,normal,0,[],[],False,3,True,0,0,0.0007346002
1096954201245020161_twitter,14,normal,0,"['Caucasian', 'Men', 'Refugee', 'Women']",[],False,3,False,0,0,1.3665955e-05
18151553_gab,8,offensive,1,['Homosexual'],[7],True,3,True,1,1,0.99998176
18646532_gab,11,hatespeech,1,['Homosexual'],"[0, 1, 2, 3, 4, 5, 6]",True,3,False,1,1,0.73716503
18496569_gab,37,hatespeech,1,['Islam'],[],False,3,False,1,0,5.8660753e-05
1191534008183775232_twitter,23,normal,0,[],[],False,3,False,0,1,0.7489867
1249362332104474628_twitter,6,offensive,1,['Women'],"[1, 5]",True,3,False,1,1,0.99887675
9692007_gab,23,hatespeech,1,"['African', 'Arab', 'Jewish']","[0, 1, 2, 3, 4, 5, 6, 7, 8, 9, 10, 11, 12, 13, 14, 15, 16, 17, 18, 19, 20, 21, 22]",True,3,False,1,1,0.999985
16866274_gab,11,hatespeech,1,"['Homosexual', 'African', 'Nonreligious']","[1, 2, 9]",True,3,True,1,1,0.99998546
13032224_gab,5,hatespeech,1,"['Arab', 'Islam']","[0, 1, 2, 3, 4]",True,3,False,1,1,0.9999856
1179104411408375820_twitter,11,normal,0,[],[],False,3,True,0,0,0.008617323
21739892_gab,30,hatespeech,1,['Islam'],"[26, 27]",True,3,False,1,0,8.388717e-05
18969876_gab,36,hatespeech,1,['Jewish'],"[33, 34, 35, 12]",True,3,False,1,1,0.99996984
6615207_gab,31,normal,0,"['Men', 'Women']",[],False,3,False,0,0,9.94668e-06
25451740_gab,47,hatespeech,1,"['Homosexual', 'Islam', 'Jewish']","[6, 7, 8, 9, 10, 11, 12, 13, 16, 17, 18, 19, 20, 21, 22, 23, 24, 25, 34, 41, 42]",True,3,False,1,1,0.9999918
7528097_gab,8,offensive,1,['Homosexual'],[7],True,3,True,1,1,0.9993299
1218350038411284481_twitter,13,offensive,1,['African'],"[0, 1, 2, 3, 4, 5, 6, 7, 8, 9, 10, 11]",True,3,True,1,0,0.0011428952
1179101399835185153_twitter,27,normal,0,['Women'],[],False,3,False,0,0,1.7845188e-05
1174218284738195457_twitter,11,normal,0,[],[],False,3,True,0,1,0.976223
11929539_gab,18,normal,0,"['Islam', 'Men', 'Refugee', 'Women', 'Arab']",[],False,3,False,0,0,0.015716383
1178262260063584257_twitter,44,normal,0,['Asian'],[],False,3,False,0,1,0.63910013
1178700470233075712_twitter,28,normal,0,[],[],False,3,True,0,0,1.3524003e-05
19256366_gab,23,hatespeech,1,"['Arab', 'Islam', 'Refugee']","[7, 17, 18, 20, 21, 22]",True,3,False,1,1,0.9999809
4371004_gab,50,normal,0,[],[],False,3,True,0,0,8.137216e-06
18348020_gab,16,hatespeech,1,"['Jewish', 'Other']","[1, 2, 12, 13]",True,3,False,1,1,0.9998293
1114742810740051968_twitter,9,normal,0,"['Islam', 'Other']",[],False,3,False,0,0,1.9232999e-05
19465121_gab,6,hatespeech,1,['Asian'],"[4, 5]",True,3,True,1,1,0.99998105
27749075_gab,22,normal,0,['Homosexual'],[],False,3,True,0,0,0.00050583226
1178537198859079681_twitter,33,normal,0,['Caucasian'],[],False,3,False,0,1,0.7294065
1179049801465204741_twitter,5,normal,0,['Homosexual'],[],False,3,True,0,0,0.43087605
18620725_gab,21,offensive,1,"['African', 'Women']","[1, 2, 3, 4, 5, 6, 7, 8, 9, 10, 11, 12, 13, 14, 18, 19, 20]",True,3,False,1,1,0.9998677
20130934_gab,44,hatespeech,1,['African'],[39],True,3,False,1,1,0.999959
1118396548658843649_twitter,12,normal,0,"['African', 'Other']",[],False,3,False,0,0,0.041697446
1179079794308374528_twitter,33,normal,0,['Homosexual'],[],False,3,False,0,1,0.9998747
26036501_gab,18,normal,0,['Other'],[],False,3,False,0,0,0.00031643963
8046583_gab,11,normal,0,['Other'],[],False,3,False,0,0,0.0046078484
1179084466066731012_twitter,14,normal,0,[],[],False,3,True,0,0,4.5290544e-05
9543167_gab,20,offensive,1,['Other'],"[3, 4, 5, 6, 7]",True,3,True,1,1,0.766065
18632081_gab,13,offensive,1,['Jewish'],"[2, 3, 4, 5, 8, 9]",True,3,False,1,1,0.99996936
1160824563472769024_twitter,21,offensive,1,['African'],"[8, 9, 10, 11, 14, 15, 16, 17, 18, 19, 20]",True,3,False,1,1,0.99997425
1124242510849536000_twitter,19,normal,0,[],[],False,3,True,0,1,0.9992176
1243620397058338817_twitter,13,normal,0,['African'],[],False,3,False,0,0,0.20417993
20024902_gab,3,normal,0,[],[],False,3,True,0,0,0.00021131197
1216273333626400769_twitter,8,offensive,1,['Other'],"[1, 2, 3, 4, 5, 6, 7]",True,3,True,1,0,0.002486306
24963144_gab,38,hatespeech,1,['Jewish'],"[0, 1, 2, 3, 4, 5, 6, 7, 8, 9, 10, 11, 12, 13, 14, 15, 16, 17, 18, 19, 20, 21, 22, 23, 24, 25, 26, 27, 28, 29, 30, 31, 32, 33, 34, 35, 36, 37]",True,3,False,1,1,0.9997594
21166038_gab,13,hatespeech,1,['Hispanic'],[1],True,3,True,1,1,0.99998844
1178163327928807426_twitter,15,offensive,1,"['Economic', 'Caucasian', 'Other']","[12, 13, 14]",True,3,True,1,1,0.9999696
1179067950428491777_twitter,15,normal,0,[],[],False,3,True,0,0,0.00037645356
24138034_gab,6,hatespeech,1,"['Homosexual', 'Jewish', 'Women']",[],False,3,False,1,1,0.99998605
1172328099188330497_twitter,15,normal,0,[],[],False,3,True,0,1,0.87734365
1178498373013381121_twitter,50,normal,0,[],[],False,3,True,0,0,1.20291115e-05
22061834_gab,9,hatespeech,1,"['Indian', 'Islam', 'Asian']","[5, 6, 7]",True,3,True,1,1,0.9999887
4008588_gab,30,offensive,1,"['Arab', 'Islam', 'Women']",[],False,3,False,1,1,0.9999851
19466106_gab,17,hatespeech,1,"['Islam', 'African', 'Arab', 'Jewish']","[3, 4, 5, 6, 7, 8, 9, 10, 11, 12, 13, 14, 15, 16]",True,3,False,1,1,0.9999887
10658326_gab,39,offensive,1,['African'],"[3, 6, 7, 8, 9, 10, 11, 12, 13, 14, 15, 16, 17, 18, 19, 20]",True,3,False,1,1,0.8903086
1109240085231398912_twitter,15,offensive,1,['Women'],"[13, 14]",True,3,True,1,0,0.0003595532
1254862180341690370_twitter,23,offensive,1,"['Homosexual', 'Men', 'Women']","[7, 8, 9, 10, 11, 12, 13, 14, 15, 16, 17, 18, 19, 20, 21, 22]",True,3,True,1,0,4.8389877e-05
14969742_gab,43,hatespeech,1,['Arab'],"[14, 15, 16, 17, 18, 19, 20]",True,3,True,1,0,0.00011560231
21253219_gab,32,normal,0,['Other'],[],False,3,False,0,1,0.9999765
1230294296328318977_twitter,15,offensive,1,"['Caucasian', 'Other']","[8, 9, 10, 2]",True,3,False,1,0,5.1547304e-05
23280567_gab,14,normal,0,"['Refugee', 'Other']",[],False,3,True,0,0,0.0025530658
24138735_gab,49,hatespeech,1,['African'],"[34, 35, 36, 37, 38, 39, 40, 41, 42, 43, 44, 45, 46, 47, 48]",True,3,False,1,1,0.99997294
1171895844112674817_twitter,16,normal,0,[],[],False,3,True,0,1,0.9891155
19136079_gab,40,hatespeech,1,"['Arab', 'Islam']","[0, 6, 7, 8, 9, 10, 11, 12, 13, 21, 22, 23, 25, 26, 27, 28, 29, 30, 31, 32, 33, 34, 35, 36, 37, 38]",True,3,True,1,1,0.9999888
1089815734950264832_twitter,19,normal,0,[],[],False,3,True,0,0,2.0907732e-05
14376068_gab,37,offensive,1,"['Caucasian', 'Islam', 'Asian', 'Women']","[11, 12, 13, 14, 15, 16, 17, 18, 19, 20, 21, 22, 23, 24, 25, 26, 27, 28, 29]",True,3,False,1,0,0.0006387828
9606406_gab,50,offensive,1,['Homosexual'],"[1, 2, 3, 4, 5, 6, 7, 8, 9, 10, 11, 12, 13, 14, 15, 16, 17, 18, 19, 20, 21, 22, 23, 24, 25, 26, 27, 28, 29, 30, 31, 32, 33, 34]",True,3,False,1,0,0.0011605263
8782621_gab,16,offensive,1,"['Men', 'Other', 'Women']",[2],True,3,False,1,1,0.9999845
1179091322801704960_twitter,17,normal,0,[],[],False,3,True,0,0,0.00028034087
1179051284630048768_twitter,48,normal,0,['Caucasian'],[],False,3,False,0,1,0.9995322
1078772346398392320_twitter,5,normal,0,['Women'],[],False,3,True,0,1,0.98648584
1179046376468033536_twitter,12,normal,0,[],[],False,3,True,0,0,1.2593055e-05
1179074380720201729_twitter,16,normal,0,[],[],False,3,True,0,0,1.4044904e-05
24218254_gab,31,hatespeech,1,"['Homosexual', 'African']","[0, 1, 2, 3, 4, 5, 6, 7, 8, 9, 10, 11, 12, 13, 14, 15, 16, 17, 18, 19, 20, 21, 22, 23, 24, 25, 26, 27, 28, 29, 30]",True,3,True,1,1,0.9999877
15101749_gab,27,hatespeech,1,"['Caucasian', 'Arab', 'Islam', 'Asian']","[24, 25]",True,3,True,1,1,0.9999862
1178455361914916865_twitter,4,hatespeech,1,['Homosexual'],"[0, 2]",True,3,True,1,1,0.99973446
1104254198621696000_twitter,18,normal,0,[],[],False,3,True,0,0,2.4638339e-05
18384169_gab,19,hatespeech,1,['African'],"[1, 2, 3, 4, 5, 6, 7, 8, 9, 10, 14, 15, 16]",True,3,True,1,1,0.9999558
1178845623413608448_twitter,33,normal,0,[],[],False,3,True,0,0,0.2641766
25358912_gab,13,normal,0,"['Jewish', 'Other']",[],False,3,False,0,1,0.99998784
15263357_gab,29,hatespeech,1,['African'],"[24, 25, 26, 27, 28]",True,3,True,1,1,0.9999654
1179086522995208193_twitter,36,normal,0,[],[],False,3,True,0,0,1.29352575e-05
1178879023528566784_twitter,9,offensive,1,"['Caucasian', 'Other', 'Women']","[0, 1, 2]",True,3,False,1,1,0.6010491
1179051384651440129_twitter,30,normal,0,['Caucasian'],[],False,3,True,0,1,0.99998057
4450848_gab,28,offensive,1,"['Homosexual', 'Heterosexual']","[24, 23]",True,3,False,1,1,0.99997246
1232040359913455617_twitter,22,normal,0,['Women'],[],False,3,True,0,0,1.6312642e-05
11730998_gab,43,offensive,1,['Other'],"[26, 27, 10, 11]",True,3,True,1,1,0.99360245
20812694_gab,36,hatespeech,1,"['Jewish', 'Other']","[0, 1, 2, 3, 4, 5, 6, 7, 8, 9, 10, 11, 12, 13, 14, 15, 16, 17, 18, 19, 20, 21, 22, 23, 24, 25, 26, 27, 28, 29, 30, 31, 32, 33, 34, 35]",True,3,False,1,1,0.9999876
1178695628651552770_twitter,32,normal,0,[],[],False,3,True,0,0,2.006034e-05
22337915_gab,47,normal,0,['Caucasian'],[],False,3,False,0,0,6.751411e-05
13461617_gab,15,offensive,1,"['Caucasian', 'Women']","[0, 1, 2, 3, 4, 5, 6, 7, 8, 9, 10, 11, 12, 13, 14]",True,3,False,1,1,0.9726725
19162195_gab,11,normal,0,"['Homosexual', 'Other']",[],False,3,False,0,1,0.99999225
1208228_gab,37,normal,0,"['Arab', 'Islam', 'Women']",[],False,3,False,0,1,0.99905676
17056871_gab,25,hatespeech,1,"['Caucasian', 'Islam', 'Jewish']","[1, 2, 3]",True,3,True,1,1,0.99995613
1230750036817932289_twitter,17,normal,0,['Islam'],[],False,3,False,0,0,0.002720633
1184096701134622720_twitter,15,normal,0,"['Homosexual', 'Islam']",[],False,3,True,0,0,2.3901252e-05
17936793_gab,4,normal,0,['Refugee'],[],False,3,False,0,1,0.97820354
1178853216844304384_twitter,21,offensive,1,"['Caucasian', 'Women']","[1, 2, 3, 4, 5, 6]",True,3,True,1,1,0.99995184
1178884879049560064_twitter,20,normal,0,['Refugee'],[],False,3,True,0,0,3.433784e-05
27112312_gab,7,hatespeech,1,"['Homosexual', 'Islam']","[0, 4, 5, 6]",True,3,False,1,1,0.99999106
1083098441230831626_twitter,24,offensive,1,"['African', 'Women']","[1, 2, 3, 4, 5, 6, 7, 8, 9, 10, 11, 12, 13, 14, 15, 16, 17]",True,3,False,1,1,0.9999534
18165276_gab,39,hatespeech,1,['African'],"[4, 37, 38, 14, 15, 20]",True,3,True,1,1,0.99998486
10039905_gab,45,hatespeech,1,['Other'],[],False,3,False,1,1,0.99969363
1205289399358869504_twitter,11,normal,0,[],[],False,3,True,0,0,1.7101833e-05
16147501_gab,26,hatespeech,1,"['Disability', 'Jewish']","[3, 4, 7]",True,3,True,1,1,0.9999907
25623636_gab,16,hatespeech,1,['Jewish'],"[1, 2, 3, 4, 15]",True,3,True,1,1,0.9999912
1179003972130131968_twitter,17,normal,0,[],[],False,3,True,0,1,0.99905676
16870508_gab,26,offensive,1,"['African', 'Other', 'Women']","[1, 2, 3, 4, 7, 8, 9, 10, 11, 25]",True,3,False,1,0,0.004706719
19266458_gab,18,hatespeech,1,"['Homosexual', 'African']","[0, 1, 2, 6, 16]",True,3,True,1,1,0.9999486
10304948_gab,39,hatespeech,1,"['Men', 'Jewish', 'Women']","[1, 2, 3, 4, 5, 6, 7, 8, 9, 10, 11, 12, 13, 24, 25, 26, 27, 28, 29, 30, 31, 32, 33, 34, 35, 36, 37, 38]",True,3,False,1,1,0.9999881
10220895_gab,44,offensive,1,['Jewish'],"[6, 7, 8, 9, 10, 11, 12, 13, 14, 15, 16]",True,3,False,1,1,0.74835956
1122009908021305350_twitter,14,offensive,1,['Homosexual'],"[9, 10, 11, 12, 13]",True,3,False,1,0,2.5458317e-05
24605910_gab,32,offensive,1,"['Indian', 'Islam', 'Caucasian', 'Refugee', 'Women']","[0, 1, 2, 3, 4, 5, 23, 24]",True,3,False,1,1,0.99998367
3280112_gab,19,offensive,1,"['Homosexual', 'African', 'Other']","[1, 2, 3, 4, 5, 6, 7, 8, 9, 10]",True,3,False,1,1,0.9999821
1254499775681986561_twitter,18,normal,0,"['Homosexual', 'Women']",[],False,3,False,0,1,0.99856037
8525782_gab,47,hatespeech,1,"['Disability', 'Hispanic', 'Jewish', 'Asian']","[22, 23, 24, 28, 29, 30]",True,3,False,1,1,0.9999846
1178239828313419777_twitter,43,hatespeech,1,['African'],"[6, 16, 17, 18, 19, 29, 30, 31, 32, 33, 34, 35, 36, 37, 38, 39, 40, 41, 42]",True,3,True,1,1,0.9890043
18195956_gab,20,hatespeech,1,['Refugee'],"[0, 1, 2, 3, 4, 5, 6, 7, 8, 9, 10, 11, 12, 13, 14, 15, 16, 17, 18, 19]",True,3,True,1,1,0.9673043
11062601_gab,24,offensive,1,"['African', 'Men', 'Other', 'Women']",[],False,3,False,1,1,0.9999738
10562250_gab,7,hatespeech,1,['Homosexual'],[2],True,3,False,1,1,0.9998573
1178242529927614464_twitter,17,normal,0,['Homosexual'],[],False,3,False,0,1,0.8601023
1126445573224136705_twitter,5,offensive,1,[],[],False,3,False,1,0,0.17316855
26786372_gab,29,normal,0,['Other'],[],False,3,False,0,0,0.00042470117
23378663_gab,29,hatespeech,1,"['Islam', 'Other']","[1, 2, 3, 4, 5, 6, 7, 8, 9, 10, 11, 12, 13, 14, 15, 16, 17, 18, 19, 20, 21, 22, 23, 24, 25, 26, 27, 28]",True,3,True,1,1,0.9999883
11949427_gab,33,normal,0,['African'],[],False,3,False,0,1,0.99998116
1179101735660470275_twitter,41,normal,0,[],[],False,3,True,0,0,1.7164919e-05
16596161_gab,47,hatespeech,1,"['Arab', 'Islam', 'Refugee', 'Other']","[32, 33, 17, 18, 19, 20, 21, 22, 23, 24, 25, 26, 27, 28, 29, 30, 31]",True,3,True,1,1,0.99996793
25979396_gab,5,normal,0,['African'],[],False,3,False,0,1,0.99997926
1178912372162842624_twitter,16,offensive,1,['Women'],"[10, 11]",True,3,True,1,1,0.9999418
17057680_gab,12,hatespeech,1,['Hispanic'],[7],True,3,False,1,1,0.9999819
13817088_gab,40,hatespeech,1,"['Islam', 'Men', 'Refugee', 'Women', 'Arab', 'Other']","[12, 13, 14, 15, 16, 17, 18, 19, 20, 21, 22, 23, 24, 25, 26, 27, 28, 29, 30, 31, 32, 33, 34, 35, 36, 37, 38, 39]",True,3,False,1,1,0.99999034
19832825_gab,17,hatespeech,1,['African'],"[0, 1, 2, 3, 4, 5, 6, 7, 8, 9, 10, 11, 12, 13, 14, 15, 16]",True,3,False,1,1,0.9999881
1178639561502707713_twitter,50,normal,0,[],[],False,3,True,0,0,3.4311524e-05
12084902_gab,38,hatespeech,1,['Homosexual'],"[7, 8, 9, 10, 11, 12, 13, 14, 15, 16, 17, 18, 19, 20, 21, 28, 30, 31, 32, 33, 34, 35, 36, 37]",True,3,True,1,1,0.99998856
1143529137019281408_twitter,9,normal,0,[],[],False,3,True,0,0,1.640905e-05
23950465_gab,15,normal,0,['African'],[],False,3,False,0,1,0.9986539
1178787504864014336_twitter,47,normal,0,[],[],False,3,True,0,1,0.98436743
1179042041549983745_twitter,5,offensive,1,"['Homosexual', 'African']","[0, 4]",True,3,False,1,1,0.8689597
1179044716945518592_twitter,11,normal,0,['Other'],[],False,3,True,0,0,0.0013589193
1165681693321322496_twitter,11,normal,0,['Islam'],[],False,3,False,0,0,1.0789196e-05
1104580628744409089_twitter,12,normal,0,[],[],False,3,True,0,0,7.609559e-05
1017919_gab,24,offensive,1,['Homosexual'],"[16, 5, 15]",True,3,True,1,1,0.9999554
27618184_gab,19,hatespeech,1,"['Refugee', 'Other']","[0, 1, 2, 3, 4, 5, 6, 7, 8, 9, 10, 11, 12, 13, 14, 15, 16, 17, 18]",True,3,False,1,1,0.9999801
18804468_gab,24,normal,0,"['Homosexual', 'Islam', 'Other']",[],False,3,False,0,0,0.004184306
3819416_gab,9,offensive,1,['Islam'],"[1, 2, 3, 4, 5, 6, 7, 8]",True,3,True,1,1,0.99998915
1178916504215183360_twitter,36,normal,0,"['Economic', 'Caucasian']",[],False,3,False,0,0,0.0004909964
25054107_gab,34,offensive,1,['Other'],"[1, 2, 3, 4, 5, 6, 7, 8, 9, 10, 11, 12, 13, 14, 15, 16, 17, 18, 19, 20, 21, 22, 23, 24, 25, 26, 27, 28, 29, 30, 31, 32, 33]",True,3,False,1,1,0.99998975
10867276_gab,32,hatespeech,1,"['African', 'Arab', 'Jewish']","[7, 8, 9, 10, 11, 12, 13, 14, 15, 16, 21, 22, 23, 24, 25, 26, 27]",True,3,False,1,1,0.98033273
1179077010540449792_twitter,29,offensive,1,['Women'],"[1, 8, 9, 10, 14, 15]",True,3,False,1,1,0.9970489
1178906287767031808_twitter,35,normal,0,[],[],False,3,True,0,0,2.2040926e-05
15502644_gab,16,hatespeech,1,['Jewish'],"[2, 10, 11, 12, 13, 14, 15]",True,3,False,1,1,0.9999893
1100177318356619265_twitter,17,normal,0,[],[],False,3,False,0,0,0.19581243
1120835758741438467_twitter,7,offensive,1,"['Homosexual', 'Other']","[1, 2, 3, 4, 5, 6]",True,3,False,1,1,0.99997056
26226915_gab,45,hatespeech,1,['Jewish'],"[40, 37]",True,3,True,1,1,0.9999808
19186428_gab,32,offensive,1,"['Homosexual', 'Men']","[0, 1, 2, 3, 4, 5, 6, 13, 14, 15, 16, 17, 18, 19, 20, 21, 22, 23, 24, 25, 26, 27, 28, 29, 30, 31]",True,3,True,1,1,0.99998045
1218410784499236864_twitter,13,normal,0,['Other'],[],False,3,True,0,0,8.7725675e-06
17517646_gab,28,normal,0,"['Hispanic', 'African', 'Arab', 'Asian']",[],False,3,False,0,1,0.99995494
1179082749937934336_twitter,20,offensive,1,"['Caucasian', 'Men', 'Nonreligious', 'Other']",[2],True,3,False,1,1,0.9960996
18304251_gab,22,hatespeech,1,['African'],[17],True,3,True,1,1,0.99998546
1242730884911906817_twitter,13,normal,0,[],[],False,3,False,0,0,6.147061e-05
1179059983033520129_twitter,4,normal,0,[],[],False,3,True,0,0,0.00038340656
19496923_gab,33,normal,0,"['African', 'Other', 'Women']",[],False,3,False,0,1,0.98232687
1178384660122030080_twitter,19,normal,0,"['Caucasian', 'African']",[],False,3,False,0,1,0.99998
19639300_gab,46,normal,0,[],[],False,3,False,0,1,0.9999653
1162547667416899586_twitter,20,hatespeech,1,"['Caucasian', 'African']","[3, 16, 17, 18, 19]",True,3,False,1,1,0.9997112
1252694081685389312_twitter,10,offensive,1,"['Heterosexual', 'Women']","[5, 6, 7]",True,3,False,1,1,0.99910235
15220522_gab,19,offensive,1,['African'],"[16, 17]",True,3,False,1,1,0.999925
1178996742773071873_twitter,34,normal,0,[],[],False,3,True,0,0,0.0002201021
18862641_gab,10,hatespeech,1,"['Nonreligious', 'African', 'Minority', 'Other']","[8, 9, 3]",True,3,True,1,1,0.99998677
10752026_gab,23,normal,0,[],[],False,3,True,0,0,1.4527384e-05
12568127_gab,13,hatespeech,1,"['African', 'Refugee']",[1],True,3,False,1,1,0.9999825
17309571_gab,47,hatespeech,1,"['Caucasian', 'African', 'Men', 'Women']","[11, 12, 18, 19, 20, 21, 22, 23, 24, 25, 26, 27, 28, 40, 41, 42, 43, 44, 45, 46]",True,3,False,1,1,0.9999877
25637354_gab,13,hatespeech,1,['African'],"[3, 4]",True,3,False,1,1,0.99990416
15626639_gab,10,hatespeech,1,"['African', 'Women']","[0, 1, 2, 3]",True,3,True,1,1,0.9999876
1179095481563123713_twitter,34,offensive,1,"['Caucasian', 'Other']",[],False,3,False,1,0,9.770988e-06
3339218_gab,22,hatespeech,1,['Islam'],"[11, 12]",True,3,True,1,1,0.99997854
26869822_gab,20,hatespeech,1,"['African', 'Women']","[15, 16, 17, 18, 19]",True,3,True,1,1,0.9999825
1179093352744009728_twitter,32,normal,0,['Caucasian'],[],False,3,False,0,0,1.4543311e-05
12867168_gab,32,offensive,1,['Asian'],"[16, 15]",True,3,True,1,1,0.9997875
1201794566858215424_twitter,8,offensive,1,['African'],[1],True,3,False,1,0,0.33898503
12893513_gab,9,offensive,1,"['Islam', 'Refugee']","[0, 1, 3, 4]",True,3,False,1,1,0.9998827
27370845_gab,6,hatespeech,1,['Jewish'],[5],True,3,True,1,1,0.9999863
9633841_gab,33,normal,0,['Women'],[],False,3,True,0,0,3.0806965e-05
15799126_gab,16,offensive,1,"['Homosexual', 'Women']","[0, 1, 2, 3, 4, 5, 6, 7, 8, 9, 10, 11, 12, 13, 14, 15]",True,3,False,1,1,0.99999106
1082345595610820609_twitter,12,normal,0,[],[],False,3,True,0,0,0.000312558
20087846_gab,44,offensive,1,"['African', 'Women']","[20, 21, 22, 23, 24, 25, 26, 27, 28, 29, 30, 31, 32, 33, 34, 35, 36, 37, 38, 39, 40, 41, 42, 43]",True,3,False,1,1,0.99959916
19166441_gab,42,hatespeech,1,"['Islam', 'Men', 'Refugee', 'Women', 'Arab']","[0, 1, 2, 3, 4, 5, 6, 7, 8, 9, 10, 11, 12, 13, 14, 15, 16, 17, 18, 19, 20, 21, 22, 23, 24, 25, 26, 27, 28, 29, 30, 31, 32, 33, 34, 35, 36, 37, 38, 39, 40, 41]",True,3,False,1,1,0.9999671
14033204_gab,15,hatespeech,1,"['Arab', 'Islam']","[3, 4, 5, 10, 11, 12]",True,3,True,1,1,0.99998784
16997676_gab,36,hatespeech,1,"['Jewish', 'Asian']","[14, 15, 16, 17, 24]",True,3,False,1,1,0.9999875
11595806_gab,31,offensive,1,"['Homosexual', 'African']","[6, 7, 15, 22, 23, 24, 27, 28, 29, 30]",True,3,True,1,0,0.0013093177
1081073333200920576_twitter,22,normal,0,[],[],False,3,True,0,0,0.039651275
27053763_gab,39,offensive,1,"['Men', 'Other', 'Women']","[0, 1, 2, 3, 4, 5, 6, 7, 8, 9, 10, 11, 12, 13, 14, 15, 16, 17, 18, 19, 20, 21, 22, 23, 24, 25, 26, 27, 28, 29, 30, 31, 32, 33, 34, 35, 36, 37, 38]",True,3,True,1,0,0.079423845
25929938_gab,8,offensive,1,"['African', 'Other']","[0, 1, 2, 3, 4, 5, 6]",True,3,False,1,1,0.9998791
1214239272355737601_twitter,20,normal,0,"['Jewish', 'Other']",[],False,3,False,0,0,0.0058215107
1179014269729492992_twitter,34,normal,0,[],[],False,3,True,0,0,1.5485866e-05
1159278048069464065_twitter,11,normal,0,[],[],False,3,True,0,0,0.0005632227
1178522269867544577_twitter,41,normal,0,"['Islam', 'Refugee']",[],False,3,False,0,0,2.0935086e-05
25196924_gab,31,hatespeech,1,['African'],"[0, 1, 2, 3, 4, 5, 6, 7, 8, 9, 10, 11, 12, 13, 14, 15, 16, 17, 18, 19, 20, 21, 22, 23, 24, 25, 26, 27, 28, 29, 30]",True,3,True,1,1,0.99965394
5399581_gab,46,normal,0,"['Men', 'Women']",[],False,3,False,0,0,2.0545844e-05
1179104323554426880_twitter,14,normal,0,[],[],False,3,True,0,0,1.3551502e-05
21393680_gab,7,normal,0,['Refugee'],[],False,3,True,0,0,2.5905847e-05
9317495_gab,6,offensive,1,"['African', 'Other']",[4],True,3,False,1,1,0.9999497
23352931_gab,49,hatespeech,1,['African'],"[42, 43]",True,3,True,1,1,0.9999734
17882471_gab,25,hatespeech,1,['Asian'],"[11, 12, 13, 17, 22, 23, 24]",True,3,True,1,1,0.99998724
15102597_gab,31,hatespeech,1,"['African', 'Islam']","[16, 1, 5, 21]",True,3,True,1,1,0.9999778
1178844885715181569_twitter,8,normal,0,[],[],False,3,True,0,0,0.045013443
27997868_gab,27,hatespeech,1,"['Jewish', 'Other']","[24, 25, 26, 23]",True,3,False,1,1,0.99998224
1178780758988607488_twitter,19,normal,0,['Homosexual'],[],False,3,False,0,0,0.000103559716
24760322_gab,17,hatespeech,1,"['Homosexual', 'African']","[13, 5]",True,3,True,1,1,0.99998176
14445063_gab,44,hatespeech,1,['Hispanic'],"[42, 7]",True,3,True,1,1,0.9999882
1179092780162932737_twitter,10,normal,0,"['Caucasian', 'Women']",[],False,3,False,0,1,0.9999871
18532486_gab,11,hatespeech,1,['Jewish'],[9],True,3,False,1,1,0.99998975
1088846787778093056_twitter,15,normal,0,[],[],False,3,True,0,0,0.00024408662
23760738_gab,33,hatespeech,1,"['African', 'Other']","[0, 1, 2, 3, 4, 5, 6, 7, 8, 9, 10, 11, 12, 13, 14, 15, 16, 17, 18, 19, 20, 21, 22, 23, 24, 25, 26, 27, 28, 29, 30, 31, 32]",True,3,True,1,1,0.9999902
3339603_gab,43,normal,0,"['Jewish', 'Asian']",[],False,3,True,0,1,0.94140303
1178788157111668736_twitter,25,offensive,1,"['Refugee', 'Other']","[24, 20, 21, 23]",True,3,False,1,0,0.020240085
15681638_gab,10,hatespeech,1,['African'],"[5, 6]",True,3,False,1,1,0.99998295
27528223_gab,9,hatespeech,1,['Islam'],[1],True,3,True,1,1,0.9999547
23641038_gab,10,hatespeech,1,"['Islam', 'African', 'Arab', 'Jewish']","[8, 7]",True,3,True,1,1,0.99998164
16722976_gab,29,hatespeech,1,"['Islam', 'Jewish']","[18, 19, 20, 21]",True,3,True,1,1,0.99997926
18371866_gab,10,hatespeech,1,"['Islam', 'Women']","[4, 5, 6, 7]",True,3,True,1,1,0.99998283
1178778213348237312_twitter,27,offensive,1,"['Economic', 'Caucasian']","[24, 23]",True,3,False,1,1,0.99997354
1179101128274960384_twitter,26,normal,0,[],[],False,3,True,0,0,6.808226e-06
27501904_gab,19,hatespeech,1,"['Arab', 'Islam', 'Men', 'Women']","[0, 1, 2, 3, 4, 5, 6, 7, 8, 9, 10, 11, 12, 13, 14, 15, 16, 17, 18]",True,3,False,1,1,0.9504291
1209247794755776514_twitter,15,hatespeech,1,"['Homosexual', 'African', 'Women']","[0, 1, 2, 3, 4, 11, 12, 13, 14]",True,3,True,1,1,0.99998784
8052147_gab,46,hatespeech,1,['Islam'],"[34, 35, 38, 40, 10]",True,3,True,1,1,0.99571747
15530018_gab,27,hatespeech,1,['African'],[5],True,3,False,1,1,0.9999304
1178450704509394945_twitter,12,normal,0,[],[],False,3,True,0,0,0.017216407
1178439258756927488_twitter,48,normal,0,[],[],False,3,True,0,0,1.280186e-05
4321340_gab,30,hatespeech,1,['Jewish'],"[9, 10, 23, 24, 25, 26, 27]",True,3,True,1,1,0.9999863
22358292_gab,35,offensive,1,"['Arab', 'Islam']",[],False,3,False,1,0,2.9265591e-05
15367790_gab,41,hatespeech,1,"['Arab', 'Islam']","[32, 33, 34, 35, 36, 37, 38, 39, 40, 26, 27, 28, 31]",True,3,False,1,1,0.9999864
1179099393099735040_twitter,46,normal,0,['Other'],[],False,3,False,0,1,0.9999498
24020918_gab,17,hatespeech,1,['Arab'],"[8, 9, 10]",True,3,True,1,1,0.9999862
1178826507856175105_twitter,46,normal,0,[],[],False,3,True,0,0,8.410222e-06
6650010_gab,21,hatespeech,1,"['Arab', 'Islam', 'Jewish']","[4, 5, 6, 7, 8]",True,3,False,1,1,0.99997485
26900840_gab,17,hatespeech,1,"['Islam', 'African', 'Refugee', 'Asian', 'Women', 'Arab']","[0, 1, 2, 3, 4, 5, 6, 7, 8, 9, 10, 11, 12, 13, 14, 15, 16]",True,3,True,1,1,0.9999832
1178845742993158144_twitter,17,normal,0,[],[],False,3,True,0,0,1.7887598e-05
25524231_gab,29,hatespeech,1,"['Caucasian', 'Refugee', 'Asian', 'Women']","[5, 6, 7, 8, 9, 10, 11, 12, 13, 14, 15, 16, 17, 18, 19, 20, 21, 22, 23, 24, 25, 26, 27, 28]",True,3,False,1,1,0.9998235
26791498_gab,21,hatespeech,1,['Homosexual'],"[3, 4, 5, 6, 7, 8, 9, 10, 11, 12, 13, 14, 15, 16, 17, 18, 19, 20]",True,3,False,1,1,0.9999839
1193293522142547968_twitter,4,normal,0,[],[],False,3,False,0,0,0.37882888
5139328_gab,30,offensive,1,"['Islam', 'Other']","[3, 7, 8, 9, 10, 11, 12, 13, 14, 15, 16, 17, 18, 19, 20, 21, 22, 23, 24, 25, 26, 27, 28, 29]",True,3,True,1,1,0.99998856
1207529351023153152_twitter,30,normal,0,['Other'],[],False,3,False,0,1,0.7796849
1179046730123403264_twitter,12,normal,0,"['Other', 'Women']",[],False,3,True,0,0,0.34482232
8123578_gab,28,hatespeech,1,['African'],"[0, 1, 2, 3, 4, 5, 6, 7, 8, 9, 10, 11, 12, 13, 14, 15, 16, 17, 18, 19, 20, 21, 22, 23, 24, 25, 26]",True,3,False,1,1,0.99998724
1197900983738785792_twitter,11,normal,0,[],[],False,3,True,0,0,7.729722e-05
1178800349534199809_twitter,7,normal,0,['Homosexual'],[],False,3,True,0,1,0.9973429
27155762_gab,5,normal,0,['Homosexual'],[],False,3,True,0,0,1.4537239e-05
1178891150008020993_twitter,30,normal,0,[],[],False,3,True,0,0,2.1668739e-05
16956046_gab,8,hatespeech,1,['African'],"[5, 6, 7]",True,3,True,1,1,0.9999795
1179054544531197952_twitter,24,normal,0,[],[],False,3,True,0,0,0.31144747
1090726100244881410_twitter,8,normal,0,[],[],False,3,True,0,0,0.0012081412
25590632_gab,44,offensive,1,"['Islam', 'Other']","[0, 1, 2, 3, 4, 5, 6, 7, 8, 9, 10, 11, 12, 13, 14, 15, 16, 17, 18, 19, 20, 21, 22, 23, 24, 25, 26, 27, 28, 29, 30, 31, 32, 33, 34, 35, 36, 37, 38, 39, 40, 41, 42, 43]",True,3,False,1,1,0.9212839
1179055578141863936_twitter,22,hatespeech,1,['African'],[21],True,3,False,1,1,0.98261064
26900996_gab,9,offensive,1,"['Homosexual', 'Other']","[0, 1, 2, 3, 4, 5, 6, 7, 8]",True,3,False,1,1,0.99995565
1179079646513700865_twitter,17,normal,0,[],[],False,3,True,0,0,1.5640342e-05
16464214_gab,38,hatespeech,1,"['Men', 'Jewish', 'Women']","[0, 1, 2, 3, 4, 5, 6, 7, 8, 9, 10, 11, 12, 33, 34, 35, 36, 37]",True,3,True,1,1,0.9999901
7633989_gab,47,offensive,1,"['Caucasian', 'African', 'Other']","[32, 33, 34, 35, 36, 37, 38, 39, 40, 41, 42, 43, 44, 45, 46, 29, 30, 31]",True,3,True,1,0,2.1208496e-05
22294789_gab,41,hatespeech,1,"['Hispanic', 'Homosexual']","[12, 13, 16, 17, 18]",True,3,True,1,1,0.99977607
1167131165138063360_twitter,20,normal,0,"['Men', 'Other', 'Women']",[],False,3,False,0,0,0.022470666
1175064716252631040_twitter,13,normal,0,[],[],False,3,False,0,0,0.00016005913
11576764_gab,37,normal,0,['Jewish'],[],False,3,False,0,1,0.99965847
22347127_gab,44,hatespeech,1,['Jewish'],"[37, 38, 39, 40, 41]",True,3,True,1,1,0.99998736
1079658107901435904_twitter,13,normal,0,['Asian'],[],False,3,True,0,0,2.2999138e-05
1179100863664545792_twitter,33,offensive,1,"['Economic', 'Caucasian']","[19, 20, 21, 22, 23]",True,3,True,1,1,0.9999728
1179091366283862016_twitter,76,offensive,1,"['Men', 'Women']","[36, 37, 38, 68, 39, 40, 44, 12, 48, 49]",True,3,True,1,0,0.1349144
27577670_gab,46,offensive,1,"['Homosexual', 'Other']","[1, 2, 3, 4, 5, 6, 7, 8, 9, 10, 11, 12, 13, 14, 15, 16, 17, 18, 19, 20, 21, 22, 23, 24, 25, 26, 27, 28, 29, 30, 31, 32, 33, 34, 35, 36, 37, 38, 39, 40, 41, 42, 43, 44, 45]",True,3,False,1,1,0.99997437
1176284466022686720_twitter,21,normal,0,[],[],False,3,True,0,0,9.563171e-05
1272537572967882755_twitter,15,normal,0,[],[],False,3,True,0,0,0.14565213
24784044_gab,7,hatespeech,1,"['Homosexual', 'Other']","[1, 2, 3, 4, 5, 6]",True,3,True,1,1,0.9999883
19746031_gab,21,hatespeech,1,"['African', 'Women']","[10, 11, 12]",True,3,False,1,1,0.9999852
1124050621454270464_twitter,7,normal,0,"['Caucasian', 'Men', 'Women']",[],False,3,False,0,0,9.535779e-05
1179097174078042113_twitter,12,normal,0,"['Caucasian', 'Other']",[],False,3,True,0,0,3.435979e-05
11556228_gab,3,hatespeech,1,"['Islam', 'Other']","[0, 1, 2]",True,3,False,1,0,0.00064386043
1179481919031001090_twitter,21,normal,0,"['Arab', 'Women']",[],False,3,False,0,0,2.1078644e-05
1179060894988410882_twitter,30,normal,0,[],[],False,3,True,0,0,0.00018245896
1178971382656507909_twitter,43,normal,0,['Other'],[],False,3,False,0,0,7.0510528e-06
1179030842372317189_twitter,14,normal,0,[],[],False,3,True,0,0,0.00038674325
10149219_gab,23,offensive,1,['Homosexual'],"[16, 7]",True,3,True,1,1,0.9999796
21396361_gab,18,normal,0,['Islam'],[],False,3,True,0,1,0.99994993
10651361_gab,40,hatespeech,1,['African'],"[16, 17, 15]",True,3,False,1,0,0.33536297
9988840_gab,24,offensive,1,['Women'],"[1, 2, 3, 4, 5, 6, 7, 8, 9, 10, 11]",True,3,True,1,1,0.99999
1260367393097953280_twitter,13,normal,0,['African'],[],False,3,False,0,0,0.0016534297
1264174583789174786_twitter,24,normal,0,['Islam'],[],False,3,True,0,0,1.2175828e-05
18350822_gab,4,hatespeech,1,['Jewish'],[3],True,3,False,1,1,0.99997985
1087406191179911169_twitter,11,offensive,1,[],"[6, 7, 8, 9, 10]",True,3,False,1,1,0.78567904
16139700_gab,3,hatespeech,1,"['Arab', 'African', 'Refugee']","[1, 2]",True,3,False,1,1,0.9999887
19526192_gab,15,hatespeech,1,"['Islam', 'Men', 'Women', 'Arab', 'Other']","[0, 1, 2, 3, 4, 5, 6, 7, 8, 9, 10, 11, 12, 13, 14]",True,3,True,1,1,0.9999871
1239709523155333120_twitter,10,normal,0,['Homosexual'],[],False,3,False,0,0,0.15043068
15477833_gab,38,hatespeech,1,"['African', 'Other']","[2, 3, 4, 10, 11, 12, 13, 14, 15, 16, 17, 18, 19, 20, 21, 22, 23, 24, 25, 26, 27, 28, 29, 30, 31, 32, 33, 34, 35, 36, 37]",True,3,True,1,1,0.9999833
1088890307884838918_twitter,11,normal,0,[],[],False,3,True,0,0,0.00013351368
1179081645371998208_twitter,38,normal,0,[],[],False,3,True,0,0,0.014787332
2225031_gab,45,normal,0,"['Men', 'Refugee', 'Women']",[],False,3,False,0,0,1.3946776e-05
7333031_gab,25,normal,0,[],[],False,3,True,0,0,0.0001322136
17473740_gab,35,hatespeech,1,"['Caucasian', 'Arab', 'Jewish']","[1, 26, 34, 14]",True,3,True,1,1,0.9999796
1087735037200646145_twitter,10,offensive,1,['African'],"[8, 6, 7]",True,3,True,1,1,0.68244356
16353302_gab,22,hatespeech,1,"['Hispanic', 'Islam', 'Jewish', 'Homosexual', 'Men', 'Christian', 'African', 'Caucasian', 'Asian', 'Heterosexual', 'Women', 'Arab']","[7, 8, 9, 10, 11, 12, 13, 14, 15, 16, 17, 18, 19, 20]",True,3,False,1,1,0.9999896
1179000713445142534_twitter,40,normal,0,[],[],False,3,True,0,0,2.716957e-05
1179069426458644482_twitter,13,hatespeech,1,"['Homosexual', 'African', 'Other']","[8, 5, 6, 7]",True,3,False,1,0,0.0011273253
1169318641415917568_twitter,14,normal,0,['Other'],[],False,3,True,0,0,1.2877852e-05
15735763_gab,35,normal,0,['Homosexual'],[],False,3,False,0,0,0.0055769044
13751869_gab,43,offensive,1,"['African', 'Women']","[27, 2, 3]",True,3,False,1,1,0.9999883
1171283177920499712_twitter,13,normal,0,[],[],False,3,True,0,0,1.2530593e-05
2790036_gab,10,offensive,1,"['Homosexual', 'Islam']","[9, 3]",True,3,True,1,1,0.968472
1178931702166478850_twitter,44,normal,0,[],[],False,3,True,0,0,1.0153784e-05
12646603_gab,18,hatespeech,1,"['African', 'Refugee']","[3, 5, 6, 16, 17]",True,3,True,1,1,0.9934361
15251574_gab,12,hatespeech,1,"['Jewish', 'Other']","[1, 6]",True,3,False,1,1,0.9999763
23370486_gab,37,hatespeech,1,['Refugee'],[],False,3,False,1,1,0.99959713
1179105278819815424_twitter,45,offensive,1,"['Caucasian', 'Other']","[28, 29]",True,3,False,1,1,0.653625
1179093757947453440_twitter,8,offensive,1,"['Homosexual', 'Women']",[2],True,3,False,1,1,0.9999751
1179039493283704835_twitter,43,normal,0,['Women'],[],False,3,False,0,0,0.00046199455
1082088434468937728_twitter,9,normal,0,[],[],False,3,True,0,0,2.5088242e-05
19010195_gab,20,hatespeech,1,"['Arab', 'Women']","[0, 1, 2, 3, 4, 5, 6, 7, 8, 9, 10, 11, 12, 13, 14, 15, 16, 17, 18, 19]",True,3,False,1,1,0.9999889
4285428_gab,15,hatespeech,1,"['Islam', 'Jewish']",[2],True,3,True,1,1,0.9999757
1255279064786644996_twitter,15,normal,0,['Islam'],[],False,3,False,0,0,0.048988715
5470624_gab,52,hatespeech,1,['Refugee'],"[21, 22, 23, 24, 25, 26, 39, 40, 41, 42, 43, 44, 45, 46, 47, 48, 49, 50, 51]",True,3,False,1,1,0.99974746
22835920_gab,51,offensive,1,"['Hispanic', 'African', 'Asian', 'Women', 'Arab']","[45, 46, 47, 48, 49]",True,3,False,1,1,0.9999536
14874156_gab,17,hatespeech,1,['Jewish'],"[9, 10]",True,3,True,1,1,0.99998367
1178787225955442690_twitter,19,normal,0,[],[],False,3,True,0,1,0.9999647
1195238194415054848_twitter,20,normal,0,['Caucasian'],[],False,3,False,0,0,0.009455649
21745611_gab,28,offensive,1,[],[],False,3,False,1,0,0.001406545
1178813843608231936_twitter,14,normal,0,['Homosexual'],[],False,3,True,0,0,0.00023757004
21112613_gab,25,hatespeech,1,"['Homosexual', 'Arab', 'Islam']","[0, 1, 2, 3, 4, 5, 6, 7, 8, 9, 10, 11, 12, 13, 14, 15, 16, 17, 18, 19]",True,3,False,1,1,0.99998844
4873015_gab,31,offensive,1,"['Caucasian', 'African', 'Women']","[10, 11, 12, 13, 14, 15, 16, 17, 18, 19, 20, 21]",True,3,False,1,0,5.4593445e-05
23930277_gab,8,hatespeech,1,['Islam'],"[1, 2, 3]",True,3,True,1,1,0.99983203
4826449_gab,48,normal,0,['Other'],[],False,3,False,0,0,0.012794074
12112747_gab,39,hatespeech,1,"['Homosexual', 'African']","[32, 33, 2, 3, 34, 30, 31]",True,3,True,1,1,0.9999889
17012100_gab,45,hatespeech,1,"['African', 'Women']","[32, 33, 34, 35, 4, 36, 37, 38, 39, 40, 42, 43, 44, 41, 17, 26, 27, 28]",True,3,False,1,1,0.99997175
1212465094338187265_twitter,6,offensive,1,"['African', 'Other']","[3, 4, 5]",True,3,False,1,1,0.9981055
13264549_gab,19,hatespeech,1,['African'],"[2, 3, 4, 5, 6]",True,3,True,1,1,0.9999844
1178424234818916358_twitter,49,offensive,1,"['Economic', 'Caucasian', 'Women']","[44, 45]",True,3,False,1,0,0.0060751378
1178822496205889538_twitter,12,offensive,1,"['Heterosexual', 'Women']","[11, 2, 3, 4]",True,3,True,1,1,0.9999771
1179074607015444489_twitter,15,normal,0,['Women'],[],False,3,True,0,0,7.377705e-05
24247471_gab,26,hatespeech,1,"['Arab', 'Islam']","[0, 1, 2, 3, 4, 5, 6, 7, 8, 9, 10, 11, 12, 13, 14, 15, 16, 17, 18, 19, 20, 21, 22, 23, 24, 25]",True,3,True,1,1,0.953707
1178921648541581312_twitter,34,normal,0,[],[],False,3,True,0,0,0.13841867
23200662_gab,15,hatespeech,1,['Islam'],"[0, 3, 11, 12, 13, 14]",True,3,True,1,1,0.9999776
14025455_gab,15,hatespeech,1,"['African', 'Jewish']","[10, 11, 12, 13, 14]",True,3,False,1,1,0.9998622
1085059083827240960_twitter,11,normal,0,['Other'],[],False,3,True,0,1,0.99991083
27513884_gab,47,offensive,1,"['Other', 'Women']","[27, 28, 29, 30, 31, 32, 33, 34, 35, 36, 37, 38, 39, 40, 41, 42, 43, 44, 45, 46]",True,3,False,1,1,0.99997544
15420914_gab,26,normal,0,['Other'],[],False,3,False,0,1,0.9964174
1125850698606944256_twitter,25,offensive,1,"['African', 'Men', 'Women']","[24, 1, 22, 23]",True,3,False,1,0,0.013918829
23082971_gab,35,hatespeech,1,"['Homosexual', 'Jewish']","[24, 25, 27, 21]",True,3,False,1,1,0.9999726
5924980_gab,51,normal,0,"['Islam', 'Other']",[],False,3,False,0,0,1.4856845e-05
22580475_gab,7,offensive,1,['Islam'],[2],True,3,False,1,1,0.99997413
1174489375394160640_twitter,20,hatespeech,1,['Refugee'],"[4, 5, 6, 7]",True,3,False,1,0,1.542579e-05
19608046_gab,34,hatespeech,1,"['Arab', 'Islam', 'Men', 'Women']","[1, 2, 3, 4, 5, 6, 27, 28, 29, 30, 31]",True,3,True,1,1,0.9999471
1178842370181234693_twitter,30,normal,0,[],[],False,3,True,0,0,6.0096572e-05
8309724_gab,20,hatespeech,1,"['Caucasian', 'Women']",[],False,3,False,1,0,0.32753295
26441093_gab,51,hatespeech,1,['Jewish'],"[18, 19, 50]",True,3,True,1,1,0.9999776
1178782983500648448_twitter,43,normal,0,[],[],False,3,True,0,0,8.0914215e-06
1179080727280967681_twitter,19,normal,0,[],[],False,3,True,0,0,0.00032095183
1171026352310542336_twitter,13,normal,0,['Islam'],[],False,3,True,0,0,0.00010416474
1178677442468335618_twitter,13,normal,0,[],[],False,3,True,0,0,1.37333045e-05
10937998_gab,44,hatespeech,1,"['Men', 'Caucasian', 'African', 'Women', 'Other']","[0, 1, 32, 33, 34, 35, 23, 24, 25, 26, 27, 31]",True,3,False,1,1,0.9999783
1178787177188089856_twitter,26,normal,0,['Other'],[],False,3,True,0,1,0.9999758
1178742230414249987_twitter,42,normal,0,['Caucasian'],[],False,3,False,0,0,8.799515e-06
12761562_gab,37,normal,0,"['Islam', 'Jewish', 'Men', 'Women', 'Arab']",[],False,3,False,0,1,0.99998283
12065967_gab,22,hatespeech,1,['African'],[3],True,3,True,1,1,0.999987
2644271_gab,32,offensive,1,['Other'],"[13, 14, 15, 16, 17, 18, 19, 20, 21, 22, 23, 24, 25, 26, 27, 28, 29, 30, 31]",True,3,False,1,1,0.9999875
24340362_gab,21,hatespeech,1,['Jewish'],"[12, 13, 14, 15]",True,3,False,1,1,0.99997175
17314909_gab,22,offensive,1,"['Islam', 'Other']",[],False,3,False,1,0,0.38492754
1179083554921357313_twitter,25,normal,0,['Homosexual'],[],False,3,False,0,1,0.9227569
26638976_gab,8,offensive,1,"['Men', 'African']","[0, 1, 2, 3, 4, 5, 6, 7]",True,3,False,1,0,0.15305817
9056566_gab,24,hatespeech,1,"['African', 'Asian', 'Other']",[19],True,3,True,1,1,0.9999796
1179029756853010432_twitter,13,offensive,1,['Women'],"[8, 1, 2, 3]",True,3,True,1,1,0.999985
1178157454783324160_twitter,11,offensive,1,"['Economic', 'Caucasian', 'Other']","[9, 10]",True,3,False,1,1,0.8609067
1179101995950428160_twitter,21,normal,0,[],[],False,3,True,0,0,2.4865292e-05
1632755_gab,16,hatespeech,1,['African'],"[9, 10]",True,3,True,1,1,0.99998415
9601617_gab,45,hatespeech,1,"['Refugee', 'Women']","[0, 1, 2, 3, 4, 5, 6, 7, 8, 9, 10, 11, 12, 13, 14, 15, 16, 17, 18, 19, 20, 21, 22, 23, 24, 25, 26, 27, 28, 29, 30, 31, 32, 33, 34, 35, 36, 37, 38, 39, 40, 41, 42, 43, 44]",True,3,False,1,1,0.99972755
1186788781594238977_twitter,10,offensive,1,"['African', 'Other']","[8, 9]",True,3,True,1,0,0.030020326
1249084434323845126_twitter,17,normal,0,"['Hispanic', 'African']",[],False,3,False,0,0,0.0005364433
6845040_gab,11,offensive,1,"['Men', 'Refugee', 'Women']","[0, 1, 2, 3, 4, 5, 6, 7, 8, 9, 10]",True,3,False,1,0,0.1551265
1179055528661700609_twitter,20,normal,0,[],[],False,3,True,0,0,5.2744548e-05
22266851_gab,11,normal,0,['Refugee'],[],False,3,True,0,1,0.9994128
11546421_gab,30,hatespeech,1,"['Homosexual', 'African']","[7, 20, 21, 22, 23, 24, 25, 26, 27, 28, 29]",True,3,True,1,1,0.9999852
1178010681108520961_twitter,8,normal,0,['Homosexual'],[],False,3,False,0,1,0.99995935
4785475_gab,47,offensive,1,['Other'],"[32, 38, 39, 40, 41, 30, 31]",True,3,False,1,0,0.00046677692
26096641_gab,18,hatespeech,1,['Jewish'],"[0, 1, 2, 3, 4, 5, 6, 7, 8, 9, 10, 11, 12, 13, 14, 15]",True,3,True,1,1,0.9999819
1179087800118824960_twitter,23,normal,0,[],[],False,3,True,0,0,9.930501e-06
1178744077791023104_twitter,18,normal,0,[],[],False,3,True,0,1,0.9658345
1179081516544069635_twitter,52,normal,0,[],[],False,3,True,0,1,0.8517467
16171583_gab,11,hatespeech,1,['Homosexual'],"[9, 10]",True,3,True,1,1,0.999964
9270134_gab,52,normal,0,['Homosexual'],[],False,3,False,0,1,0.9999894
22806498_gab,16,normal,0,"['African', 'Men', 'Other', 'Women']",[],False,3,False,0,0,0.00011363742
16385708_gab,41,offensive,1,"['Caucasian', 'African', 'Jewish', 'Women']","[32, 33, 34, 35, 36, 37, 38, 39, 40, 31]",True,3,False,1,1,0.9999894
1179038917590339584_twitter,12,offensive,1,"['Nonreligious', 'Caucasian', 'African', 'Heterosexual', 'Women', 'Minority', 'Indigenous']","[0, 10, 11]",True,3,True,1,1,0.99998605
7012624_gab,39,offensive,1,"['Caucasian', 'Other']","[0, 1, 2, 3, 4, 5, 6, 7, 8, 9, 10, 11, 12, 13, 14, 15, 16, 17, 18, 19, 20, 21, 22, 23, 24, 25, 26, 27, 28, 29, 30, 31, 35, 36, 37, 38]",True,3,False,1,1,0.9998375
23158710_gab,53,hatespeech,1,"['Homosexual', 'Men', 'Women']","[40, 41, 52, 39]",True,3,False,1,1,0.9999819
20741822_gab,24,hatespeech,1,"['Hispanic', 'African', 'Arab']","[20, 11, 12, 13]",True,3,True,1,1,0.9999827
1103783031482081286_twitter,23,offensive,1,['Homosexual'],"[10, 19, 20, 21]",True,3,False,1,0,0.30991885
1178332422963941388_twitter,24,normal,0,['Homosexual'],[],False,3,True,0,1,0.9999796
1194283877034016768_twitter,5,normal,0,"['Homosexual', 'Women']",[],False,3,False,0,0,0.06572995
1179066633853255681_twitter,16,normal,0,['Men'],[],False,3,False,0,0,0.39866665
26985222_gab,46,hatespeech,1,"['Homosexual', 'Men', 'Heterosexual', 'Women', 'Other']","[9, 10, 11, 12, 13, 14, 15, 16, 17, 18, 19, 20, 21, 22, 23, 24, 25, 26, 27, 28, 29, 30, 31, 32, 33, 34, 35, 36, 37, 38, 39, 40, 41, 42, 43, 44, 45]",True,3,False,1,1,0.988085
1178485184188047360_twitter,5,normal,0,['Homosexual'],[],False,3,False,0,0,0.22784024
25117494_gab,39,normal,0,[],[],False,3,True,0,0,0.00011368597
9685619_gab,14,hatespeech,1,['Islam'],"[0, 1, 2, 3, 4, 5, 6, 7, 8, 9, 10, 11, 12, 13]",True,3,True,1,1,0.9999813
1178875621021274113_twitter,37,normal,0,"['Men', 'African', 'Women']",[],False,3,False,0,0,6.312743e-05
22636899_gab,6,hatespeech,1,"['Arab', 'African', 'Islam']","[2, 3, 4, 5]",True,3,False,1,1,0.99998426
8568593_gab,19,hatespeech,1,"['African', 'Women']","[1, 2, 3, 9, 10, 11, 12, 13, 15, 16, 17, 18]",True,3,True,1,1,0.99998283
20646560_gab,32,hatespeech,1,['Jewish'],"[0, 1, 3, 4, 5, 24, 25, 26, 27, 28, 29, 30, 31]",True,3,True,1,1,0.99998844
1086851431557148672_twitter,5,normal,0,[],[],False,3,True,0,0,0.0016449584
1258363979602309122_twitter,13,normal,0,[],[],False,3,True,0,0,1.2265472e-05
21199755_gab,34,hatespeech,1,"['Homosexual', 'Women']","[32, 33, 10, 5]",True,3,False,1,1,0.99998283
1179004403673714689_twitter,19,normal,0,"['Islam', 'Refugee']",[],False,3,False,0,1,0.99991524
19679152_gab,18,hatespeech,1,"['Jewish', 'Homosexual', 'Men', 'Caucasian', 'Minority', 'Indigenous']","[10, 11]",True,3,False,1,1,0.99998736
6363140_gab,20,normal,0,['Asian'],[],False,3,True,0,0,2.4102636e-05
24312730_gab,37,normal,0,[],[],False,3,False,0,1,0.9983695
16983690_gab,49,offensive,1,"['Hispanic', 'Men', 'Jewish', 'Women']","[2, 3, 4, 5, 6, 7, 8, 9, 10, 11, 12, 13, 14, 15, 16, 17, 18, 19, 20, 22, 23, 24, 25, 27, 28, 29, 30, 31]",True,3,False,1,0,0.0059356983
1118162359716130816_twitter,20,offensive,1,['Other'],"[13, 14, 15, 16, 17, 18, 19]",True,3,False,1,0,0.00019484192
23340204_gab,10,normal,0,['Jewish'],[],False,3,False,0,1,0.99997485
1121666365155188736_twitter,12,normal,0,[],[],False,3,True,0,0,3.0468564e-05
10605240_gab,47,offensive,1,"['African', 'Other']","[37, 38, 39, 40, 41, 43, 44, 45, 46, 24, 25, 26]",True,3,True,1,1,0.9999895
25953687_gab,35,offensive,1,['Jewish'],"[0, 1, 2, 3, 4, 5, 6, 7, 8, 9, 10, 11, 12, 13, 14, 15, 16, 17, 18, 19]",True,3,False,1,1,0.99998426
1104597573699076096_twitter,13,offensive,1,"['Caucasian', 'Hispanic', 'African']","[4, 5, 6, 7, 8, 9, 10, 11, 12]",True,3,False,1,1,0.9999851
27002966_gab,49,normal,0,"['Homosexual', 'Women']",[],False,3,False,0,1,0.99397534
12122233_gab,43,hatespeech,1,"['Caucasian', 'Islam', 'Refugee']","[32, 33, 34, 35, 36, 6, 7, 9, 21, 22, 23, 24, 25, 26, 30, 31]",True,3,False,1,1,0.99956363
23834639_gab,30,offensive,1,"['Arab', 'Refugee']",[],False,3,False,1,0,0.00036964493
13660502_gab,34,hatespeech,1,"['Homosexual', 'African', 'Islam', 'Jewish']","[9, 10, 11, 19, 29]",True,3,True,1,1,0.99998176
18208498_gab,9,offensive,1,['Women'],"[4, 5]",True,3,False,1,1,0.99961483
23639400_gab,10,offensive,1,['African'],"[0, 1, 2, 3, 4, 5, 6, 7, 8, 9]",True,3,False,1,0,0.0065258956
18005714_gab,8,hatespeech,1,"['Homosexual', 'African']","[6, 7]",True,3,True,1,1,0.9999839
11457099_gab,48,hatespeech,1,"['Hispanic', 'Arab', 'Islam', 'Refugee']","[4, 5, 7, 9, 10, 23, 24, 25, 26, 27, 29, 30, 31, 32, 34, 36, 39, 40, 41, 43, 44, 45, 46, 47]",True,3,False,1,0,0.0019841327
1167241810827067393_twitter,7,normal,0,['Homosexual'],[],False,3,True,0,0,0.0067135035
12835812_gab,28,normal,0,"['Homosexual', 'Men']",[],False,3,True,0,0,0.023502292
11097435_gab,26,hatespeech,1,"['Arab', 'Islam']","[5, 6, 7, 17, 18, 19, 20, 21, 22, 23, 24, 25]",True,3,False,1,1,0.9999752
22933064_gab,38,hatespeech,1,"['Arab', 'African']","[32, 31]",True,3,False,1,1,0.99998295
1115775544858116096_twitter,21,offensive,1,['Homosexual'],"[17, 18]",True,3,False,1,1,0.9998863
25722408_gab,6,hatespeech,1,['African'],[5],True,3,False,1,1,0.999782
23627866_gab,15,hatespeech,1,"['Arab', 'Islam', 'Jewish']","[0, 1, 2, 3, 4, 5, 6, 7, 8, 9, 10, 11, 12, 13, 14]",True,3,False,1,1,0.9999821
13363438_gab,13,hatespeech,1,['Islam'],"[9, 10, 11]",True,3,True,1,1,0.9999888
11830222_gab,26,normal,0,['Jewish'],[],False,3,False,0,1,0.9632968
1179093277372538882_twitter,16,normal,0,"['Caucasian', 'African']",[],False,3,False,0,0,0.0016673051
20330024_gab,8,hatespeech,1,['African'],[4],True,3,True,1,1,0.9999448
2668582_gab,31,offensive,1,"['Refugee', 'Other']","[0, 1, 2, 3, 4, 5, 6, 7, 8, 9, 10, 11, 12, 13, 14, 15, 16, 17, 18, 19, 20, 21, 22, 23, 24, 25, 26, 29]",True,3,True,1,1,0.99998283
1179006899112558592_twitter,48,normal,0,[],[],False,3,True,0,0,7.5166695e-06
23836265_gab,22,offensive,1,['Hispanic'],[16],True,3,False,1,1,0.9999882
1196484464752447488_twitter,9,normal,0,['Other'],[],False,3,True,0,0,1.9533969e-05
26405096_gab,44,hatespeech,1,"['Arab', 'Islam', 'Asian']","[34, 21, 22, 23, 24]",True,3,True,1,1,0.9999776
1179094468420497408_twitter,14,normal,0,['Homosexual'],[],False,3,True,0,0,0.012066119
6380103_gab,48,normal,0,"['Arab', 'Islam']",[],False,3,False,0,1,0.9999471
6951192_gab,51,offensive,1,"['Men', 'Jewish', 'Other', 'Women']","[24, 25, 26, 27, 28, 29, 30, 31, 32, 33, 34, 35, 36, 37, 38, 39, 40, 41, 42, 43, 44, 45, 46, 47, 48, 49, 50]",True,3,True,1,1,0.9999888
24622146_gab,30,normal,0,[],[],False,3,True,0,1,0.99994934
1179105542783950848_twitter,25,normal,0,[],[],False,3,True,0,0,0.00015895555
1179028587485241344_twitter,30,normal,0,[],[],False,3,True,0,0,0.00010497653
1178858305751584768_twitter,6,normal,0,['Men'],[],False,3,True,0,0,0.00017208287
12583730_gab,50,normal,0,"['Caucasian', 'Hispanic', 'African']",[],False,3,False,0,1,0.99998
23303567_gab,25,hatespeech,1,['Arab'],[2],True,3,False,1,1,0.9999869
1255965773035474944_twitter,6,normal,0,"['Men', 'Women']",[],False,3,False,0,1,0.7702457
1178636923113529345_twitter,12,normal,0,[],[],False,3,True,0,0,1.170358e-05
1117130997126950919_twitter,20,offensive,1,"['Arab', 'Islam']","[5, 6, 7, 12, 13, 14, 15]",True,3,True,1,1,0.9796053
1270444314691280903_twitter,11,normal,0,[],[],False,3,False,0,0,0.0005820814
1179077514401992704_twitter,18,normal,0,[],[],False,3,True,0,1,0.99725443
1179103697495830534_twitter,10,hatespeech,1,"['Economic', 'Caucasian']","[5, 6]",True,3,False,1,1,0.99970144
17363428_gab,18,hatespeech,1,"['African', 'Islam', 'Jewish', 'Women']","[0, 1, 2, 3, 4, 5, 6, 7]",True,3,True,1,1,0.99997663
21587405_gab,49,normal,0,"['Men', 'Islam']",[],False,3,True,0,0,0.24441841
20997121_gab,38,offensive,1,"['Christian', 'Women']","[33, 34, 35, 36, 37, 7, 8, 9]",True,3,True,1,1,0.99994135
26444713_gab,17,hatespeech,1,['Islam'],"[0, 1, 2, 3, 4, 5, 6, 7, 8, 9]",True,3,True,1,1,0.99998844
1178501413346906113_twitter,30,offensive,1,"['Homosexual', 'Caucasian']","[29, 6]",True,3,False,1,1,0.9999652
22803798_gab,28,normal,0,"['Caucasian', 'African', 'Men', 'Women']",[],False,3,False,0,1,0.99996936
23849528_gab,34,offensive,1,['Homosexual'],"[0, 1, 2, 3, 4, 5, 6, 7, 8, 9, 10, 11, 12, 13, 14, 15, 16, 17, 18, 19, 20, 21, 22, 23, 24, 25, 26, 27, 28, 29, 30, 31, 32, 33]",True,3,True,1,0,1.5807746e-05
1203520636217372672_twitter,25,normal,0,"['Men', 'Other']",[],False,3,False,0,0,0.0017003241
1109465612970065921_twitter,23,normal,0,['Other'],[],False,3,False,0,1,0.9119994
21738647_gab,23,hatespeech,1,"['African', 'Women']",[14],True,3,False,1,1,0.99997246
1178907261047050240_twitter,16,normal,0,[],[],False,3,True,0,1,0.994601
11911426_gab,23,normal,0,"['Caucasian', 'Men', 'Women']",[],False,3,True,0,1,0.65593344
20987949_gab,49,offensive,1,"['Arab', 'Islam']",[],False,3,False,1,1,0.9999684
16909704_gab,11,hatespeech,1,"['African', 'Arab', 'Indigenous', 'Women']","[2, 3, 6, 7, 8, 9, 10]",True,3,False,1,1,0.9999778
15353029_gab,12,hatespeech,1,['Islam'],"[8, 9, 10]",True,3,False,1,1,0.9999845
24720704_gab,42,offensive,1,"['Homosexual', 'Other', 'Women']","[0, 1, 2, 3, 4, 5, 6, 7, 8, 9, 10, 11, 12, 13, 14, 15, 16, 17, 18, 19, 20, 21, 22, 23, 24, 25, 26, 27, 28, 29, 30, 31, 32, 33, 34, 35, 36, 37, 38, 39, 40, 41]",True,3,False,1,1,0.99994075
1162739972048379905_twitter,12,normal,0,"['Hispanic', 'Other']",[],False,3,False,0,0,1.561493e-05
24367358_gab,35,hatespeech,1,['African'],"[0, 1, 2, 3, 4, 5, 6, 7, 8, 9, 10, 11, 12, 13, 14, 15, 16, 17, 18, 19, 20, 21, 22, 23, 24, 25, 26, 27, 28, 29, 30, 31, 32, 33, 34]",True,3,False,1,1,0.99998486
23986719_gab,14,offensive,1,['Islam'],"[3, 4, 5]",True,3,False,1,1,0.9999888
24656359_gab,24,hatespeech,1,"['Homosexual', 'Jewish']","[4, 5, 6, 7, 8, 9, 22, 23]",True,3,True,1,1,0.99999
5390438_gab,16,hatespeech,1,"['Homosexual', 'Men']","[0, 1, 2, 3, 4, 5, 6, 9, 10, 11, 12, 13]",True,3,False,1,1,0.9999758
1179087043168800770_twitter,16,normal,0,['Caucasian'],[],False,3,True,0,0,8.8648e-06
7897077_gab,33,offensive,1,['Islam'],"[5, 6, 7, 15, 22, 23, 24]",True,3,False,1,1,0.9999888
20662895_gab,19,hatespeech,1,['African'],[10],True,3,True,1,1,0.9999672
1179097295515787264_twitter,25,normal,0,['Homosexual'],[],False,3,True,0,1,0.6205011
8619413_gab,48,offensive,1,"['Hispanic', 'Men', 'Caucasian', 'Refugee', 'Women']","[0, 1, 2, 3, 4, 5, 6, 7, 8, 9, 10, 11, 12, 13, 14, 15, 16, 17, 18, 19, 20, 21, 22, 23, 24, 25, 26, 27, 28, 29, 30]",True,3,False,1,1,0.7745283
17311329_gab,6,hatespeech,1,['African'],"[3, 4, 5]",True,3,False,1,1,0.9999796
12089686_gab,36,offensive,1,"['Caucasian', 'Other']","[32, 33, 34, 35, 8, 24, 25, 26, 27, 28, 29, 30, 31]",True,3,False,1,1,0.9999809
11060280_gab,54,hatespeech,1,"['Islam', 'Refugee']","[2, 12, 13, 14, 15, 22, 31]",True,3,False,1,1,0.9999807
26308300_gab,36,hatespeech,1,"['Arab', 'Islam', 'Jewish', 'Other']","[6, 7, 8, 9, 10, 11, 12, 13, 14, 15, 16, 17, 18, 19, 20, 21, 22, 23, 24, 25, 26, 27, 28, 29, 30, 31, 32, 33, 34, 35]",True,3,True,1,1,0.99997616
11800347_gab,28,normal,0,"['Men', 'Women']",[],False,3,False,0,1,0.9999864
1178969630825684992_twitter,51,offensive,1,"['Refugee', 'Other']","[9, 10, 45, 46]",True,3,True,1,1,0.97673905
1179070386069295104_twitter,37,offensive,1,"['Caucasian', 'Women']","[4, 5, 6, 7, 8, 9, 24, 25]",True,3,False,1,0,0.030890318
20611837_gab,12,normal,0,[],[],False,3,True,0,1,0.9984487
22105931_gab,35,offensive,1,"['Arab', 'Islam', 'Indigenous']","[0, 1, 2, 3, 4, 5, 6, 7, 8, 9, 10, 11, 12, 13, 14, 15, 16, 17, 18, 19, 20, 21, 22, 23, 24, 25, 26, 27, 28, 29, 30, 31, 32, 33, 34]",True,3,False,1,1,0.9999691
3668050_gab,8,hatespeech,1,"['Arab', 'Other']",[5],True,3,False,1,1,0.9999566
26999037_gab,38,offensive,1,"['Islam', 'Other']","[5, 6, 7]",True,3,True,1,1,0.98186696
1179104070264659973_twitter,5,normal,0,[],[],False,3,True,0,0,0.04576262
1179099313630113792_twitter,50,normal,0,[],[],False,3,True,0,0,1.1271715e-05
1178807964829810688_twitter,16,offensive,1,"['Homosexual', 'Women']","[12, 13, 14, 15]",True,3,True,1,0,0.0004977685
1178615990491504641_twitter,23,offensive,1,"['Homosexual', 'Women']",[6],True,3,True,1,0,1.2297517e-05
8257903_gab,17,hatespeech,1,['Islam'],"[8, 9, 10, 11, 12, 13, 14, 15, 16]",True,3,False,1,1,0.9999838
8309957_gab,27,hatespeech,1,"['Hispanic', 'Women']","[19, 23]",True,3,False,1,1,0.9999689
1121823177611579393_twitter,5,normal,0,[],[],False,3,True,0,0,1.8511702e-05
6944990_gab,48,hatespeech,1,"['Arab', 'Islam', 'Women']","[7, 8, 9, 10, 11, 12, 13, 14, 15, 16, 17, 18, 19, 20, 21, 22, 23, 24, 25, 26, 27, 28, 29, 30, 31, 32, 33, 34, 35, 36, 37, 38, 39, 40, 41, 42, 43, 44, 45, 46, 47]",True,3,True,1,1,0.99999034
1179049273872154625_twitter,27,normal,0,[],[],False,3,True,0,0,7.0775066e-05
12585712_gab,40,offensive,1,"['African', 'Jewish']","[32, 33, 12]",True,3,True,1,1,0.9997074
25348202_gab,30,offensive,1,"['Arab', 'Refugee']","[0, 1, 2, 3, 4, 5, 6, 7, 8, 9, 10, 11, 12, 13, 14, 15, 16, 21, 22, 23, 24, 25, 26, 27, 28, 29]",True,3,False,1,1,0.9999852
1179102812875231232_twitter,19,normal,0,[],[],False,3,True,0,0,3.0041208e-05
1187881133570220035_twitter,3,normal,0,['Women'],[],False,3,False,0,1,0.9977169
23270267_gab,14,hatespeech,1,"['Hispanic', 'Arab', 'African']","[3, 4, 5, 6, 7, 8, 9, 10]",True,3,True,1,1,0.99998057
1458687_gab,24,offensive,1,['Other'],"[1, 2]",True,3,True,1,1,0.99977666
14042487_gab,11,hatespeech,1,"['African', 'Women']",[8],True,3,True,1,1,0.9999856
1178810649385811968_twitter,27,hatespeech,1,['African'],"[8, 9]",True,3,False,1,0,4.4774784e-05
1178671623324540928_twitter,35,hatespeech,1,['African'],"[32, 33, 34, 22, 23, 24, 25, 26, 27, 28, 29, 30, 31]",True,3,True,1,1,0.9994505
1110149041239789568_twitter,14,offensive,1,[],[13],True,3,False,1,0,0.025879337
1178749761555488775_twitter,28,normal,0,[],[],False,3,True,0,0,1.7198083e-05
1188753196484825091_twitter,5,offensive,1,['Women'],"[3, 4]",True,3,True,1,1,0.999546
13301563_gab,19,hatespeech,1,['African'],"[0, 1, 2, 3, 4, 5, 6, 7, 8, 9, 10, 11, 12, 13, 14, 15, 16, 17, 18]",True,3,True,1,1,0.9999893
15832101_gab,24,hatespeech,1,['Women'],"[5, 6, 8, 9, 10, 22]",True,3,False,1,1,0.9999714
23177633_gab,37,offensive,1,['Other'],"[32, 9, 20, 21, 22, 23, 24, 25, 26, 30, 31]",True,3,True,1,1,0.9021891
12382478_gab,43,normal,0,['Jewish'],[],False,3,False,0,0,9.383516e-05
9286720_gab,44,offensive,1,['Other'],"[5, 6, 10, 11, 12, 13]",True,3,False,1,1,0.99404633
1166073701361541120_twitter,9,normal,0,[],[],False,3,True,0,0,0.00018016793
16495970_gab,34,hatespeech,1,"['African', 'Women']","[32, 3, 4, 5, 6, 7, 26, 27, 28, 29, 30, 31]",True,3,True,1,1,0.9999676
1179005332619743233_twitter,46,normal,0,[],[],False,3,True,0,0,1.6999213e-05
5032664_gab,25,offensive,1,"['Arab', 'Islam', 'African']","[8, 6, 7]",True,3,False,1,0,4.0550778e-05
1107038725773627393_twitter,6,offensive,1,"['Homosexual', 'Other']",[5],True,3,False,1,0,0.0011845068
1179092448485638144_twitter,49,normal,0,[],[],False,3,True,0,0,2.9441078e-05
1232423614416347136_twitter,24,offensive,1,['Other'],[4],True,3,False,1,0,0.072606556
1197583994612678658_twitter,9,normal,0,['Women'],[],False,3,False,0,0,0.06653992
1079696464249528320_twitter,10,normal,0,['Homosexual'],[],False,3,True,0,0,0.00019993301
1178628912663805957_twitter,15,offensive,1,['Homosexual'],"[11, 12]",True,3,False,1,1,0.9992716
17696622_gab,44,hatespeech,1,['Other'],"[15, 16, 17, 18, 19, 20, 22, 23, 24, 25, 26, 27, 28, 29, 30, 31, 32, 33, 34, 35, 36, 37]",True,3,True,1,1,0.9998628
1179017667287621633_twitter,17,normal,0,[],[],False,3,True,0,1,0.99996126
15265327_gab,25,hatespeech,1,['Homosexual'],"[0, 1, 17, 18, 19, 20, 21, 22, 23, 24]",True,3,False,1,1,0.9999857
26532368_gab,5,normal,0,['Islam'],[],False,3,True,0,0,0.005513497
1179097432799563776_twitter,20,offensive,1,['Women'],"[1, 2, 3, 4, 5, 6, 7, 8, 9, 10, 11, 12, 13, 14, 15, 16]",True,3,False,1,1,0.6155223
22787853_gab,25,hatespeech,1,['African'],"[16, 17, 18, 19, 20, 21, 22, 23, 24]",True,3,True,1,1,0.99998724
10706529_gab,47,hatespeech,1,['African'],"[41, 42]",True,3,False,1,1,0.9999764
8988938_gab,17,offensive,1,"['Homosexual', 'Men', 'Other']","[0, 1, 2, 3, 4, 5, 6, 7, 8, 9, 10, 11, 12, 13, 14, 15, 16]",True,3,True,1,0,0.41743687
25460998_gab,26,hatespeech,1,"['Caucasian', 'Jewish']","[0, 1, 2, 3, 4, 5, 6, 7, 8, 9, 10, 11, 12, 13, 14, 15, 16, 17, 18, 19, 20, 21, 22, 23]",True,3,True,1,1,0.99999046
14603390_gab,51,offensive,1,"['Homosexual', 'Men', 'Women']","[32, 41, 10, 11, 12, 42, 43, 44, 45, 46, 47, 48, 49, 50, 31]",True,3,False,1,1,0.999579
13950843_gab,43,hatespeech,1,['African'],"[40, 41]",True,3,True,1,1,0.99998724
11258511_gab,8,hatespeech,1,['African'],[4],True,3,True,1,1,0.9983735
1179074942177955840_twitter,20,normal,0,['African'],[],False,3,False,0,1,0.9999168
1221530327463542784_twitter,14,offensive,1,"['Arab', 'Islam']","[9, 10, 11, 6]",True,3,False,1,1,0.9883791
23611842_gab,53,hatespeech,1,"['Arab', 'Islam']","[11, 12, 13, 14, 15, 16, 17, 18, 49, 22, 23, 24]",True,3,True,1,1,0.99999034
14802936_gab,29,normal,0,[],[],False,3,True,0,0,0.001222535
1179028372413980674_twitter,5,hatespeech,1,"['Arab', 'Islam']","[1, 2, 3, 4]",True,3,False,1,1,0.9999789
1178768009504202752_twitter,29,normal,0,['Islam'],[],False,3,False,0,0,2.0672473e-05
1178901769683898370_twitter,13,offensive,1,['Asian'],"[11, 12, 7]",True,3,False,1,0,0.00035581918
1178784129867010049_twitter,14,offensive,1,"['Economic', 'Caucasian', 'Other']","[8, 9, 7]",True,3,False,1,1,0.7984354
26269323_gab,27,hatespeech,1,"['Jewish', 'Homosexual', 'Caucasian', 'African', 'Women']","[9, 10, 11, 12, 13, 14, 15, 16, 17, 18, 19, 20, 21, 22, 23]",True,3,True,1,1,0.99998915
12671512_gab,54,offensive,1,"['Homosexual', 'Heterosexual']","[38, 39, 40, 41, 42, 43, 44, 45, 46, 47, 48]",True,3,False,1,0,0.019683626
10136631_gab,4,hatespeech,1,['Islam'],[1],True,3,True,1,1,0.9982017
1261133642094518272_twitter,20,normal,0,['Other'],[],False,3,True,0,0,1.4660255e-05
1188868820854808581_twitter,30,offensive,1,['Women'],[19],True,3,True,1,1,0.5482071
21037896_gab,6,hatespeech,1,['Jewish'],"[4, 5]",True,3,True,1,1,0.99998415
27716611_gab,11,normal,0,['Jewish'],[],False,3,False,0,1,0.9999349
1179095017647853568_twitter,29,normal,0,[],[],False,3,True,0,0,6.172613e-05
1191683098166972417_twitter,7,hatespeech,1,['Islam'],[],False,3,False,1,0,3.5568228e-05
8089998_gab,50,normal,0,"['Other', 'Women']",[],False,3,False,0,0,9.365815e-05
15465826_gab,46,hatespeech,1,['Jewish'],"[12, 45, 7]",True,3,False,1,1,0.99998593
1111022706370072576_twitter,22,offensive,1,['Other'],"[16, 13, 14, 15]",True,3,False,1,0,1.971658e-05
1170440965888335874_twitter,13,normal,0,[],[],False,3,True,0,0,8.479786e-05
20768601_gab,14,hatespeech,1,"['Caucasian', 'African']","[8, 9, 5, 6]",True,3,False,1,1,0.9999304
1213776107931078656_twitter,10,offensive,1,['Other'],[8],True,3,True,1,1,0.9748853
22513839_gab,14,hatespeech,1,"['Islam', 'Other']","[5, 6, 7, 8, 9]",True,3,True,1,1,0.9999876
1233548077958598656_twitter,16,normal,0,"['Homosexual', 'Other']",[],False,3,True,0,1,0.9999522
27287769_gab,9,hatespeech,1,"['Islam', 'Asian']",[4],True,3,False,1,1,0.9999838
27577042_gab,39,hatespeech,1,"['African', 'Women']","[8, 6, 7]",True,3,False,1,1,0.9999709
1252628302436560898_twitter,15,offensive,1,['Islam'],"[5, 6, 7, 8, 9, 10, 11, 12, 13, 14]",True,3,False,1,0,0.00012693455
1178847092770426880_twitter,7,normal,0,['Homosexual'],[],False,3,False,0,1,0.9964682
1179089848478470144_twitter,20,offensive,1,"['Caucasian', 'Women']","[4, 5, 6, 17, 18, 19]",True,3,True,1,0,0.0027741299
1083439373629063168_twitter,16,offensive,1,['Refugee'],"[2, 3, 4, 5, 6, 7, 8]",True,3,False,1,0,2.1656322e-05
1090415029655166976_twitter,7,normal,0,['Homosexual'],[],False,3,False,0,0,0.03756826
1207712192935579649_twitter,18,normal,0,['Asian'],[],False,3,True,0,0,6.6297376e-05
1179048325254799361_twitter,31,normal,0,['Refugee'],[],False,3,False,0,0,1.0496908e-05
1178339264163041280_twitter,42,normal,0,[],[],False,3,True,0,0,5.247748e-05
1082026341988515840_twitter,17,normal,0,['Refugee'],[],False,3,False,0,0,6.5643486e-05
1117054098774339584_twitter,18,normal,0,[],[],False,3,True,0,0,0.00028911539
1499271_gab,17,offensive,1,"['Islam', 'Men', 'Refugee', 'Women', 'Arab']",[],False,3,False,1,1,0.9999831
1871171_gab,21,offensive,1,"['Arab', 'Islam', 'Other']",[],False,3,False,1,1,0.9999858
25926393_gab,44,normal,0,['Arab'],[],False,3,False,0,1,0.6283531
5972464_gab,18,offensive,1,['Women'],"[3, 4, 5, 11, 12, 13, 14, 15, 16, 17]",True,3,False,1,1,0.9998361
1160427555809157121_twitter,25,normal,0,['Islam'],[],False,3,True,0,0,0.0030140397
1179103199871021057_twitter,27,normal,0,['Women'],[],False,3,True,0,0,0.0036379031
4767177_gab,46,hatespeech,1,"['Homosexual', 'Islam', 'Other', 'Women']","[1, 2, 3, 4, 5, 11, 12, 13, 14, 15, 16, 17, 18, 19, 23, 24, 25, 26, 27, 28, 29, 30, 31, 39, 40, 41, 42, 45]",True,3,False,1,1,0.99999046
13476762_gab,47,hatespeech,1,"['Arab', 'Islam', 'Men', 'Women']",[],False,3,False,1,1,0.9999882
1179101172625358848_twitter,11,normal,0,[],[],False,3,True,0,0,0.00013543967
25586372_gab,36,hatespeech,1,"['African', 'Other']","[0, 1, 2, 3, 4, 5, 6, 7, 8, 9, 10, 11, 12, 13, 14, 15, 16, 17, 18, 19, 20, 21, 22, 23, 24, 25, 26, 27, 28, 29, 30, 31, 32, 33, 34, 35]",True,3,False,1,1,0.9999888
1178717025541197824_twitter,45,normal,0,[],[],False,3,True,0,1,0.99860495
1178749736221908993_twitter,47,normal,0,['African'],[],False,3,True,0,1,0.9999858
1179056000449445888_twitter,8,offensive,1,['Asian'],"[2, 3, 4, 5]",True,3,False,1,1,0.9999232
1182614622857089024_twitter,20,normal,0,['Hispanic'],[],False,3,False,0,1,0.9999808
1242193717131239424_twitter,12,offensive,1,"['Caucasian', 'Jewish']","[0, 1, 2, 3, 4, 5, 6, 7, 8, 9, 10, 11]",True,3,False,1,0,0.003995366
1179082312123916292_twitter,28,hatespeech,1,"['Disability', 'Other']",[15],True,3,False,1,0,4.3747346e-05
25945815_gab,37,hatespeech,1,"['Hispanic', 'African', 'Other', 'Women']","[4, 5, 6, 7, 8, 9, 10, 11, 12, 13, 14, 15, 27, 28, 29, 30, 31, 32, 33, 34, 35, 36]",True,3,True,1,1,0.9999908
1179098993600745472_twitter,4,hatespeech,1,['Disability'],"[2, 3]",True,3,False,1,1,0.99998474
1078537230505758720_twitter,8,normal,0,['Asian'],[],False,3,True,0,0,2.3868633e-05
5387548_gab,30,hatespeech,1,"['Islam', 'Refugee']","[11, 12, 13, 14, 15, 16, 17, 29]",True,3,False,1,1,0.99977463
1122558074168983552_twitter,5,hatespeech,1,['Other'],"[2, 3, 4]",True,3,True,1,0,0.074841395
6643288_gab,32,hatespeech,1,['Islam'],[],False,3,False,1,1,0.9999541
15275145_gab,47,hatespeech,1,"['African', 'Women']","[2, 3, 4, 7, 42, 20, 21, 25, 26, 27, 28]",True,3,False,1,1,0.9999641
20088305_gab,38,normal,0,[],[],False,3,True,0,1,0.99997663
1145961984325799936_twitter,28,normal,0,[],[],False,3,True,0,0,2.5729534e-05
1178825113115848706_twitter,13,normal,0,['Caucasian'],[],False,3,False,0,0,0.0005903885
27371743_gab,35,offensive,1,"['African', 'Arab', 'Other']","[5, 6, 7, 8, 9, 10, 11, 12, 13, 14, 15, 16, 17, 18, 19, 20, 21, 22, 23, 24, 25, 26, 27, 28]",True,3,False,1,0,1.7928109e-05
1267525883017007105_twitter,23,normal,0,"['Caucasian', 'Other']",[],False,3,False,0,0,1.559682e-05
1179099770230640640_twitter,5,normal,0,[],[],False,3,True,0,1,0.99504244
27646911_gab,47,hatespeech,1,"['Homosexual', 'Arab', 'Islam']","[0, 1, 2, 3, 4, 5, 6, 7, 8, 9, 10, 11, 12, 13, 14, 15, 16, 17, 18, 19, 20, 21, 22, 23, 24, 25, 26, 27, 28, 29, 30, 31, 32, 33, 34, 35, 36, 37, 38, 39, 40, 41, 42, 43, 44, 45, 46]",True,3,True,1,1,0.99998033
1195925569562693632_twitter,6,offensive,1,['Other'],[5],True,3,False,1,1,0.99981934
9000541_gab,13,offensive,1,['Islam'],[3],True,3,True,1,1,0.999984
1081447364441792512_twitter,4,normal,0,[],[],False,3,True,0,0,1.9329056e-05
1077287262709108736_twitter,20,offensive,1,"['Caucasian', 'Other']","[5, 6, 7, 8, 9, 14, 15, 16, 17, 18]",True,3,True,1,1,0.9999881
15788483_gab,33,hatespeech,1,"['Nonreligious', 'African', 'Heterosexual', 'Women', 'Minority', 'Other']","[2, 21]",True,3,True,1,1,0.99998534
1260224048543469568_twitter,14,offensive,1,['Jewish'],"[13, 3, 4, 12]",True,3,True,1,1,0.9999888
1179065250827702272_twitter,10,normal,0,[],[],False,3,True,0,0,0.00031835173
1178981359991349248_twitter,9,hatespeech,1,['Homosexual'],"[0, 1, 2, 3, 4, 5]",True,3,True,1,1,0.9997868
14796695_gab,13,hatespeech,1,"['Homosexual', 'African']",[12],True,3,False,1,1,0.9999902
1251952054773231616_twitter,13,offensive,1,['Women'],[6],True,3,True,1,0,0.0022476066
1179071841375117312_twitter,50,offensive,1,"['Homosexual', 'African', 'Jewish']","[1, 2, 3, 4, 5, 6, 7, 8, 9, 10, 11, 12, 13, 14, 15, 16, 17, 18, 19, 20, 21, 22, 23, 24, 25, 26, 27, 28, 29, 30, 31, 32, 33, 34, 35, 36, 37, 38, 39, 40, 41, 42, 43, 44, 45, 46, 47, 48]",True,3,False,1,0,0.0017719629
1179054822462574592_twitter,35,normal,0,['Women'],[],False,3,False,0,0,0.00018599241
25423119_gab,27,hatespeech,1,['Asian'],"[13, 14]",True,3,False,1,1,0.9999734
21022360_gab,18,normal,0,['Women'],[],False,3,False,0,0,6.9618036e-05
14606703_gab,16,hatespeech,1,"['Jewish', 'Women']","[5, 6, 9, 10, 11, 12, 13, 14, 15]",True,3,True,1,1,0.9999682
1178994123669413888_twitter,51,normal,0,[],[],False,3,True,0,0,1.2268549e-05
19285275_gab,26,hatespeech,1,"['Homosexual', 'African']","[20, 22, 23, 24, 25]",True,3,True,1,1,0.99993336
7984771_gab,51,normal,0,[],[],False,3,True,0,0,4.946631e-05
1207554952685637633_twitter,26,offensive,1,['Islam'],"[4, 5, 6, 7, 8, 9, 10, 11, 12, 13, 14, 15, 16, 17, 18, 19, 20, 21]",True,3,False,1,0,0.00019578874
1178954464440590336_twitter,11,hatespeech,1,['African'],[8],True,3,False,1,1,0.99994636
19712303_gab,24,hatespeech,1,"['African', 'Islam']","[0, 1, 2, 3, 4, 5, 6, 7, 8, 9, 10, 11, 12, 13, 14, 15, 16, 17, 18, 19, 20, 21, 22, 23]",True,3,True,1,1,0.9999906
18170378_gab,32,offensive,1,['Other'],"[18, 19]",True,3,True,1,1,0.9999858
1178905976600170496_twitter,37,offensive,1,['Caucasian'],"[32, 33, 34, 35, 24, 25, 26, 27, 28]",True,3,True,1,0,3.5287336e-05
1178319561231360000_twitter,15,normal,0,"['Caucasian', 'Asian']",[],False,3,True,0,0,1.32642e-05
20581944_gab,16,offensive,1,['Homosexual'],"[4, 5, 6, 12, 13, 14, 15]",True,3,False,1,1,0.99962664
1214857353398493184_twitter,12,offensive,1,"['Homosexual', 'Women']","[6, 7, 8, 9, 10, 11]",True,3,False,1,0,7.975465e-05
8686222_gab,49,offensive,1,"['African', 'Men', 'Women']","[0, 1, 2, 3, 4, 5, 6, 7, 8, 9, 10, 11, 12, 13, 14, 15, 16, 17, 18, 19, 20, 21, 22, 23, 24, 25, 26, 27, 28, 29, 30, 31, 32, 33, 34, 35, 36, 37, 38, 39, 40, 41, 42, 43, 44, 45, 46, 47, 48]",True,3,False,1,1,0.99997556
1179076600261943301_twitter,24,normal,0,[],[],False,3,True,0,0,7.4245013e-06
14362769_gab,20,offensive,1,"['African', 'Women']","[14, 15, 16, 17, 18, 19]",True,3,False,1,1,0.9999739
7458007_gab,51,hatespeech,1,"['Islam', 'Refugee']","[0, 1, 2, 3, 4, 5, 6, 7, 8, 9, 10, 11, 12, 13, 14, 15, 16, 17, 18, 19, 20, 21, 22, 23, 24, 25, 26, 27, 28, 29, 30, 31, 32, 33, 34, 35, 36, 37, 38, 40, 41, 42, 43, 44, 45, 46, 47, 48, 49, 50]",True,3,False,1,1,0.9999893
1179095674622746631_twitter,15,normal,0,[],[],False,3,True,0,0,0.0001411278
1179093281692700672_twitter,36,normal,0,[],[],False,3,True,0,1,0.99955934
23192371_gab,45,hatespeech,1,"['Hispanic', 'African', 'Minority', 'Jewish']","[12, 13, 14, 15, 16, 17]",True,3,True,1,1,0.99998736
19109835_gab,14,offensive,1,['Jewish'],"[4, 10, 11, 12, 13]",True,3,False,1,1,0.99992895
10768418_gab,33,offensive,1,"['Hispanic', 'Caucasian', 'Homosexual']","[32, 4, 27, 28, 29, 30, 31]",True,3,True,1,1,0.9999769
1179029822712029185_twitter,43,normal,0,[],[],False,3,True,0,0,0.00027435343
2911030_gab,42,hatespeech,1,['Islam'],"[8, 9, 10, 11, 12, 13, 14, 15, 16, 17, 18, 19, 20, 21, 22, 23, 24, 25, 26, 27, 28, 29, 30, 31, 32, 33]",True,3,True,1,1,0.9999565
1103664429156257792_twitter,7,normal,0,[],[],False,3,True,0,1,0.9999778
27911126_gab,22,hatespeech,1,"['Homosexual', 'Hispanic']","[0, 1, 2, 3, 4, 5, 6, 7, 8, 9, 10, 11, 12, 13, 14, 15, 16, 17]",True,3,True,1,0,0.27460897
15036536_gab,12,hatespeech,1,['Jewish'],"[9, 10]",True,3,True,1,1,0.99998164
1206338394785230848_twitter,5,offensive,1,['African'],"[0, 1, 2, 3, 4]",True,3,False,1,1,0.99997747
20165768_gab,28,offensive,1,"['Caucasian', 'African', 'Other']","[0, 1, 2, 3, 4, 5, 6, 7, 8, 9, 10, 11, 12, 13, 14, 15, 16, 17, 18, 19, 20, 21, 22, 23, 24, 25, 26, 27]",True,3,False,1,1,0.9999831
22071691_gab,36,normal,0,"['Men', 'Islam', 'Women']",[],False,3,False,0,1,0.9995926
20079767_gab,4,hatespeech,1,"['African', 'Men', 'Jewish', 'Women']","[0, 1, 2, 3]",True,3,True,1,1,0.99998736
1179039577777983488_twitter,31,normal,0,[],[],False,3,True,0,0,0.00093524234
22404789_gab,11,hatespeech,1,"['Jewish', 'Women']","[8, 9, 10]",True,3,True,1,1,0.9999877
10404819_gab,6,offensive,1,"['Homosexual', 'Islam']","[0, 1, 2, 3, 4, 5]",True,3,False,1,1,0.999987
23840294_gab,29,offensive,1,"['Hispanic', 'Jewish', 'African', 'Asian', 'Arab', 'Other']","[0, 1, 2, 3, 4, 5, 6, 7, 8, 9, 10, 11, 12, 13, 14, 15, 16, 17, 18, 19, 20, 21, 22, 23, 24, 25, 26, 27, 28]",True,3,False,1,1,0.9999356
1179065134767058945_twitter,9,normal,0,[],[],False,3,True,0,0,0.13900673
4216780_gab,43,offensive,1,"['Hispanic', 'Caucasian', 'African', 'Asian', 'Arab', 'Indigenous']","[2, 3, 4, 5, 6, 7, 8, 9, 10, 11, 12, 13, 14, 15, 16, 17, 18, 19, 20, 21, 22, 23, 24, 25, 26, 27, 28, 29]",True,3,False,1,1,0.96193147
1178924581886812160_twitter,17,hatespeech,1,['African'],[8],True,3,False,1,1,0.9999666
1142565348874452992_twitter,21,normal,0,['Other'],[],False,3,False,0,0,1.2423386e-05
9354339_gab,45,hatespeech,1,"['African', 'Men', 'Jewish', 'Women']","[0, 1, 2, 3, 4, 5, 6, 7, 8, 9, 10, 11, 12, 13, 14, 15, 16, 17, 18, 19, 20, 21, 22, 23, 24, 25, 26, 27, 28, 29, 30, 31, 32, 33, 34, 35, 36, 37, 38, 39, 40, 41, 42, 43, 44]",True,3,False,1,1,0.9999889
11293781_gab,26,offensive,1,['Homosexual'],"[14, 15, 16, 18, 19, 20, 21]",True,3,True,1,1,0.9997482
1263617714444173313_twitter,21,offensive,1,['Other'],"[1, 2, 3, 4, 5, 6, 7, 8, 9, 10, 11, 12, 13, 14, 15, 16, 17, 18, 19, 20]",True,3,True,1,1,0.99999213
11205507_gab,13,offensive,1,['Other'],"[5, 6, 10, 11, 12]",True,3,True,1,1,0.7269892
1179103900579848195_twitter,15,normal,0,['Women'],[],False,3,True,0,0,4.090109e-05
15524540_gab,36,normal,0,"['Refugee', 'Other']",[],False,3,False,0,1,0.97295266
6099031_gab,31,offensive,1,['Refugee'],[],False,3,False,1,0,0.00044054622
21935940_gab,20,hatespeech,1,"['Men', 'Jewish']","[3, 4, 5, 6, 7, 8]",True,3,True,1,1,0.99998665
1122625380182102018_twitter,5,normal,0,[],[],False,3,True,0,0,0.0003920448
1178790620896354310_twitter,13,hatespeech,1,['African'],[5],True,3,True,1,1,0.9999757
14391951_gab,50,hatespeech,1,['Homosexual'],"[4, 5, 6, 7, 8, 9, 10, 11, 12, 13, 14, 15, 16, 17, 18, 19, 20, 21, 22, 23, 24, 25, 26, 27, 28, 29, 30, 31, 32, 33, 34, 35, 36, 37, 38, 39, 40, 41, 42, 43, 44, 45, 46, 47, 48, 49]",True,3,False,1,0,0.000112269525
15479076_gab,12,hatespeech,1,"['Caucasian', 'African']","[10, 5]",True,3,True,1,1,0.9999727
6974019_gab,33,normal,0,['Homosexual'],[],False,3,False,0,0,2.8297449e-05
2694325_gab,6,hatespeech,1,"['Jewish', 'Asian']","[4, 5]",True,3,False,1,1,0.9998944
7514897_gab,29,offensive,1,"['African', 'Other', 'Women']",[],False,3,False,1,1,0.99997675
1241806849265016833_twitter,23,offensive,1,['Homosexual'],"[0, 1, 2, 3, 4, 5, 6, 7, 8, 9, 10, 11, 12, 13, 14, 15, 16, 17, 18, 19, 20, 21, 22]",True,3,False,1,1,0.9999684
14904432_gab,30,hatespeech,1,['Arab'],"[21, 5, 22]",True,3,True,1,1,0.9999856
1258177370793684993_twitter,15,offensive,1,['Homosexual'],"[11, 12, 13, 14]",True,3,False,1,0,3.7116984e-05
1179099533969485824_twitter,14,normal,0,"['Caucasian', 'Other']",[],False,3,True,0,0,6.896947e-05
1179105222980825088_twitter,41,normal,0,[],[],False,3,True,0,0,0.0014698788
6216374_gab,4,offensive,1,['Women'],"[0, 1, 2, 3]",True,3,False,1,1,0.569005
1165322295969107969_twitter,22,normal,0,[],[],False,3,True,0,0,0.32724717
1862631_gab,33,normal,0,['Other'],[],False,3,True,0,0,0.38341597
1178294845783199745_twitter,21,normal,0,[],[],False,3,True,0,1,0.9997539
8286893_gab,47,normal,0,['Homosexual'],[],False,3,False,0,1,0.55396354
23752570_gab,18,hatespeech,1,"['African', 'Arab', 'Jewish']","[0, 1, 2, 3, 4, 5, 6, 7, 8, 9, 10, 11, 12, 13, 14, 15, 16, 17]",True,3,False,1,1,0.9999826
1179055948293427200_twitter,9,offensive,1,"['Indigenous', 'Refugee', 'Women']","[0, 1, 2, 3, 4, 5, 6, 7, 8]",True,3,False,1,1,0.99708146
1228700650499784704_twitter,7,normal,0,"['Homosexual', 'Other']",[],False,3,False,0,1,0.9949647
1275269683772522496_twitter,9,normal,0,['Women'],[],False,3,True,0,0,0.00038922075
1178353238342455296_twitter,23,offensive,1,"['Homosexual', 'Men', 'Bisexual', 'African', 'Women']","[9, 4, 7]",True,3,False,1,1,0.9999397
13277342_gab,45,hatespeech,1,['African'],"[32, 4, 5, 37, 6, 8, 7, 30, 31]",True,3,True,1,1,0.99996114
27551077_gab,39,hatespeech,1,"['Jewish', 'Refugee', 'Other']","[0, 1, 2, 3, 4, 5, 6, 7, 8, 9, 10, 11, 12, 13, 14, 15, 16, 17, 18, 19, 20, 21, 22, 23, 24, 25, 26, 27, 28, 29, 30, 31, 32, 33, 34, 35, 36, 37, 38]",True,3,True,1,1,0.9999821
19770618_gab,22,hatespeech,1,"['Arab', 'Islam']",[3],True,3,True,1,0,0.000313145
3436038_gab,19,offensive,1,"['Homosexual', 'Other', 'Women']","[1, 2, 3, 4, 5, 6, 7, 8, 9, 10, 11, 12, 13, 14, 15, 16, 17, 18]",True,3,False,1,1,0.9786798
26806929_gab,39,hatespeech,1,"['Arab', 'Refugee']","[1, 2, 3, 4, 5, 6, 7, 8, 9, 10, 11, 12, 13, 14, 15, 16, 17, 18, 19, 20, 21, 22, 23, 24, 25, 26, 27, 28, 29, 30, 31, 32, 33, 34, 35, 36, 37, 38]",True,3,True,1,1,0.9999275
1179097500042584064_twitter,5,offensive,1,['Women'],"[2, 3, 4]",True,3,True,1,1,0.99911076
24136186_gab,25,normal,0,['Other'],[],False,3,False,0,0,1.9274072e-05
1179104377409327104_twitter,28,normal,0,"['African', 'Men', 'Women']",[],False,3,False,0,0,0.0009762755
1241072483442266116_twitter,26,normal,0,"['Other', 'Women']",[],False,3,False,0,0,4.5491823e-05
1178614730564538368_twitter,9,hatespeech,1,"['African', 'Minority']","[8, 7]",True,3,True,1,1,0.99997663
1178836265153769479_twitter,20,normal,0,[],[],False,3,True,0,0,5.6817953e-05
1160890833463336961_twitter,3,normal,0,[],[],False,3,True,0,1,0.99985874
15268771_gab,25,offensive,1,"['Homosexual', 'Women']","[8, 9, 10, 7]",True,3,False,1,1,0.9998802
14392896_gab,11,hatespeech,1,['Islam'],"[0, 2, 3, 8, 9, 10]",True,3,True,1,1,0.99998856
1178173344564146179_twitter,5,hatespeech,1,['Asian'],"[3, 4]",True,3,True,1,1,0.9999652
22026236_gab,34,offensive,1,"['Homosexual', 'Women']","[32, 1, 33, 8, 9, 14, 15, 21, 22, 23, 31]",True,3,False,1,1,0.9999896
1106436721477148672_twitter,12,offensive,1,['Jewish'],"[4, 5, 6, 7, 8, 9, 10]",True,3,False,1,1,0.9999629
1188148902119301121_twitter,19,offensive,1,"['African', 'Women']","[9, 2]",True,3,True,1,1,0.9999534
1178822728511606786_twitter,17,normal,0,[],[],False,3,True,0,0,2.5545385e-05
25212387_gab,52,hatespeech,1,"['Caucasian', 'African', 'Women']","[33, 34, 35, 36, 27, 28, 29]",True,3,False,1,1,0.99985766
1178756582135521280_twitter,19,normal,0,"['Disability', 'Other']",[],False,3,False,0,0,0.26009864
9803786_gab,23,normal,0,['Women'],[],False,3,True,0,0,0.00010221521
22626955_gab,9,offensive,1,['African'],"[0, 1, 2, 3, 4]",True,3,True,1,0,0.06328695
14056917_gab,50,hatespeech,1,['Islam'],"[22, 23, 24, 25, 26, 27, 28, 29, 30, 31, 32, 33, 34, 35, 36, 37, 38, 39, 40, 41, 42, 43, 44, 45, 46, 47, 48, 49]",True,3,True,1,1,0.9999751
19277792_gab,32,hatespeech,1,"['Homosexual', 'African', 'Jewish']","[0, 1, 2, 3, 4, 5, 6, 7, 8, 9, 10, 11, 12, 13, 14, 15, 16, 17, 18, 19, 20, 21, 22, 23, 24, 25, 26, 27, 28, 29, 30, 31]",True,3,False,1,1,0.9998337
26702040_gab,35,offensive,1,['Hispanic'],"[18, 29]",True,3,False,1,1,0.9946163
1126612305188462593_twitter,6,offensive,1,['Women'],[1],True,3,False,1,1,0.9999789
3834555_gab,19,normal,0,[],[],False,3,True,0,1,0.9999864
9120350_gab,47,offensive,1,"['Caucasian', 'Women']","[40, 39]",True,3,True,1,1,0.99998415
1172323279249408001_twitter,16,normal,0,['Women'],[],False,3,True,0,0,0.012411021
1176954799671017473_twitter,15,normal,0,"['Arab', 'Islam', 'Refugee']",[],False,3,False,0,0,1.3663035e-05
21241796_gab,13,hatespeech,1,['Jewish'],[11],True,3,True,1,1,0.9999808
12383837_gab,17,hatespeech,1,"['Caucasian', 'Arab', 'Jewish']","[0, 1, 2, 3, 4, 5, 6, 9, 10, 11, 12, 13, 14, 15, 16]",True,3,False,1,1,0.92184144
16070530_gab,38,hatespeech,1,"['African', 'Jewish']","[32, 18, 19, 20, 21, 23, 24, 25, 27, 28, 29, 30, 31]",True,3,True,1,1,0.9999726
1178923491380342784_twitter,31,normal,0,[],[],False,3,True,0,1,0.98353404
12903965_gab,33,hatespeech,1,"['Arab', 'Jewish']","[4, 5, 6, 7, 8, 15, 16, 17, 18, 19, 20, 21, 22, 23, 24, 25, 26, 27, 28, 29, 30, 31, 32]",True,3,True,1,1,0.99999106
1178988324800864256_twitter,35,normal,0,[],[],False,3,True,0,0,8.329303e-06
1178793771011641344_twitter,22,normal,0,[],[],False,3,True,0,0,4.894527e-05
17553164_gab,11,hatespeech,1,['African'],[9],True,3,True,1,1,0.99997926
1185914562824065026_twitter,7,normal,0,[],[],False,3,True,0,0,5.3907042e-05
13229849_gab,28,offensive,1,"['Other', 'Women']","[6, 7, 8, 9, 10, 11, 12, 13, 14, 15, 16, 17, 18, 19]",True,3,True,1,1,0.97810715
1178071277262852097_twitter,4,offensive,1,"['African', 'Women']","[0, 3]",True,3,True,1,1,0.9999865
26340323_gab,24,offensive,1,['Women'],"[0, 1, 2, 3, 4, 5, 6, 7, 8, 9, 10, 11, 12, 13, 14, 15, 16, 17, 18, 19, 20, 21, 22, 23]",True,3,False,1,1,0.9999893
16975221_gab,49,offensive,1,"['Caucasian', 'Men', 'Other']","[40, 41, 42, 43, 44, 45, 46, 47, 48]",True,3,False,1,1,0.9991922
1178547019104710659_twitter,38,normal,0,[],[],False,3,True,0,0,1.8682562e-05
1179091239125311488_twitter,19,normal,0,[],[],False,3,True,0,0,2.668227e-05
1088867247605600256_twitter,3,normal,0,[],[],False,3,True,0,0,0.41349548
1179030824668352512_twitter,28,normal,0,[],[],False,3,True,0,0,0.006088567
3249755_gab,19,offensive,1,"['Men', 'Jewish', 'Women']","[5, 6, 7, 8, 9, 10, 11, 12, 13, 14, 15, 16, 17, 18]",True,3,False,1,0,1.9676962e-05
26938167_gab,23,hatespeech,1,"['Hispanic', 'Jewish']","[6, 7, 8, 9, 10, 11, 12]",True,3,True,1,1,0.99998915
15922609_gab,9,offensive,1,['Other'],"[2, 3]",True,3,True,1,1,0.999754
15516356_gab,42,hatespeech,1,"['Islam', 'Jewish']","[3, 4, 5, 6, 7, 8, 9, 10, 11, 12, 13, 14, 15, 16, 17, 18, 19, 20, 21, 22, 23, 24, 29, 30, 31, 32, 33, 34, 35, 36, 37, 38, 39, 40, 41]",True,3,False,1,1,0.9999757
24960086_gab,39,hatespeech,1,['Jewish'],"[32, 34, 35, 36, 37, 38, 7, 8, 25, 31]",True,3,False,1,1,0.99996877
8523062_gab,11,offensive,1,"['Men', 'Other', 'Women']","[5, 6]",True,3,False,1,1,0.99997866
1178935339559374848_twitter,49,normal,0,[],[],False,3,True,0,0,6.0969367e-05
1178603908618473473_twitter,52,normal,0,[],[],False,3,True,0,0,6.488673e-06
14535204_gab,47,normal,0,"['Caucasian', 'Women']",[],False,3,False,0,0,0.0017876984
1179068819534426120_twitter,20,normal,0,[],[],False,3,True,0,0,1.4895889e-05
14574518_gab,17,hatespeech,1,['Jewish'],"[0, 1, 2, 3, 4, 5, 6, 7, 8, 9, 10, 11, 12, 13, 14, 15, 16]",True,3,True,1,1,0.8817374
16567148_gab,26,hatespeech,1,"['Arab', 'Islam', 'Other']","[24, 25, 22, 23]",True,3,False,1,1,0.99995744
15982980_gab,24,normal,0,"['Other', 'Women']",[],False,3,False,0,0,0.2553135
17509840_gab,17,hatespeech,1,"['Caucasian', 'Islam']",[],False,3,False,1,1,0.9999647
20394647_gab,19,offensive,1,['Homosexual'],"[10, 11, 12, 13, 14, 15, 16, 17, 18]",True,3,False,1,1,0.9999194
1111009599191166978_twitter,18,normal,0,['Refugee'],[],False,3,False,0,0,1.6249682e-05
1078177821728505856_twitter,12,offensive,1,['Women'],[4],True,3,True,1,1,0.99997437
1178799213158600704_twitter,23,normal,0,[],[],False,3,True,0,0,0.011696983
1178759453446942723_twitter,25,normal,0,[],[],False,3,True,0,0,0.028633818
1079507754719559680_twitter,20,offensive,1,"['Caucasian', 'Men', 'Women']","[8, 9, 10, 11, 12, 13, 14]",True,3,False,1,0,1.2611444e-05
25325481_gab,10,normal,0,[],[],False,3,False,0,1,0.9999802
3479279_gab,21,hatespeech,1,['African'],"[11, 12, 13, 14, 16, 17, 18, 19, 20]",True,3,True,1,1,0.9999763
1179053578285133824_twitter,20,normal,0,[],[],False,3,True,0,1,0.99261403
1178932998336634881_twitter,8,normal,0,[],[],False,3,True,0,1,0.9989693
1245975129651179520_twitter,19,normal,0,['Homosexual'],[],False,3,True,0,0,0.024702907
25610991_gab,5,offensive,1,['Islam'],[3],True,3,False,1,1,0.9967194
11684343_gab,21,offensive,1,"['Homosexual', 'Women']","[0, 1, 2]",True,3,True,1,1,0.96414995
3224609_gab,32,offensive,1,['Refugee'],"[4, 5, 6, 7, 8, 9, 10, 11, 12, 13, 14, 15, 16, 17, 18, 19, 20, 21, 28, 29, 30, 31]",True,3,True,1,1,0.9998952
1179043779354882049_twitter,11,offensive,1,"['Homosexual', 'Other']","[10, 7]",True,3,True,1,1,0.99999
16137081_gab,41,offensive,1,"['Islam', 'Other', 'Women']","[5, 6, 7, 8, 9, 10, 13, 14, 15, 16, 17, 18, 19, 20, 21, 22]",True,3,False,1,0,0.0063488763
1178867086086553606_twitter,9,offensive,1,"['Economic', 'Caucasian']","[8, 6, 7]",True,3,True,1,1,0.92141587
5077714_gab,49,normal,0,"['Islam', 'Refugee']",[],False,3,False,0,1,0.9993894
1116980933301719040_twitter,9,normal,0,['Asian'],[],False,3,False,0,1,0.9481661
10758876_gab,44,hatespeech,1,"['African', 'Other']",[37],True,3,False,1,1,0.99998593
13244426_gab,40,normal,0,"['Jewish', 'Women']",[],False,3,False,0,1,0.9999498
1109880794552643589_twitter,9,offensive,1,"['Islam', 'Women']","[2, 3]",True,3,False,1,1,0.9999813
1179074092944756741_twitter,22,normal,0,[],[],False,3,True,0,0,3.2790238e-05
17206779_gab,21,normal,0,"['Caucasian', 'Asian']",[],False,3,True,0,0,4.6432935e-05
19078434_gab,5,hatespeech,1,"['Hispanic', 'Asian']","[1, 2, 3, 4]",True,3,True,1,1,0.99997246
17600760_gab,39,hatespeech,1,['Jewish'],"[35, 3, 36, 37, 19, 20, 21]",True,3,False,1,1,0.99997973
4643715_gab,30,normal,0,"['Refugee', 'Other']",[],False,3,False,0,1,0.9999521
1178456104738725889_twitter,24,normal,0,[],[],False,3,True,0,0,0.009371136
16135672_gab,7,hatespeech,1,['African'],[1],True,3,True,1,1,0.9999839
26881682_gab,29,hatespeech,1,"['Arab', 'Islam']","[1, 2, 19, 20, 21, 22, 28]",True,3,True,1,1,0.9999907
1142806529743183872_twitter,29,normal,0,[],[],False,3,True,0,0,0.47919652
19977150_gab,10,offensive,1,['African'],"[3, 4, 5, 6, 7, 8, 9]",True,3,True,1,1,0.9995958
15372556_gab,38,offensive,1,['Islam'],"[6, 7, 8, 9, 20, 21, 22, 23, 24, 25, 26, 27, 28, 29, 30]",True,3,False,1,0,0.0015721659
1179084969358086147_twitter,12,offensive,1,"['Homosexual', 'Women']",[5],True,3,True,1,1,0.9999753
1174753750570995714_twitter,8,normal,0,['Men'],[],False,3,True,0,0,1.8242203e-05
10600429_gab,32,offensive,1,"['Arab', 'Islam']","[9, 10, 28, 29, 30, 31]",True,3,False,1,1,0.99997616
1082783411977150464_twitter,20,normal,0,['Women'],[],False,3,False,0,1,0.99901223
1179080459541721089_twitter,19,normal,0,[],[],False,3,True,0,1,0.99548703
11210312_gab,51,normal,0,"['Caucasian', 'Islam']",[],False,3,False,0,0,0.00042154355
11706234_gab,39,hatespeech,1,['Women'],"[0, 38, 10, 11, 12]",True,3,True,1,1,0.99999106
18944971_gab,24,normal,0,"['African', 'Arab', 'Jewish', 'Refugee']",[],False,3,True,0,1,0.96587676
1185713609512509440_twitter,6,normal,0,[],[],False,3,True,0,0,0.00010718549
22412926_gab,44,offensive,1,"['Homosexual', 'Islam', 'Other', 'Women']","[32, 33, 37, 38, 39, 40, 41, 42, 43, 13, 14, 15, 16]",True,3,False,1,1,0.9999255
1263939415770042368_twitter,12,offensive,1,['African'],[],False,3,False,1,1,0.9999671
13022249_gab,45,hatespeech,1,['African'],[43],True,3,True,1,0,0.0010093931
1250904615454937089_twitter,23,normal,0,['Refugee'],[],False,3,False,0,0,0.2380557
13064853_gab,22,hatespeech,1,['Jewish'],[16],True,3,True,1,1,0.9999604
1212915797192052737_twitter,12,offensive,1,['Women'],"[5, 6]",True,3,False,1,1,0.99968004
21838010_gab,44,hatespeech,1,['Jewish'],[37],True,3,False,1,1,0.99985194
21609726_gab,42,hatespeech,1,"['Arab', 'Other']","[5, 6]",True,3,False,1,1,0.999987
1203540995377225728_twitter,10,normal,0,"['Men', 'Other', 'Women']",[],False,3,True,0,0,1.896059e-05
23224258_gab,19,normal,0,"['Christian', 'Refugee']",[],False,3,True,0,1,0.9990069
4623527_gab,27,hatespeech,1,['Islam'],"[0, 1, 2, 3, 4, 5, 6, 7, 8, 9, 10, 11, 12, 13, 14, 15, 16, 17, 18, 19, 20, 21, 22, 23, 24, 25, 26]",True,3,False,1,1,0.9999716
1231756569085435904_twitter,18,normal,0,['Other'],[],False,3,True,0,0,0.0002590192
11152154_gab,27,normal,0,['Homosexual'],[],False,3,True,0,1,0.999984
6362215_gab,35,hatespeech,1,['Islam'],"[0, 1, 2, 3, 4, 5, 6, 7, 8, 9, 10, 11, 12, 13, 14, 15, 16, 17, 18, 19, 20, 21, 22, 23, 24, 25, 26, 27, 28, 29, 30, 31, 32, 33, 34]",True,3,True,1,1,0.9999875
1178807678249918464_twitter,34,normal,0,[],[],False,3,True,0,0,3.9942268e-05
1178275494912913408_twitter,32,normal,0,[],[],False,3,True,0,1,0.9997651
10950260_gab,7,hatespeech,1,['Jewish'],[3],True,3,True,1,1,0.9999814
17753551_gab,46,hatespeech,1,"['African', 'Jewish', 'Other']","[13, 14, 15, 27, 29]",True,3,False,1,1,0.9999888
1179055929544675328_twitter,13,normal,0,[],[],False,3,True,0,1,0.99923944
5872236_gab,43,hatespeech,1,"['Arab', 'African', 'Islam', 'Refugee']","[0, 1, 2, 3, 4, 5, 6, 7, 8, 9, 10, 11, 12, 13, 14, 15, 16, 17, 18, 19, 20, 21, 22, 23, 24, 25, 26, 27, 28, 29, 30, 31, 32, 33, 34, 35, 36, 37, 38, 39, 40, 41, 42]",True,3,False,1,0,0.00023293434
1076642231371497472_twitter,22,normal,0,['Other'],[],False,3,False,0,1,0.9999608
8822625_gab,13,normal,0,[],[],False,3,True,0,1,0.99991953
1116531316508495872_twitter,20,hatespeech,1,"['Arab', 'Islam']","[1, 2, 3, 4, 5, 6, 7, 11, 12]",True,3,False,1,1,0.999987
4066175_gab,12,hatespeech,1,"['Arab', 'Islam']","[8, 1, 2, 7]",True,3,True,1,1,0.9999751
1178997065503764480_twitter,36,normal,0,[],[],False,3,True,0,0,9.080285e-06
1103385226921762816_twitter,23,hatespeech,1,"['Arab', 'Islam', 'Jewish']","[3, 4, 5, 6, 7, 8, 9, 10, 11, 12, 13, 14, 19, 20, 21, 22]",True,3,True,1,1,0.9830693
3BS6ERDL938R693HDJHLXA9ERBY6DJ_nf_4,11,offensive,1,['Refugee'],"[4, 5]",True,3,False,1,0,0.025634307
15207637_gab,39,hatespeech,1,"['Caucasian', 'Jewish']",[],False,3,False,1,0,0.00010565118
8530748_gab,52,hatespeech,1,['African'],"[5, 6, 7, 8, 9, 10, 11, 12, 13, 14, 15, 16, 17, 18, 19, 20, 21, 22, 23, 24, 25, 26, 27, 28, 29, 30, 31, 32, 33, 34, 35, 36, 37, 39, 40, 41, 42, 43, 44, 45, 46, 47, 48, 49, 50, 51]",True,3,False,1,1,0.9999907
1179079222033309696_twitter,4,normal,0,['Other'],[],False,3,True,0,1,0.9999502
25563686_gab,15,hatespeech,1,"['Arab', 'Islam', 'Hindu']","[8, 9, 10, 7]",True,3,False,1,1,0.9999875
1178419875586461696_twitter,21,offensive,1,"['Homosexual', 'Women']","[1, 2, 3, 4, 5, 6, 7, 8, 9, 10, 11, 12, 13, 14]",True,3,False,1,1,0.9999367
25557750_gab,44,normal,0,['Men'],[],False,3,False,0,0,2.1548947e-05
1177920526649421824_twitter,13,normal,0,[],[],False,3,True,0,0,0.0005561302
1269380424486305808_twitter,10,offensive,1,['Caucasian'],[],False,3,False,1,0,0.45257354
24017670_gab,12,hatespeech,1,"['Arab', 'Islam', 'Refugee']","[0, 1, 2, 3, 4, 5, 6, 7, 8, 9, 10, 11]",True,3,True,1,0,0.06617116
21382647_gab,5,hatespeech,1,['Jewish'],[1],True,3,False,1,1,0.9999851
1179026213500792834_twitter,39,normal,0,[],[],False,3,True,0,0,1.1846934e-05
9692978_gab,20,normal,0,[],[],False,3,True,0,1,0.9999722
19652602_gab,12,hatespeech,1,"['African', 'Men', 'Jewish', 'Women']","[0, 1, 2, 3, 4, 5, 6, 7, 8, 9, 10, 11]",True,3,True,1,1,0.99998856
21930231_gab,33,hatespeech,1,['Homosexual'],"[8, 14, 15, 16, 20]",True,3,True,1,0,0.00091355207
17453353_gab,49,offensive,1,"['Jewish', 'Other']","[42, 43, 44, 16, 17, 18, 19, 20]",True,3,False,1,0,0.048433486
1179243182565068801_twitter,29,normal,0,[],[],False,3,True,0,0,0.00208866
25296749_gab,52,hatespeech,1,['Jewish'],"[48, 49, 50]",True,3,True,1,1,0.99998593
1086755897903329281_twitter,18,offensive,1,['Other'],"[12, 13, 14, 15, 16, 17]",True,3,False,1,1,0.99972767
16119009_gab,36,hatespeech,1,"['Islam', 'Men', 'Refugee', 'Women', 'Arab']",[],False,3,False,1,1,0.9999887
18777219_gab,41,offensive,1,['Women'],"[32, 37, 38, 39, 40, 23, 24, 25, 26, 27, 28, 29, 30, 31]",True,3,True,1,0,0.006649791
1179002091555164160_twitter,47,normal,0,"['Jewish', 'Christian']",[],False,3,True,0,0,5.787308e-05
1179098825035800577_twitter,21,normal,0,['African'],[],False,3,False,0,0,0.0015141786
22394672_gab,11,offensive,1,['African'],[6],True,3,False,1,1,0.99994874
9841810_gab,51,normal,0,['Jewish'],[],False,3,False,0,1,0.9999808
15632455_gab,31,hatespeech,1,"['African', 'Women']","[16, 20]",True,3,False,1,1,0.99996734
22950120_gab,3,hatespeech,1,"['African', 'Women']",[2],True,3,False,1,1,0.9999889
20658609_gab,23,hatespeech,1,"['African', 'Women']","[6, 7, 11, 12, 13, 14, 15, 16, 17]",True,3,True,1,1,0.999982
11135587_gab,40,hatespeech,1,['Jewish'],"[32, 33, 7, 8, 9, 10, 11, 12, 13, 14, 23, 28, 29, 30, 31]",True,3,False,1,0,0.013845402
1179008229872939008_twitter,7,hatespeech,1,"['Disability', 'Homosexual', 'Other']","[4, 6]",True,3,False,1,0,0.00087658205
1185197747877613568_twitter,8,offensive,1,['Women'],[6],True,3,False,1,1,0.99996245
26343766_gab,3,normal,0,[],[],False,3,True,0,0,2.8389297e-05
1179098988445872128_twitter,24,normal,0,[],[],False,3,True,0,0,9.148151e-06
20577132_gab,36,offensive,1,['Jewish'],"[0, 1, 2, 3, 4, 5, 6, 7, 8, 9, 10, 14, 15, 16, 17, 18, 19, 20, 21, 22, 23, 24, 25, 26, 27, 28, 29, 30, 31, 32, 33, 34]",True,3,False,1,1,0.99999154
1089417078908567552_twitter,9,offensive,1,['Other'],"[8, 7]",True,3,False,1,1,0.99998367
1179085832508063745_twitter,27,normal,0,[],[],False,3,True,0,0,1.2175386e-05
26165493_gab,35,hatespeech,1,"['Nonreligious', 'Homosexual', 'Men', 'Caucasian', 'Minority', 'Indigenous']","[32, 33, 29, 30, 31]",True,3,True,1,1,0.9998876
23909056_gab,40,hatespeech,1,"['Arab', 'Islam', 'Refugee']","[0, 1, 2, 3, 4, 5, 6, 7, 8, 9, 10, 11, 12, 13, 14, 15, 16, 17, 18, 19, 20, 21, 22, 23, 24, 25, 26, 27, 28, 29, 30, 31, 32, 33, 34, 35, 36, 37, 38, 39]",True,3,True,1,1,0.9999871
1170894378531008512_twitter,5,offensive,1,"['Men', 'Women']","[2, 3, 4]",True,3,True,1,0,0.086437255
17016310_gab,34,offensive,1,['Homosexual'],"[32, 14, 18, 19, 20, 21, 22, 23, 24, 25, 27, 28, 29, 30, 31]",True,3,True,1,1,0.9999765
22670484_gab,39,normal,0,['Caucasian'],[],False,3,True,0,1,0.99820995
24201117_gab,11,offensive,1,"['Other', 'Women']","[1, 2, 3, 4, 5, 6, 7, 8, 9, 10]",True,3,False,1,1,0.99996936
1246656737593053184_twitter,9,normal,0,['Islam'],[],False,3,False,0,1,0.97680306
22617147_gab,14,normal,0,"['Arab', 'Islam', 'Men', 'Women']",[],False,3,False,0,1,0.99997866
8762971_gab,44,normal,0,['Women'],[],False,3,True,0,0,1.4531209e-05
1179088477868175362_twitter,51,normal,0,['Homosexual'],[],False,3,True,0,0,0.0008076245
1144896325714096128_twitter,20,normal,0,['Women'],[],False,3,False,0,0,1.5267988e-05
1267761238022344704_twitter,7,normal,0,['Homosexual'],[],False,3,False,0,0,5.6221033e-05
8524582_gab,12,normal,0,"['Men', 'Refugee', 'Women']",[],False,3,True,0,0,1.4190173e-05
1178943571400880128_twitter,23,offensive,1,"['Economic', 'Homosexual', 'African']","[18, 19]",True,3,False,1,0,2.4699179e-05
1247844132472655874_twitter,9,offensive,1,[],[8],True,3,True,1,0,0.003913296
23258335_gab,14,normal,0,['Caucasian'],[],False,3,False,0,0,1.6914251e-05
25270034_gab,21,offensive,1,"['Islam', 'Women']","[0, 1, 2, 3, 4, 5, 6, 7, 8, 9, 10, 11, 12, 13, 14, 15, 16, 17, 18, 19, 20]",True,3,False,1,0,0.23841986
26229247_gab,39,hatespeech,1,"['African', 'Jewish']","[32, 33, 34, 35, 36, 37, 11, 12, 13, 14, 15, 16, 17, 30, 31]",True,3,False,1,1,0.99995923
19839354_gab,7,hatespeech,1,"['African', 'Women']","[4, 5, 6]",True,3,True,1,1,0.9999442
10568802_gab,45,offensive,1,"['Islam', 'Refugee']","[5, 6, 7, 8, 9, 18, 19, 20, 21, 22, 23, 24, 25, 26, 33, 34, 35, 36, 37, 38, 39]",True,3,False,1,0,8.914806e-05
23300157_gab,6,hatespeech,1,['African'],"[2, 3, 4]",True,3,False,1,1,0.99998426
14315071_gab,30,hatespeech,1,"['Homosexual', 'Men', 'Women']","[25, 13]",True,3,True,1,1,0.99998546
1096513827875770369_twitter,15,offensive,1,['Asian'],"[0, 1, 2, 3, 4, 5, 6]",True,3,False,1,1,0.9998159
20593068_gab,3,hatespeech,1,['Jewish'],"[1, 2]",True,3,True,1,1,0.9999827
22575442_gab,27,hatespeech,1,"['Caucasian', 'Jewish']","[3, 4, 5, 6, 7, 8, 9, 10, 11, 12, 13, 14, 15, 16, 17, 18, 19, 20, 21, 22, 23, 24, 25, 26]",True,3,False,1,1,0.9999857
11316156_gab,50,normal,0,"['Caucasian', 'Asian']",[],False,3,False,0,0,0.0042302296
1179040820026118144_twitter,30,hatespeech,1,"['Nonreligious', 'Asian', 'Other']",[],False,3,False,1,1,0.99971133
18066960_gab,40,offensive,1,"['Islam', 'African', 'Arab']","[14, 15, 16, 18, 28, 29]",True,3,False,1,1,0.9999753
15122698_gab,41,offensive,1,"['African', 'Christian', 'Refugee']","[11, 12, 13, 14, 15, 16, 17, 18, 19, 20, 21, 22, 23, 24, 25, 26, 27, 28, 29, 30, 31, 32, 33, 34, 35, 36, 37, 38, 39, 40]",True,3,True,1,1,0.99998593
6551465_gab,36,normal,0,"['Men', 'Women']",[],False,3,False,0,0,6.762926e-05
25744519_gab,47,hatespeech,1,['Jewish'],"[8, 9, 46]",True,3,True,1,1,0.73495865
1185251510466371584_twitter,10,normal,0,"['Men', 'African']",[],False,3,True,0,0,0.13081692
1230581882951258118_twitter,6,offensive,1,['Homosexual'],"[2, 3, 4, 5]",True,3,False,1,0,0.0005643901
24891790_gab,26,normal,0,"['Refugee', 'Other']",[],False,3,False,0,0,0.0004081585
1178774307784347650_twitter,9,normal,0,[],[],False,3,True,0,0,0.13685906
1179073217547235328_twitter,33,normal,0,[],[],False,3,True,0,0,2.5472718e-05
27394474_gab,39,hatespeech,1,"['Islam', 'Jewish']","[2, 7, 15]",True,3,True,1,1,0.9999794
16154028_gab,46,offensive,1,"['Christian', 'Homosexual', 'Jewish', 'Other']","[39, 18, 19, 20, 21, 22, 23, 24, 25, 26, 27, 28]",True,3,True,1,1,0.99992037
1178571821622284288_twitter,49,normal,0,[],[],False,3,True,0,0,9.444772e-06
11764653_gab,38,offensive,1,"['Hispanic', 'Caucasian', 'Asian']","[32, 33, 34, 35, 36, 37, 13]",True,3,True,1,0,0.2861525
4300173_gab,45,hatespeech,1,"['Other', 'Women']","[0, 1, 2, 3, 4, 5, 6, 7, 8, 9, 10, 11, 12, 13, 14, 15, 29, 30, 31, 32, 33, 34]",True,3,False,1,1,0.9999888
10607707_gab,18,hatespeech,1,"['African', 'Other']","[2, 3, 13, 14, 15, 16, 17]",True,3,False,1,1,0.99998736
1186112571734024197_twitter,7,offensive,1,['Women'],[6],True,3,False,1,1,0.9999893
12384215_gab,16,normal,0,['Other'],[],False,3,False,0,0,1.3665812e-05
16933141_gab,31,hatespeech,1,"['Hispanic', 'Jewish', 'Men', 'African', 'Women']","[0, 1, 2, 3, 4, 12, 13, 14, 19, 20, 21, 23, 24, 25, 26, 27, 28, 29, 30]",True,3,False,1,1,0.99998915
1164270020597297154_twitter,14,offensive,1,['Refugee'],"[9, 10]",True,3,False,1,0,0.08877867
1208473480099962886_twitter,22,offensive,1,"['Jewish', 'Other']","[0, 1, 2, 3, 4, 5, 6, 7, 8, 9, 10, 11, 12, 13, 14, 15, 16, 17, 18, 19, 20, 21]",True,3,False,1,0,6.8617584e-05
25466958_gab,47,normal,0,"['Caucasian', 'Men', 'African']",[],False,3,False,0,0,9.919624e-06
20509359_gab,20,offensive,1,"['Islam', 'Refugee', 'Heterosexual', 'Women', 'Arab', 'Minority']","[17, 14]",True,3,False,1,1,0.99999094
1179095357508194306_twitter,30,normal,0,[],[],False,3,True,0,0,0.0011180898
16888034_gab,45,hatespeech,1,"['Homosexual', 'Islam']",[],False,3,False,1,1,0.9991398
13771423_gab,40,offensive,1,"['Islam', 'Other']",[24],True,3,True,1,1,0.9541256
1178380328697769988_twitter,42,normal,0,[],[],False,3,True,0,0,1.4201083e-05
1178775580713590792_twitter,5,hatespeech,1,['African'],"[1, 2, 3, 4]",True,3,True,1,1,0.99996793
1176100944238587904_twitter,12,normal,0,"['Homosexual', 'Women']",[],False,3,False,0,1,0.99989474
1173204487911198720_twitter,23,normal,0,[],[],False,3,True,0,1,0.99915445
1178733292524163072_twitter,29,normal,0,['Homosexual'],[],False,3,False,0,1,0.9999807
13647538_gab,23,hatespeech,1,['African'],"[17, 20, 21, 22]",True,3,False,1,1,0.9999796
20556836_gab,11,hatespeech,1,['Jewish'],"[4, 5, 6, 7, 8, 9, 10]",True,3,False,1,1,0.9999764
12672128_gab,39,normal,0,['Refugee'],[],False,3,False,0,0,0.024400895
1178904346538336261_twitter,16,normal,0,[],[],False,3,True,0,0,2.1517879e-05
26227105_gab,39,offensive,1,"['Other', 'Women']","[8, 1, 2, 3]",True,3,True,1,1,0.9996474
1091064110802862086_twitter,12,offensive,1,"['Men', 'Women']",[2],True,3,False,1,1,0.7859613
18524079_gab,38,hatespeech,1,"['Homosexual', 'Jewish']","[8, 9, 26, 35]",True,3,True,1,1,0.99998164
9976409_gab,10,hatespeech,1,['Hispanic'],"[8, 7]",True,3,True,1,1,0.9999883
23728077_gab,16,hatespeech,1,['African'],"[13, 14, 15]",True,3,False,1,1,0.99992883
7263452_gab,27,hatespeech,1,"['Arab', 'Islam', 'Refugee']","[14, 15, 16, 17, 18, 19, 20, 21, 22, 23, 24, 25, 26]",True,3,False,1,0,0.0001772768
15402547_gab,10,hatespeech,1,"['Homosexual', 'African']","[3, 4, 5]",True,3,True,1,1,0.9999716
27001375_gab,3,hatespeech,1,"['Homosexual', 'Arab', 'Islam']","[1, 2]",True,3,False,1,1,0.99971646
1179847380461441024_twitter,11,normal,0,[],[],False,3,True,0,0,0.00015526058
1179019049969373184_twitter,43,normal,0,[],[],False,3,True,0,0,1.6376769e-05
1179078219636629506_twitter,35,normal,0,['Islam'],[],False,3,False,0,0,1.2500909e-05
10933352_gab,22,normal,0,['Other'],[],False,3,False,0,0,0.0014383621
1178968930498428930_twitter,19,normal,0,[],[],False,3,True,0,0,4.5839075e-05
1179097219405737984_twitter,16,offensive,1,"['Economic', 'Other']","[12, 13]",True,3,False,1,0,0.051084746
8829390_gab,48,normal,0,['Refugee'],[],False,3,False,0,0,0.00056448317
17424248_gab,44,offensive,1,['Asian'],[],False,3,False,1,1,0.9979424
1185115711481495553_twitter,20,normal,0,['Women'],[],False,3,True,0,1,0.9999151
17826123_gab,45,offensive,1,"['Caucasian', 'Refugee']","[0, 1, 2, 3, 4, 25, 26, 27, 28, 29, 30, 31, 32, 33, 34, 35, 36, 37, 38, 39, 40, 41, 42, 43, 44]",True,3,False,1,0,0.023916353
20653561_gab,42,offensive,1,['Other'],"[2, 3, 4, 5, 6, 7, 8, 9, 10, 11, 12, 13, 14, 15, 16, 17, 18, 19, 20, 21, 22, 23, 24, 25, 26, 27, 28, 29, 30, 31, 32, 33, 34, 35, 36, 37, 38, 39, 40, 41]",True,3,False,1,1,0.9999634
26895042_gab,37,hatespeech,1,"['Hispanic', 'African']",[26],True,3,False,1,1,0.9999831
1178076695418548226_twitter,4,hatespeech,1,"['Homosexual', 'Women']","[1, 2, 3]",True,3,True,1,1,0.999977
21229733_gab,41,normal,0,['Refugee'],[],False,3,True,0,0,1.674132e-05
15040759_gab,49,hatespeech,1,"['Hispanic', 'Islam', 'African', 'Women', 'Arab']","[32, 33, 41, 42, 43, 44, 45, 14, 15, 16, 17, 46, 47, 48, 29, 30, 31]",True,3,False,1,1,0.90112793
9361416_gab,55,hatespeech,1,"['African', 'Minority', 'Other', 'Women']","[13, 14, 15, 16, 17, 18, 19, 20, 21]",True,3,True,1,0,3.0178004e-05
3007268_gab,54,offensive,1,"['Islam', 'Men', 'Refugee', 'Women', 'Arab']","[0, 1, 2, 3, 4, 5, 6, 7, 8, 9, 10, 11, 12, 13, 14, 15, 17, 18, 19, 20, 21, 22, 23, 24, 25, 26, 27, 28, 29, 30, 31, 32, 33, 34, 35, 36, 37, 38, 39, 40, 41, 42, 43, 44, 45, 46, 47, 48, 49, 50, 51, 52, 53]",True,3,True,1,0,0.018339414
1188922877036388352_twitter,9,normal,0,[],[],False,3,True,0,0,4.493228e-05
11624749_gab,26,offensive,1,"['Homosexual', 'Jewish']","[16, 25, 17, 15]",True,3,False,1,1,0.9999796
16183383_gab,16,hatespeech,1,['African'],"[12, 13, 14, 15]",True,3,True,1,1,0.99994934
1266982441941471232_twitter,20,offensive,1,"['Caucasian', 'Men', 'Other']","[0, 1, 2, 3, 4, 5, 6, 7, 8, 9, 10, 11, 12, 13, 14, 15, 16, 17, 18, 19]",True,3,True,1,1,0.99964523
13380605_gab,10,hatespeech,1,"['Men', 'Refugee', 'Women']","[0, 1, 2, 3, 4, 5, 6, 7, 8, 9]",True,3,False,1,1,0.9999082
7719733_gab,12,hatespeech,1,"['Arab', 'Islam']","[0, 1, 2, 3, 4, 5, 6, 7, 8, 9, 10, 11]",True,3,False,1,1,0.98985004
26327600_gab,23,hatespeech,1,"['Arab', 'Islam']","[10, 11, 12, 13, 14, 15, 16, 17, 18, 19, 20, 21, 22]",True,3,False,1,1,0.99998105
11163076_gab,50,hatespeech,1,"['Homosexual', 'Arab', 'Islam']","[48, 49, 46, 47]",True,3,False,1,1,0.99963355
19588901_gab,10,offensive,1,['Other'],[6],True,3,False,1,1,0.9999459
19565259_gab,48,offensive,1,['Other'],[],False,3,False,1,1,0.9999769
14542244_gab,23,normal,0,['Caucasian'],[],False,3,True,0,0,0.0005994122
18425904_gab,12,hatespeech,1,['Arab'],"[6, 7]",True,3,True,1,1,0.996865
18152238_gab,18,offensive,1,"['Homosexual', 'Heterosexual']","[0, 1, 2, 7, 8, 13, 14]",True,3,False,1,0,3.0029807e-05
4311885_gab,8,offensive,1,"['African', 'Other']","[1, 2, 3, 4, 5, 6, 7]",True,3,False,1,1,0.99315476
1118583652391297025_twitter,13,normal,0,[],[],False,3,True,0,0,0.3700952
1087255502390784000_twitter,7,normal,0,"['African', 'Women']",[],False,3,False,0,1,0.99993765
25725788_gab,23,normal,0,['Jewish'],[],False,3,False,0,1,0.9999825
18092794_gab,38,normal,0,['Men'],[],False,3,True,0,1,0.9946696
23689129_gab,48,hatespeech,1,"['Arab', 'Refugee']",[],False,3,False,1,1,0.99998355
1118196417464606720_twitter,26,normal,0,[],[],False,3,True,0,0,0.000110329805
8539261_gab,50,normal,0,['Refugee'],[],False,3,False,0,0,2.1055539e-05
13789474_gab,23,hatespeech,1,['Jewish'],"[14, 15, 16, 17, 18, 19, 20, 21, 22]",True,3,False,1,1,0.9999827
1084586012465086464_twitter,10,normal,0,"['Men', 'African', 'Women']",[],False,3,False,0,0,8.1307066e-05
1178900870156693505_twitter,13,normal,0,[],[],False,3,True,0,0,2.654066e-05
1179048371899817984_twitter,30,normal,0,[],[],False,3,True,0,0,3.697708e-05
26871494_gab,26,offensive,1,['Homosexual'],[19],True,3,False,1,1,0.99926335
1178830600171601924_twitter,19,normal,0,[],[],False,3,True,0,0,8.3523055e-06
15032941_gab,26,hatespeech,1,"['Homosexual', 'African', 'Jewish']","[24, 9, 25, 15]",True,3,True,1,1,0.9999598
10801908_gab,20,hatespeech,1,['Jewish'],"[9, 10, 11]",True,3,True,1,1,0.9999602
25936882_gab,17,hatespeech,1,"['Homosexual', 'African', 'Men', 'Women']","[0, 1, 2, 3, 4, 5, 6, 7, 8, 9]",True,3,True,1,1,0.9999665
19082089_gab,20,offensive,1,['Other'],"[14, 15, 16, 17, 18, 19]",True,3,True,1,0,0.021849083
1198323214088359936_twitter,13,hatespeech,1,['Other'],"[2, 3, 4]",True,3,False,1,1,0.99970394
1237912216013344770_twitter,20,offensive,1,['African'],"[0, 1, 2, 3, 4, 5, 6, 7, 8, 9, 10, 11, 12, 13, 14, 15, 16, 17, 18, 19]",True,3,False,1,0,2.7963913e-05
19028846_gab,8,hatespeech,1,['African'],"[2, 3, 4]",True,3,True,1,1,0.9999782
4617530_gab,34,hatespeech,1,"['Islam', 'Other']","[0, 1, 2, 3, 4, 5, 6, 7, 8, 9, 10, 11, 12, 13, 14, 15, 16, 17, 18, 19, 20, 21, 22, 23, 24, 25, 26, 27, 28, 29, 30, 31, 32, 33]",True,3,False,1,1,0.99992037
22603479_gab,18,offensive,1,"['Arab', 'Islam']","[0, 1, 2, 3, 4, 5, 6, 7, 8, 9, 10, 11, 12, 13, 14, 15, 16, 17]",True,3,False,1,1,0.9999895
27419445_gab,37,offensive,1,"['Arab', 'Other']","[9, 10, 11, 12, 14, 15, 16]",True,3,True,1,1,0.999987
19754294_gab,38,hatespeech,1,"['Islam', 'African', 'Arab', 'Jewish']","[0, 1, 2, 3, 4, 5, 6, 7, 8, 9, 10, 11, 12, 13, 14, 15, 16, 17, 18, 19, 20, 21, 22, 23, 24, 25, 26, 27, 28, 29, 30, 31, 32, 33, 34, 35, 36, 37]",True,3,False,1,1,0.9999827
12628261_gab,5,offensive,1,['Homosexual'],"[3, 4]",True,3,False,1,1,0.99993885
17028518_gab,43,normal,0,"['African', 'Men', 'Women']",[],False,3,False,0,1,0.9999256
17635506_gab,49,hatespeech,1,"['Caucasian', 'African', 'Women']",[10],True,3,False,1,1,0.9996124
1118166944081956871_twitter,8,normal,0,['Women'],[],False,3,True,0,1,0.99908996
1266823114819866627_twitter,17,offensive,1,['Other'],"[3, 4, 5, 6, 7, 8, 9, 10, 11, 12]",True,3,False,1,0,0.00017389697
18197201_gab,13,normal,0,"['African', 'Asian']",[],False,3,False,0,1,0.6301347
1178919022793916416_twitter,27,normal,0,['Asian'],[],False,3,False,0,1,0.8161122
1212083874056069121_twitter,16,normal,0,['Women'],[],False,3,False,0,0,1.9141107e-05
25690451_gab,32,hatespeech,1,['African'],"[8, 12, 13, 22, 23, 27, 28, 29, 30, 31]",True,3,True,1,1,0.99997437
1117500137801121794_twitter,6,normal,0,"['African', 'Other', 'Women']",[],False,3,False,0,1,0.99972063
1179101785593729024_twitter,10,hatespeech,1,['Other'],"[0, 1, 2, 3, 4, 5, 6, 7, 8]",True,3,False,1,0,0.00016561062
17027156_gab,6,hatespeech,1,"['Arab', 'Jewish']","[0, 1, 4, 5]",True,3,True,1,1,0.9999888
22954086_gab,5,normal,0,[],[],False,3,False,0,1,0.9990233
18409054_gab,46,hatespeech,1,"['Arab', 'Islam', 'Jewish']","[13, 14, 15, 16, 17, 18, 30, 33, 34, 35, 36, 37, 38, 39, 40, 41, 42, 43, 44, 45]",True,3,False,1,1,0.999982
1268081343096741891_twitter,15,normal,0,['Islam'],[],False,3,False,0,1,0.99924123
26702585_gab,13,offensive,1,"['Hispanic', 'Other']",[1],True,3,True,1,1,0.9999814
1180950306248675329_twitter,10,normal,0,['Other'],[],False,3,True,0,0,6.298589e-05
13794784_gab,44,hatespeech,1,"['Arab', 'African']","[21, 22]",True,3,True,1,1,0.99998415
1178329421180264449_twitter,24,normal,0,[],[],False,3,True,0,0,8.206083e-06
20316747_gab,28,hatespeech,1,"['Homosexual', 'African']","[0, 1, 2, 3, 4, 5, 6, 7, 8, 9, 10, 11, 12, 13, 14, 15, 16, 17, 18, 19, 20, 21, 22, 23, 24, 25, 26, 27]",True,3,True,1,1,0.9999635
1179077233018847233_twitter,19,normal,0,"['Caucasian', 'Women']",[],False,3,False,0,1,0.99998343
1077844084016828416_twitter,4,hatespeech,1,[],"[0, 1, 2, 3]",True,3,False,1,0,0.3831238
10360725_gab,10,normal,0,[],[],False,3,False,0,0,0.000359601
1078337107666653185_twitter,13,normal,0,['Homosexual'],[],False,3,False,0,0,0.005801737
1165868444715278336_twitter,9,offensive,1,"['Caucasian', 'African']","[0, 1, 2, 3, 4, 5, 6, 7, 8]",True,3,False,1,1,0.9567618
1179004009778073600_twitter,44,normal,0,[],[],False,3,True,0,0,7.236782e-06
1178344378118660096_twitter,29,normal,0,['Other'],[],False,3,True,0,0,1.2623982e-05
22894345_gab,29,hatespeech,1,"['African', 'Jewish']","[5, 6, 9, 10, 22]",True,3,False,1,1,0.99997187
1179383830186213379_twitter,25,normal,0,['Other'],[],False,3,True,0,0,0.00014161106
27636796_gab,39,offensive,1,"['Caucasian', 'Refugee']","[2, 3, 4, 5, 6, 7, 8, 9, 10, 11, 12, 13, 14, 15, 16, 17, 18, 19, 20, 21, 22, 23, 24, 25, 26, 27, 28, 29, 30, 31, 32, 33, 34]",True,3,False,1,1,0.99935347
17991028_gab,32,hatespeech,1,['African'],"[7, 8, 9, 10, 11, 12, 13, 14, 15, 16, 17, 18, 19, 20, 21, 22, 23, 24, 28]",True,3,False,1,1,0.9999689
27402153_gab,29,hatespeech,1,['Islam'],"[4, 5, 6, 7, 8, 9, 10, 11, 12, 13, 14, 15, 16, 17, 18, 28]",True,3,True,1,1,0.9999833
20706585_gab,19,hatespeech,1,"['Islam', 'Other']","[2, 3, 13, 14, 15, 16, 17]",True,3,False,1,1,0.99998677
1177977240996499457_twitter,9,hatespeech,1,"['Homosexual', 'African']","[1, 2]",True,3,True,1,1,0.99995196
22863841_gab,33,normal,0,['Jewish'],[],False,3,False,0,1,0.99995255
21238137_gab,28,offensive,1,"['Homosexual', 'Caucasian', 'African', 'Asian', 'Minority', 'Other']","[0, 1, 2, 3, 4, 5, 6, 7, 8, 9, 10, 11, 12, 13, 14, 15, 16, 17, 18, 19, 20, 21, 22, 23, 24, 25, 26, 27]",True,3,True,1,1,0.99948895
11551744_gab,31,hatespeech,1,"['African', 'Men', 'Women']",[],False,3,False,1,1,0.9999782
1171798188132589568_twitter,24,hatespeech,1,['African'],"[3, 4, 5, 6, 7, 12, 13, 21]",True,3,True,1,1,0.99996495
1241037297186934785_twitter,24,offensive,1,[],"[4, 5, 6, 7, 8, 9, 10, 11, 12, 13, 14, 15, 16, 17, 18, 19, 20, 21, 22, 23]",True,3,False,1,0,0.13633813
1178921953161355266_twitter,43,normal,0,['Islam'],[],False,3,False,0,1,0.9997125
9631494_gab,16,hatespeech,1,"['African', 'Jewish']","[0, 1, 2, 3, 4, 5, 6, 7, 8, 9, 10, 11, 12, 13, 14, 15]",True,3,True,1,1,0.99996734
3M7OI89LVYPH1HX3DNMAD4RW6BM6CJ_nf_4,7,hatespeech,1,['African'],"[3, 4]",True,3,False,1,1,0.99997985
1178012240382967808_twitter,23,offensive,1,['Homosexual'],"[21, 22]",True,3,False,1,1,0.9999014
17433253_gab,23,hatespeech,1,['African'],[16],True,3,True,1,1,0.99998105
1178571782313463810_twitter,7,hatespeech,1,['Caucasian'],"[5, 6]",True,3,False,1,1,0.999926
1161763575863664640_twitter,12,offensive,1,['Islam'],"[3, 4, 5, 6]",True,3,False,1,1,0.99998665
1205626713692131334_twitter,4,offensive,1,['Other'],[3],True,3,False,1,1,0.99948114
15921497_gab,21,hatespeech,1,['African'],"[17, 18, 19, 4]",True,3,True,1,1,0.80239284
16813682_gab,47,hatespeech,1,"['Men', 'Jewish', 'Other', 'Women']","[0, 35, 36, 37, 38, 44]",True,3,False,1,1,0.99994075
1139195867330633729_twitter,5,normal,0,[],[],False,3,True,0,1,0.7485776
1178955409396092928_twitter,25,normal,0,[],[],False,3,True,0,0,0.0002448843
1144813572725383168_twitter,18,normal,0,"['African', 'Women']",[],False,3,False,0,0,0.0017362705
1178819413287546884_twitter,9,normal,0,['African'],[],False,3,True,0,1,0.9996953
1178906018572578816_twitter,5,offensive,1,"['Caucasian', 'Women']","[3, 4]",True,3,False,1,1,0.9999722
15174706_gab,15,hatespeech,1,"['Jewish', 'Women']","[1, 2, 3, 4, 5]",True,3,False,1,1,0.999985
14875960_gab,42,offensive,1,[],"[35, 36, 37, 38, 39, 40, 41]",True,3,False,1,1,0.99998486
1089312238102609921_twitter,20,normal,0,['African'],[],False,3,True,0,1,0.6761677
1097129296697675777_twitter,11,offensive,1,['Refugee'],"[1, 2, 3, 4, 5, 6, 7, 8]",True,3,False,1,1,0.99993885
1186658804336910336_twitter,10,normal,0,[],[],False,3,True,0,0,0.005559157
16439941_gab,25,hatespeech,1,"['Arab', 'Jewish']","[0, 1, 2, 3, 4, 5, 6, 20, 21, 22, 23, 24]",True,3,False,1,1,0.99995124
1272930487011627010_twitter,8,offensive,1,['African'],"[0, 1, 2, 3, 4, 5, 6, 7]",True,3,False,1,0,0.0026951504
1178654049585057792_twitter,39,normal,0,[],[],False,3,True,0,0,3.773877e-05
26602751_gab,3,hatespeech,1,['African'],"[0, 1, 2]",True,3,True,1,1,0.999985
10002346_gab,33,normal,0,"['Men', 'Other', 'Women']",[],False,3,False,0,1,0.9952242
17591259_gab,27,offensive,1,"['Islam', 'African', 'Arab', 'Refugee']",[7],True,3,False,1,1,0.97901046
1178660785108787201_twitter,25,normal,0,[],[],False,3,True,0,0,2.0754864e-05
14350861_gab,48,hatespeech,1,"['Hispanic', 'African', 'Refugee']","[0, 1, 2, 3, 4, 5, 6, 7, 18, 19, 20, 21, 22, 23, 24, 25, 26, 27, 28, 29, 30, 31, 32, 33, 34, 35, 36, 37, 38, 39, 40, 41, 42, 43, 44, 45, 46]",True,3,True,1,1,0.99998796
1179050537679036416_twitter,7,offensive,1,"['Caucasian', 'Women']","[1, 2]",True,3,False,1,1,0.9712517
1177927419740770304_twitter,13,hatespeech,1,['Homosexual'],"[3, 4]",True,3,False,1,0,0.25632414
20753647_gab,18,hatespeech,1,['Islam'],"[12, 13, 14, 15, 16, 17]",True,3,False,1,1,0.9999808
27654250_gab,8,hatespeech,1,"['African', 'Men', 'Women']","[0, 1, 2, 3, 4, 5, 6, 7]",True,3,True,1,1,0.999948
19621619_gab,26,hatespeech,1,"['Homosexual', 'Arab', 'Islam', 'Refugee']","[0, 1, 2, 3, 4, 5, 6, 7, 8, 9, 10, 11, 12, 13, 14, 15, 16, 17, 18, 19, 20, 21, 22, 23, 24, 25]",True,3,False,1,1,0.99998534
1180122942039920640_twitter,9,offensive,1,['Islam'],"[8, 5, 6, 7]",True,3,False,1,1,0.71084887
16434890_gab,19,offensive,1,"['Caucasian', 'Men']","[0, 1, 2, 3, 5, 6, 7, 8, 9, 12, 13, 14]",True,3,False,1,0,1.5346055e-05
1170522306021666817_twitter,8,normal,0,[],[],False,3,True,0,0,2.5157073e-05
7694251_gab,49,offensive,1,"['Islam', 'Refugee', 'Other']",[],False,3,False,1,0,0.004576952
1253133573437239298_twitter,6,normal,0,['Other'],[],False,3,False,0,0,0.00013769415
16955432_gab,46,hatespeech,1,['Jewish'],"[39, 40, 41, 42, 15, 21, 22, 25, 26, 27]",True,3,True,1,1,0.9999902
16613274_gab,19,hatespeech,1,['Hispanic'],"[0, 1, 2, 3, 4]",True,3,False,1,1,0.99996364
1165384350726160385_twitter,23,normal,0,[],[],False,3,True,0,0,3.8331546e-05
15705858_gab,27,hatespeech,1,"['Caucasian', 'Islam']","[11, 12, 21, 22, 23, 24, 25]",True,3,False,1,1,0.9974765
23500303_gab,3,hatespeech,1,['Jewish'],[1],True,3,True,1,1,0.99998736
1178675656634372096_twitter,5,hatespeech,1,"['Nonreligious', 'African', 'Minority', 'Other']",[4],True,3,True,1,1,0.99998295
1188962978797895683_twitter,11,offensive,1,['Women'],[4],True,3,False,1,1,0.99997437
1178969935885660162_twitter,5,normal,0,[],[],False,3,True,0,0,2.6273749e-05
18928277_gab,49,normal,0,"['Men', 'Refugee', 'Women']",[],False,3,False,0,1,0.9804442
1190404472977207296_twitter,11,offensive,1,['Other'],[5],True,3,False,1,1,0.99964285
1178783322148876289_twitter,21,offensive,1,['Homosexual'],[5],True,3,False,1,0,1.5776062e-05
1174848185342316545_twitter,5,offensive,1,['Women'],[1],True,3,False,1,1,0.9999217
1178770890944897024_twitter,6,normal,0,[],[],False,3,True,0,0,2.1784022e-05
1178981554581856257_twitter,47,normal,0,"['Islam', 'Other', 'Women']",[],False,3,True,0,0,0.42580456
26726148_gab,13,hatespeech,1,['Jewish'],[12],True,3,True,1,1,0.9999856
11699104_gab,25,normal,0,['Jewish'],[],False,3,False,0,1,0.99992037
1178792663744679936_twitter,33,normal,0,['Caucasian'],[],False,3,False,0,1,0.99987483
24543041_gab,16,normal,0,['African'],[],False,3,False,0,1,0.9997534
1178230395290210307_twitter,26,normal,0,"['Jewish', 'Asian']",[],False,3,True,0,0,3.218024e-05
1178648036261728257_twitter,22,normal,0,[],[],False,3,True,0,1,0.99821484
1172195753617285120_twitter,5,normal,0,[],[],False,3,True,0,1,0.99867815
25056500_gab,8,hatespeech,1,['African'],"[5, 6, 7]",True,3,False,1,1,0.9999802
1178784164931391489_twitter,21,offensive,1,['Homosexual'],"[1, 2, 3, 4, 5]",True,3,True,1,0,0.029369812
12597139_gab,32,normal,0,['Islam'],[],False,3,False,0,1,0.99997854
27300415_gab,36,normal,0,['African'],[],False,3,False,0,1,0.99964666
18990407_gab,26,hatespeech,1,"['Homosexual', 'Jewish']","[1, 11]",True,3,True,1,1,0.99998546
17382306_gab,50,hatespeech,1,"['Arab', 'Islam']","[0, 1, 2, 3, 4, 5, 6, 7, 8, 9, 10, 11, 12, 13, 14, 20, 21, 22, 23, 29, 30, 31, 35]",True,3,True,1,1,0.99998426
25475856_gab,14,hatespeech,1,['African'],[1],True,3,False,1,1,0.99996877
4074241_gab,7,offensive,1,['Women'],"[0, 1, 2, 3, 4, 5, 6]",True,3,False,1,0,0.036459252
24998360_gab,13,hatespeech,1,"['Homosexual', 'African']","[0, 1, 2, 3, 4, 5, 6, 7, 8, 9, 10, 11]",True,3,True,1,1,0.9999882
1171505866081570818_twitter,14,normal,0,[],[],False,3,True,0,0,3.2726628e-05
1237932673357750273_twitter,10,offensive,1,['Asian'],"[2, 3, 4, 5, 6, 7, 8]",True,3,False,1,1,0.929531
1179041764763504641_twitter,45,hatespeech,1,['Asian'],[4],True,3,False,1,0,0.00021377193
26860294_gab,21,hatespeech,1,"['Caucasian', 'African', 'Islam', 'Jewish']","[3, 4, 5, 6, 7, 8, 9, 10, 17, 18, 19, 20]",True,3,True,1,1,0.99998856
23875324_gab,20,hatespeech,1,"['Christian', 'African', 'Jewish']","[0, 1, 2, 3, 4, 5, 6, 7, 8, 9, 10, 11, 12, 13, 14, 15, 16, 17, 18, 19]",True,3,False,1,1,0.99998987
26493779_gab,14,normal,0,[],[],False,3,True,0,0,1.628892e-05
1164587915319681024_twitter,26,offensive,1,"['African', 'Asian']","[0, 1, 2, 3, 4, 5, 6, 7, 8, 9, 10, 11, 12, 13, 14, 15, 16, 17]",True,3,False,1,0,0.0001678458
1087186820662624256_twitter,6,offensive,1,"['Homosexual', 'Men', 'Nonreligious', 'Other']",[5],True,3,True,1,1,0.96163726
1220372133328670720_twitter,9,offensive,1,['Other'],"[1, 2, 3, 4, 5, 6, 7, 8]",True,3,True,1,1,0.9999827
8033750_gab,25,normal,0,[],[],False,3,True,0,0,3.28451e-05
21017714_gab,15,normal,0,"['Jewish', 'Other']",[],False,3,False,0,0,0.49971694
16591775_gab,17,hatespeech,1,"['Arab', 'Jewish']",[8],True,3,False,1,1,0.999982
1179058043562016768_twitter,15,normal,0,[],[],False,3,True,0,0,2.8584702e-05
14535850_gab,41,offensive,1,['Homosexual'],"[7, 8, 9, 10, 11, 12, 13, 14, 23, 24, 25, 26, 27]",True,3,False,1,1,0.99439573
1179060731695771648_twitter,22,normal,0,[],[],False,3,True,0,0,3.6085865e-05
14680188_gab,9,hatespeech,1,"['Homosexual', 'African']","[8, 2, 7]",True,3,False,1,1,0.99997354
18942889_gab,13,hatespeech,1,"['Homosexual', 'Men']","[12, 5]",True,3,True,1,1,0.9980557
1264228895827480576_twitter,4,normal,0,['Islam'],[],False,3,False,0,0,4.4760018e-05
4153260_gab,35,hatespeech,1,"['Homosexual', 'African']","[32, 33, 34, 31]",True,3,False,1,1,0.9999715
18723469_gab,12,hatespeech,1,['African'],[],False,3,False,1,1,0.9999672
1178905338386567168_twitter,24,normal,0,['African'],[],False,3,False,0,0,0.096317835
10341750_gab,27,normal,0,['Jewish'],[],False,3,False,0,0,7.902259e-05
1178789593749102592_twitter,51,normal,0,"['Homosexual', 'Women']",[],False,3,False,0,0,0.08844181
1177798518422921218_twitter,19,normal,0,[],[],False,3,True,0,1,0.6652214
1178741820660080642_twitter,18,normal,0,[],[],False,3,True,0,0,1.2978271e-05
25629260_gab,40,hatespeech,1,['African'],"[29, 12, 13, 30]",True,3,True,1,1,0.9999689
20199568_gab,45,hatespeech,1,"['Caucasian', 'African', 'Jewish']","[0, 1, 2, 3, 4, 5, 37, 38, 39, 40, 24, 25]",True,3,True,1,1,0.9999732
22423495_gab,13,normal,0,[],[],False,3,True,0,0,0.014454034
10733286_gab,21,hatespeech,1,"['Jewish', 'Women']","[2, 3, 4]",True,3,False,1,1,0.9999877
1115156608214917120_twitter,22,normal,0,['Women'],[],False,3,True,0,0,0.11517287
16344762_gab,29,offensive,1,"['Other', 'Women']","[3, 4, 5, 6, 17, 18, 27]",True,3,False,1,1,0.9999871
17341831_gab,19,offensive,1,"['Islam', 'Jewish']","[0, 1, 2, 3, 4, 5, 12, 13, 14, 15, 16, 17, 18]",True,3,False,1,1,0.99999154
24290896_gab,9,hatespeech,1,['African'],[1],True,3,True,1,1,0.99997854
1178859304033685504_twitter,4,offensive,1,['African'],"[1, 2, 3]",True,3,False,1,0,0.11620616
1085031346869743616_twitter,14,normal,0,['Refugee'],[],False,3,False,0,0,0.04810152
1178382963521794050_twitter,43,normal,0,[],[],False,3,True,0,0,2.111228e-05
1179026185986154502_twitter,15,normal,0,[],[],False,3,True,0,1,0.6600147
12762394_gab,51,hatespeech,1,['Jewish'],"[1, 2, 3, 4, 5, 11, 12, 13, 14, 15, 16, 17, 18, 19, 20, 21, 22, 23, 25, 26, 27, 28, 29, 30, 31, 32, 33, 34, 35, 36, 37]",True,3,False,1,1,0.9999875
9658057_gab,40,hatespeech,1,['African'],"[16, 17]",True,3,False,1,1,0.99995506
1161799130970148865_twitter,11,normal,0,[],[],False,3,True,0,0,1.2945142e-05
23103890_gab,50,offensive,1,['Refugee'],"[10, 11, 44, 45, 46, 47, 20]",True,3,False,1,0,0.00036356997
22829844_gab,24,offensive,1,"['Islam', 'Jewish', 'African', 'Refugee', 'Arab']",[],False,3,False,1,1,0.9999269
16705606_gab,36,normal,0,"['Homosexual', 'Women']",[],False,3,False,0,0,0.001419566
1179021467767279627_twitter,35,normal,0,['Men'],[],False,3,False,0,1,0.99833125
1179047465502363648_twitter,30,normal,0,[],[],False,3,True,0,0,1.7891214e-05
15467484_gab,32,hatespeech,1,['Hispanic'],"[29, 30, 31]",True,3,False,1,1,0.9999168
3492903_gab,32,hatespeech,1,"['Arab', 'Islam']","[0, 1, 2, 3, 4, 5, 6, 7, 8, 9, 10, 11, 12, 13, 14, 15, 16, 17, 18, 19, 20, 21, 22, 23, 24, 25, 26, 27, 28, 29]",True,3,True,1,1,0.99999
1106631953745244160_twitter,27,normal,0,"['Homosexual', 'Men', 'Women']",[],False,3,False,0,1,0.9987243
14059560_gab,39,hatespeech,1,['Jewish'],"[36, 9, 14, 15, 19, 20, 21, 23]",True,3,True,1,1,0.999982
9511617_gab,19,hatespeech,1,"['Arab', 'Islam']",[12],True,3,False,1,1,0.9999682
1159545300731781120_twitter,11,normal,0,"['Homosexual', 'Other']",[],False,3,True,0,0,0.00032998028
25002103_gab,15,hatespeech,1,['Jewish'],"[12, 5]",True,3,False,1,1,0.99998415
22783429_gab,44,offensive,1,"['Homosexual', 'Islam']","[14, 23, 24, 25, 26]",True,3,False,1,1,0.99998116
1178827797525078021_twitter,18,offensive,1,"['Economic', 'Caucasian', 'Other']","[12, 13, 14, 15, 16]",True,3,True,1,1,0.99997044
1179042058851569664_twitter,31,normal,0,[],[],False,3,True,0,0,0.00011785984
15612212_gab,11,normal,0,"['Men', 'Women']",[],False,3,False,0,0,0.00059021544
1178781806570528768_twitter,42,normal,0,"['Refugee', 'Other']",[],False,3,True,0,0,1.0991137e-05
13578351_gab,11,hatespeech,1,['African'],[4],True,3,False,1,1,0.9999858
1120656515143127040_twitter,16,offensive,1,"['African', 'Islam', 'Christian']","[1, 2, 3, 4, 5, 6, 7, 8]",True,3,False,1,1,0.59795797
1192343269054660608_twitter,22,hatespeech,1,"['Other', 'Women']",[4],True,3,False,1,1,0.99996614
6900714_gab,28,normal,0,"['Caucasian', 'Men', 'Asian', 'Women']",[],False,3,True,0,0,0.13457616
10898853_gab,48,normal,0,"['African', 'Islam']",[],False,3,False,0,1,0.9999856
14819054_gab,25,offensive,1,"['African', 'Arab', 'Men']","[7, 12, 13, 14, 15, 16, 17, 18, 19, 20, 21, 22, 23, 24]",True,3,False,1,1,0.99998784
13126780_gab,38,normal,0,['Women'],[],False,3,False,0,1,0.6728541
9247014_gab,42,hatespeech,1,"['Arab', 'Islam']","[1, 2, 3]",True,3,True,1,1,0.9786596
1178750862811963394_twitter,8,normal,0,[],[],False,3,True,0,0,5.480104e-05
14947627_gab,45,hatespeech,1,"['Arab', 'Islam']","[2, 3, 4]",True,3,True,1,1,0.9999852
22973098_gab,29,hatespeech,1,['Jewish'],"[1, 2, 6, 10, 11, 17, 19, 24, 25]",True,3,True,1,1,0.9999578
20182123_gab,11,hatespeech,1,"['Homosexual', 'Other']",[],False,3,False,1,1,0.99996996
27977502_gab,23,normal,0,[],[],False,3,False,0,0,0.00035591534
18620373_gab,26,offensive,1,"['Men', 'Other']","[1, 2, 5, 6, 7, 8, 9, 22, 23, 24]",True,3,True,1,0,0.0012651008
1178518576283545602_twitter,27,hatespeech,1,"['Disability', 'Caucasian', 'Other']","[4, 5, 6, 7, 23, 24, 26]",True,3,False,1,1,0.9999856
16349811_gab,34,offensive,1,"['Caucasian', 'Men', 'African', 'Women']","[4, 5, 6, 7, 8, 9, 10, 11, 12, 13, 14]",True,3,False,1,1,0.9998398
1179068820939530241_twitter,24,normal,0,[],[],False,3,True,0,0,0.0009411358
3873951_gab,34,hatespeech,1,"['African', 'Islam', 'Refugee']","[0, 1, 2, 3, 4, 5, 6, 7, 8, 9, 10, 11, 12, 13, 14, 15, 16]",True,3,False,1,1,0.9999877
23121135_gab,40,offensive,1,['African'],"[24, 11]",True,3,False,1,1,0.9999759
1170032495183704064_twitter,25,normal,0,[],[],False,3,True,0,1,0.9999831
18721090_gab,38,hatespeech,1,"['Arab', 'Islam']","[20, 21, 22, 23, 24, 25]",True,3,False,1,1,0.9999845
17279436_gab,21,hatespeech,1,"['African', 'Islam']","[11, 13]",True,3,True,1,1,0.99997914
11671275_gab,29,offensive,1,['Women'],"[5, 6, 22, 23, 24, 25]",True,3,False,1,1,0.9999795
1186125821515325445_twitter,16,normal,0,[],[],False,3,True,0,1,0.99987864
1230931318822838273_twitter,23,normal,0,"['Refugee', 'Other']",[],False,3,False,0,1,0.9999697
13688078_gab,22,hatespeech,1,['Jewish'],"[3, 4, 5, 7, 16, 18, 19, 20, 21]",True,3,True,1,1,0.9999882
1145907252857122816_twitter,26,offensive,1,['Refugee'],"[5, 6, 13, 14, 15, 16, 17, 18, 19]",True,3,False,1,1,0.99941885
1179092969531596800_twitter,50,normal,0,[],[],False,3,True,0,1,0.99997866
15339737_gab,46,offensive,1,['Women'],"[6, 7, 10, 11, 12, 13, 14, 29, 30, 31, 32, 33, 34, 35, 36, 37, 38, 39, 40]",True,3,False,1,1,0.9999906
1178750958718914561_twitter,37,normal,0,"['Men', 'African']",[],False,3,True,0,1,0.97710764
23240052_gab,25,hatespeech,1,"['African', 'Arab', 'Jewish']","[8, 4, 23, 7]",True,3,False,1,1,0.99999034
1179079915003633665_twitter,48,normal,0,[],[],False,3,True,0,0,1.2066453e-05
1178824729144246272_twitter,5,normal,0,[],[],False,3,True,0,0,0.00048475785
18569620_gab,34,normal,0,"['Men', 'Refugee', 'Women']",[],False,3,False,0,0,1.2849279e-05
1178351516874235904_twitter,50,normal,0,"['African', 'Other']",[],False,3,True,0,1,0.99988914
19566568_gab,30,hatespeech,1,"['Homosexual', 'African', 'Men', 'Women']","[12, 13, 27, 28, 29]",True,3,True,1,1,0.9999857
1082385043039895554_twitter,17,offensive,1,['Disability'],"[16, 13, 14, 15]",True,3,True,1,1,0.9999902
25821391_gab,12,hatespeech,1,"['Hispanic', 'Minority', 'Refugee']","[8, 7]",True,3,False,1,1,0.9999908
12724221_gab,4,offensive,1,"['Jewish', 'Other']","[0, 1, 2, 3]",True,3,False,1,1,0.9999869
1192879861385314304_twitter,15,offensive,1,"['African', 'Women']","[3, 10, 2]",True,3,True,1,1,0.9999522
1121915418736615424_twitter,17,offensive,1,[],"[1, 2, 3, 4, 5, 9, 10, 11]",True,3,True,1,1,0.99998534
24954806_gab,22,offensive,1,"['Homosexual', 'Caucasian', 'Refugee']","[4, 5, 6, 7, 10, 17, 18]",True,3,True,1,1,0.9998771
15012514_gab,22,normal,0,['Islam'],[],False,3,False,0,0,4.284158e-05
15994275_gab,12,offensive,1,"['Men', 'Other', 'Women']","[1, 4, 6, 7, 8, 9, 10, 11]",True,3,False,1,0,0.4323567
9280082_gab,22,offensive,1,"['African', 'Women']","[6, 10, 11, 12, 13, 14, 15]",True,3,False,1,1,0.9998211
2677289_gab,25,hatespeech,1,"['Disability', 'African', 'Caucasian', 'Women', 'Other']","[13, 14, 15, 16, 17, 18]",True,3,True,1,1,0.9999205
8736876_gab,15,offensive,1,"['Jewish', 'Other']","[4, 5, 6, 7, 8]",True,3,False,1,1,0.9999621
1178335710987862017_twitter,19,normal,0,[],[],False,3,True,0,0,0.028969295
1213517784942104577_twitter,5,normal,0,['Homosexual'],[],False,3,False,0,0,1.6286853e-05
21735535_gab,34,hatespeech,1,['African'],"[32, 33, 15]",True,3,True,1,1,0.999977
21681110_gab,40,normal,0,['African'],[],False,3,False,0,1,0.9981833
1170475669530271744_twitter,19,normal,0,[],[],False,3,True,0,0,8.401221e-06
7314559_gab,24,hatespeech,1,['African'],"[0, 1, 2, 3, 4, 5, 6, 7, 8, 9, 10, 11, 12, 13, 14, 15, 16, 17, 18, 19, 20, 21, 22, 23]",True,3,False,1,1,0.99966025
1093632039864160257_twitter,15,offensive,1,['Jewish'],"[8, 9, 10, 11]",True,3,True,1,1,0.9915617
1251573409798131712_twitter,21,offensive,1,"['Homosexual', 'Women']","[10, 11, 12, 13, 14]",True,3,True,1,0,6.3299056e-05
1179105435690749952_twitter,16,normal,0,['Women'],[],False,3,False,0,1,0.99984133
1179089731075923968_twitter,28,offensive,1,"['Caucasian', 'Women']","[4, 5, 6, 13, 14]",True,3,False,1,0,0.0022754518
1179084652637802496_twitter,26,normal,0,[],[],False,3,True,0,0,0.0094686905
1248753642129285124_twitter,5,offensive,1,[],"[2, 3, 4]",True,3,False,1,0,0.40002647
24997471_gab,23,hatespeech,1,"['Men', 'Jewish', 'Women']","[2, 3, 4, 5, 6, 7, 8, 9, 10, 11, 12, 13, 14, 15, 16, 17, 18, 19, 20, 21, 22]",True,3,False,1,1,0.9987326
6063175_gab,49,normal,0,[],[],False,3,True,0,1,0.99776995
8039584_gab,14,hatespeech,1,"['Arab', 'Islam']",[10],True,3,False,1,1,0.9999875
1184949747087499264_twitter,16,normal,0,[],[],False,3,True,0,0,1.1536339e-05
14944099_gab,19,hatespeech,1,"['Homosexual', 'African']","[3, 4]",True,3,False,1,1,0.99998784
1178727087114510336_twitter,14,hatespeech,1,"['Nonreligious', 'African', 'Minority', 'Other']","[8, 9, 6, 7]",True,3,True,1,1,0.99997485
1099346117643460615_twitter,9,normal,0,['African'],[],False,3,False,0,0,1.6091339e-05
18051974_gab,20,hatespeech,1,"['Jewish', 'Women']","[4, 5, 12, 13, 14, 15, 16]",True,3,True,1,1,0.9999877
19506620_gab,9,hatespeech,1,['Islam'],"[8, 6, 7]",True,3,True,1,1,0.999982
5613562_gab,49,offensive,1,['African'],"[6, 7, 8, 9, 10, 11, 12, 13, 14, 15, 16, 17, 18, 19, 20, 21, 22, 23, 24, 25, 26, 27, 28, 29, 30, 31, 32, 33, 34, 35, 36, 37, 38, 39, 40, 41, 42, 43, 44, 45, 46, 47, 48]",True,3,True,1,0,0.00091763644
1179043135986393089_twitter,37,normal,0,['Caucasian'],[],False,3,False,0,1,0.99963546
1142522499831226368_twitter,11,offensive,1,['Women'],[8],True,3,True,1,0,1.0416265e-05
25849726_gab,43,hatespeech,1,"['Homosexual', 'Jewish']","[0, 1, 2, 3, 4, 5, 6, 7, 8, 9, 10, 11, 12, 13, 14, 15, 16, 17, 18, 19, 20, 21, 22, 23, 24, 25, 26, 27, 28, 29, 30, 31, 32, 33, 34, 35, 36, 37, 38, 39, 40, 41, 42]",True,3,True,1,1,0.99999106
24235800_gab,48,hatespeech,1,['Islam'],[],False,3,False,1,0,0.42578927
1178999584342908928_twitter,26,normal,0,['Homosexual'],[],False,3,True,0,0,4.6832993e-05
11907745_gab,28,offensive,1,"['Caucasian', 'Men', 'Jewish', 'Women']","[0, 1, 2, 3, 4, 5, 6, 7, 8, 9, 10, 11, 12, 20, 21, 22, 23, 24, 25, 26, 27]",True,3,False,1,1,0.9999752
7715644_gab,17,normal,0,"['Caucasian', 'Men', 'Women']",[],False,3,False,0,0,0.0574577
7603245_gab,41,hatespeech,1,"['African', 'Jewish', 'Women']",[18],True,3,True,1,1,0.9999875
25813894_gab,16,offensive,1,"['African', 'Women']","[4, 5]",True,3,False,1,1,0.9988966
14304130_gab,35,offensive,1,"['Refugee', 'Asian']","[3, 4, 5, 6, 7, 8, 9, 10, 11, 12, 13, 15, 16, 17, 18, 19, 20, 21, 22, 23, 24, 25, 26, 27, 28, 29, 30, 31, 32, 33, 34]",True,3,True,1,1,0.9999771
23591171_gab,22,hatespeech,1,"['Economic', 'Caucasian', 'Jewish']","[8, 6, 7]",True,3,True,1,1,0.9999753
9725665_gab,13,hatespeech,1,['Jewish'],"[0, 1, 2, 3, 4, 5, 6, 7, 8, 9, 10, 11, 12]",True,3,True,1,0,0.092679195
23246666_gab,45,normal,0,"['Asian', 'Women']",[],False,3,True,0,1,0.99995387
13508921_gab,13,offensive,1,['Homosexual'],"[3, 4, 5, 6, 7, 8, 9, 10, 11, 12]",True,3,True,1,1,0.99998474
14725335_gab,51,offensive,1,['Asian'],"[9, 10, 11, 12, 13, 14, 15, 16, 17, 18, 19, 20, 21, 22, 23, 24, 25, 26, 27, 28, 29, 30, 31, 32, 33, 34, 35, 36, 37, 38, 39, 40, 41, 42, 43, 44, 45, 46, 47, 48, 49, 50]",True,3,False,1,0,0.001039817
19017382_gab,51,hatespeech,1,"['Christian', 'African', 'Heterosexual', 'Minority', 'Indigenous']","[40, 42, 15]",True,3,False,1,1,0.9999697
1219090826766188544_twitter,17,offensive,1,"['African', 'Men', 'Women']","[7, 8, 9, 10, 11, 12, 13, 14, 15, 16]",True,3,False,1,0,4.7972364e-05
1178753377813053441_twitter,47,normal,0,[],[],False,3,True,0,1,0.88342303
8212775_gab,27,offensive,1,['Other'],"[0, 1, 2, 3, 4, 5, 6, 7, 8, 9, 10, 11, 12, 13, 14, 15, 16, 17, 18, 19, 20, 21, 22, 23, 24, 25, 26]",True,3,False,1,0,0.014702219
17729336_gab,48,offensive,1,"['Hispanic', 'Refugee']",[30],True,3,True,1,1,0.9990619
12935605_gab,34,hatespeech,1,"['Arab', 'Islam', 'Other']","[4, 5, 6, 21, 22, 23, 24, 25, 26, 27, 28, 29]",True,3,True,1,1,0.99999034
1178261397328842752_twitter,49,normal,0,[],[],False,3,True,0,0,2.2468435e-05
1178911850806693888_twitter,7,normal,0,['African'],[],False,3,False,0,1,0.99997246
24510044_gab,6,offensive,1,['Jewish'],[],False,3,False,1,1,0.9999505
1902424_gab,8,normal,0,"['African', 'Men', 'Women']",[],False,3,True,0,0,0.0005489986
14584979_gab,44,hatespeech,1,['Jewish'],"[32, 18, 19, 20, 22]",True,3,True,1,1,0.9999758
13004991_gab,8,hatespeech,1,"['Homosexual', 'Jewish']","[1, 7]",True,3,True,1,1,0.99998534
1178148443564527619_twitter,32,normal,0,[],[],False,3,True,0,0,0.0030516784
1178541520980459520_twitter,48,normal,0,"['Homosexual', 'Caucasian', 'Women']",[],False,3,False,0,1,0.99999
10994515_gab,34,hatespeech,1,['Jewish'],"[33, 15]",True,3,False,1,1,0.99677294
1159623306401726464_twitter,10,normal,0,[],[],False,3,True,0,0,9.889513e-05
25001491_gab,17,hatespeech,1,['African'],"[0, 1, 2, 3, 4, 5, 6, 7, 8, 9]",True,3,True,1,1,0.99998033
22349896_gab,6,hatespeech,1,['Jewish'],"[0, 1, 2, 3, 4, 5]",True,3,False,1,1,0.9999918
23973351_gab,30,hatespeech,1,"['Jewish', 'Women']","[11, 12, 13]",True,3,False,1,1,0.99998784
20084749_gab,25,hatespeech,1,['Jewish'],"[8, 9, 10, 11, 12, 13, 14, 15, 16, 17, 18, 19, 20, 21, 22, 23, 24]",True,3,True,1,1,0.9999889
1165119799204007936_twitter,9,normal,0,[],[],False,3,True,0,0,0.24204366
1178503567474397184_twitter,11,normal,0,[],[],False,3,True,0,0,0.0056639537
1178864245007511553_twitter,11,normal,0,['African'],[],False,3,False,0,0,0.3291849
1177943113794502657_twitter,31,normal,0,"['Homosexual', 'Women']",[],False,3,True,0,0,7.533017e-06
1178753430162001920_twitter,6,normal,0,[],[],False,3,True,0,1,0.8601534
15314387_gab,46,offensive,1,['Women'],"[32, 33, 34, 35, 36, 37, 38, 39, 40, 41, 42, 43, 44, 45, 26, 30, 31]",True,3,False,1,1,0.99922085
19927516_gab,46,hatespeech,1,"['Caucasian', 'Arab', 'Islam', 'Jewish']","[2, 3, 4, 5, 6, 7, 8, 9, 10, 11, 12, 13, 14, 15, 16, 17, 18, 19, 20, 21, 22, 23, 24, 25, 26, 27, 28, 29, 30, 31, 32, 33, 34, 35, 36, 37, 38, 39, 40, 41, 42, 43, 44, 45]",True,3,True,1,1,0.99998546
1200889620403118080_twitter,8,offensive,1,"['African', 'Women']","[0, 1, 2, 3, 6]",True,3,True,1,1,0.97978365
1179104890825498630_twitter,25,normal,0,[],[],False,3,True,0,0,3.1262138e-05
11907906_gab,25,offensive,1,['Islam'],[],False,3,False,1,1,0.99976605
1084987541579694080_twitter,19,normal,0,['Other'],[],False,3,False,0,0,0.0026676646
1178863496236171264_twitter,30,normal,0,[],[],False,3,True,0,0,3.2981385e-05
1179104343552860160_twitter,43,normal,0,[],[],False,3,True,0,0,0.00013871957
22849616_gab,48,hatespeech,1,"['Hispanic', 'Refugee']","[32, 3, 8, 14, 15, 16, 17, 29, 30, 31]",True,3,False,1,1,0.99998856
1105628542023491584_twitter,7,normal,0,[],[],False,3,True,0,1,0.5035535
1107846791955914752_twitter,12,normal,0,[],[],False,3,True,0,1,0.9999554
19323340_gab,8,offensive,1,['Other'],"[1, 2, 3, 4, 5, 6, 7]",True,3,True,1,1,0.9999739
24226606_gab,9,hatespeech,1,"['African', 'Jewish']","[3, 4, 5, 6, 7, 8]",True,3,True,1,1,0.9999784
1179048627332734977_twitter,21,normal,0,[],[],False,3,True,0,0,0.43831336
21544081_gab,10,offensive,1,"['Homosexual', 'Jewish']","[1, 2, 3]",True,3,True,1,1,0.99999
17466292_gab,37,hatespeech,1,"['Arab', 'Islam']","[18, 19, 20]",True,3,False,1,1,0.68743724
21683093_gab,24,hatespeech,1,"['Arab', 'Islam']","[19, 20, 21, 22, 23]",True,3,False,1,1,0.7923631
1178784199689539587_twitter,10,normal,0,['Homosexual'],[],False,3,True,0,1,0.982797
1179104508640559104_twitter,11,normal,0,[],[],False,3,True,0,0,0.0030940662
16933823_gab,22,offensive,1,"['Arab', 'Islam', 'Other', 'Women']","[5, 7, 8, 9, 10, 15]",True,3,False,1,1,0.9999801
25981841_gab,23,normal,0,[],[],False,3,True,0,1,0.9999361
1178678207341576199_twitter,12,offensive,1,"['Economic', 'Caucasian']","[3, 4, 5]",True,3,True,1,1,0.9997969
8577246_gab,33,offensive,1,"['Islam', 'Other']","[32, 19, 20, 21, 22, 23, 24, 25, 26, 27, 28, 29, 30, 31]",True,3,False,1,1,0.9674906
13681705_gab,9,hatespeech,1,['African'],[8],True,3,True,1,1,0.99998176
22707292_gab,23,offensive,1,"['Arab', 'Islam']","[0, 1, 2, 3, 4, 5, 6, 7, 8, 9, 10, 11, 12, 13, 14, 15, 16, 17, 18, 19, 20, 21, 22]",True,3,False,1,1,0.9999877
3199835_gab,48,offensive,1,"['Refugee', 'Other']","[32, 33, 34, 35, 36, 37, 28, 29, 30, 31]",True,3,False,1,1,0.9965424
18975816_gab,16,hatespeech,1,['Homosexual'],"[1, 2, 3]",True,3,False,1,1,0.9999832
8009733_gab,42,offensive,1,['African'],"[5, 6, 7, 8, 9, 10, 11, 12, 13, 14, 24, 25, 26, 27, 28, 29, 30, 31, 32, 33, 34, 35]",True,3,True,1,1,0.9999341
1178950290080505856_twitter,20,normal,0,[],[],False,3,True,0,0,0.0001985218
1178879179086917637_twitter,46,normal,0,[],[],False,3,True,0,0,2.3177929e-05
1237051164857794572_twitter,22,normal,0,['Asian'],[],False,3,False,0,0,1.4487248e-05
1179080121271177224_twitter,18,normal,0,[],[],False,3,True,0,0,7.986302e-05
27277646_gab,12,offensive,1,"['African', 'Islam', 'Refugee']",[],False,3,False,1,1,0.99963415
1116751513295126528_twitter,17,hatespeech,1,['Other'],"[13, 14, 15]",True,3,False,1,0,0.13501507
19502945_gab,28,offensive,1,['Homosexual'],"[13, 14, 15, 16, 17, 18, 19, 20, 21, 22, 23, 24, 25, 26, 27]",True,3,False,1,0,1.0103169e-05
22035806_gab,10,offensive,1,"['Homosexual', 'Other']","[2, 3, 4]",True,3,True,1,1,0.9999875
1178994366620340225_twitter,36,normal,0,[],[],False,3,True,0,0,0.00032365732
18359037_gab,8,hatespeech,1,['Islam'],[3],True,3,False,1,1,0.99997115
1178746674572877825_twitter,47,normal,0,[],[],False,3,True,0,0,0.108031094
1185318971651821568_twitter,14,normal,0,[],[],False,3,True,0,1,0.9982048
1178864717466685444_twitter,45,normal,0,[],[],False,3,True,0,1,0.99984443
21846776_gab,21,offensive,1,['Other'],"[7, 8, 9, 12, 13, 14]",True,3,False,1,1,0.9999864
1178835893345558531_twitter,17,normal,0,"['Caucasian', 'Women']",[],False,3,False,0,1,0.9999682
17329654_gab,39,offensive,1,"['Refugee', 'Women']","[7, 8, 9, 10, 11, 12, 13, 14, 15, 16, 17, 18, 19, 20, 21, 22, 24, 25, 26, 27, 28, 29, 30, 31]",True,3,False,1,1,0.9999888
26558540_gab,6,offensive,1,['Homosexual'],"[0, 1, 2, 3, 4, 5]",True,3,True,1,1,0.99998856
1178855655341465601_twitter,17,normal,0,[],[],False,3,True,0,0,9.373722e-06
1121219290089381889_twitter,19,offensive,1,['Refugee'],"[12, 13, 14, 15, 16, 17, 18]",True,3,False,1,0,0.0001677239
13403307_gab,14,normal,0,['Islam'],[],False,3,False,0,1,0.98805153
10088571_gab,24,hatespeech,1,['Jewish'],"[0, 12, 14, 16, 17]",True,3,False,1,1,0.99997973
17684585_gab,31,offensive,1,"['Homosexual', 'Refugee', 'Other', 'Women']","[4, 5, 15, 16, 17]",True,3,False,1,1,0.9999864
14399578_gab,44,hatespeech,1,"['Islam', 'Refugee']","[0, 33, 1, 3, 4, 5, 6, 7, 8, 40, 41, 42, 43, 2, 37, 38, 39, 36]",True,3,False,1,1,0.99998796
22628139_gab,39,normal,0,['Jewish'],[],False,3,True,0,0,0.0019076886
18534478_gab,31,normal,0,"['Homosexual', 'Men', 'Women']",[],False,3,True,0,1,0.99994564
1093584132536291328_twitter,21,normal,0,['Asian'],[],False,3,False,0,1,0.9362265
1178898051106250752_twitter,17,normal,0,[],[],False,3,True,0,1,0.9996131
1117481225705480195_twitter,12,normal,0,[],[],False,3,True,0,0,2.0985019e-05
19932727_gab,38,hatespeech,1,"['Jewish', 'Refugee']","[0, 37, 15, 26, 27, 28, 29, 30]",True,3,True,1,1,0.9999871
27948460_gab,5,hatespeech,1,['Hispanic'],"[1, 2, 3, 4]",True,3,True,1,1,0.9999871
1179098848876257280_twitter,24,normal,0,[],[],False,3,True,0,0,1.6705197e-05
6309991_gab,7,offensive,1,"['Indian', 'Islam']","[2, 6]",True,3,True,1,1,0.9999851
16049343_gab,7,hatespeech,1,['Islam'],[6],True,3,False,1,1,0.9999901
1178858224658911232_twitter,52,normal,0,['Jewish'],[],False,3,True,0,0,4.376692e-05
27955734_gab,9,hatespeech,1,['African'],"[8, 7]",True,3,True,1,1,0.99998
1218702171207692288_twitter,18,offensive,1,['Other'],"[9, 10, 11, 12, 13, 14, 15, 16]",True,3,True,1,1,0.99998546
4598856_gab,47,normal,0,"['Islam', 'Jewish', 'Refugee']",[],False,3,False,0,0,0.0009755206
18036634_gab,38,hatespeech,1,"['Homosexual', 'African', 'Arab']","[16, 17, 18, 19, 20, 21, 22, 23, 24]",True,3,True,1,1,0.9999777
16292469_gab,14,hatespeech,1,"['African', 'Men', 'Women']","[9, 10, 11, 12, 13]",True,3,True,1,1,0.99996996
25016547_gab,34,offensive,1,"['Homosexual', 'Other']","[9, 10, 11, 12, 13, 14, 15, 16, 17, 18, 19, 20, 21, 22, 23, 24, 25, 26, 27, 28, 29, 30, 31, 32, 33]",True,3,False,1,1,0.9999889
1179029276923809792_twitter,44,normal,0,[],[],False,3,True,0,0,9.730361e-06
3188045_gab,8,offensive,1,"['Arab', 'Islam']","[1, 2, 3, 4, 5, 6, 7]",True,3,False,1,1,0.9999732
18315448_gab,14,hatespeech,1,['Jewish'],"[8, 3, 7]",True,3,True,1,1,0.9999895
1081640780563914752_twitter,13,normal,0,['Islam'],[],False,3,False,0,0,0.00010983069
1084372016302456832_twitter,7,normal,0,[],[],False,3,True,0,0,3.8887956e-05
21617110_gab,50,hatespeech,1,"['Homosexual', 'Islam', 'Other']","[16, 17, 18, 19, 20, 21, 22, 23, 24, 25, 26, 27, 28, 29, 30, 31, 32, 48, 49]",True,3,False,1,1,0.9999813
8715988_gab,49,normal,0,"['Men', 'Women']",[],False,3,True,0,0,2.2284234e-05
1178990389111508993_twitter,50,normal,0,[],[],False,3,True,0,0,1.718079e-05
12132345_gab,8,offensive,1,['Other'],"[2, 6]",True,3,True,1,1,0.9999665
16379513_gab,30,hatespeech,1,['Jewish'],"[3, 4, 5]",True,3,False,1,1,0.9999901
20710095_gab,10,offensive,1,['Other'],"[1, 2, 5]",True,3,False,1,1,0.9975569
25477671_gab,23,offensive,1,"['African', 'Other']","[0, 1, 2, 3, 4, 5, 6, 7, 8, 9, 10, 11, 12, 13, 14, 15, 16, 17, 18, 19, 20, 21, 22]",True,3,False,1,1,0.99998677
2960160_gab,10,offensive,1,['African'],[],False,3,False,1,1,0.79355735
1090991595476959232_twitter,10,normal,0,['Refugee'],[],False,3,False,0,0,3.783347e-05
1089766334437707776_twitter,23,offensive,1,['Refugee'],"[11, 21, 22]",True,3,False,1,0,0.005169904
11620676_gab,29,offensive,1,['Other'],"[11, 12, 13, 14, 15, 16, 17, 18, 19, 20]",True,3,False,1,0,1.4698472e-05
1122976103700656128_twitter,26,normal,0,"['Men', 'African']",[],False,3,True,0,0,0.0003741582
13545133_gab,28,offensive,1,['African'],"[9, 10, 11, 12, 13, 14, 15, 16, 17, 18, 19, 20, 21, 22, 23, 24, 25, 26, 27]",True,3,False,1,1,0.99999
24495849_gab,6,hatespeech,1,['African'],"[4, 5]",True,3,False,1,1,0.99998593
19223314_gab,13,hatespeech,1,"['Homosexual', 'Men', 'Asian', 'Other']","[3, 6, 10, 11, 12]",True,3,True,1,1,0.9999881
1270047024612814855_twitter,14,offensive,1,"['African', 'Refugee']","[3, 4, 5, 6, 7, 8, 9, 10, 11, 12, 13]",True,3,False,1,0,2.33303e-05
1104165023528730625_twitter,5,normal,0,[],[],False,3,True,0,1,0.99998903
21088573_gab,20,normal,0,['African'],[],False,3,False,0,1,0.999954
1178796509447512065_twitter,9,normal,0,['Women'],[],False,3,True,0,1,0.9981001
1179065805121544192_twitter,32,normal,0,[],[],False,3,True,0,0,1.5954169e-05
1178938189739896834_twitter,24,normal,0,['Women'],[],False,3,True,0,0,0.0002839394
1179089450258829312_twitter,16,normal,0,[],[],False,3,True,0,0,3.41571e-05
23083459_gab,23,offensive,1,"['Islam', 'Men', 'Caucasian', 'Women', 'Arab']","[1, 2, 3, 4, 5, 9, 13, 14, 15, 16, 17]",True,3,True,1,1,0.999987
12071681_gab,44,normal,0,"['Jewish', 'Refugee']",[],False,3,False,0,1,0.9999771
21668983_gab,7,hatespeech,1,['Jewish'],"[0, 1, 2, 3, 4, 5, 6]",True,3,False,1,1,0.99998426
17954966_gab,22,normal,0,['Homosexual'],[],False,3,False,0,1,0.97764856
1178902223868370944_twitter,17,offensive,1,"['Economic', 'Caucasian']","[5, 6]",True,3,True,1,1,0.9967073
1083030701623123973_twitter,12,normal,0,['Other'],[],False,3,False,0,0,1.6291824e-05
27704439_gab,13,hatespeech,1,"['Homosexual', 'Other']","[0, 1, 2, 3, 4, 5, 6, 7, 8, 9, 10, 11, 12]",True,3,True,1,1,0.9923184
24947628_gab,35,hatespeech,1,"['Islam', 'Men', 'Refugee', 'Women', 'Arab']","[5, 6, 15, 16, 17, 18, 19, 20, 21, 28, 29, 30]",True,3,True,1,1,0.99998784
1178958619649462273_twitter,14,normal,0,[],[],False,3,True,0,1,0.9154458
17414677_gab,51,normal,0,"['Other', 'Women']",[],False,3,False,0,1,0.99998677
22852348_gab,14,hatespeech,1,['Jewish'],"[10, 11, 12, 13]",True,3,True,1,1,0.9999844
9779478_gab,5,offensive,1,['Other'],"[0, 1, 2, 3, 4]",True,3,False,1,1,0.9999491
1179103997174538240_twitter,32,normal,0,"['Islam', 'Other']",[],False,3,False,0,0,9.43972e-06
1165966377515012097_twitter,20,offensive,1,['Caucasian'],"[2, 3, 4, 5, 6]",True,3,False,1,1,0.9999002
1089938921633378304_twitter,10,offensive,1,"['Homosexual', 'Women']","[4, 5, 6, 7, 8]",True,3,False,1,1,0.99997985
17678418_gab,9,offensive,1,"['Hispanic', 'Islam', 'Men', 'African', 'Refugee']","[2, 3]",True,3,True,1,1,0.9998901
1178737797366210560_twitter,8,offensive,1,['African'],"[6, 7]",True,3,False,1,1,0.9999684
21603448_gab,48,hatespeech,1,['African'],"[2, 3, 4, 5, 6, 7, 8, 9, 10, 11, 12, 13, 14, 15, 16, 17, 18, 19, 20, 21, 22, 23, 24, 25, 26, 41, 42, 43, 44, 45, 46, 47]",True,3,True,1,1,0.9999838
1179062432829980673_twitter,10,normal,0,"['African', 'Arab']",[],False,3,True,0,1,0.98092204
4278617_gab,24,hatespeech,1,['African'],"[0, 1, 2, 3, 4, 5, 6, 7, 8, 9, 10, 11, 12, 13, 14, 15, 16, 17, 18, 19, 20, 21, 22, 23]",True,3,False,1,1,0.9999863
18124774_gab,46,normal,0,"['Men', 'Women']",[],False,3,False,0,0,0.00012518653
23997448_gab,33,hatespeech,1,"['Arab', 'Islam', 'African']","[0, 1, 2, 3, 4, 5, 6, 7, 8, 9, 10, 11, 12, 13, 14, 15, 16, 17, 18, 19, 20, 21, 22, 23, 24, 25, 26, 27, 28, 29, 30, 31, 32]",True,3,False,1,1,0.9999771
13699384_gab,7,offensive,1,"['Men', 'Other']","[0, 1, 2, 3, 4, 5, 6]",True,3,False,1,1,0.9999887
1178985339144196096_twitter,18,normal,0,[],[],False,3,True,0,0,1.787687e-05
21000139_gab,29,hatespeech,1,"['Homosexual', 'Other']","[4, 5, 15, 21, 22]",True,3,False,1,1,0.9999844
18597008_gab,41,hatespeech,1,"['Caucasian', 'Homosexual', 'African', 'Heterosexual']","[6, 7, 8, 9, 10, 16, 17, 18, 19, 20, 21, 22, 23, 24, 25, 26, 27, 33, 34]",True,3,False,1,1,0.99998
7704618_gab,47,normal,0,['Islam'],[],False,3,False,0,1,0.99597484
1163196475939139590_twitter,13,offensive,1,['Women'],[6],True,3,True,1,0,0.0029060675
1199796056525082630_twitter,25,offensive,1,"['Homosexual', 'Arab', 'Islam']","[11, 12, 13, 14, 15, 16, 17, 18, 19, 20, 21, 22, 23, 24]",True,3,True,1,1,0.66437835
18961002_gab,23,normal,0,['Other'],[],False,3,False,0,0,5.581175e-05
1230779917039628290_twitter,8,normal,0,['Homosexual'],[],False,3,False,0,0,0.00011550402
24192086_gab,18,normal,0,['Other'],[],False,3,False,0,1,0.9999882
9681606_gab,36,offensive,1,['Arab'],"[0, 1, 2, 3, 4, 5, 6, 7, 8, 9, 10, 11, 13, 14, 15, 16, 17, 18, 19, 20, 21, 22, 23, 24, 25, 26, 27, 28, 29, 30, 31, 32, 33, 34, 35]",True,3,False,1,1,0.9999745
6710056_gab,13,normal,0,"['Islam', 'Other']",[],False,3,False,0,1,0.99993324
1227138304836952064_twitter,12,hatespeech,1,['Women'],[],False,3,False,1,1,0.9910876
1088926500550774784_twitter,6,normal,0,[],[],False,3,True,0,0,0.0019362681
13603926_gab,45,normal,0,[],[],False,3,True,0,1,0.99998176
1179005827811807232_twitter,8,offensive,1,"['Economic', 'Caucasian', 'Other']",[7],True,3,False,1,0,0.4041877
13681983_gab,22,offensive,1,['Asian'],"[0, 1, 2, 3, 4, 5]",True,3,True,1,1,0.88174963
1179105677186236417_twitter,13,normal,0,[],[],False,3,True,0,0,0.48309487
1104194723412131845_twitter,4,normal,0,['African'],[],False,3,True,0,1,0.7209623
23267605_gab,9,offensive,1,['Homosexual'],"[4, 5]",True,3,True,1,1,0.99998
11140888_gab,3,hatespeech,1,['Jewish'],[2],True,3,True,1,1,0.99998295
1179096536661315592_twitter,49,normal,0,[],[],False,3,True,0,0,9.318534e-06
1230561175697412098_twitter,15,normal,0,"['Homosexual', 'Refugee', 'Asian']",[],False,3,False,0,0,2.5642845e-05
7500341_gab,13,offensive,1,"['Homosexual', 'Arab', 'Islam']","[0, 1, 2, 3, 4, 5, 6, 7, 8, 9, 10, 11, 12]",True,3,False,1,1,0.9999895
1178763669397790722_twitter,29,normal,0,['Caucasian'],[],False,3,True,0,0,2.4348165e-05
22021150_gab,4,hatespeech,1,['African'],"[0, 1, 2, 3]",True,3,True,1,1,0.9999714
15284640_gab,18,offensive,1,['Hispanic'],"[16, 17]",True,3,False,1,1,0.9999869
23672739_gab,8,hatespeech,1,"['Homosexual', 'Men', 'Other', 'Women']","[0, 1, 2, 3, 4, 5, 6, 7]",True,3,True,1,1,0.9998056
1143201658324881408_twitter,14,normal,0,[],[],False,3,True,0,1,0.99998236
1177610924775088135_twitter,48,normal,0,[],[],False,3,True,0,0,5.898284e-05
1097184868893630465_twitter,19,normal,0,"['Men', 'Women', 'Asian', 'Hindu']",[],False,3,False,0,0,0.0031245933
24288768_gab,44,normal,0,"['Islam', 'Men', 'African', 'Refugee', 'Women', 'Arab']",[],False,3,False,0,1,0.99998355
1179041186885054466_twitter,49,normal,0,[],[],False,3,True,0,0,6.0538317e-05
1178963188441739264_twitter,33,normal,0,[],[],False,3,True,0,0,0.00015308376
1211514294258618368_twitter,14,normal,0,['Women'],[],False,3,False,0,1,0.99708074
2908903_gab,41,normal,0,"['Arab', 'Refugee', 'Women']",[],False,3,False,0,1,0.9999906
17528127_gab,13,hatespeech,1,['Jewish'],"[0, 1, 2, 3, 4, 5, 6, 7, 8, 9, 10, 11, 12]",True,3,True,1,1,0.9999764
15295049_gab,27,hatespeech,1,"['Homosexual', 'Women']","[24, 25]",True,3,False,1,1,0.99997234
1122680380090400768_twitter,7,normal,0,[],[],False,3,True,0,1,0.73769665
22966558_gab,16,normal,0,['Islam'],[],False,3,False,0,0,0.4103934
10883257_gab,12,normal,0,"['Caucasian', 'Other']",[],False,3,False,0,1,0.99929583
11117787_gab,19,offensive,1,"['African', 'Women']","[1, 2]",True,3,False,1,1,0.9998529
19832857_gab,14,offensive,1,"['Caucasian', 'African', 'Women']",[4],True,3,False,1,1,0.99998844
11832708_gab,12,hatespeech,1,"['Homosexual', 'Other']","[9, 10]",True,3,False,1,1,0.9999796
1257376380385464320_twitter,20,offensive,1,"['Caucasian', 'Other']","[13, 5, 6, 14]",True,3,False,1,1,0.9959869
1178579403720318976_twitter,32,normal,0,[],[],False,3,True,0,0,1.5987205e-05
12323269_gab,48,offensive,1,['African'],"[40, 41, 42, 43, 44, 45, 46, 47, 18, 28]",True,3,False,1,1,0.9999844
19000326_gab,25,normal,0,['Refugee'],[],False,3,False,0,1,0.9885865
14018754_gab,14,hatespeech,1,['Islam'],"[12, 13]",True,3,True,1,1,0.9999883
1205682548254244865_twitter,23,normal,0,"['Islam', 'Refugee']",[],False,3,False,0,0,0.0021152576
1179064968429412352_twitter,14,normal,0,[],[],False,3,True,0,0,0.00010983697
6164100_gab,10,hatespeech,1,"['Islam', 'Men', 'African', 'Women', 'Arab']","[2, 3, 4, 5, 9]",True,3,False,1,1,0.9999876
15513414_gab,16,hatespeech,1,"['Islam', 'Jewish']",[3],True,3,False,1,1,0.9999883
10870230_gab,24,offensive,1,"['Men', 'Other']","[8, 6, 7]",True,3,True,1,0,0.0051128245
1179100543148531712_twitter,40,normal,0,[],[],False,3,True,0,0,9.4785e-06
1251189299627864064_twitter,6,hatespeech,1,"['Jewish', 'Women']","[0, 1, 2, 3, 4, 5]",True,3,False,1,1,0.99997723
1178757318743351296_twitter,25,hatespeech,1,['Refugee'],"[4, 5, 6, 7, 8, 22, 23]",True,3,False,1,1,0.9999038
1166228097861111809_twitter,16,normal,0,['Homosexual'],[],False,3,False,0,0,0.034620337
1086483150707048454_twitter,17,normal,0,['Jewish'],[],False,3,False,0,0,0.00019885771
4326564_gab,3,offensive,1,"['Jewish', 'Homosexual', 'Men', 'Caucasian', 'Heterosexual', 'Women']","[0, 1, 2]",True,3,False,1,1,0.99966383
4934708_gab,12,hatespeech,1,['Jewish'],[8],True,3,True,1,1,0.99997914
1171476443072581632_twitter,4,normal,0,['Other'],[],False,3,True,0,1,0.9999571
15316570_gab,19,hatespeech,1,['African'],"[4, 8, 14, 15, 16, 17, 18]",True,3,False,1,1,0.9999759
17881377_gab,8,offensive,1,"['Arab', 'Islam']",[],False,3,False,1,0,0.0032588218
16387934_gab,25,hatespeech,1,"['Caucasian', 'Jewish', 'Women']","[19, 20, 21, 15]",True,3,False,1,1,0.9999914
13740157_gab,17,hatespeech,1,"['Homosexual', 'Jewish', 'Refugee']","[7, 8, 9, 10, 11, 16]",True,3,True,1,1,0.99998665
1089219921479909376_twitter,7,offensive,1,['Other'],[4],True,3,False,1,0,0.00029443903
14540121_gab,17,hatespeech,1,"['Hispanic', 'Islam', 'African', 'Arab', 'Other']","[2, 3, 4, 5, 6, 7, 8, 9, 10, 11, 12, 13, 14, 15, 16]",True,3,True,1,1,0.99998677
1179097576966107137_twitter,43,normal,0,['Refugee'],[],False,3,False,0,0,1.1009191e-05
18751283_gab,21,normal,0,['Women'],[],False,3,True,0,0,0.0004229421
1179053968242200576_twitter,15,normal,0,[],[],False,3,True,0,0,0.00014187637
15611717_gab,48,normal,0,['Other'],[],False,3,False,0,1,0.99998164
2755794_gab,27,hatespeech,1,['Jewish'],[16],True,3,True,1,1,0.9995615
24214744_gab,39,hatespeech,1,"['African', 'Women']","[32, 33, 34, 35, 1]",True,3,True,1,1,0.9999826
1179029538203951104_twitter,17,normal,0,[],[],False,3,True,0,0,1.1029516e-05
2869193_gab,18,hatespeech,1,['African'],[],False,3,False,1,1,0.9999535
25810769_gab,13,hatespeech,1,"['Caucasian', 'African', 'Asian']","[0, 1, 2, 3, 4, 5, 6, 7, 8, 9, 10, 11, 12]",True,3,False,1,0,5.769263e-05
1080587314005458944_twitter,5,offensive,1,['Homosexual'],[3],True,3,False,1,1,0.6068181
12112693_gab,17,hatespeech,1,"['Islam', 'Men', 'Refugee', 'Heterosexual', 'Arab', 'Minority']","[5, 6, 7, 8, 9, 10, 11, 12, 13]",True,3,False,1,1,0.99998033
11228726_gab,32,hatespeech,1,['African'],"[9, 11, 12, 28]",True,3,True,1,1,0.99993813
25778516_gab,9,hatespeech,1,['Arab'],"[4, 5, 6, 7]",True,3,False,1,1,0.9999857
8132018_gab,37,normal,0,"['Caucasian', 'Christian']",[],False,3,True,0,0,4.144718e-05
1178404971747913728_twitter,13,hatespeech,1,['African'],"[10, 11, 12]",True,3,True,1,0,0.00038586822
20053426_gab,34,normal,0,['Other'],[],False,3,False,0,0,1.7045153e-05
1251242605058416641_twitter,11,normal,0,['Other'],[],False,3,False,0,0,0.016139042
23744765_gab,45,offensive,1,[],"[10, 11, 12, 13, 14, 15, 16, 17, 18, 19, 20, 21, 22, 23, 24, 25, 26, 27, 28, 29, 30, 31, 32, 33, 34, 35, 36, 37, 38, 39, 40, 41, 42, 43, 44]",True,3,False,1,1,0.99988997
8394773_gab,47,hatespeech,1,"['African', 'Islam']","[33, 2, 3, 34, 41, 42, 43, 44, 45, 46]",True,3,True,1,1,0.99997115
1103129546335940608_twitter,23,offensive,1,['Women'],[17],True,3,False,1,0,2.7084461e-05
21216152_gab,33,normal,0,['African'],[],False,3,True,0,0,0.22776636
17755939_gab,14,hatespeech,1,"['African', 'Women']","[11, 12, 13, 7]",True,3,False,1,1,0.9999882
16689291_gab,38,hatespeech,1,"['Islam', 'Jewish', 'Other']","[0, 1, 2, 3, 4, 5, 6, 7, 8, 9, 32, 33, 25, 26, 27]",True,3,False,1,0,0.055184707
21314838_gab,29,offensive,1,['African'],"[1, 2, 3, 4, 14, 15, 16, 17, 18, 19, 23, 25, 26, 27, 28]",True,3,False,1,1,0.9999802
1178998773814632448_twitter,26,offensive,1,['Women'],"[16, 17]",True,3,False,1,1,0.9999733
7027898_gab,19,hatespeech,1,['African'],[7],True,3,True,1,1,0.9999789
24495529_gab,9,hatespeech,1,"['African', 'Islam', 'Women']","[0, 6]",True,3,True,1,1,0.9999795
1179092512285351936_twitter,21,normal,0,[],[],False,3,True,0,0,2.0466952e-05
1178590458638938112_twitter,13,normal,0,[],[],False,3,True,0,0,0.0017829057
20104615_gab,19,offensive,1,"['Islam', 'Men', 'Caucasian', 'Refugee', 'Women', 'Arab']","[0, 1, 2, 3, 4, 5, 6, 7, 8, 9, 10, 11, 12, 13, 14, 15, 16, 17, 18]",True,3,False,1,1,0.99998844
18071470_gab,12,hatespeech,1,"['Hispanic', 'Women']","[10, 11]",True,3,True,1,1,0.9999745
1111024270841397248_twitter,27,offensive,1,['African'],[],False,3,False,1,0,0.010023298
1216596240512815109_twitter,16,normal,0,['Other'],[],False,3,True,0,0,0.00013693655
1179053875166404609_twitter,13,normal,0,[],[],False,3,True,0,0,2.909415e-05
1178772468397416452_twitter,7,hatespeech,1,['African'],"[5, 6]",True,3,True,1,1,0.9999795
9001081_gab,48,normal,0,"['Arab', 'Islam', 'Refugee']",[],False,3,False,0,1,0.9999888
1117524200560967680_twitter,29,normal,0,[],[],False,3,True,0,0,1.556116e-05
1248136458675695616_twitter,23,offensive,1,[],[21],True,3,False,1,1,0.9999683
19405861_gab,31,normal,0,"['Arab', 'Islam', 'Jewish', 'Refugee']",[],False,3,True,0,0,0.019397777
1278192_gab,11,offensive,1,['Refugee'],[],False,3,False,1,0,1.9217103e-05
1082070654801723395_twitter,15,offensive,1,['Women'],[14],True,3,False,1,1,0.9999093
13805729_gab,14,normal,0,"['Islam', 'Refugee']",[],False,3,False,0,0,0.0012775698
1177399021125734400_twitter,10,normal,0,['African'],[],False,3,True,0,1,0.9999198
1144330047756443648_twitter,13,normal,0,[],[],False,3,True,0,1,0.9856485
1179002163642736642_twitter,19,normal,0,[],[],False,3,True,0,0,0.00022517898
1185276139411005442_twitter,21,normal,0,"['Men', 'Other', 'Women']",[],False,3,False,0,0,2.0177571e-05
12692072_gab,28,hatespeech,1,['African'],"[0, 1, 2, 3, 4, 5, 6, 7, 8, 9, 10, 11, 12, 13, 14, 15, 16, 17, 18, 19, 20, 21, 22, 23, 24, 25, 26, 27]",True,3,False,1,1,0.99998724
1166027937319137280_twitter,23,normal,0,[],[],False,3,True,0,0,0.00068402826
1090669015754817542_twitter,20,offensive,1,['Women'],"[0, 16, 17, 18, 19]",True,3,True,1,1,0.9999435
7153132_gab,16,hatespeech,1,"['Arab', 'Islam']",[],False,3,False,1,1,0.9997508
1106198006875996160_twitter,9,normal,0,[],[],False,3,True,0,1,0.999652
1179087804879511552_twitter,14,normal,0,['Homosexual'],[],False,3,True,0,1,0.99989843
15210431_gab,10,hatespeech,1,['African'],"[2, 3, 4, 5]",True,3,False,1,1,0.99998677
1179103472685330432_twitter,45,normal,0,[],[],False,3,True,0,0,1.4279033e-05
1220099738453921793_twitter,17,offensive,1,['Arab'],"[3, 4, 5, 6, 7, 8, 9, 10, 11]",True,3,False,1,0,0.00019567153
23331134_gab,12,hatespeech,1,['African'],"[6, 7]",True,3,True,1,1,0.99985385
17841635_gab,26,offensive,1,[],"[7, 11, 12, 18, 19, 24, 25]",True,3,True,1,1,0.99952686
1178764179936813058_twitter,27,normal,0,"['Homosexual', 'Nonreligious', 'Other']",[],False,3,False,0,0,0.060923938
1111537171327053826_twitter,11,normal,0,['Homosexual'],[],False,3,True,0,1,0.9998661
17483019_gab,32,offensive,1,['Other'],"[8, 9, 10, 23, 24, 25, 26, 27]",True,3,False,1,1,0.99998796
1178868092857913346_twitter,15,normal,0,[],[],False,3,True,0,0,2.0646467e-05
1174514620704415745_twitter,11,normal,0,[],[],False,3,True,0,0,0.0014913112
1078304211748687872_twitter,21,offensive,1,"['Refugee', 'Other']","[18, 19, 20]",True,3,False,1,0,0.0003203728
1179032634472587264_twitter,47,normal,0,[],[],False,3,True,0,1,0.9999591
1179041789442973696_twitter,28,normal,0,[],[],False,3,True,0,0,0.08834724
1178208869706850305_twitter,16,hatespeech,1,['Homosexual'],"[2, 3]",True,3,False,1,1,0.99989426
16633583_gab,11,normal,0,['Women'],[],False,3,False,0,1,0.9573655
21015843_gab,38,offensive,1,[],[14],True,3,False,1,0,1.5473288e-05
1179038587074990082_twitter,18,hatespeech,1,['Disability'],[17],True,3,False,1,1,0.99998033
17515643_gab,51,hatespeech,1,"['Islam', 'Refugee']","[43, 44, 45, 46, 47, 48, 49, 50]",True,3,False,1,0,0.0002712107
1179081123659337728_twitter,32,normal,0,['African'],[],False,3,True,0,0,1.8756398e-05
9722030_gab,46,offensive,1,"['Refugee', 'Other']","[22, 23, 24, 25, 26, 27, 28, 29, 30, 31, 32, 33, 34, 35, 36, 37, 38, 39, 40, 41, 42, 43, 44]",True,3,True,1,0,0.028535388
17542507_gab,21,hatespeech,1,"['Hispanic', 'Arab', 'Islam', 'Jewish']","[2, 3, 4, 5, 6, 7, 8, 9, 10, 11, 12, 13, 14]",True,3,False,1,1,0.99953115
1167796203179913217_twitter,17,normal,0,['African'],[],False,3,False,0,0,0.0005276062
1178628245681512448_twitter,19,normal,0,[],[],False,3,True,0,0,3.748286e-05
12632852_gab,14,hatespeech,1,['African'],"[0, 1, 2, 3, 4, 5, 6, 10, 11, 13]",True,3,False,1,1,0.9999887
7724826_gab,8,normal,0,['Homosexual'],[],False,3,False,0,1,0.9521901
1261416040388386816_twitter,15,normal,0,"['African', 'Other']",[],False,3,False,0,0,0.0004428118
1082746191832600577_twitter,19,offensive,1,"['African', 'Other']","[5, 6]",True,3,False,1,1,0.9999876
1177952599225569280_twitter,32,normal,0,[],[],False,3,True,0,0,0.012613803
1123614321572028417_twitter,10,offensive,1,"['Homosexual', 'Women']","[2, 3]",True,3,False,1,1,0.99953604
23022045_gab,7,hatespeech,1,['African'],[6],True,3,True,1,1,0.99998605
27122254_gab,47,offensive,1,"['African', 'Other']","[18, 24, 25, 26, 27, 28, 29, 30]",True,3,False,1,1,0.7085089
1178513294426021888_twitter,13,offensive,1,"['Homosexual', 'Other', 'Women']","[2, 3, 4]",True,3,False,1,1,0.9999883
25781975_gab,14,hatespeech,1,"['Caucasian', 'Refugee']",[],False,3,False,1,1,0.99853516
1178963179134705664_twitter,24,hatespeech,1,['African'],"[8, 18]",True,3,True,1,1,0.9999727
23559144_gab,47,hatespeech,1,['Jewish'],"[16, 34, 5, 15]",True,3,True,1,1,0.9999894
19892860_gab,36,hatespeech,1,['African'],"[17, 18, 19, 20, 24]",True,3,False,1,1,0.99990606
8774613_gab,5,normal,0,"['Homosexual', 'Islam']",[],False,3,False,0,1,0.99904567
1203840581933383680_twitter,6,offensive,1,"['Homosexual', 'Women']","[2, 3, 4, 5]",True,3,False,1,0,0.022083001
1272194772539772928_twitter,27,offensive,1,['Jewish'],"[18, 19]",True,3,True,1,1,0.9940148
16558673_gab,38,normal,0,"['Men', 'Islam', 'Women']",[],False,3,False,0,1,0.9997069
10507720_gab,21,hatespeech,1,['Homosexual'],"[8, 9, 10]",True,3,True,1,1,0.9999312
9746964_gab,46,offensive,1,['Women'],"[0, 1, 2, 3, 4, 5, 6, 7, 8, 9, 10, 11, 12, 13, 14, 15, 16, 17, 18, 19, 20, 21, 22, 23, 24, 25, 26, 27, 28, 29, 30, 31, 32, 33, 34, 35, 36, 37, 38, 39, 40, 41, 42, 43, 44, 45]",True,3,True,1,1,0.9999783
17323939_gab,41,offensive,1,"['African', 'Other']",[],False,3,False,1,1,0.9999887
10639368_gab,17,offensive,1,"['Men', 'Women']","[0, 1, 2, 3, 4, 5, 6, 7, 8, 9, 10, 11, 12, 13, 14, 15, 16]",True,3,True,1,0,2.1012695e-05
13756411_gab,12,hatespeech,1,['Islam'],"[2, 3, 4, 7]",True,3,True,1,1,0.99998
1178176559212978176_twitter,17,offensive,1,"['Disability', 'Caucasian', 'Other']","[0, 1, 2, 3, 4, 5, 6, 7, 8, 9, 10, 11, 12]",True,3,False,1,0,0.0007458236
1179080129022222337_twitter,53,normal,0,[],[],False,3,True,0,0,1.4846378e-05
1179088231951994880_twitter,9,normal,0,['Caucasian'],[],False,3,True,0,0,1.634542e-05
19539256_gab,20,hatespeech,1,"['Homosexual', 'Jewish']","[0, 1, 2, 3, 4, 5, 6, 7, 8, 9, 10, 11, 12, 13, 14, 15, 16, 17, 18, 19]",True,3,True,1,1,0.9999713
10581023_gab,36,hatespeech,1,"['Caucasian', 'African', 'Women']","[8, 9, 10, 11, 12, 13, 14, 15, 16, 17, 18, 19, 20, 21, 22, 23, 24, 25, 26, 27, 28, 29, 30]",True,3,False,1,1,0.99990153
1179070307052769281_twitter,21,normal,0,['Women'],[],False,3,False,0,0,0.057086963
1224180334880874497_twitter,6,offensive,1,[],[5],True,3,True,1,1,0.999902
12636808_gab,47,offensive,1,"['Caucasian', 'Other']","[3, 4, 5, 6, 7, 8, 9, 10, 11, 12, 13, 14, 15, 16, 17, 18, 19, 20, 21, 22, 23, 30, 31, 32, 33, 34, 35, 36, 37, 38, 39, 40, 41, 42, 43, 44, 45, 46]",True,3,False,1,0,0.049145844
11663975_gab,38,offensive,1,"['Refugee', 'Other']","[3, 36, 4, 20, 21, 24, 25, 26]",True,3,True,1,0,0.00010843331
14945121_gab,35,normal,0,['Other'],[],False,3,True,0,0,5.9448936e-05
1178996968170893312_twitter,34,normal,0,[],[],False,3,True,0,0,8.79246e-06
1179070871224426497_twitter,9,offensive,1,['African'],"[2, 3]",True,3,True,1,0,0.13001935
14551753_gab,46,normal,0,"['Caucasian', 'Men', 'Other']",[],False,3,False,0,1,0.99998486
13318649_gab,19,offensive,1,"['Arab', 'Islam']","[16, 4]",True,3,False,1,1,0.99998355
1113975889346289664_twitter,17,offensive,1,['Women'],"[16, 15]",True,3,False,1,0,5.3208667e-05
21860763_gab,10,offensive,1,['Refugee'],"[0, 1]",True,3,False,1,1,0.9999424
1178499104864964610_twitter,10,hatespeech,1,['African'],[7],True,3,True,1,1,0.99404436
1093837644629446657_twitter,19,offensive,1,['Refugee'],"[3, 9, 10, 11, 12, 13, 14, 15, 16, 17, 18]",True,3,False,1,1,0.99990714
18661129_gab,27,normal,0,"['Caucasian', 'Islam']",[],False,3,False,0,1,0.9999778
15369074_gab,49,hatespeech,1,"['Disability', 'Islam']","[0, 1, 2, 3, 4, 37, 16, 23, 24, 25, 26]",True,3,True,1,1,0.9999832
1211674388334043142_twitter,6,offensive,1,"['African', 'Other']","[3, 4, 5]",True,3,False,1,1,0.85448915
20824117_gab,22,offensive,1,"['Men', 'Other']","[3, 4, 5, 6, 7, 8, 9, 10, 11, 12, 13, 14, 15, 16, 17, 18]",True,3,False,1,0,2.6886406e-05
1263171021072465922_twitter,19,normal,0,['Caucasian'],[],False,3,False,0,0,1.9865585e-05
1178764934294970368_twitter,12,hatespeech,1,['African'],"[8, 7]",True,3,True,1,1,0.9808991
8081946_gab,48,offensive,1,"['Arab', 'Islam', 'Men', 'Women']","[0, 1, 2, 3, 4, 5, 6, 7, 8, 9, 10, 11, 12, 13, 14, 15, 16, 17, 18, 19, 20, 21, 22, 23, 24, 25, 26, 27, 28, 29, 30, 31, 32, 33, 34, 35, 36, 37, 38, 39, 40, 41, 42, 43, 44, 45, 46]",True,3,True,1,1,0.99998856
1248696347957645315_twitter,3,normal,0,['Homosexual'],[],False,3,True,0,0,0.00011042549
15252641_gab,42,offensive,1,['African'],"[9, 10, 11, 12]",True,3,False,1,1,0.9999809
1178560907250667520_twitter,7,hatespeech,1,['Homosexual'],[3],True,3,False,1,1,0.9999516
1178598150002466816_twitter,49,offensive,1,['Refugee'],"[48, 47]",True,3,False,1,0,7.07917e-06
1179090602656501762_twitter,4,offensive,1,"['Caucasian', 'Other', 'Women']","[2, 3]",True,3,True,1,1,0.99664646
4496379_gab,51,hatespeech,1,"['Hispanic', 'Refugee']","[12, 13, 14, 15, 16, 17, 25, 26, 27, 28, 29, 30, 31, 32, 33, 34, 35, 36, 37, 38, 39, 40, 41, 42, 43]",True,3,False,1,1,0.9999794
5440440_gab,48,normal,0,"['Arab', 'Islam']",[],False,3,False,0,1,0.99998856
1083536769570746368_twitter,10,offensive,1,['Women'],[3],True,3,False,1,0,0.036645487
1179096525198123013_twitter,21,normal,0,[],[],False,3,True,0,0,3.689226e-05
1194703848495108096_twitter,18,normal,0,['Other'],[],False,3,True,0,0,1.922746e-05
24356318_gab,15,offensive,1,['African'],[],False,3,False,1,1,0.9999771
1097145209870266370_twitter,13,normal,0,['Women'],[],False,3,True,0,0,0.0019661123
22606052_gab,60,hatespeech,1,"['African', 'Jewish']","[5, 6, 7, 8, 46, 47, 48, 17, 18, 51, 52, 22, 23, 24, 25, 26]",True,3,True,1,1,0.9999784
1178707335973343233_twitter,15,normal,0,[],[],False,3,True,0,0,1.7354765e-05
1163533630855155714_twitter,12,offensive,1,['Women'],"[0, 1, 2, 3, 4, 5, 6]",True,3,True,1,1,0.99950624
19731216_gab,42,offensive,1,['Women'],[],False,3,False,1,0,0.0007546889
17958017_gab,10,hatespeech,1,['African'],[6],True,3,True,1,1,0.99998283
1118282845263421445_twitter,20,hatespeech,1,"['Islam', 'Jewish']","[10, 11, 12, 13, 14, 15, 16, 17, 18, 19]",True,3,False,1,1,0.9999863
4392040_gab,38,offensive,1,['Other'],[15],True,3,False,1,0,0.019628601
23758039_gab,4,offensive,1,"['Homosexual', 'Men', 'Women']","[0, 1, 2, 3]",True,3,False,1,1,0.9999049
1178858717468450817_twitter,16,offensive,1,"['Caucasian', 'Other']","[1, 2]",True,3,False,1,1,0.9943053
1270778096015282182_twitter,20,offensive,1,['Other'],"[3, 4, 5, 6, 7, 9, 10, 11, 12, 13, 14, 15, 16, 17, 18, 19]",True,3,False,1,0,5.1940326e-05
1179082611169345536_twitter,43,hatespeech,1,['Homosexual'],"[32, 33, 34, 35, 36, 37, 38, 39, 40, 41, 42]",True,3,False,1,1,0.99987924
4467081_gab,24,normal,0,['Islam'],[],False,3,False,0,0,4.097554e-05
14351799_gab,34,normal,0,[],[],False,3,True,0,0,0.03070915
27055799_gab,43,normal,0,['Jewish'],[],False,3,False,0,1,0.99992263
13112831_gab,42,hatespeech,1,['Islam'],"[16, 34, 23]",True,3,True,1,1,0.9999865
23296281_gab,11,hatespeech,1,"['Islam', 'Other']","[8, 9, 10]",True,3,False,1,1,0.6974095
27550280_gab,14,offensive,1,[],"[2, 3, 4, 5, 6, 7, 8, 9, 10, 11, 12, 13]",True,3,False,1,1,0.99978215
15751007_gab,19,normal,0,['Women'],[],False,3,False,0,0,0.0040085493
1179095515226607616_twitter,16,normal,0,[],[],False,3,True,0,0,1.4498166e-05
11972072_gab,42,offensive,1,"['Caucasian', 'Other']","[28, 14]",True,3,False,1,0,0.00017870309
1100317840152891392_twitter,5,normal,0,"['Islam', 'Other']",[],False,3,True,0,0,2.2771921e-05
11661509_gab,27,offensive,1,['Other'],"[16, 20, 21]",True,3,False,1,0,0.29851884
7478951_gab,11,normal,0,"['Homosexual', 'Men']",[],False,3,False,0,0,0.0013472814
1179054364452892672_twitter,29,normal,0,[],[],False,3,True,0,0,1.30067565e-05
1178869929250054149_twitter,29,hatespeech,1,"['Disability', 'Other']","[12, 13, 14, 19, 20]",True,3,True,1,1,0.999966
15828091_gab,49,offensive,1,['Asian'],"[10, 11, 12, 13, 14, 15, 16, 17, 18, 19, 20, 22, 23, 24, 25, 26, 27, 28, 29, 30, 31, 32, 33, 34, 35, 36, 37, 38, 39, 40, 41, 42, 43, 44]",True,3,False,1,1,0.9997662
24779984_gab,26,offensive,1,"['Caucasian', 'Men', 'Refugee']","[0, 1, 2, 3, 4, 5, 6, 7, 8, 9, 10, 11, 12, 13, 14, 15, 16, 17, 18, 19, 20, 21, 22, 23, 24, 25]",True,3,False,1,1,0.98797905
19407437_gab,32,hatespeech,1,"['African', 'Other']","[19, 20, 21, 22, 26, 27, 28, 29, 30, 31]",True,3,False,1,1,0.9999858
9798597_gab,47,hatespeech,1,"['Homosexual', 'Men', 'Other', 'Women']","[0, 1, 2, 3, 4, 5, 6, 7, 8, 9, 10, 11, 12, 13, 14, 15, 16, 17, 18, 19, 20, 21, 22, 23, 24, 25, 26, 27, 28, 29, 30, 31, 32, 33, 34, 35, 36, 37, 38, 39, 40, 41, 42, 43, 44, 45, 46]",True,3,True,1,1,0.99998426
1178795657336889345_twitter,21,offensive,1,['Women'],[13],True,3,True,1,1,0.9999815
18414017_gab,44,offensive,1,"['Hispanic', 'Islam', 'Caucasian', 'African', 'Women', 'Other']","[5, 6, 7, 8, 9, 10, 43, 11, 12, 13, 14, 15, 16, 28]",True,3,False,1,1,0.9999871
1178766373679271936_twitter,9,normal,0,[],[],False,3,True,0,0,0.0003409812
1179001014021689345_twitter,48,normal,0,[],[],False,3,True,0,0,1.1017048e-05
1116324381817544706_twitter,18,normal,0,[],[],False,3,True,0,0,2.2208007e-05
1179089362014879751_twitter,38,hatespeech,1,"['Refugee', 'Other']","[8, 9, 10, 11, 12, 15, 16, 17, 18, 19, 20, 21, 22, 23, 24, 25, 26, 27, 28, 29, 30, 31, 32, 33, 34, 35, 36, 37]",True,3,False,1,0,5.4500855e-05
18350386_gab,38,hatespeech,1,"['Homosexual', 'African', 'Jewish']","[8, 12, 37]",True,3,True,1,1,0.99995315
1178694587461832704_twitter,50,normal,0,[],[],False,3,True,0,0,0.0059317774
19221230_gab,19,offensive,1,['Other'],[7],True,3,False,1,1,0.99996877
7672117_gab,16,offensive,1,"['Arab', 'Islam']",[15],True,3,False,1,0,0.1928869
21743340_gab,36,normal,0,"['Caucasian', 'Islam', 'Refugee']",[],False,3,False,0,1,0.7639717
1178922020047740928_twitter,48,normal,0,[],[],False,3,True,0,0,0.073768474
1179103221811437568_twitter,9,normal,0,[],[],False,3,True,0,1,0.99848795
4882319_gab,21,offensive,1,"['Arab', 'Islam']",[8],True,3,False,1,1,0.9999721
5818932_gab,24,offensive,1,['Women'],"[0, 1, 2, 3, 4, 5, 6, 7, 8, 9, 10, 11, 12, 13, 14, 15, 16, 17, 18, 19, 20, 21, 22, 23]",True,3,False,1,0,3.3612334e-05
23813964_gab,26,hatespeech,1,"['Arab', 'Islam']","[0, 1, 2, 3, 4, 5, 6, 7, 8, 9, 10, 11, 12, 13, 14, 15, 16, 17, 18, 19, 20, 21, 22, 23, 24, 25]",True,3,True,1,1,0.9999857
21340695_gab,46,normal,0,"['Refugee', 'Other']",[],False,3,False,0,0,3.5013003e-05
24235839_gab,52,normal,0,"['African', 'Men', 'Jewish', 'Women']",[],False,3,False,0,0,0.00011430906
17138805_gab,53,offensive,1,"['Caucasian', 'Other']","[46, 15, 16, 17, 18, 19, 47, 48, 49, 50, 51, 52]",True,3,False,1,1,0.99997044
1179103037291413506_twitter,26,normal,0,[],[],False,3,True,0,0,3.320368e-05
1178450391618355200_twitter,45,normal,0,[],[],False,3,False,0,0,8.8237075e-06
15008414_gab,50,hatespeech,1,['Jewish'],"[8, 9, 6, 7]",True,3,False,1,1,0.99994695
1179099449152266240_twitter,10,normal,0,[],[],False,3,True,0,0,8.8888984e-05
13541259_gab,19,hatespeech,1,"['Hispanic', 'African', 'Arab', 'Jewish']","[3, 4, 5, 6, 7, 8, 9, 10, 11, 12, 13, 14]",True,3,True,1,1,0.89649385
25465320_gab,21,offensive,1,"['Islam', 'Other']","[16, 13, 14, 15]",True,3,False,1,1,0.9999217
25934836_gab,29,offensive,1,['African'],"[9, 10, 11, 12, 13, 14, 15, 16, 17, 18, 19, 20, 21, 22, 23, 24, 25]",True,3,False,1,1,0.99991035
1145823765240020992_twitter,6,normal,0,['Other'],[],False,3,False,0,1,0.99973565
13465994_gab,38,offensive,1,"['Men', 'Other']","[3, 4, 5, 6, 7, 8, 9, 10, 11, 24, 25, 26, 27, 28, 29, 30, 31, 32, 33, 34, 35, 36, 37]",True,3,False,1,1,0.99986684
22760187_gab,18,hatespeech,1,"['Arab', 'Islam']","[2, 3]",True,3,False,1,1,0.9999901
22463051_gab,17,hatespeech,1,['African'],"[5, 6]",True,3,True,1,1,0.99998486
1087693412910985217_twitter,18,normal,0,[],[],False,3,True,0,1,0.9967489
19687649_gab,25,hatespeech,1,"['Asian', 'Refugee', 'Women']","[18, 19, 20, 21]",True,3,False,1,1,0.99998224
1178323876603924480_twitter,41,normal,0,[],[],False,3,True,0,0,1.2788755e-05
1178980496572895232_twitter,9,normal,0,[],[],False,3,True,0,0,0.0025291205
5365784_gab,27,offensive,1,['Refugee'],"[0, 1, 2, 3, 4, 5, 6, 7, 8, 9, 10, 11, 12, 13, 14, 15, 16, 17, 18, 19, 20, 21, 22, 23, 24, 25, 26]",True,3,False,1,0,7.846867e-06
1178514129763487744_twitter,23,normal,0,[],[],False,3,True,0,0,8.229713e-05
5170834_gab,38,hatespeech,1,"['Hispanic', 'Islam', 'Caucasian', 'African', 'Refugee', 'Arab']","[1, 2, 3, 4, 5, 6, 7, 8, 9, 10, 11, 12, 13, 14, 15, 16, 17, 18, 19, 20, 21, 22, 23, 24, 25, 26, 27, 28, 29, 30, 31, 32]",True,3,True,1,1,0.9999907
1179030936878485509_twitter,20,normal,0,['Islam'],[],False,3,True,0,1,0.6788985
1276192910002839557_twitter,20,normal,0,['African'],[],False,3,True,0,0,0.0003861858
1082709078189715456_twitter,5,offensive,1,[],[3],True,3,True,1,1,0.99292904
1098439022626656258_twitter,18,normal,0,[],[],False,3,True,0,0,3.357293e-05
16674188_gab,50,normal,0,['African'],[],False,3,False,0,1,0.9977616
22200913_gab,35,hatespeech,1,"['Arab', 'Islam', 'Other', 'Women']","[9, 10, 16, 17, 18]",True,3,True,1,1,0.99998784
26833728_gab,19,offensive,1,[],"[1, 2, 9]",True,3,False,1,1,0.9994035
14781418_gab,9,hatespeech,1,['African'],[1],True,3,False,1,1,0.9999765
5595105_gab,46,normal,0,['Refugee'],[],False,3,False,0,0,0.004011223
1104167984707371008_twitter,19,normal,0,['African'],[],False,3,False,0,1,0.9999503
1113560746829471744_twitter,26,normal,0,[],[],False,3,True,0,0,1.2924753e-05
13987289_gab,19,hatespeech,1,"['Caucasian', 'African', 'Islam', 'Women']","[1, 11, 12, 13, 14, 15, 16, 17, 18]",True,3,True,1,1,0.99998665
11835998_gab,15,offensive,1,"['African', 'Other']","[4, 5, 6, 7]",True,3,False,1,1,0.9907793
1179091375754743809_twitter,24,offensive,1,['Women'],"[0, 1, 2, 3, 4, 5, 6, 7, 8, 9, 10, 11, 12, 13, 14, 15, 16, 17, 18, 19, 20, 21]",True,3,False,1,0,0.00013588296
1207692798465585152_twitter,13,normal,0,"['Homosexual', 'African']",[],False,3,False,0,1,0.8805843
15859370_gab,28,hatespeech,1,"['African', 'Jewish']","[0, 1, 2, 3, 13, 14, 15, 16]",True,3,True,1,1,0.99999094
9238919_gab,15,normal,0,"['Refugee', 'Other']",[],False,3,True,0,1,0.9128713
1207698003592699904_twitter,19,normal,0,[],[],False,3,False,0,0,9.0683236e-05
19732938_gab,4,offensive,1,"['African', 'Men', 'Women']","[1, 2, 3]",True,3,False,1,1,0.9998412
24188360_gab,27,offensive,1,['African'],"[0, 1, 2, 3, 4, 5, 6, 7, 8, 9, 10, 11, 12, 13, 14, 15, 16, 17, 18, 19, 20, 21, 22, 23, 24, 25, 26]",True,3,True,1,1,0.9999896
7083188_gab,14,hatespeech,1,"['Islam', 'Refugee']","[8, 9, 10, 11, 12, 13]",True,3,False,1,0,0.034926202
1232665780971376640_twitter,14,normal,0,"['Arab', 'Islam', 'Jewish']",[],False,3,False,0,0,2.0272038e-05
1178009423345664000_twitter,17,hatespeech,1,['Asian'],"[9, 10, 11]",True,3,True,1,1,0.9879203
1178646163249123328_twitter,25,normal,0,['Homosexual'],[],False,3,True,0,0,0.0015786504
1089551942588747776_twitter,6,hatespeech,1,['Jewish'],"[3, 4, 5]",True,3,False,1,1,0.99979466
21693200_gab,24,offensive,1,['Women'],"[2, 3, 4, 5, 6, 7, 8, 9, 10, 12, 13, 17, 18, 19, 20]",True,3,False,1,1,0.9999914
18415145_gab,9,offensive,1,"['Arab', 'Islam', 'Men', 'Women']","[2, 3, 4, 5, 6, 7]",True,3,False,1,1,0.9999832
1178754165130092545_twitter,8,offensive,1,"['Homosexual', 'Women']",[7],True,3,False,1,0,7.934683e-05
9211433_gab,31,hatespeech,1,['Homosexual'],"[4, 5, 6, 7, 8, 9, 10, 11, 12, 13, 14, 15, 16]",True,3,False,1,0,0.09944966
1237420238464901120_twitter,9,offensive,1,['African'],[2],True,3,False,1,0,0.0001691133
1178441964997550085_twitter,9,hatespeech,1,['African'],[8],True,3,True,1,0,0.0030975922
19067466_gab,43,normal,0,[],[],False,3,True,0,1,0.9938572
1214699634960084992_twitter,7,offensive,1,[],[5],True,3,True,1,1,0.999951
21749687_gab,17,hatespeech,1,['Homosexual'],"[11, 3, 4]",True,3,False,1,1,0.9999862
1212772813653893120_twitter,12,offensive,1,"['African', 'Other']","[3, 4, 5]",True,3,False,1,1,0.9995919
1178662130163290112_twitter,27,hatespeech,1,"['Hispanic', 'African']","[20, 21, 22]",True,3,True,1,1,0.99998224
15397182_gab,14,offensive,1,"['Homosexual', 'Women']","[3, 4, 5, 6, 7, 8, 9, 10, 11, 12, 13]",True,3,False,1,0,0.109066024
17126242_gab,43,offensive,1,"['Hispanic', 'Jewish']","[16, 17, 12]",True,3,True,1,1,0.99998796
17303590_gab,48,hatespeech,1,"['Jewish', 'Women']","[0, 1, 2, 3, 4, 45, 47, 23]",True,3,True,1,1,0.99998105
1178827615811067904_twitter,19,hatespeech,1,"['Caucasian', 'Other']","[13, 14]",True,3,False,1,1,0.7153568
12537526_gab,23,hatespeech,1,['Hispanic'],"[5, 6, 10, 12, 13]",True,3,True,1,1,0.9999864
1076601726961102849_twitter,14,offensive,1,['Arab'],"[8, 13, 5]",True,3,True,1,1,0.9577553
1263316123019345925_twitter,8,offensive,1,['Homosexual'],"[1, 2, 3, 4, 5, 6, 7]",True,3,False,1,0,0.007878749
19398091_gab,45,hatespeech,1,['Jewish'],"[32, 33, 34, 35, 36, 37, 11, 12, 13, 14, 31]",True,3,True,1,1,0.99998426
1226231898978029578_twitter,9,offensive,1,['Islam'],[3],True,3,False,1,1,0.937634
1179093472931807232_twitter,32,normal,0,[],[],False,3,True,0,0,3.0601055e-05
1282447_gab,48,offensive,1,"['Homosexual', 'Other', 'Women']","[32, 1, 2, 3, 4, 5, 33, 34, 35, 36, 37, 38, 39, 31]",True,3,False,1,0,0.00033794285
6156507_gab,49,normal,0,"['Islam', 'Jewish', 'Homosexual', 'Men', 'Women']",[],False,3,False,0,0,0.004797578
21014848_gab,23,hatespeech,1,['Jewish'],"[11, 3, 21, 22]",True,3,False,1,1,0.99998665
1178223346674098176_twitter,15,normal,0,['Jewish'],[],False,3,True,0,0,9.308176e-06
16639230_gab,12,hatespeech,1,['Jewish'],"[8, 9, 7]",True,3,True,1,1,0.9999839
20233877_gab,19,offensive,1,['African'],[],False,3,False,1,1,0.9621123
15770584_gab,19,hatespeech,1,['Arab'],"[8, 9, 10, 11]",True,3,False,1,1,0.99995875
1179027000205484032_twitter,24,normal,0,[],[],False,3,True,0,0,0.0010650865
20988029_gab,41,normal,0,[],[],False,3,True,0,0,2.3978055e-05
1179030162110730240_twitter,44,normal,0,[],[],False,3,True,0,0,0.00015569571
1208041861035778048_twitter,4,hatespeech,1,['Caucasian'],"[1, 2, 3]",True,3,False,1,1,0.93238986
23348205_gab,28,hatespeech,1,"['Islam', 'Jewish']","[0, 1, 2, 3, 4, 5, 6, 7, 8, 9, 10, 11, 12, 13, 14, 15, 16, 17, 18, 19, 20, 21, 22, 23, 24, 25, 26, 27]",True,3,False,1,0,0.058889855
2479112_gab,28,offensive,1,['African'],"[8, 13, 14, 15]",True,3,False,1,1,0.9999696
22120288_gab,42,hatespeech,1,"['Arab', 'Islam', 'Refugee', 'Hindu']","[8, 9, 10, 11, 12, 13, 14, 15, 16, 17, 18, 19, 20, 21, 22, 23, 24, 25, 26, 27, 28, 29, 30, 31, 32, 33, 34, 35, 36, 37, 38, 39, 40, 41]",True,3,True,1,1,0.99966383
1178941802579185664_twitter,51,normal,0,['Caucasian'],[],False,3,False,0,1,0.9975197
1246693051885449216_twitter,25,normal,0,"['African', 'Other']",[],False,3,False,0,1,0.99998593
1187161760073240576_twitter,5,offensive,1,['African'],[1],True,3,False,1,0,0.003977361
1178977811853389826_twitter,10,normal,0,['Caucasian'],[],False,3,False,0,0,1.3075804e-05
1909103_gab,49,hatespeech,1,"['Arab', 'Islam']","[40, 41, 42, 43, 44, 45, 46, 47, 48, 24, 25, 26, 27]",True,3,False,1,1,0.9999696
1178879881070960641_twitter,31,normal,0,[],[],False,3,True,0,0,2.7603812e-05
5889590_gab,38,offensive,1,"['Islam', 'Refugee']","[0, 1, 2, 3, 4, 5, 6, 7, 8, 9, 10, 11, 12, 13, 14, 15, 16, 17, 18, 19, 20, 21, 22, 23, 24, 25, 26, 27, 28, 29, 30, 31, 32, 33, 34, 35, 36, 37]",True,3,False,1,0,1.6927499e-05
27103156_gab,46,offensive,1,"['Caucasian', 'Arab']","[32, 35, 36, 37, 38, 39, 40, 41, 42, 43, 12, 44, 45, 22, 28, 31]",True,3,True,1,1,0.9999833
19660174_gab,5,hatespeech,1,"['Arab', 'Islam', 'African', 'Women']","[0, 1, 2, 3, 4]",True,3,True,1,1,0.99998665
23826033_gab,5,hatespeech,1,['Hispanic'],[3],True,3,False,1,1,0.9999796
27716817_gab,27,hatespeech,1,['Jewish'],"[6, 7, 8, 18, 23, 24, 25, 26]",True,3,False,1,1,0.99998796
19941735_gab,23,hatespeech,1,"['Islam', 'Homosexual', 'African', 'Refugee', 'Women', 'Arab']","[1, 2, 3, 4, 5, 6, 7, 8, 9, 10, 11, 12, 13, 14, 15, 16]",True,3,False,1,1,0.98858505
12376502_gab,16,offensive,1,"['Hispanic', 'Caucasian', 'Other']","[0, 1, 10, 11, 15]",True,3,False,1,1,0.99998236
1179004832763518976_twitter,23,normal,0,[],[],False,3,True,0,0,1.674734e-05
25333312_gab,40,hatespeech,1,"['Caucasian', 'Men', 'African', 'Women']","[1, 2, 3, 4, 5, 6, 7, 8, 9, 10, 11, 12, 13, 14, 15, 16, 17, 18, 19, 20, 21, 22, 23, 24, 25, 26, 27, 28, 29, 30, 31, 32, 33, 34, 35, 36, 37, 38, 39]",True,3,False,1,1,0.9999794
1116862502934077440_twitter,6,offensive,1,['Other'],[4],True,3,True,1,1,0.99915755
8158630_gab,43,offensive,1,"['Caucasian', 'African', 'Women']","[0, 1, 2, 3, 4, 5, 6, 7, 8, 42, 13, 14, 15, 16, 17]",True,3,False,1,1,0.9999888
13517786_gab,37,offensive,1,"['Hispanic', 'Islam', 'Jewish', 'Homosexual', 'Men', 'African', 'Women', 'Arab']","[0, 1, 2, 3, 4, 5, 6, 21, 22, 23, 24, 25, 26, 27, 28, 29, 30, 31, 32, 33, 34, 35]",True,3,False,1,1,0.9999496
12579712_gab,22,offensive,1,['African'],"[5, 6, 7]",True,3,True,1,1,0.999959
1180546898094170115_twitter,21,hatespeech,1,['Jewish'],"[8, 2, 7]",True,3,False,1,1,0.9999287
20501516_gab,8,offensive,1,['Homosexual'],"[4, 5, 6, 7]",True,3,False,1,0,2.0540416e-05
1178500001556774914_twitter,12,normal,0,['Asian'],[],False,3,True,0,1,0.9986234
1179008873484685312_twitter,29,normal,0,['Women'],[],False,3,True,0,0,1.2921425e-05
1178850274359861252_twitter,25,normal,0,['Homosexual'],[],False,3,True,0,1,0.999902
17901515_gab,26,offensive,1,['Other'],"[24, 25, 23, 7]",True,3,True,1,1,0.9999888
27877538_gab,37,hatespeech,1,['Jewish'],"[32, 33, 34, 35, 36, 27, 28, 29, 30, 31]",True,3,False,1,1,0.9999443
1178867069414043648_twitter,4,hatespeech,1,['Caucasian'],"[0, 1, 2, 3]",True,3,True,1,1,0.991783
1177687442725494787_twitter,22,offensive,1,['African'],[14],True,3,False,1,1,0.99982893
1169564876425089025_twitter,9,normal,0,"['Islam', 'Other']",[],False,3,True,0,0,0.0038162372
16757317_gab,22,hatespeech,1,['African'],"[18, 19]",True,3,True,1,1,0.9999865
21496104_gab,7,offensive,1,"['African', 'Other']",[6],True,3,True,1,1,0.9999776
24788342_gab,28,hatespeech,1,"['Arab', 'Islam', 'Refugee']","[4, 5]",True,3,True,1,1,0.9999896
22148922_gab,46,offensive,1,"['Men', 'Jewish', 'Women']","[28, 45]",True,3,True,1,0,0.00035811285
1179023017352974336_twitter,37,normal,0,[],[],False,3,True,0,0,1.0648764e-05
1178779650434256896_twitter,19,normal,0,[],[],False,3,True,0,1,0.99996674
1179104021858127876_twitter,21,normal,0,['Homosexual'],[],False,3,True,0,0,4.6000834e-05
18379119_gab,48,offensive,1,['Refugee'],[],False,3,False,1,0,0.03133322
1179092254129942528_twitter,44,normal,0,[],[],False,3,True,0,0,1.8198676e-05
23238254_gab,8,hatespeech,1,['African'],"[0, 1, 2, 3, 4, 5, 6, 7]",True,3,False,1,1,0.9999815
14744499_gab,5,offensive,1,"['Homosexual', 'Other']","[1, 2, 3]",True,3,True,1,1,0.75964755
1216836100188180480_twitter,10,offensive,1,"['Asian', 'Women']","[0, 1, 2, 3, 4, 5, 6, 7, 8]",True,3,False,1,0,9.680641e-05
1188543871350984705_twitter,9,normal,0,"['Men', 'Women']",[],False,3,True,0,0,0.009093434
13162665_gab,47,offensive,1,['African'],"[3, 42, 43, 44, 45, 46, 16, 17]",True,3,True,1,1,0.9999864
1179770876344049667_twitter,16,offensive,1,"['Men', 'Jewish', 'Women']","[13, 14, 15]",True,3,False,1,0,0.00022380118
25647426_gab,7,offensive,1,"['Arab', 'Islam']",[4],True,3,True,1,1,0.9999784
1125925458565111810_twitter,15,offensive,1,['Islam'],"[7, 8, 11, 12, 13, 14]",True,3,False,1,0,0.00050557195
21889137_gab,18,hatespeech,1,['Hispanic'],"[16, 17, 4, 15]",True,3,False,1,1,0.9999877
1181235518908047360_twitter,4,normal,0,"['African', 'Men', 'Other', 'Women']",[],False,3,False,0,0,4.992134e-05
23620984_gab,35,hatespeech,1,"['Islam', 'Jewish', 'Other', 'Women']","[0, 1, 2, 3, 4, 5, 6, 7, 8, 9, 10, 11, 12, 13, 14, 15, 16, 17, 18, 19, 20, 21, 22, 23, 24, 25, 26, 27, 28, 29, 30, 31, 32, 33, 34]",True,3,False,1,1,0.99999034
15937737_gab,21,hatespeech,1,"['Arab', 'Islam', 'Men', 'Women']","[17, 18, 19, 20]",True,3,False,1,1,0.9999813
1179026590581194753_twitter,36,hatespeech,1,"['Men', 'Women']","[32, 33, 2, 34, 35, 11, 28, 29, 30, 31]",True,3,False,1,1,0.9904304
1118855959160545280_twitter,12,normal,0,[],[],False,3,False,0,0,4.1940446e-05
18073241_gab,51,offensive,1,"['Men', 'Refugee', 'Women']","[21, 22, 23, 24, 25, 26, 27, 28, 29, 30, 31, 32, 33, 34, 35, 36, 37, 38, 39, 40, 41, 42, 43, 44, 45, 46, 47, 48, 49, 50]",True,3,False,1,1,0.9999517
1250295032092823564_twitter,10,hatespeech,1,['Other'],"[8, 9, 6, 7]",True,3,False,1,1,0.99993527
1218987933342060544_twitter,18,normal,0,['African'],[],False,3,False,0,0,6.407857e-05
27897423_gab,24,hatespeech,1,"['African', 'Other']","[0, 1, 2, 3, 4, 5, 6, 7, 8, 16, 17, 18, 19, 20, 21, 22, 23]",True,3,False,1,1,0.99997103
1179094516277665795_twitter,19,normal,0,[],[],False,3,True,0,0,0.00013747442
8537801_gab,46,hatespeech,1,['Islam'],"[1, 2, 3, 4, 41, 45, 18]",True,3,False,1,1,0.9991697
18823962_gab,44,hatespeech,1,['Jewish'],"[36, 37, 38, 39, 40, 41, 42, 43]",True,3,True,1,1,0.9999813
1179105068295114752_twitter,11,normal,0,[],[],False,3,True,0,0,1.640891e-05
1124267001415778304_twitter,18,offensive,1,"['Disability', 'Other']",[13],True,3,True,1,1,0.9999696
5115411_gab,10,normal,0,[],[],False,3,True,0,0,0.008012183
9490836_gab,23,normal,0,"['Refugee', 'Women']",[],False,3,False,0,1,0.99998534
1078078835026001920_twitter,8,normal,0,[],[],False,3,True,0,0,2.3527116e-05
3581276_gab,28,normal,0,[],[],False,3,False,0,0,0.007239526
1179096172738338818_twitter,10,normal,0,[],[],False,3,True,0,0,8.409901e-06
6350512_gab,38,normal,0,[],[],False,3,True,0,1,0.9999814
1117745773054185473_twitter,17,normal,0,['Islam'],[],False,3,True,0,0,7.144613e-05
1180885235828789249_twitter,16,normal,0,['Women'],[],False,3,True,0,1,0.9999739
1178431628923871232_twitter,42,normal,0,['Caucasian'],[],False,3,True,0,1,0.99825627
1099897342646468615_twitter,10,normal,0,['Caucasian'],[],False,3,False,0,0,2.0766804e-05
11947521_gab,5,hatespeech,1,"['African', 'Women']","[1, 2, 3]",True,3,False,1,1,0.9999807
17370829_gab,10,hatespeech,1,['Islam'],"[0, 1, 2, 3, 4, 5, 6, 7, 8, 9]",True,3,False,1,1,0.99998796
16057476_gab,33,offensive,1,"['Homosexual', 'Women']","[32, 18, 28, 29, 30, 31]",True,3,True,1,1,0.9997143
22959277_gab,14,hatespeech,1,"['African', 'Women']",[8],True,3,False,1,1,0.9698786
24715010_gab,10,normal,0,"['Arab', 'Men', 'Women']",[],False,3,False,0,0,2.8693185e-05
7531356_gab,47,offensive,1,"['Islam', 'Refugee', 'Other']","[0, 1, 2, 3, 4, 5, 6, 7, 8, 9, 10, 11, 12, 13, 14, 15, 16, 17, 18, 19, 20, 21, 22, 23, 24, 25, 26, 27, 28, 29, 30, 31, 32, 33, 34, 35]",True,3,False,1,1,0.99995756
12846110_gab,14,hatespeech,1,['Homosexual'],"[0, 1, 2, 3, 4, 5, 6, 7, 8, 9, 10, 11, 12]",True,3,True,1,0,6.365536e-05
24273157_gab,12,normal,0,['Asian'],[],False,3,False,0,1,0.99989104
1162516285642739712_twitter,24,normal,0,[],[],False,3,True,0,0,2.1379177e-05
1266293386782228480_twitter,14,offensive,1,['Arab'],"[0, 1, 2, 3, 4, 5, 6, 7, 8, 9, 10, 11, 12, 13]",True,3,True,1,0,0.1431417
1178994521306288128_twitter,24,normal,0,"['Caucasian', 'African']",[],False,3,True,0,0,0.0008032535
13811579_gab,6,hatespeech,1,"['Homosexual', 'Jewish', 'Other', 'Women']","[4, 5]",True,3,True,1,1,0.99998724
21826700_gab,44,hatespeech,1,['Jewish'],"[32, 33, 34, 35, 42, 43, 13, 14, 28, 29, 30, 31]",True,3,False,1,1,0.99998534
24803734_gab,16,hatespeech,1,"['Arab', 'Islam']","[3, 4, 5, 9, 10, 11, 12, 13]",True,3,False,1,1,0.99991834
12128335_gab,27,offensive,1,"['Indian', 'Islam', 'Other']","[0, 1, 19, 20, 21, 25, 26]",True,3,True,1,0,0.0032122661
16881866_gab,39,offensive,1,"['African', 'Jewish']","[32, 33, 34, 35, 36, 37, 5, 12, 13, 24, 30, 31]",True,3,False,1,1,0.99998844
24694736_gab,50,offensive,1,['Other'],"[0, 1, 2, 3, 4, 5, 6, 7, 8, 9, 10, 11, 12, 13, 14, 15, 16, 17, 18, 19, 20, 21, 22, 23, 24, 25, 26, 27, 28, 29, 30, 31, 32, 33, 34, 35, 36, 37, 38, 39, 40, 41, 42, 43, 44, 45, 46, 47, 48, 49]",True,3,False,1,1,0.99998915
1179085263143915520_twitter,27,normal,0,[],[],False,3,True,0,1,0.9721051
1076718387361968128_twitter,20,offensive,1,['Refugee'],"[1, 2, 3, 4, 10]",True,3,False,1,0,1.7285985e-05
14896755_gab,9,normal,0,[],[],False,3,True,0,0,0.0010319586
1179102559241244672_twitter,19,offensive,1,"['Economic', 'Caucasian']",[7],True,3,True,1,0,0.00028094987
1117978514987343872_twitter,4,offensive,1,['Women'],[3],True,3,True,1,1,0.99997973
14955853_gab,33,hatespeech,1,"['African', 'Men', 'Women']","[6, 7, 8, 9, 10, 11, 12, 13, 14, 15, 16, 17, 25, 26]",True,3,False,1,1,0.9999585
13550776_gab,42,offensive,1,['Other'],"[0, 1, 2, 3, 4]",True,3,True,1,1,0.9999058
20046003_gab,13,normal,0,[],[],False,3,True,0,0,1.0467317e-05
1178984855817916417_twitter,10,normal,0,[],[],False,3,True,0,0,0.031627998
