y_true,y_pred,y_prob
1,1,0.99991465
1,1,0.9999534
1,1,0.9998708
1,1,0.99989593
1,1,0.9999571
1,1,0.99992573
0,0,0.003914485
1,1,0.9985837
1,1,0.98952675
1,0,0.06796112
1,1,0.96167123
1,1,0.99983513
1,1,0.9991603
1,1,0.99989057
1,1,0.9999217
1,1,0.9979572
1,1,0.99993277
0,0,0.21552356
1,1,0.99990284
0,0,0.007985448
1,1,0.9999485
1,1,0.9999491
1,1,0.97840136
0,0,0.008930233
1,1,0.9999579
0,0,0.0026972434
1,1,0.99972683
1,1,0.989456
1,1,0.9999362
0,0,0.0035005815
1,1,0.99994445
1,1,0.99995244
1,1,0.99311525
1,1,0.9999467
1,1,0.9999211
0,1,0.89575034
1,1,0.9999299
1,1,0.9999459
0,0,0.015911983
1,1,0.99989045
1,1,0.9999553
1,1,0.99990153
1,1,0.999908
1,1,0.9996061
1,1,0.9976947
1,1,0.7442192
1,1,0.9999287
0,0,0.15726933
1,1,0.9803565
1,1,0.99992037
1,1,0.9997037
1,1,0.9998386
1,1,0.998497
1,1,0.9998522
1,1,0.999881
0,0,0.008332693
1,1,0.99995244
1,1,0.9997837
1,1,0.99995065
1,1,0.99958163
1,1,0.9998122
1,1,0.999861
1,1,0.99976367
0,0,0.0010076646
0,1,0.65596145
1,1,0.9999434
1,1,0.9996631
1,1,0.99995196
1,1,0.9999291
1,1,0.99989855
1,1,0.9999447
1,1,0.9996499
1,1,0.99981457
0,0,0.009347598
1,1,0.99988866
1,1,0.8698841
1,1,0.99993
1,0,0.00047521904
1,1,0.99992645
1,1,0.99975914
1,1,0.99992466
1,1,0.99984777
1,1,0.9995938
1,1,0.9999474
1,1,0.9989693
1,1,0.99989283
1,1,0.9980338
1,1,0.99993277
1,1,0.9998709
0,0,0.00023136612
1,1,0.97623265
0,0,0.034951586
0,0,0.0037919113
1,1,0.9805366
0,0,0.11466889
1,1,0.9999136
1,1,0.98510516
1,1,0.9981123
1,1,0.9999131
1,1,0.99994874
1,1,0.9999502
0,0,0.011765418
1,1,0.9999583
1,1,0.9999393
1,1,0.999938
0,0,0.010767824
1,1,0.93537253
1,1,0.99989045
1,1,0.99993277
1,1,0.99941134
1,1,0.9750743
1,1,0.99986196
1,1,0.99993193
1,1,0.9941049
1,1,0.9347153
0,0,0.0072530955
0,0,0.0028586262
1,1,0.99744785
1,1,0.9999069
1,1,0.9998795
1,1,0.9998018
1,1,0.99946564
1,1,0.9839813
1,1,0.9997749
1,1,0.99991643
1,1,0.9999397
1,1,0.9999372
1,1,0.99989474
1,1,0.9999465
1,1,0.9999107
1,1,0.9887756
1,1,0.99995446
1,1,0.99988425
1,1,0.99995327
1,1,0.999816
1,1,0.9995803
1,1,0.99995697
1,1,0.9992009
1,1,0.9999418
1,0,0.025576893
1,1,0.999938
1,1,0.99992716
0,0,0.0749615
1,1,0.9999479
0,0,0.044896573
1,1,0.9999471
1,1,0.9997477
1,1,0.9999459
0,0,0.0040793177
1,1,0.99995506
1,1,0.9999337
1,1,0.9998473
0,0,0.00102394
0,0,0.0018776872
0,0,0.061343424
1,1,0.9998832
1,1,0.9998374
1,0,0.34336177
1,1,0.99383426
1,1,0.9989184
1,1,0.9999417
1,1,0.99588096
1,1,0.9999466
1,1,0.99994564
1,1,0.99993706
0,0,0.002095501
1,1,0.99898654
0,0,0.00021150848
1,1,0.9821775
1,1,0.9998832
1,1,0.9999355
1,1,0.997658
1,0,0.10405105
1,1,0.99994314
1,1,0.99982786
1,1,0.99965346
1,1,0.99946517
1,1,0.9993598
1,1,0.99994946
0,1,0.94404316
1,1,0.99986374
1,1,0.9999486
1,1,0.99744874
1,1,0.9998902
1,1,0.69102734
1,1,0.9998951
1,1,0.9514191
1,1,0.999936
0,0,0.4410233
1,1,0.9999012
1,1,0.9999286
1,1,0.9999579
1,1,0.9998791
1,1,0.99969923
1,1,0.9634446
1,1,0.99268955
1,1,0.9999567
1,1,0.9999602
1,1,0.9999515
1,1,0.98780733
1,1,0.9998561
1,1,0.9999105
1,1,0.9999335
1,1,0.9990171
1,1,0.9209442
1,1,0.99996066
1,1,0.99684346
1,1,0.99993134
1,1,0.9999547
1,1,0.99991524
1,1,0.9998876
0,0,0.0022437584
1,1,0.9999516
1,1,0.9999566
1,1,0.9988624
1,1,0.9999449
1,1,0.9999316
1,1,0.9944674
1,1,0.99994695
0,1,0.98121005
1,1,0.9999212
0,0,0.0028020928
0,0,0.0023192621
1,1,0.9999374
1,1,0.9999542
1,1,0.9814983
1,1,0.99738127
1,1,0.9999318
1,1,0.99991095
1,1,0.99993503
1,1,0.9905055
1,1,0.8763127
1,1,0.9998653
1,1,0.9999367
0,0,0.007051856
1,1,0.95750606
1,1,0.9999367
1,1,0.9998921
1,1,0.8244151
1,1,0.99993217
1,1,0.9999281
1,1,0.97823584
1,1,0.99993765
1,1,0.9999443
1,0,0.005085989
1,1,0.9999125
1,1,0.99993014
1,1,0.9999156
1,1,0.99988294
1,1,0.99987984
1,1,0.999936
1,1,0.9999056
1,1,0.99987495
1,1,0.99991405
1,1,0.9999392
0,0,0.0070747635
1,1,0.99204963
1,1,0.999956
1,0,0.23940825
0,0,0.022446703
1,1,0.9999082
1,1,0.99992824
1,1,0.99993896
0,1,0.9677463
1,1,0.99988043
1,1,0.9999057
1,1,0.9999466
1,1,0.99994755
1,1,0.9999168
1,1,0.9999505
1,1,0.51570195
1,1,0.99993944
1,1,0.99995327
1,1,0.9869833
1,1,0.99291927
1,1,0.99906474
1,1,0.9990421
1,1,0.9978054
1,1,0.99993145
1,1,0.98130953
1,1,0.8138446
1,1,0.9998816
0,0,0.0006636556
1,1,0.999936
0,1,0.86697406
1,1,0.9999337
1,1,0.9997023
1,1,0.99979585
0,0,0.023452733
0,0,0.018968463
1,0,0.010859261
1,1,0.9999522
0,0,0.024221737
1,1,0.99990034
1,1,0.99993706
1,1,0.9999163
1,1,0.98654616
1,1,0.9998772
0,0,0.0015100512
1,1,0.99924517
1,1,0.99131507
1,1,0.99957687
1,1,0.9993575
1,1,0.9999335
1,1,0.9993368
1,1,0.9976046
1,1,0.98992527
1,1,0.9999521
1,1,0.9880372
1,1,0.9997594
1,1,0.99986887
1,1,0.99992526
1,1,0.9997042
1,1,0.850982
0,0,0.010483045
0,0,0.0032994195
1,1,0.9996309
1,1,0.9999336
1,1,0.9999219
0,1,0.98910517
0,1,0.9017566
1,1,0.99994004
1,1,0.99994326
0,0,0.008895122
1,0,0.12338263
1,1,0.9741725
1,1,0.9999505
1,1,0.99993956
1,1,0.9999149
1,1,0.99992347
1,1,0.9999596
1,1,0.99994755
1,1,0.99829024
1,1,0.6940899
1,1,0.99993503
1,1,0.99953973
0,0,0.43038812
0,1,0.9239149
1,1,0.8265258
1,1,0.99992204
1,1,0.99995947
1,0,0.2488642
0,0,0.41310552
1,1,0.99993587
1,1,0.9999262
0,1,0.97132665
1,1,0.99171644
1,1,0.9999398
1,1,0.9999448
1,1,0.9998994
1,1,0.9998921
1,1,0.9999217
1,1,0.9990759
1,1,0.9999515
0,0,0.15939017
1,1,0.99995005
1,1,0.9999509
1,1,0.722846
1,1,0.99262345
1,1,0.99993837
0,0,0.00020968329
1,1,0.99994004
1,1,0.99369663
1,1,0.93264693
1,1,0.9849417
0,0,0.015701512
1,1,0.85980207
1,1,0.9275271
1,1,0.9971481
0,0,0.02484554
0,1,0.92909837
1,0,0.0687554
1,1,0.999956
0,0,0.013707247
1,1,0.9999374
1,1,0.9999138
1,1,0.99993706
1,1,0.99993587
1,1,0.9999356
1,1,0.9999089
1,1,0.99331117
1,1,0.99994934
1,1,0.98879915
1,1,0.99982256
1,1,0.9999548
1,1,0.9999403
1,1,0.98739445
1,1,0.99992454
1,1,0.99814177
1,1,0.99994123
1,1,0.9998802
0,0,0.065568484
1,1,0.9998715
1,1,0.9996201
1,1,0.99990964
1,1,0.99989235
1,1,0.9980305
1,1,0.9997501
1,1,0.99996054
1,1,0.99993014
0,0,0.24683334
1,1,0.99993813
1,1,0.9990447
1,1,0.999925
1,1,0.9999354
1,1,0.9998983
1,0,0.009140309
1,1,0.99994135
1,1,0.999951
1,1,0.9940201
0,1,0.99544036
1,1,0.99993193
0,1,0.83686477
1,1,0.999946
0,0,0.0025236055
1,1,0.6548321
1,1,0.999943
1,1,0.99707925
1,1,0.99989843
1,1,0.99769247
1,1,0.99993026
1,1,0.9998522
1,1,0.9999242
1,1,0.9999366
1,1,0.9989091
1,1,0.9999552
1,1,0.9936923
1,1,0.9978397
1,1,0.9823843
1,1,0.99448204
1,1,0.99995124
1,1,0.9999472
1,1,0.9999472
1,1,0.999705
1,1,0.9999
1,1,0.999877
0,1,0.99703455
0,0,0.0040663206
1,1,0.62043524
1,1,0.99970645
1,1,0.9999362
1,1,0.858213
1,1,0.9999391
1,1,0.9993437
1,1,0.9999385
1,1,0.99995124
1,1,0.99993193
1,1,0.9999516
1,1,0.9982064
1,1,0.9659859
1,1,0.9999511
1,1,0.9998746
1,1,0.9999534
1,1,0.9999578
1,1,0.9999268
1,1,0.99988866
1,1,0.99989974
1,1,0.96651524
1,1,0.9999486
1,1,0.9999305
1,1,0.9373779
1,1,0.99995327
0,1,0.92687184
1,1,0.6635128
1,1,0.9409624
1,1,0.99993145
1,1,0.9999193
1,1,0.9998716
1,1,0.99983
1,1,0.99161524
1,1,0.9585116
1,1,0.9999417
0,1,0.8194316
1,1,0.9999517
1,1,0.9999559
0,0,0.0024764484
1,1,0.99994075
1,1,0.9999554
1,1,0.97816485
1,1,0.96560806
1,1,0.61697793
1,1,0.99128866
1,1,0.99990594
1,1,0.9998362
1,1,0.99979264
1,1,0.9999423
1,1,0.9999294
1,1,0.9998915
1,1,0.7397448
1,1,0.999843
1,1,0.974127
1,1,0.999959
1,1,0.9999106
1,1,0.9910216
0,0,0.033034638
1,0,0.004147475
1,1,0.99995065
1,1,0.9999484
1,1,0.99994993
1,1,0.9999391
1,1,0.999923
0,0,0.4746399
1,1,0.9999583
1,1,0.9988349
0,0,0.0015092231
1,1,0.9824065
1,1,0.9999006
1,0,0.07874527
0,0,0.009624185
1,1,0.9612452
1,1,0.9999497
1,1,0.9995869
1,1,0.99994826
1,1,0.99993265
1,1,0.9894907
1,0,0.31116065
1,1,0.99797124
1,1,0.9999187
1,1,0.9991737
1,1,0.9998487
1,1,0.99982566
1,1,0.9833989
1,1,0.988972
1,1,0.9999056
1,1,0.99286085
1,1,0.99993896
1,1,0.99996006
1,1,0.9999254
0,1,0.9958876
1,1,0.919815
1,0,0.009849219
1,1,0.99989545
1,1,0.99875736
1,1,0.977567
1,1,0.99993134
1,1,0.9998287
1,1,0.9804669
1,1,0.99994504
1,1,0.99994683
0,0,0.22064117
1,1,0.99985075
1,0,0.0206883
1,1,0.99411905
0,1,0.96154535
1,1,0.99993634
1,1,0.9999374
0,0,0.00029829927
1,1,0.9997743
1,1,0.99991155
1,1,0.99977094
0,1,0.9390697
1,1,0.9999074
1,1,0.99996126
1,1,0.999951
1,1,0.9943269
1,1,0.9999454
1,1,0.9999434
0,0,0.0071378807
1,1,0.9999229
0,0,0.002427586
0,0,0.019773502
1,1,0.99986506
1,1,0.9998853
1,1,0.98248845
1,1,0.99978834
0,0,0.10282225
1,1,0.99996233
1,0,0.28926203
1,1,0.9994894
1,1,0.9968741
1,1,0.9999529
1,1,0.9999207
1,1,0.9998987
0,0,0.014284753
1,1,0.9999472
1,1,0.9999558
1,1,0.9999604
1,1,0.96919507
1,1,0.997218
1,1,0.9999267
1,1,0.99669135
1,1,0.97023535
1,1,0.99746716
0,0,0.3115913
0,0,0.09844624
1,1,0.99843675
1,1,0.9998474
0,0,0.00033758543
1,1,0.999915
0,0,0.009487657
0,0,0.023739759
0,0,0.006393432
1,1,0.9450532
0,0,0.006008725
0,0,0.0015886524
1,1,0.99979645
1,1,0.9997979
0,1,0.9946338
1,1,0.9999256
0,0,0.13499232
0,0,0.004280084
1,1,0.9998727
1,1,0.99986804
1,1,0.99995506
1,1,0.9583246
1,1,0.9999442
1,1,0.999928
1,1,0.99995196
1,1,0.99991727
1,1,0.9928901
1,1,0.999954
1,1,0.99099076
1,1,0.9924068
1,1,0.9953092
1,1,0.9999466
1,1,0.9999474
1,1,0.9999454
1,1,0.99994993
0,0,0.43593532
1,1,0.99992645
1,1,0.9998437
1,1,0.99986243
1,1,0.9999473
1,1,0.9998727
1,1,0.99992216
1,1,0.9994511
1,1,0.60326105
0,0,0.008094699
1,1,0.99943167
1,1,0.9999448
1,1,0.9915258
1,1,0.99984515
1,1,0.9998853
1,1,0.9992411
0,0,0.0063712574
1,1,0.999931
1,1,0.9823941
1,1,0.99993193
1,1,0.99990976
1,1,0.9986737
1,1,0.9995542
1,1,0.99991155
1,1,0.999912
1,1,0.99991095
1,1,0.99714065
1,1,0.9543194
1,1,0.9998636
1,1,0.99954057
1,1,0.9800363
1,1,0.9933704
1,1,0.9999604
1,1,0.9999454
1,1,0.9984296
1,1,0.9999343
1,1,0.99994063
1,1,0.99976736
1,1,0.9999237
1,1,0.99502593
1,1,0.61996675
1,1,0.9999405
1,1,0.9999399
1,1,0.9999578
1,1,0.9999144
0,0,0.0024989138
1,1,0.9998704
1,1,0.9999374
1,1,0.9886946
0,0,0.008208979
1,1,0.9359035
1,1,0.99992955
1,1,0.99994576
0,0,0.010857672
0,0,0.2123388
1,1,0.99921834
1,1,0.99491876
1,1,0.9997968
0,0,0.001971799
1,0,0.023507409
1,1,0.99325186
1,1,0.99994123
1,1,0.7001803
1,1,0.99015373
1,1,0.9999542
1,1,0.99989617
1,1,0.999382
0,1,0.99616927
0,1,0.99900633
1,1,0.99995387
1,1,0.9999063
1,1,0.99995995
0,0,0.0002211303
1,1,0.99988735
1,1,0.99987924
1,1,0.9996817
1,1,0.9876644
1,1,0.9999293
1,1,0.9999409
1,1,0.9991598
1,1,0.99995375
1,1,0.95219135
1,1,0.98639035
1,1,0.99994695
1,1,0.9999474
1,1,0.9999336
1,1,0.9997824
0,1,0.9921245
1,1,0.99995005
1,1,0.99995446
1,1,0.9999411
1,1,0.9999528
1,1,0.9999361
0,0,0.0024187486
1,1,0.9999199
1,1,0.9999318
1,1,0.999928
1,1,0.9975229
1,1,0.9999529
1,1,0.9999454
1,1,0.99274844
1,1,0.9999522
1,1,0.97718847
1,1,0.99995327
1,1,0.99995136
1,1,0.99992263
1,1,0.9961201
1,1,0.99995506
1,1,0.9987764
1,1,0.9999101
0,0,0.013649707
1,1,0.9996815
1,1,0.9997832
1,1,0.9891452
1,1,0.99992335
1,1,0.93311846
1,1,0.99987376
1,1,0.9999145
1,1,0.9999316
1,1,0.99734145
1,1,0.98719084
1,1,0.99973875
1,1,0.9995097
1,1,0.9999262
1,1,0.84122
1,0,0.014680331
1,0,0.011875543
1,1,0.9999366
1,1,0.77219254
1,1,0.9997837
0,0,0.0034610934
1,1,0.9968978
1,1,0.9999503
1,1,0.9999424
1,1,0.9999423
1,0,0.0064746425
1,1,0.9999325
1,1,0.99978524
1,1,0.99991906
1,1,0.9877737
1,1,0.9973098
1,1,0.9998975
1,1,0.9999485
1,1,0.9969374
1,1,0.99993753
0,0,0.0050217314
1,1,0.9999465
0,0,0.0038634222
1,1,0.96725166
1,1,0.99994576
1,1,0.9958961
1,1,0.9999505
1,1,0.9999367
0,0,0.0081706885
1,1,0.999877
1,1,0.9999001
1,1,0.99991226
1,1,0.9999248
1,1,0.99995923
1,1,0.9998956
1,1,0.99991715
1,1,0.99992085
1,1,0.9999088
1,1,0.9998965
1,1,0.99986637
1,1,0.99994934
1,1,0.99988055
1,1,0.9999076
1,1,0.9986112
1,1,0.9984628
1,1,0.99968565
1,1,0.9998005
1,1,0.9999503
1,1,0.9999056
1,1,0.9999341
1,1,0.99991596
1,1,0.99989307
0,0,0.06513147
1,1,0.999943
0,0,0.0010034058
1,1,0.9977981
1,1,0.9999449
1,1,0.9999368
1,1,0.99983346
1,1,0.99455786
1,1,0.97451776
0,0,0.0040181936
0,0,0.0049920427
1,1,0.99993634
0,1,0.6239772
0,0,0.017666116
1,1,0.9999248
1,1,0.98912954
1,1,0.99993825
1,1,0.9977101
1,1,0.9999049
1,1,0.9830441
1,1,0.99990976
1,1,0.9997203
1,1,0.9999535
1,1,0.9998159
1,1,0.9999516
1,1,0.9999163
1,0,0.22897029
1,1,0.999846
0,0,0.0054335953
1,1,0.9658915
1,1,0.9998785
1,1,0.999951
1,1,0.9914438
1,1,0.9998172
0,0,0.036887664
1,1,0.9999393
1,1,0.99989223
1,1,0.9994061
1,1,0.9947423
1,1,0.99994826
1,1,0.84653944
1,1,0.9999509
1,1,0.98636
0,0,0.026955582
1,1,0.99986625
1,1,0.8091554
1,1,0.99995875
1,1,0.9999008
0,0,0.10995621
1,1,0.99988043
1,1,0.999899
1,1,0.99983656
1,1,0.9998878
1,1,0.99975055
1,1,0.99981123
1,0,0.017311748
1,1,0.99991536
1,1,0.99995244
1,1,0.9999213
1,1,0.9998385
1,1,0.96155196
1,1,0.9925708
1,1,0.99994504
1,1,0.9999498
0,0,0.0061092717
1,1,0.99991035
1,1,0.9999498
0,0,0.008675949
1,1,0.9998275
1,1,0.9999447
1,1,0.9999434
1,1,0.99986935
1,1,0.99993193
0,0,0.002474867
1,1,0.9896372
1,1,0.9998896
1,1,0.99988914
1,1,0.9931458
1,1,0.99985313
1,1,0.99995387
1,1,0.9998491
1,1,0.99993885
1,1,0.9999572
1,1,0.9999386
1,1,0.99986815
1,1,0.99995434
1,1,0.99993837
1,1,0.99986565
1,1,0.99992466
1,1,0.99995553
1,1,0.9999231
1,1,0.9999212
1,1,0.93701863
1,1,0.6793397
1,1,0.98117447
1,1,0.9999496
0,1,0.68319196
1,1,0.9888249
1,1,0.9998969
1,1,0.99993813
1,1,0.99987364
1,1,0.9998708
0,0,0.00521841
1,1,0.9999527
1,1,0.99989796
1,1,0.95517844
0,0,0.00023447184
1,1,0.9999466
1,1,0.9998605
1,1,0.9996954
1,1,0.99993527
1,1,0.99850094
0,0,0.0029197228
1,1,0.9990577
1,1,0.99995315
1,1,0.9999155
1,1,0.97729445
1,1,0.99993074
1,1,0.9985676
1,1,0.9946785
1,1,0.99995244
1,1,0.9999379
1,1,0.9999186
1,1,0.9999546
1,1,0.9998636
1,1,0.9986326
1,1,0.9996598
1,1,0.9997136
1,1,0.9998902
1,1,0.99990344
0,0,0.040493425
1,1,0.9998778
1,1,0.9926035
1,1,0.9998752
1,1,0.99995494
1,1,0.9485889
1,1,0.99983835
0,0,0.012461607
0,0,0.0066759377
1,1,0.99980086
1,0,0.07440024
1,1,0.9998822
0,1,0.99940646
1,1,0.9988035
1,1,0.9999399
1,1,0.7851831
1,1,0.99992776
1,1,0.99991345
1,1,0.9999454
1,1,0.9949362
1,1,0.86019564
1,1,0.9998355
1,1,0.9999614
1,1,0.94195366
1,0,0.027552173
1,1,0.9977592
1,1,0.99990666
0,0,0.018279271
1,1,0.98351717
1,1,0.96431524
1,1,0.99992573
1,1,0.9999455
1,1,0.999926
0,0,0.00042976567
1,1,0.9999455
1,1,0.99993885
1,1,0.9998878
0,0,0.0053598965
1,1,0.9999552
1,1,0.9999217
1,1,0.99988496
0,0,0.00033122968
0,0,0.004687659
1,1,0.999951
0,0,0.005869561
1,1,0.9998803
1,1,0.9998578
1,1,0.999863
1,1,0.99976677
1,1,0.99992645
1,1,0.99994695
1,1,0.99995196
1,1,0.8983815
1,1,0.9999472
0,0,0.0001904304
1,1,0.99993
1,1,0.9999387
1,1,0.9428325
1,1,0.9998745
1,1,0.9997303
1,0,0.0049572443
1,1,0.9999243
0,0,0.043771755
1,1,0.99633634
1,1,0.9653388
1,1,0.99310666
1,0,0.22095968
1,1,0.99995244
1,1,0.9998714
1,1,0.9999331
1,1,0.9998907
1,1,0.9999318
1,0,0.06280447
1,1,0.9999578
1,1,0.9999411
1,1,0.72121954
1,1,0.99983275
1,1,0.9752866
1,1,0.99401927
1,1,0.9989963
0,1,0.9859635
1,1,0.99986875
1,1,0.9998721
1,1,0.99993646
0,1,0.9771706
1,1,0.9981225
1,1,0.99992585
1,1,0.90335757
1,1,0.9866583
1,1,0.99992466
1,1,0.9997898
0,0,0.0021187116
1,1,0.9985638
1,1,0.99995875
1,1,0.99994385
1,1,0.9999435
1,1,0.9881607
1,1,0.99995637
1,1,0.98306954
1,1,0.9999331
1,1,0.9968616
1,1,0.98559487
1,1,0.99043274
1,1,0.9995976
1,1,0.8987107
1,1,0.9935535
1,0,0.057180025
1,1,0.99354595
1,1,0.96193457
1,1,0.9998983
1,0,0.05189616
1,1,0.53402
0,0,0.0001940286
1,1,0.9999232
1,1,0.9968425
1,1,0.9925177
1,1,0.99980646
1,1,0.99987984
0,1,0.99828964
1,1,0.99600536
1,1,0.999931
1,0,0.0055416273
1,1,0.9910074
1,1,0.9760401
1,1,0.9998753
1,1,0.9996567
1,1,0.9999424
1,1,0.9999107
1,1,0.9999467
1,1,0.9999361
1,1,0.9999348
1,1,0.99968505
1,1,0.9998944
1,1,0.9999515
0,1,0.8978589
0,0,0.017383676
1,1,0.99993706
1,1,0.99995553
0,0,0.012711094
1,1,0.9998888
1,1,0.9999124
1,1,0.99089044
0,1,0.9926207
1,1,0.781377
1,1,0.97663635
1,1,0.9999579
1,1,0.9999448
1,1,0.99993324
1,1,0.9999229
1,1,0.9880336
1,1,0.9999509
0,0,0.17826901
1,1,0.9988533
1,1,0.99994683
1,1,0.99993134
1,1,0.9997348
1,0,0.047188308
1,1,0.9999542
1,1,0.99528944
1,1,0.98981726
1,1,0.999959
0,0,0.0036107223
1,1,0.9998288
0,0,0.0023245092
1,1,0.99990225
0,1,0.99240303
0,0,0.00032664934
1,1,0.9997844
1,0,0.3381105
1,1,0.99996233
1,1,0.99978596
1,1,0.99994946
1,1,0.99991643
0,1,0.9892512
1,1,0.765184
1,1,0.9998486
1,1,0.99795157
1,1,0.9999442
1,1,0.99988914
1,1,0.99981266
1,1,0.99995613
0,0,0.029259967
0,0,0.004341788
1,1,0.99994123
0,0,0.030666202
1,1,0.98370105
1,1,0.99986434
1,1,0.99994767
1,1,0.99991643
1,1,0.99844617
1,1,0.9998467
1,1,0.9924272
1,1,0.99993205
1,1,0.9995042
1,1,0.9866578
0,0,0.000852808
1,1,0.99876946
1,1,0.99995244
1,1,0.98542136
1,0,0.021656778
1,1,0.9999273
1,1,0.9990096
1,1,0.9879914
1,1,0.98947096
1,0,0.012947368
1,1,0.9994941
1,1,0.99994826
1,1,0.9999087
1,1,0.9998919
1,1,0.99993074
0,0,0.0018525886
1,1,0.81795156
1,1,0.9999496
1,1,0.99976784
1,1,0.9997247
1,1,0.9998969
1,1,0.99992204
1,1,0.99986815
1,1,0.99995565
0,0,0.010872012
0,0,0.0017600884
1,1,0.9999149
1,1,0.99980205
1,1,0.99784124
0,0,0.10272743
1,1,0.6922727
1,1,0.99993134
1,1,0.99994636
1,1,0.9819449
1,1,0.7634824
1,0,0.27553898
1,1,0.999811
1,1,0.9999361
1,1,0.9998056
1,1,0.9910658
1,1,0.99989045
0,0,0.004067522
1,1,0.9999436
1,1,0.9944112
1,1,0.99187976
1,1,0.9981687
1,1,0.9997198
1,1,0.99896204
1,1,0.998662
0,0,0.00034893976
1,1,0.9999548
1,1,0.7503694
1,1,0.9999074
1,1,0.99993014
1,1,0.9999474
0,0,0.012593984
1,1,0.99993086
1,1,0.9905792
1,0,0.00514737
1,1,0.99993455
1,1,0.9999443
1,1,0.8507715
0,0,0.005324389
0,1,0.99462694
1,1,0.9999318
1,1,0.98886
1,1,0.9992035
1,1,0.99994123
1,1,0.9980788
1,0,0.036063667
1,1,0.96350193
1,1,0.9998294
1,1,0.9863516
1,1,0.99669206
1,1,0.9817947
1,1,0.999421
1,1,0.60724485
1,1,0.9691731
0,0,0.04668929
1,1,0.99966466
1,1,0.9905132
1,1,0.9451457
1,0,0.052545916
1,1,0.9999
1,1,0.99990785
1,1,0.91069454
1,1,0.9998834
1,1,0.99993217
1,1,0.99995935
1,1,0.9999497
1,1,0.9994087
1,1,0.9999285
1,1,0.9998734
1,1,0.9999486
1,1,0.99573404
1,1,0.9999465
1,1,0.99995553
1,0,0.03317925
1,1,0.99980813
1,1,0.99972624
1,1,0.9999504
1,1,0.99995613
1,1,0.99994075
1,0,0.13106802
1,1,0.9999591
0,0,0.025206115
1,1,0.9140256
1,1,0.9999007
1,1,0.89825714
1,1,0.99995255
1,0,0.19979191
1,1,0.9820402
1,1,0.9997904
1,1,0.99993527
1,1,0.8717386
0,0,0.023765279
1,1,0.7592286
1,1,0.99996006
1,1,0.9999201
1,1,0.99991953
0,1,0.9237419
1,1,0.9996624
1,1,0.999948
1,1,0.9993316
1,1,0.9875673
1,1,0.9998579
1,1,0.99990666
0,1,0.9998097
1,1,0.89959043
1,1,0.99989104
1,1,0.999889
1,1,0.9901074
0,0,0.2346002
1,1,0.96682847
1,0,0.02470353
1,1,0.9999156
0,0,0.0019800775
1,1,0.9875327
1,1,0.9999341
1,1,0.9999459
0,0,0.034343466
0,0,0.14881252
1,1,0.9999517
1,1,0.9999505
0,0,0.14011379
1,0,0.0442931
1,1,0.99993086
1,1,0.99987316
0,0,0.01888808
1,1,0.99982077
1,0,0.19429399
1,1,0.9998136
0,0,0.0060403696
1,1,0.9999186
0,0,0.03512861
1,1,0.9999063
1,1,0.9999149
1,1,0.9993529
1,1,0.99995756
1,1,0.9999062
1,1,0.99994993
1,1,0.99991703
1,1,0.9945484
1,0,0.17100711
1,1,0.99995804
0,0,0.26640877
0,0,0.027497951
0,0,0.021952976
1,0,0.11436985
1,1,0.9981426
1,1,0.99994385
1,1,0.9946649
1,0,0.057186525
1,1,0.9378436
1,1,0.9999422
0,0,0.0029297962
1,1,0.98998696
1,1,0.9985031
1,1,0.9999498
1,1,0.9999441
1,1,0.9999404
1,1,0.9999523
0,0,0.029703327
1,1,0.9960039
0,1,0.5819273
1,1,0.9888283
1,1,0.8383988
0,0,0.010023682
1,1,0.99994326
1,1,0.99995327
1,1,0.9998977
1,1,0.9867801
1,1,0.9999541
1,1,0.9999404
1,1,0.97726154
1,1,0.99979836
1,1,0.99991655
1,1,0.999936
1,1,0.9999198
0,0,0.0036330447
1,1,0.9999534
1,1,0.99989736
1,0,0.104719505
1,1,0.99995613
1,1,0.99988997
1,1,0.9996258
1,1,0.9560884
1,1,0.99989414
1,1,0.9999236
0,1,0.8841968
1,1,0.9999459
0,1,0.96885824
0,0,0.008364163
1,1,0.99988306
1,1,0.9757554
1,1,0.99995244
1,0,0.007663815
1,1,0.93521184
1,1,0.9966979
1,0,0.010051002
1,1,0.9998747
1,1,0.99891245
1,1,0.99447685
0,0,0.028409211
1,1,0.9997695
1,1,0.9999547
0,0,0.0046408763
1,1,0.9997689
1,1,0.9999411
0,0,0.30624306
1,1,0.99983704
1,1,0.99995315
1,0,0.2224219
1,1,0.9999403
1,0,0.04101279
1,1,0.9998989
1,1,0.9998983
1,1,0.9946866
1,1,0.97642934
1,1,0.9988281
1,1,0.9996668
1,1,0.99321026
1,1,0.9999567
1,1,0.99991024
1,1,0.98410505
1,1,0.96681565
1,1,0.99991703
1,0,0.006859576
1,1,0.9999267
1,1,0.9998312
1,1,0.9999566
1,1,0.98468786
1,1,0.951018
1,1,0.998976
0,0,0.031935338
1,1,0.9999548
1,1,0.98591775
0,0,0.004471534
1,1,0.99991155
1,1,0.99994946
1,1,0.9998437
0,0,0.0030203103
1,1,0.9997373
1,1,0.9999466
1,1,0.99994886
1,1,0.99993396
0,0,0.060536794
1,1,0.99992085
1,1,0.9999244
1,1,0.99157786
1,1,0.9999509
1,1,0.9833581
1,1,0.9997317
1,1,0.9999347
1,0,0.004403325
1,1,0.9880265
1,1,0.9916135
0,1,0.99553454
1,1,0.9999355
1,1,0.9999628
1,1,0.99991
1,1,0.991285
1,1,0.9999312
0,0,0.011633701
1,1,0.99994636
1,1,0.9865501
1,1,0.99994874
0,0,0.0015240939
1,1,0.9801762
1,1,0.99991083
1,1,0.99428046
1,1,0.99809045
1,1,0.99995387
1,1,0.84195954
1,1,0.99995375
1,1,0.99988294
1,1,0.99993014
0,1,0.97539437
0,0,0.0070024426
1,1,0.8056444
1,1,0.999892
1,1,0.990978
0,1,0.98275894
1,1,0.9729442
1,1,0.99952257
1,1,0.98073924
1,1,0.99943286
0,0,0.0002453405
1,1,0.9930616
1,0,0.013574378
1,1,0.9838817
0,0,0.0066106627
1,1,0.98849654
1,1,0.9999174
1,1,0.9999174
1,1,0.9999602
1,1,0.99974316
1,1,0.9998264
0,0,0.0024655978
1,1,0.9999418
1,1,0.99993074
1,1,0.9999448
1,1,0.9999205
1,1,0.9999503
1,1,0.9994382
1,1,0.99995387
1,1,0.9999429
1,1,0.98884505
1,1,0.79495066
1,1,0.970883
1,1,0.9868427
1,1,0.999684
1,1,0.9999471
1,1,0.99953675
1,1,0.9999355
0,0,0.007063076
1,1,0.999948
1,1,0.9998128
1,0,0.037955128
1,1,0.99994993
1,1,0.99992454
1,1,0.9920202
0,0,0.0053234715
1,1,0.9996778
1,1,0.9999318
1,1,0.9999417
1,1,0.9999387
1,1,0.9628519
1,1,0.7149859
1,1,0.9999281
1,1,0.99993837
1,0,0.010688968
1,1,0.9997291
1,1,0.99993396
1,1,0.9915724
1,1,0.9986858
1,1,0.9999361
1,1,0.9999404
1,1,0.9998493
1,1,0.9999496
1,1,0.99575305
1,1,0.999949
1,1,0.99993503
1,1,0.999877
0,0,0.061992172
1,1,0.99725926
1,1,0.99990714
1,1,0.9634094
1,1,0.97221845
1,1,0.9999534
1,1,0.99097764
1,1,0.9999429
1,1,0.99993896
1,1,0.99596953
1,1,0.99993694
1,1,0.9995976
1,1,0.9999149
1,1,0.9997931
1,1,0.9991026
1,1,0.99981743
1,1,0.99989974
1,1,0.96170497
1,1,0.99991214
1,1,0.9999515
1,1,0.99390715
1,1,0.999569
1,1,0.99992776
1,1,0.99939334
1,1,0.9999006
1,1,0.9999422
1,1,0.987559
1,0,0.036277626
1,1,0.997841
1,1,0.9999547
1,1,0.9905748
1,1,0.99994016
1,1,0.9997631
1,1,0.97443193
1,1,0.9999473
1,1,0.99914587
1,1,0.9995592
1,1,0.99993217
1,1,0.9999424
1,1,0.99990916
1,1,0.9999449
1,1,0.999759
1,1,0.9999386
1,1,0.99995375
1,1,0.99733126
1,1,0.9929804
1,0,0.0004728484
1,1,0.99701476
1,1,0.9998872
1,1,0.99987745
1,1,0.9962282
1,1,0.99872154
0,0,0.0036034286
1,1,0.989096
1,1,0.999887
1,1,0.9999442
1,1,0.99986327
1,1,0.99993014
1,1,0.99857676
1,1,0.9999453
1,1,0.99994016
0,1,0.50291336
1,1,0.9999559
1,1,0.9999331
1,1,0.99994826
1,1,0.99353456
1,1,0.5790946
1,0,0.26082754
1,1,0.99990714
1,1,0.99950993
1,0,0.00094602513
1,1,0.9993487
1,1,0.9913249
1,1,0.99618965
1,1,0.99995327
1,1,0.9999082
1,1,0.99843293
1,1,0.9877874
1,1,0.99992573
1,1,0.9999536
1,1,0.9999409
1,0,0.17208211
0,1,0.9652232
1,1,0.9999193
1,1,0.9999362
1,0,0.1320857
1,1,0.999951
1,1,0.9993678
1,1,0.9745061
1,1,0.99990463
1,1,0.70788056
1,1,0.98829365
1,1,0.99985766
1,1,0.9999331
1,1,0.9999496
1,1,0.99995816
1,1,0.9678696
1,1,0.9921516
1,1,0.9999511
1,1,0.9999442
1,1,0.7407742
1,1,0.9999193
1,1,0.9995384
1,1,0.9999459
1,1,0.9999579
1,1,0.999814
1,1,0.9998971
0,0,0.00018222269
1,1,0.99989283
0,0,0.0007877969
1,1,0.99992764
1,1,0.99108434
1,1,0.9999597
1,1,0.9510294
1,1,0.99992585
1,1,0.9999397
1,1,0.99943346
0,0,0.00026162874
1,1,0.9659492
1,1,0.9999012
1,1,0.999559
1,1,0.9999598
1,1,0.99996245
1,1,0.98553354
1,1,0.99993944
1,1,0.99991965
1,1,0.9999429
1,1,0.9999113
1,1,0.99995303
1,1,0.9999472
1,1,0.99990296
1,1,0.9999566
1,1,0.98817897
1,1,0.99994326
1,1,0.9998715
1,1,0.9998592
1,1,0.9999306
1,1,0.98284215
1,1,0.99993575
0,0,0.12884493
1,1,0.9997795
1,1,0.98865056
1,1,0.9931982
1,1,0.9999417
1,1,0.9997603
1,1,0.99993503
1,1,0.99991333
1,1,0.9999453
1,1,0.9999244
1,1,0.79013985
1,1,0.99993825
1,1,0.99994195
0,0,0.0010707991
1,1,0.8283236
0,0,0.0006688565
1,1,0.99993706
1,1,0.9993222
1,1,0.99398345
1,1,0.9959979
1,1,0.99994266
1,1,0.99988127
1,1,0.9918379
1,1,0.9735333
1,1,0.99992967
1,1,0.99994266
1,1,0.975382
1,1,0.9590508
0,0,0.0070550945
1,1,0.99992585
1,1,0.9999409
1,0,0.037554134
1,1,0.9738003
0,1,0.98803115
1,0,0.07023557
1,1,0.99994564
0,0,0.00041165022
1,1,0.999918
1,1,0.99991405
1,1,0.9998735
0,0,0.012502111
0,0,0.0018979098
1,1,0.99951863
1,1,0.99995697
1,1,0.9999597
0,0,0.006411146
1,1,0.999926
1,1,0.99995303
1,1,0.9999511
1,1,0.99994504
1,1,0.9999268
1,0,0.014933934
1,1,0.90696937
1,0,0.29129297
1,1,0.99995637
1,1,0.9886303
1,0,0.020664787
1,1,0.99995124
1,1,0.98101336
1,1,0.9937105
0,0,0.004199139
1,1,0.99991536
1,1,0.9999316
1,1,0.99956816
1,1,0.9999201
1,1,0.99977094
1,1,0.9999132
1,1,0.99799347
0,0,0.011582514
1,1,0.98416
1,1,0.98125273
1,1,0.9999262
1,1,0.9998939
0,0,0.003149669
1,1,0.9999336
1,0,0.003304199
1,1,0.99981946
0,0,0.011497198
1,0,0.008282452
1,1,0.98793054
1,0,0.011167569
1,1,0.9999027
1,1,0.9999566
0,0,0.00070360093
1,1,0.9999466
1,1,0.8629623
1,1,0.9999145
1,1,0.9999324
1,1,0.9999224
1,1,0.99971205
1,1,0.9999486
0,0,0.0060123205
1,1,0.9960514
1,1,0.92342657
1,1,0.9999014
1,1,0.99995065
1,1,0.9998965
1,1,0.9997893
1,1,0.9981925
1,1,0.99980325
1,1,0.54404056
1,1,0.9769884
0,0,0.3142703
1,1,0.999824
1,1,0.9999455
1,1,0.99086726
0,0,0.0014538206
1,1,0.99995387
1,1,0.99989176
1,1,0.9998939
1,1,0.9999112
1,1,0.99994314
1,1,0.99984956
1,1,0.9999511
1,1,0.99984527
1,1,0.9999037
1,1,0.92248803
0,0,0.0027755573
1,1,0.99994576
1,1,0.9999516
1,1,0.99995995
1,1,0.9916928
1,1,0.9999349
1,0,0.19652544
1,1,0.9999151
0,0,0.0022563664
1,1,0.9999548
1,1,0.97345984
0,0,0.0012485594
1,1,0.9971764
1,1,0.9999256
0,0,0.019347817
1,1,0.99994123
1,1,0.9969013
0,0,0.000720575
1,1,0.9999454
1,1,0.99975806
1,1,0.9915338
1,1,0.999951
0,0,0.07243922
1,1,0.99991155
0,0,0.14389896
1,1,0.9998716
1,1,0.9988996
1,1,0.9988984
1,1,0.9999293
1,1,0.9150834
1,1,0.9999043
1,1,0.99416524
0,0,0.036085352
1,1,0.9999187
0,1,0.72622895
1,1,0.99941635
1,1,0.99945587
1,1,0.99982387
1,1,0.9999385
1,1,0.9998878
1,1,0.999841
1,1,0.99994254
1,1,0.99992585
1,1,0.9999442
1,1,0.9880023
0,0,0.0069424734
1,1,0.9995511
1,1,0.99993193
1,1,0.9999403
1,1,0.9995235
1,1,0.99115807
1,1,0.98311824
0,0,0.2519743
1,1,0.9946432
1,1,0.99990106
1,1,0.99973565
0,0,0.007059118
1,1,0.999948
1,1,0.99993765
0,0,0.0019409142
1,1,0.9999596
1,1,0.9999597
1,1,0.9993536
1,1,0.9999343
1,1,0.99994934
1,1,0.9871818
0,0,0.0011612169
1,1,0.98625517
1,1,0.9999374
1,1,0.9866301
1,1,0.9999492
1,0,0.29326934
1,1,0.99990726
1,1,0.9998752
1,1,0.9976993
1,1,0.999938
1,1,0.99993086
1,1,0.99992776
0,0,0.005366022
1,1,0.99994993
1,1,0.9642473
1,1,0.999928
1,1,0.99995136
1,0,0.36982486
1,1,0.9999211
1,1,0.88120455
1,1,0.9999336
1,1,0.9999577
1,1,0.99995315
1,1,0.9999324
1,1,0.9999316
1,1,0.99980253
1,1,0.9997986
1,1,0.99994886
1,1,0.9864873
1,1,0.9999478
1,1,0.9994056
1,1,0.9998355
1,1,0.99533737
1,0,0.32638332
1,1,0.99995565
1,1,0.99973744
1,1,0.9984621
0,0,0.0020398623
1,1,0.9999379
1,1,0.999846
1,1,0.9999523
0,0,0.0027791339
1,1,0.83411646
1,1,0.99993837
1,1,0.9997545
1,1,0.999892
1,1,0.99993527
0,1,0.5534192
0,0,0.0073999804
1,1,0.99995244
1,1,0.9999237
1,1,0.9998313
1,1,0.99995816
1,1,0.99994683
1,1,0.9999548
1,1,0.99994826
1,1,0.9727664
1,1,0.9999043
1,1,0.9544607
1,1,0.99972874
1,0,0.17288074
1,1,0.82288677
0,0,0.00022139694
1,1,0.9999387
1,1,0.99991894
1,1,0.9998709
1,1,0.5088005
1,1,0.9999354
1,1,0.9990139
1,1,0.9808255
1,1,0.9998779
1,1,0.9935278
1,1,0.99995506
0,0,0.06286624
1,1,0.99994445
1,1,0.9999447
1,1,0.99993134
1,1,0.999915
0,0,0.025390826
1,1,0.99995303
1,1,0.6943757
1,1,0.99995255
1,1,0.98278654
1,1,0.99989164
1,1,0.99993074
1,1,0.999778
1,1,0.99962986
1,1,0.9805535
1,1,0.9999318
1,1,0.99994385
1,1,0.9999486
1,1,0.99992406
1,0,0.013915414
1,1,0.9952821
1,1,0.9999485
1,1,0.99995446
1,1,0.9989058
1,1,0.9998919
1,0,0.1278361
1,1,0.9903018
1,1,0.99989223
1,1,0.99991393
1,1,0.9999552
0,0,0.014638012
1,1,0.99993324
1,1,0.9968112
1,1,0.9999547
1,1,0.99973816
1,1,0.99996066
0,0,0.0032939592
1,1,0.99941254
1,1,0.99994373
1,1,0.9999479
0,1,0.9824306
0,0,0.27159828
1,1,0.999926
0,0,0.0027227611
1,1,0.80577374
1,1,0.9998822
1,1,0.99993193
0,1,0.74781394
1,1,0.99994314
1,1,0.99991333
1,1,0.9971289
0,0,0.0001999986
0,1,0.7869581
1,1,0.9998301
1,1,0.9996704
1,1,0.99995613
1,1,0.9999622
1,1,0.9999386
1,1,0.9999523
1,1,0.9999498
1,1,0.99994516
1,1,0.9484202
1,1,0.9999286
1,1,0.9996093
1,1,0.99886525
1,1,0.9999528
1,1,0.9998888
1,1,0.9998808
0,0,0.0049530524
0,0,0.005953005
1,1,0.9772265
1,1,0.9999336
1,1,0.9999461
1,1,0.99994373
1,1,0.568028
1,1,0.9999274
1,1,0.9999144
0,1,0.6876005
1,1,0.98802453
1,1,0.9999434
1,1,0.9999461
1,0,0.28985935
1,1,0.999915
1,1,0.9999045
1,1,0.99364305
1,1,0.9816744
1,1,0.98882186
1,1,0.9997167
1,1,0.99994206
0,1,0.5258568
1,1,0.7460248
0,0,0.0024000783
0,0,0.019479848
1,1,0.99985373
1,1,0.9974281
1,1,0.97732747
1,1,0.99985135
1,1,0.9998963
1,1,0.9995421
1,1,0.9901861
0,0,0.006363124
1,1,0.99993956
1,1,0.9999089
0,1,0.96175575
1,1,0.99991286
1,1,0.99994755
0,0,0.00089088775
1,1,0.99331313
1,1,0.9999337
1,1,0.9999391
1,1,0.9998888
1,1,0.99993443
1,1,0.99083406
1,1,0.99995446
1,1,0.982872
0,1,0.97896427
1,1,0.9999552
0,0,0.00096023624
1,1,0.9999201
1,1,0.9889598
1,1,0.9999279
1,1,0.93334085
1,1,0.9998578
1,1,0.9982141
0,0,0.09049893
1,1,0.9998714
1,1,0.99993765
1,1,0.99994385
1,1,0.9914942
1,1,0.999949
0,0,0.017552922
1,0,0.002056969
1,1,0.9999291
1,1,0.99995327
1,1,0.99985635
1,1,0.9999298
1,1,0.9999074
1,1,0.99994695
0,1,0.9920061
1,1,0.99994016
0,0,0.006935226
1,1,0.9991105
0,0,0.013533389
1,1,0.99990475
1,1,0.8712635
1,1,0.99992955
1,1,0.99987483
1,1,0.9999192
1,1,0.98460937
1,1,0.9999206
1,1,0.99929714
1,1,0.99995327
1,1,0.9860881
1,1,0.92259943
1,1,0.9998487
1,1,0.9999137
1,1,0.99987864
1,1,0.99994934
1,1,0.99991894
1,1,0.99992406
1,1,0.9998934
1,1,0.99993324
1,0,0.091378175
1,1,0.9966041
1,1,0.99994755
1,1,0.9997954
1,1,0.9999567
1,1,0.9998945
1,1,0.99994886
1,1,0.9999366
1,1,0.9793875
1,0,0.055258352
1,1,0.98076427
1,1,0.9997478
1,1,0.9449061
1,1,0.99977475
0,0,0.0018797581
1,1,0.99689925
1,1,0.99995434
1,1,0.9276659
1,1,0.99984336
1,1,0.9991787
1,1,0.9988821
1,1,0.9999163
1,0,0.37228152
0,0,0.009881022
1,1,0.99993575
1,1,0.9999008
1,1,0.9588014
1,1,0.9990181
1,1,0.9999547
1,1,0.99986994
1,1,0.9782718
1,1,0.99994886
1,1,0.999881
1,1,0.98811907
1,1,0.99993515
1,1,0.99990964
1,1,0.999933
1,1,0.9995334
1,1,0.9999478
1,1,0.9999225
1,1,0.9999528
1,1,0.99992895
1,1,0.9905089
1,1,0.99154437
1,1,0.9843008
1,1,0.99990857
1,1,0.9999199
0,0,0.0054944493
1,1,0.99993014
0,1,0.5093033
1,1,0.99993944
1,1,0.9999424
1,1,0.9999256
1,1,0.9999318
0,0,0.15117964
0,0,0.24475253
1,1,0.99993336
1,1,0.9999423
1,1,0.99989116
1,1,0.9959558
1,1,0.9999397
1,1,0.9999374
1,0,0.010385983
1,1,0.99382126
1,1,0.99990916
1,1,0.99994016
1,0,0.42838848
1,0,0.028863698
1,1,0.9201376
1,1,0.9999585
0,0,0.0063064713
0,0,0.33664685
1,1,0.9999124
1,1,0.98877126
0,1,0.73447216
1,1,0.99993134
1,1,0.99070555
1,1,0.99919397
1,1,0.99995923
1,1,0.99986076
1,1,0.99980384
1,1,0.889119
1,1,0.99988234
1,1,0.99802256
1,1,0.99984884
1,1,0.9999038
1,1,0.9999354
1,1,0.9999355
1,1,0.98482
1,1,0.9854511
1,1,0.9998727
1,1,0.9999374
1,1,0.99296784
0,0,0.00021748012
1,1,0.9999509
1,1,0.99186313
1,1,0.99995494
1,1,0.9998543
1,1,0.9992267
1,1,0.99987054
1,1,0.57929885
1,1,0.9998907
1,1,0.9091797
1,0,0.0030509501
1,1,0.9998958
1,0,0.0005134365
1,1,0.9998091
1,1,0.9996246
0,0,0.054540165
1,1,0.9998561
1,1,0.99994195
1,1,0.99995375
1,1,0.9998921
1,1,0.9999261
0,0,0.0015125148
1,1,0.9999031
0,0,0.0025819058
1,1,0.9998976
0,0,0.0084104715
0,0,0.00030308377
1,1,0.91318285
1,1,0.77987146
1,1,0.99958473
1,1,0.9999356
1,1,0.99865735
1,1,0.99991405
1,1,0.9999511
1,1,0.9997731
1,1,0.99994004
1,1,0.9749358
1,1,0.9982141
1,1,0.72756034
1,1,0.99991214
1,1,0.9996873
1,1,0.99993443
1,1,0.999949
0,0,0.00048584584
1,1,0.9999492
1,1,0.9999354
1,1,0.99943453
0,0,0.030262183
1,1,0.99850994
1,1,0.9999509
1,1,0.9999391
1,1,0.9999523
1,1,0.99995697
1,1,0.9999418
1,1,0.99989736
1,1,0.99995565
1,1,0.99991465
1,1,0.99995303
0,1,0.8525416
0,1,0.85747874
1,0,0.029470626
1,1,0.9976527
1,1,0.9993864
1,1,0.99995613
1,1,0.9999354
1,1,0.99963117
0,0,0.0008135542
0,0,0.0039359136
0,0,0.007216651
1,1,0.9998411
1,1,0.9999511
1,1,0.99994767
1,1,0.98369956
1,1,0.99994826
1,1,0.96151406
1,1,0.81091255
1,1,0.94966733
1,1,0.9999342
1,1,0.9683611
1,1,0.9999373
1,1,0.9998747
1,1,0.9999559
1,1,0.9998585
1,1,0.99990475
1,1,0.95961994
1,1,0.99975556
1,1,0.9998969
1,1,0.8394437
1,1,0.9999567
1,1,0.99792045
1,1,0.89506924
1,1,0.99121034
1,0,0.1770062
1,1,0.698168
1,1,0.9999528
1,0,0.2521757
1,1,0.9948655
1,1,0.99995375
1,1,0.9998969
1,1,0.9999293
1,1,0.9999124
1,1,0.9999459
1,1,0.9999279
1,1,0.9999509
0,0,0.037667047
1,1,0.9998567
1,1,0.9999486
1,1,0.99960536
1,1,0.9999548
0,0,0.2547764
1,0,0.020450354
1,1,0.9999578
1,1,0.99991715
1,1,0.9999505
1,1,0.9999368
0,0,0.0006740839
1,1,0.9982668
0,1,0.7344132
1,1,0.99983585
1,1,0.999933
1,1,0.9999192
0,0,0.020693941
1,1,0.99883896
0,0,0.013402883
1,1,0.99995005
1,1,0.99985075
1,1,0.9999546
1,1,0.9999528
1,1,0.99994326
1,1,0.9999466
1,1,0.99988604
1,1,0.9978116
1,1,0.99994254
1,1,0.9899066
1,1,0.9713274
1,1,0.92261523
1,1,0.9999416
1,1,0.98573107
1,1,0.99994755
1,1,0.9998299
0,0,0.021732371
1,1,0.9999474
1,1,0.99992645
1,1,0.99993813
1,1,0.99995255
1,1,0.9999411
1,1,0.99995303
1,1,0.9996209
1,1,0.9656281
1,1,0.9999231
1,1,0.9999218
0,1,0.7090045
1,1,0.9999398
1,1,0.9999504
1,0,0.1621219
1,1,0.9414163
1,1,0.98650044
1,1,0.9902895
1,1,0.99987495
1,1,0.99963176
1,1,0.9999019
1,1,0.9810668
1,1,0.99993956
1,1,0.99959403
1,1,0.99993265
1,0,0.05027348
1,1,0.94910336
1,1,0.9999273
1,1,0.9999366
1,1,0.99519134
1,1,0.9999144
0,0,0.000384913
0,0,0.004887567
1,1,0.99982834
1,1,0.98512983
0,0,0.357634
1,1,0.9999418
1,1,0.9999523
1,1,0.99993896
1,1,0.9762817
1,0,0.021303222
1,1,0.9998122
1,1,0.99984527
0,0,0.011708791
1,1,0.9999361
1,0,0.107727244
0,0,0.029502226
1,1,0.9999248
1,1,0.99994826
1,0,0.0117710065
1,1,0.99994254
1,1,0.9998148
0,1,0.9799951
1,1,0.9997832
1,1,0.99995804
1,1,0.9998572
1,1,0.9999168
1,1,0.9999014
1,1,0.9571466
1,1,0.9999546
1,1,0.9995672
1,1,0.99994266
1,1,0.9999472
1,1,0.9932781
1,1,0.9998759
1,1,0.99994326
1,1,0.99992883
1,1,0.9999448
1,1,0.96290416
1,0,0.005624979
1,1,0.9994091
1,1,0.99994695
0,0,0.0024209172
1,1,0.5960166
1,1,0.998933
1,1,0.99622715
1,1,0.9999546
1,1,0.841891
1,1,0.9999312
1,1,0.99991405
1,1,0.99995685
1,1,0.9999281
1,1,0.999818
1,1,0.9999548
1,1,0.9998679
1,1,0.9999336
1,1,0.999931
1,1,0.9999356
1,1,0.9973937
0,0,0.009889674
0,0,0.00032042654
1,1,0.9998746
1,1,0.99995685
1,1,0.99985564
1,1,0.7861701
1,1,0.9997906
1,1,0.9999244
1,1,0.99991596
1,1,0.98480207
1,1,0.9999479
1,1,0.999913
1,1,0.9999467
1,1,0.99992
1,1,0.99993455
1,1,0.8408874
1,1,0.99985504
1,1,0.71667284
1,1,0.99995923
1,1,0.99932754
1,1,0.999944
1,1,0.99993086
0,0,0.00089661294
0,0,0.0044359467
1,1,0.9878856
1,1,0.97543305
1,1,0.99991155
0,0,0.0048238314
1,0,0.12131432
0,1,0.74404687
1,1,0.99994075
1,1,0.99079657
1,1,0.99984753
1,1,0.9946656
1,1,0.999926
1,1,0.9998016
1,1,0.99989974
1,1,0.9999238
1,1,0.99992883
1,0,0.25733
1,1,0.84958166
1,1,0.999949
1,1,0.99995065
1,1,0.9999387
1,1,0.99993026
1,1,0.99954695
1,1,0.99988186
0,1,0.9813337
1,0,0.03138018
1,1,0.9954848
1,1,0.9998155
1,1,0.9920534
1,1,0.9938692
1,1,0.999879
1,1,0.99959785
0,0,0.0039703026
1,1,0.9999503
1,1,0.99979144
1,0,0.22494116
1,1,0.9999025
1,1,0.9995493
1,1,0.9719957
1,1,0.9999511
1,1,0.99970657
1,1,0.9996377
0,0,0.008023014
0,0,0.40570566
1,1,0.9999597
1,1,0.9999621
1,1,0.9833092
1,1,0.9999225
1,1,0.98796034
1,1,0.99993515
1,1,0.9999268
1,1,0.99990976
1,1,0.9999472
0,0,0.02666915
1,1,0.9999012
1,1,0.9999453
1,1,0.9689297
1,1,0.9719997
1,1,0.99150765
1,1,0.9999535
1,1,0.9986155
1,0,0.08630306
1,1,0.99943894
1,1,0.9679422
1,1,0.98314786
1,1,0.9999541
1,1,0.9836406
1,1,0.9998646
1,1,0.99995196
1,1,0.9999603
1,1,0.9998542
0,0,0.010259752
1,1,0.9999143
1,1,0.9999534
1,1,0.9999242
1,1,0.9999304
1,0,0.012067585
0,0,0.016542578
1,1,0.999928
0,0,0.0024503958
0,0,0.0028326
0,1,0.98659027
1,1,0.9999449
1,1,0.9998965
1,1,0.7570056
1,1,0.9675336
1,1,0.999775
1,1,0.99976856
0,0,0.08365896
1,1,0.99994814
0,0,0.0010352081
1,1,0.9999554
1,1,0.99972945
1,1,0.99990845
1,1,0.9999167
1,1,0.9999492
1,1,0.99990237
1,1,0.99993575
1,1,0.99994767
1,1,0.99992955
0,0,0.13384914
1,1,0.99992716
1,1,0.9999256
1,1,0.97973424
1,1,0.99995756
0,0,0.31087258
1,1,0.99436116
1,1,0.9928993
1,1,0.9857956
1,1,0.9999043
1,1,0.99995995
0,0,0.009322048
1,1,0.99124324
1,1,0.9998388
1,1,0.99984145
1,1,0.9998252
1,1,0.9999542
1,1,0.9998903
1,1,0.99987745
1,1,0.99988735
1,1,0.9998492
1,1,0.99990606
1,1,0.99990857
1,1,0.9999535
1,1,0.9996331
1,1,0.9998553
1,1,0.99995124
1,1,0.99216896
1,1,0.9999485
1,1,0.9908308
1,1,0.99979013
1,1,0.999905
1,0,0.2353843
1,1,0.99987733
1,1,0.99970835
1,1,0.7599106
1,1,0.99990404
0,0,0.0050022043
1,1,0.5325107
1,1,0.9999236
1,1,0.99993587
1,1,0.6282376
0,0,0.00064144726
1,1,0.9500715
0,1,0.9152661
0,0,0.02257896
1,1,0.9938567
1,1,0.99401456
1,1,0.99984777
1,1,0.9971046
1,1,0.9998816
1,1,0.9393508
1,1,0.9848905
1,1,0.9998951
0,1,0.97153926
1,1,0.99509937
1,1,0.99654585
1,1,0.99985576
1,1,0.9999261
1,1,0.99980146
1,1,0.9999504
1,1,0.99989593
1,1,0.9999318
0,1,0.68016267
1,1,0.9900259
1,1,0.9999479
1,1,0.9999348
1,1,0.99978596
1,1,0.9999049
0,0,0.014287063
1,1,0.9999528
1,1,0.99995875
1,1,0.9999367
1,1,0.9999294
1,1,0.5305505
1,1,0.9972389
1,1,0.99991286
1,1,0.99892765
1,1,0.5466398
1,1,0.99962664
1,1,0.9998387
1,1,0.9985929
1,1,0.9999405
1,1,0.99995303
1,1,0.99994695
1,1,0.99980813
1,1,0.99995553
1,1,0.99993527
1,1,0.99993944
1,1,0.9367434
1,1,0.9904331
1,1,0.9999261
1,1,0.99993515
1,1,0.9996482
1,1,0.9999113
1,1,0.99994767
1,1,0.99993265
1,1,0.9995284
1,1,0.9996667
1,1,0.99152386
1,1,0.99991655
1,1,0.9999349
1,1,0.99994004
1,1,0.98979294
1,1,0.9999441
1,0,0.15851386
1,1,0.9999039
1,1,0.9998914
1,1,0.94685787
1,1,0.99995196
1,1,0.98345727
1,1,0.9998523
1,1,0.99571216
1,1,0.99992526
1,1,0.9999244
1,1,0.9997223
1,1,0.9999311
1,1,0.9997483
1,1,0.99994254
1,1,0.9999474
1,1,0.99801445
1,1,0.994276
1,1,0.99348515
1,0,0.22289595
1,1,0.9999399
1,1,0.9999547
1,1,0.9999411
1,1,0.9422197
1,1,0.99331325
1,1,0.99993753
1,1,0.99929523
1,1,0.9999318
1,1,0.996543
1,1,0.9999459
1,1,0.9998734
1,1,0.9867399
1,1,0.9999199
1,1,0.9999484
1,1,0.99994993
1,1,0.9998741
0,0,0.0012251227
1,1,0.9999063
1,1,0.99989283
1,1,0.9999137
1,1,0.9999273
1,1,0.9999429
0,0,0.004501905
0,0,0.086401016
1,1,0.99995863
0,0,0.03276658
1,1,0.9998747
1,1,0.9894198
1,1,0.9999503
1,1,0.9999584
1,1,0.99995697
1,1,0.99994874
1,0,0.0052010543
1,1,0.9998951
0,0,0.00394922
1,1,0.5824402
1,1,0.9998921
1,1,0.99988234
1,1,0.9999541
1,1,0.99995244
1,1,0.9999404
1,1,0.9999571
1,1,0.9992749
1,1,0.99993575
1,1,0.9999449
1,1,0.9997788
1,0,0.16461013
1,1,0.99989724
1,1,0.9059289
1,1,0.9998659
1,1,0.99777716
0,0,0.09370594
1,1,0.99971384
1,1,0.99995565
1,1,0.99994123
1,1,0.999905
1,1,0.9998872
1,1,0.985989
0,1,0.53921753
1,1,0.9932522
1,1,0.9828995
1,1,0.9999206
1,1,0.9997768
1,1,0.9998254
1,1,0.99994993
1,1,0.99993074
1,1,0.9999466
1,1,0.92795444
1,1,0.9995203
1,1,0.99679345
1,1,0.9998728
1,1,0.9999311
1,1,0.99933004
1,1,0.9999517
1,1,0.99994934
1,1,0.9999391
1,1,0.98878723
1,1,0.99994385
1,1,0.9990631
1,1,0.893224
1,1,0.9999492
0,0,0.0010963264
1,1,0.994381
1,1,0.9999465
0,0,0.36007437
1,1,0.99953485
1,1,0.999956
0,0,0.12148971
1,1,0.9696279
0,0,0.35289398
1,1,0.99995244
1,1,0.99992454
1,1,0.9908631
1,1,0.99991477
1,1,0.99995506
1,1,0.99977046
1,1,0.87920827
1,1,0.9999379
1,1,0.99982375
1,1,0.99491465
1,0,0.48391604
1,1,0.9999157
1,1,0.999946
1,1,0.9999294
1,0,0.29604632
1,1,0.99992657
1,1,0.9998186
1,1,0.9999181
1,1,0.9999279
1,1,0.99995494
1,1,0.99992776
1,1,0.9997013
1,1,0.99994135
1,1,0.99734724
1,1,0.9999075
1,1,0.98452014
1,1,0.9999387
1,1,0.971834
1,0,0.0019821057
1,1,0.9999397
1,1,0.9970392
1,1,0.99964917
1,1,0.74764055
0,0,0.005379805
1,1,0.9999157
1,1,0.99527884
0,0,0.007479116
1,1,0.9999485
1,1,0.99966216
1,1,0.99950194
1,1,0.9999511
1,1,0.99995255
1,1,0.99992573
1,1,0.9882671
1,1,0.9999151
0,0,0.00064357586
1,1,0.99994266
0,0,0.21382958
1,1,0.9999528
0,0,0.0054823523
1,1,0.99964786
1,1,0.9999529
0,1,0.78594965
1,1,0.99993837
1,1,0.99756324
1,1,0.9999608
1,0,0.28509635
1,1,0.9999484
1,1,0.99990916
1,1,0.99994934
1,1,0.9999087
1,1,0.9889544
1,1,0.99993956
1,1,0.9998252
1,1,0.99810034
1,1,0.99986506
1,1,0.9999362
1,1,0.9871335
1,1,0.99993885
1,1,0.9999323
0,0,0.0011124138
1,1,0.99992704
1,1,0.9999212
1,1,0.99994814
0,0,0.00060003146
0,1,0.6243456
0,0,0.00039989527
1,1,0.999944
1,1,0.99994576
1,1,0.9999559
1,1,0.99989283
1,1,0.99994445
1,0,0.14289963
0,0,0.021408131
1,1,0.98640823
1,1,0.9999621
1,1,0.9999074
1,1,0.99989355
1,0,0.021950386
1,1,0.99993944
1,1,0.9519756
1,1,0.8528763
1,1,0.99981683
0,0,0.034970608
1,1,0.9998555
1,1,0.9999256
1,1,0.99909484
1,1,0.99961793
1,1,0.9998977
1,1,0.999951
1,1,0.9999225
1,1,0.99961925
0,0,0.0012160254
0,0,0.006659342
1,1,0.9999044
1,1,0.99991703
0,0,0.0001966563
1,1,0.99967885
1,1,0.9999367
1,1,0.99994373
1,1,0.9998517
1,1,0.99694
0,0,0.0010547909
1,1,0.9999336
1,1,0.99991477
1,1,0.99795026
1,1,0.98823124
1,1,0.9999542
1,1,0.9931993
1,1,0.9998
1,1,0.62200594
1,1,0.99991477
1,1,0.9999553
1,1,0.9746097
1,1,0.9997204
1,1,0.9998714
1,1,0.99977773
1,1,0.6328444
1,1,0.99994385
1,1,0.99994695
1,1,0.999821
1,1,0.9999454
1,1,0.99976736
1,1,0.9998609
1,1,0.999944
1,1,0.999876
1,1,0.9999267
0,0,0.005793302
1,1,0.99989474
1,1,0.9429988
1,1,0.999933
1,1,0.99995625
1,1,0.9999404
1,1,0.9999434
1,1,0.999938
1,1,0.99995613
1,1,0.99941576
1,1,0.99989367
1,1,0.9700181
1,1,0.99939275
1,1,0.9998838
1,1,0.9998165
1,1,0.9998215
0,0,0.032110948
1,1,0.999938
1,1,0.999938
1,1,0.9998746
1,1,0.9944126
1,1,0.9999249
0,1,0.96808034
1,1,0.99994874
1,1,0.99992573
1,1,0.9999474
1,1,0.9995409
1,1,0.99993074
0,0,0.008247963
1,1,0.9999447
1,1,0.99992883
1,1,0.99629396
1,1,0.9991239
0,0,0.004447577
1,1,0.9999385
1,1,0.9970305
1,1,0.99994886
1,1,0.9999409
1,1,0.9999294
1,1,0.99051064
1,1,0.99276876
1,1,0.9999213
1,1,0.9952867
1,1,0.99409986
1,1,0.99992704
1,1,0.9998542
1,1,0.99993503
0,0,0.0013300596
0,0,0.041875236
1,1,0.9999232
1,1,0.99995124
1,1,0.9999274
1,1,0.9999541
1,1,0.96579146
1,1,0.99994445
1,1,0.99995375
1,1,0.9998907
1,1,0.9880041
1,1,0.99995196
1,1,0.9999567
1,1,0.99995625
1,1,0.9999366
1,1,0.99969566
1,1,0.9999403
1,1,0.9999516
1,1,0.9995561
1,1,0.99991345
1,1,0.9999263
1,1,0.99991846
1,1,0.99992657
1,1,0.9999263
1,1,0.9998903
1,1,0.99995315
1,1,0.99961746
1,1,0.99994326
1,1,0.99994147
1,1,0.9999205
1,1,0.9999286
1,1,0.99817944
1,1,0.99994445
1,1,0.99993587
1,0,0.13817765
1,1,0.9999585
1,1,0.99990237
1,1,0.98979163
1,1,0.995388
1,1,0.9998536
1,1,0.99993205
1,1,0.63599706
1,1,0.9847307
1,1,0.9996785
1,1,0.999907
1,1,0.9999467
1,1,0.9998785
0,1,0.91704476
1,1,0.9999248
1,1,0.66278285
1,1,0.99921274
1,0,0.037957773
1,1,0.9998159
1,1,0.9999497
1,1,0.9998235
1,1,0.9694363
1,1,0.99991393
1,1,0.9999535
1,1,0.9999356
1,1,0.9999062
1,1,0.99992216
1,1,0.9997851
1,1,0.99994314
0,0,0.08953802
0,0,0.051703982
1,1,0.99992573
0,1,0.6095521
1,1,0.98964256
1,1,0.5346705
1,1,0.9943553
1,0,0.010199148
0,0,0.004582076
1,1,0.9082587
1,1,0.9997662
1,1,0.9999198
1,1,0.98123497
1,1,0.6693721
1,1,0.99995196
1,1,0.9931852
1,1,0.99992
1,1,0.8735294
1,1,0.9999449
0,0,0.008836423
1,1,0.99921334
1,1,0.9997812
1,1,0.9975585
1,1,0.99991584
1,1,0.9999223
0,0,0.0005702097
1,1,0.9587865
1,1,0.9999529
1,1,0.7586196
0,0,0.005465645
1,1,0.9998443
0,0,0.24104561
0,0,0.38646597
1,1,0.9980094
0,0,0.0026720348
1,1,0.99989676
1,1,0.9927477
1,1,0.99994624
1,0,0.414906
1,1,0.9860481
1,1,0.9999387
1,1,0.9999496
1,1,0.9998871
1,1,0.99988866
1,1,0.99994504
1,1,0.99991655
1,1,0.9964941
0,1,0.90279824
1,1,0.9999465
1,1,0.99898654
0,0,0.057374537
1,1,0.9995778
1,1,0.9061026
1,1,0.9999527
1,1,0.9998666
1,1,0.99982834
0,0,0.0024799423
1,1,0.7081418
0,0,0.026689433
1,1,0.9999286
1,1,0.9999033
1,1,0.9937312
1,1,0.9999269
1,1,0.99991643
1,1,0.99936134
1,1,0.99991226
1,1,0.9899803
1,1,0.9998889
1,1,0.9997929
1,0,0.13807003
1,1,0.99154645
0,0,0.00024330315
1,1,0.99994147
1,1,0.9999465
1,1,0.9999225
1,1,0.9999031
1,1,0.9999522
1,1,0.9995233
1,1,0.84419394
1,1,0.9998596
1,1,0.9997913
1,0,0.2886937
0,0,0.0050529237
1,1,0.9999405
1,1,0.99987364
1,1,0.99956065
1,1,0.9992507
0,0,0.019292798
0,0,0.0058839126
1,1,0.999907
1,1,0.96823055
1,1,0.9999471
1,1,0.99995494
1,1,0.9999337
1,1,0.9999465
0,0,0.011026064
0,1,0.98183686
1,1,0.9966517
1,0,0.01769898
1,1,0.99995136
1,1,0.9998221
1,1,0.83933353
0,0,0.012800361
1,1,0.9999217
1,1,0.9995566
1,1,0.993842
1,1,0.9970962
0,1,0.99051696
0,0,0.004383887
1,1,0.9999411
0,0,0.00050097774
1,1,0.99995565
1,1,0.9999269
1,1,0.99594253
1,1,0.9999608
1,1,0.9620497
1,0,0.0028276665
0,0,0.005515835
1,1,0.99989426
1,1,0.9999398
1,1,0.99989176
0,0,0.0022573415
1,1,0.97549045
1,1,0.99993134
1,1,0.9995285
1,1,0.99979955
1,1,0.74920595
0,0,0.005159408
1,1,0.99993765
1,1,0.99991536
1,1,0.98863274
1,1,0.9996747
1,1,0.9995141
0,0,0.00033761535
1,1,0.99994206
1,1,0.9999014
1,1,0.99967766
1,1,0.9991437
1,1,0.9999516
1,1,0.9999254
0,0,0.018296808
1,1,0.96028227
1,1,0.98853695
1,1,0.99995744
1,1,0.99990296
1,1,0.9569527
1,1,0.99263155
1,1,0.9998734
1,1,0.99995756
1,1,0.9998568
1,1,0.99995565
0,0,0.033582233
1,1,0.99990916
1,1,0.51219606
1,1,0.9998093
1,1,0.9772897
1,1,0.9999243
1,1,0.99994445
1,1,0.9845636
1,1,0.99994993
1,1,0.999946
1,0,0.22883195
1,1,0.9999461
1,1,0.9999424
0,0,0.009269232
1,1,0.99987924
1,1,0.9999294
1,1,0.97036594
1,1,0.9950682
0,1,0.9928121
0,0,0.0016532235
1,1,0.9999479
1,1,0.99992263
0,0,0.1330275
1,1,0.9999511
1,1,0.98808295
1,1,0.99993765
0,1,0.752258
1,1,0.9998969
1,1,0.99992394
1,1,0.99981934
1,1,0.99986637
0,0,0.004949702
1,1,0.9999496
1,1,0.99994195
1,1,0.999959
1,1,0.99995196
0,0,0.059988745
1,1,0.9999063
1,1,0.99990594
0,0,0.02562259
1,1,0.6929944
1,1,0.9873007
0,1,0.7978709
0,0,0.0014125677
1,1,0.99993384
1,1,0.9933983
1,1,0.8855168
1,1,0.99994695
0,0,0.004669586
1,1,0.99993086
0,0,0.00045809973
0,0,0.0053428
1,1,0.9999125
0,0,0.00043500768
1,1,0.99871826
1,1,0.90801024
1,1,0.9998715
1,1,0.9571405
1,1,0.9994357
1,1,0.9927044
1,1,0.99994934
1,1,0.99993384
1,1,0.9999373
1,0,0.25523627
1,1,0.99993634
1,1,0.9999337
0,0,0.0056029707
1,1,0.98953736
1,1,0.99995506
1,1,0.9996847
1,1,0.99993277
0,0,0.42212346
1,1,0.55979586
1,1,0.9993813
1,1,0.9999536
0,0,0.02044247
1,1,0.9995322
1,1,0.9999254
1,0,0.023268586
1,1,0.9999366
1,1,0.9921704
1,1,0.99994814
1,1,0.9999219
0,0,0.0067151827
1,1,0.99994004
0,0,0.0046263356
1,1,0.99993944
1,1,0.99629104
1,1,0.99995315
1,1,0.9995491
1,1,0.98589873
0,0,0.0076500834
0,0,0.114660524
1,1,0.9999099
1,1,0.9883879
1,1,0.99988663
1,1,0.9998435
1,1,0.9999155
0,1,0.9538105
1,1,0.99989593
1,1,0.99993706
1,1,0.99680305
1,1,0.9998617
1,1,0.9999248
1,1,0.99990785
1,1,0.98541945
0,1,0.7826373
1,1,0.9998801
1,1,0.99992585
1,1,0.9999354
0,0,0.019300802
1,1,0.99990165
1,1,0.9899268
1,1,0.99344784
0,0,0.0030155615
1,1,0.99986124
1,1,0.999897
1,0,0.0037058794
1,1,0.99991965
0,0,0.025172615
1,1,0.9922273
1,1,0.99925345
1,1,0.9999076
1,1,0.99994063
1,1,0.9999472
1,0,0.014189631
1,1,0.99421024
1,1,0.9720362
1,1,0.9998965
1,1,0.9998272
0,0,0.002072388
1,1,0.99994683
1,1,0.99994254
1,1,0.9998387
1,1,0.9999515
1,1,0.99994314
1,1,0.99994516
1,1,0.6787524
1,0,0.0036461947
1,1,0.9998678
1,1,0.99994063
0,0,0.0008236934
1,1,0.9992606
1,1,0.99993515
1,0,0.02057641
0,1,0.75490946
1,1,0.99993086
1,1,0.9999186
1,1,0.9999378
1,1,0.94199526
1,0,0.03458128
1,1,0.9999403
1,1,0.999956
1,1,0.99969053
1,1,0.99995613
1,1,0.999627
1,1,0.999884
0,0,0.025814503
1,1,0.99987125
1,1,0.9999577
1,1,0.9997204
1,1,0.9998965
1,1,0.99994993
1,1,0.9912812
1,1,0.99988294
1,0,0.020919356
1,1,0.99986446
1,1,0.9999441
1,1,0.9887573
0,1,0.70929533
1,1,0.99994326
1,1,0.9999316
1,1,0.98642296
0,0,0.005103347
1,1,0.99990726
0,0,0.007678861
1,1,0.9874156
1,1,0.9998889
1,1,0.9999329
1,1,0.5146748
0,1,0.99258304
1,1,0.9889537
1,1,0.99964154
1,1,0.9999397
1,1,0.9999213
1,1,0.99995065
1,1,0.99994636
1,1,0.9998981
1,1,0.9999428
1,1,0.9828624
1,1,0.99939156
0,0,0.1869632
1,1,0.98860544
1,1,0.999912
1,1,0.99993825
1,1,0.9934034
1,1,0.9999107
1,1,0.99987674
1,1,0.999954
1,1,0.99994564
1,1,0.99989915
0,0,0.0007685991
1,1,0.9998776
1,1,0.99985385
1,1,0.8521261
1,1,0.9884263
1,1,0.994115
1,0,0.005765891
1,1,0.9999058
1,1,0.9998938
1,1,0.99992096
1,1,0.9998833
1,1,0.9998325
1,1,0.9999552
1,1,0.9530301
1,1,0.9999317
1,1,0.99986124
1,1,0.986048
1,1,0.9998802
1,1,0.9943051
1,1,0.9998889
1,1,0.9999255
1,1,0.7488318
0,0,0.029426236
1,0,0.045434855
1,1,0.99991393
1,1,0.9998747
1,1,0.9997993
1,1,0.99994636
1,1,0.9597739
1,1,0.99983776
1,1,0.9999385
1,1,0.99986875
0,0,0.007281504
1,1,0.9999367
1,0,0.01498751
1,1,0.9999536
1,1,0.99994326
0,0,0.0080388095
1,1,0.99994683
1,1,0.9999062
1,1,0.99839056
1,0,0.25394392
1,1,0.99991786
1,1,0.99993396
1,1,0.90904844
1,1,0.99994755
0,0,0.0022686408
1,1,0.9998909
1,1,0.99740857
1,1,0.9892509
1,1,0.9999167
1,1,0.99994385
1,1,0.99989676
1,1,0.9999498
1,1,0.9492046
1,1,0.9999105
1,1,0.9995005
1,1,0.9996282
0,1,0.96095556
1,1,0.9992754
1,0,0.17827652
1,1,0.9999281
0,0,0.0005492446
0,1,0.78890496
1,1,0.99995923
1,1,0.9993068
1,1,0.9518746
1,1,0.5046873
1,1,0.99555725
1,1,0.99990034
1,1,0.99987185
1,1,0.9999497
1,1,0.9999453
1,1,0.9999565
1,0,0.00096594176
1,1,0.9999187
1,1,0.9994962
1,1,0.9999498
1,1,0.9999018
1,1,0.9999156
1,1,0.9999181
0,1,0.7527015
1,1,0.9999156
1,1,0.99706644
1,1,0.9998865
1,1,0.9999542
1,1,0.9998963
1,1,0.9999572
1,1,0.88247937
1,1,0.9998578
1,1,0.99976414
1,1,0.9999107
0,0,0.25044316
0,0,0.00021009932
1,1,0.9998149
1,1,0.9888664
1,1,0.9758145
1,1,0.96995443
1,1,0.9999106
1,1,0.9997205
1,1,0.99993515
1,1,0.9999554
1,1,0.9999546
1,1,0.9999491
1,1,0.9927953
0,0,0.0027952513
1,1,0.9996735
1,1,0.9999033
1,1,0.99990654
1,1,0.9977054
1,1,0.9998192
1,1,0.98431087
1,1,0.9810122
1,1,0.99994886
1,1,0.99995065
1,1,0.99993145
1,1,0.7579045
0,0,0.0002173317
1,1,0.9999362
1,1,0.99970275
1,1,0.98752815
1,1,0.99996066
1,1,0.9999267
1,1,0.99879116
1,1,0.9999199
0,0,0.03596251
0,0,0.0052084117
1,1,0.99995255
0,0,0.00919095
1,1,0.9786896
0,1,0.89813405
1,1,0.9840465
1,1,0.99991584
1,1,0.9999149
1,0,0.0030018676
0,0,0.00036074338
1,1,0.9999225
1,1,0.9999038
0,0,0.00049627334
0,0,0.0026111035
1,1,0.99995244
1,1,0.9998865
1,1,0.9999397
0,0,0.0042559565
1,1,0.9998779
1,1,0.9999442
1,1,0.9998852
1,1,0.99995136
1,1,0.9999325
1,1,0.9999378
1,1,0.9982053
1,1,0.99725443
1,1,0.99825853
1,1,0.9999589
0,0,0.0034361912
1,1,0.9939342
1,1,0.99975425
1,1,0.9999291
1,1,0.9999528
1,1,0.9999454
1,1,0.9999558
1,1,0.9999188
1,1,0.9998629
1,1,0.9999429
1,1,0.99961865
0,0,0.001694597
1,1,0.9999471
1,1,0.9998807
1,1,0.98880494
1,1,0.9999136
1,1,0.961981
0,1,0.71767
1,1,0.9878692
1,1,0.9999405
1,1,0.99995434
1,1,0.9993125
0,1,0.964192
1,1,0.6396725
1,1,0.9861666
1,1,0.9900775
1,1,0.99995005
1,1,0.999887
1,1,0.99992216
1,1,0.97928053
0,0,0.4629926
1,1,0.9083384
1,1,0.9999428
1,1,0.99885595
1,1,0.9999299
1,1,0.99987113
1,1,0.9998142
1,1,0.9976534
1,1,0.98632693
1,1,0.9496096
1,1,0.9999249
0,1,0.9728713
1,1,0.8944827
1,1,0.98729056
0,0,0.21096617
1,1,0.9978592
1,1,0.9999292
1,1,0.9999306
1,1,0.99995065
1,1,0.99995565
1,1,0.99995077
1,1,0.99128234
1,1,0.99553764
0,0,0.0022911974
1,1,0.9995492
1,1,0.9999461
1,1,0.9998903
1,1,0.99994695
1,1,0.99973005
1,1,0.9999341
1,1,0.99991584
1,1,0.99995637
1,1,0.9999528
0,1,0.98665035
0,0,0.101742916
1,1,0.99993706
1,1,0.9961054
1,1,0.99958366
1,1,0.9998988
1,1,0.99977964
1,1,0.99981695
0,1,0.7293929
1,1,0.9997243
1,1,0.9999229
1,1,0.99993587
0,0,0.012257569
1,0,0.0034288315
1,1,0.99985635
1,1,0.99993646
1,1,0.9998186
1,1,0.9999045
1,1,0.9998565
0,0,0.005493712
1,1,0.9999429
1,0,0.3457396
1,1,0.9999596
1,1,0.9999335
1,1,0.9999225
1,1,0.9999193
0,1,0.9986486
1,1,0.888372
1,1,0.99994206
1,1,0.99993134
1,1,0.5471946
1,1,0.9999497
0,0,0.0077754655
1,1,0.9949196
1,1,0.9999355
1,1,0.9997254
1,1,0.9994579
1,1,0.99992454
1,1,0.99993336
1,1,0.99836916
1,0,0.0061490973
1,1,0.99233305
1,1,0.9999341
1,1,0.9999473
1,1,0.99991524
1,1,0.99995494
1,1,0.986446
1,1,0.97945434
1,1,0.9999393
1,1,0.9981541
1,1,0.9999052
1,1,0.9998647
1,1,0.998938
1,1,0.9999466
1,1,0.9999027
0,0,0.44565707
1,1,0.9994898
0,0,0.00044808615
1,1,0.9999565
1,1,0.999949
1,0,0.36206782
1,1,0.99987125
1,1,0.9999324
0,0,0.017804414
1,1,0.9551909
1,0,0.47510573
0,0,0.044194013
1,1,0.99971
1,1,0.99994934
0,1,0.83466935
1,1,0.99992824
1,1,0.99996185
1,1,0.99995136
1,1,0.9999021
1,1,0.99991465
1,1,0.99991775
1,1,0.99994934
1,1,0.9999305
0,0,0.00020643527
1,1,0.7222611
1,1,0.99977785
1,1,0.988794
0,0,0.027752748
1,1,0.9999378
1,1,0.9999298
1,1,0.99993324
0,0,0.00024462058
1,1,0.9998228
1,1,0.80660105
1,1,0.86934024
1,1,0.9999199
1,1,0.99290425
1,0,0.06634882
0,0,0.0018188874
1,1,0.9978448
1,1,0.9535856
1,1,0.9987638
1,0,0.0019298458
1,1,0.9998841
1,1,0.99993706
1,1,0.9999454
1,1,0.99923515
1,1,0.9966253
1,1,0.9999492
1,1,0.9998647
1,1,0.9999231
1,1,0.9712403
1,0,0.49454096
1,1,0.9999244
1,1,0.9629439
1,1,0.99995005
1,1,0.9897871
1,1,0.9964091
1,1,0.99994457
1,1,0.97288007
0,0,0.03669825
1,1,0.9998584
1,1,0.9998909
1,1,0.9998833
0,0,0.024857987
1,1,0.99994767
1,1,0.99994504
1,1,0.9944173
1,1,0.9999149
1,1,0.99988925
1,0,0.03624708
1,1,0.9999591
1,1,0.9999498
1,1,0.9998585
1,1,0.9999205
1,1,0.99943656
1,1,0.99991083
1,0,0.25524944
1,1,0.999946
1,1,0.9950897
0,0,0.0064383405
1,1,0.9997485
1,1,0.99994946
1,1,0.99960107
0,0,0.000813307
0,0,0.0015410527
1,1,0.9999292
0,0,0.015172482
1,1,0.9999093
1,1,0.9791669
0,1,0.98248017
1,1,0.9988601
1,1,0.99992824
0,0,0.005179914
1,1,0.99994636
1,1,0.9999093
1,1,0.96932125
1,1,0.9999341
1,0,0.48050362
1,1,0.98871696
1,1,0.9989436
1,1,0.9999442
1,1,0.99993134
1,1,0.97746176
1,1,0.99991906
1,1,0.99994874
1,1,0.99989986
0,0,0.0016415931
1,1,0.98679554
1,1,0.980102
1,1,0.98829657
1,1,0.9998884
1,1,0.9998487
0,0,0.003010647
1,1,0.99795425
1,1,0.97811687
1,1,0.99979323
1,1,0.9998386
0,1,0.9710098
0,1,0.96244776
1,1,0.9999398
1,1,0.99995506
1,1,0.99607915
1,1,0.9993616
0,0,0.00048384146
1,1,0.9999186
1,1,0.9999176
1,1,0.9945194
1,1,0.99711204
1,1,0.9999436
1,1,0.9998994
1,1,0.99798477
1,1,0.9968299
1,1,0.9999399
0,0,0.0021563014
1,1,0.99995863
1,1,0.9947968
1,1,0.79283446
1,1,0.9980019
1,1,0.9728881
1,1,0.99995875
1,1,0.99963534
0,0,0.28908095
1,1,0.9998252
0,0,0.048013262
1,1,0.9906193
1,1,0.9685962
1,1,0.99993086
1,1,0.64643675
1,1,0.99860877
1,1,0.99986434
1,1,0.9999492
1,1,0.99992466
1,1,0.99985456
0,0,0.13696176
1,1,0.9998765
1,1,0.99948335
1,1,0.99992645
1,1,0.98460764
1,1,0.9998646
1,1,0.99992955
1,1,0.99995553
1,1,0.99995446
1,1,0.99995553
1,1,0.9940943
1,1,0.999853
1,1,0.9999546
0,1,0.96351916
1,1,0.9999473
1,1,0.9999505
1,1,0.9932766
1,1,0.9807812
1,1,0.99988556
1,1,0.9999366
1,1,0.9999393
1,1,0.99994195
1,1,0.99890184
1,1,0.99993384
1,1,0.99993646
1,1,0.9997075
1,1,0.99995446
1,1,0.9999417
1,1,0.9939843
1,1,0.99993885
1,1,0.99991345
1,1,0.9999479
0,0,0.00046476073
1,0,0.20266418
1,1,0.99976
0,0,0.0014529659
1,1,0.9559284
0,0,0.0042885295
1,1,0.99318296
1,1,0.99993324
1,1,0.999907
1,1,0.99994826
1,1,0.99987614
1,1,0.99991345
0,0,0.02332284
1,1,0.9999403
1,1,0.9999182
1,0,0.070884444
1,1,0.99933666
1,1,0.9999025
1,1,0.9998797
1,0,0.0007235835
1,1,0.9995395
1,1,0.9998455
1,1,0.9999577
1,1,0.9999207
1,1,0.9996295
1,1,0.99985945
0,0,0.0006132176
1,1,0.99075633
0,0,0.00020605847
1,1,0.9921504
0,0,0.00018865762
1,1,0.9999459
1,1,0.9962209
1,1,0.99995565
1,1,0.9997843
1,1,0.9906951
1,1,0.999777
1,1,0.9998816
1,1,0.9990171
1,1,0.9967044
1,1,0.9537588
1,1,0.9998796
1,1,0.8826901
1,1,0.99991953
1,1,0.99990857
1,1,0.99783367
1,1,0.99993956
1,1,0.99978
1,1,0.9999386
1,1,0.99995065
0,0,0.0023270007
1,0,0.014214814
1,1,0.988502
1,1,0.99995327
1,1,0.9999485
1,1,0.99957854
1,1,0.8514252
1,1,0.9999528
1,1,0.9968953
0,1,0.9843329
1,0,0.25924605
1,1,0.99994314
1,1,0.98644376
1,1,0.9998995
1,1,0.99989045
1,0,0.24784032
1,1,0.9870042
0,0,0.0040724617
1,1,0.9946976
1,1,0.9709537
0,0,0.016641023
1,1,0.99993455
1,1,0.9999393
1,1,0.99986076
1,1,0.9999528
1,1,0.9996532
1,1,0.99995315
1,1,0.9188585
1,1,0.9999455
1,1,0.9972377
1,1,0.99995196
0,1,0.7515932
1,1,0.9999182
1,1,0.9998832
1,1,0.9999548
1,1,0.99988234
1,1,0.99905044
1,1,0.9951314
1,1,0.9999311
1,1,0.9999231
1,1,0.99995565
1,1,0.99927634
1,1,0.9999262
1,1,0.9999448
1,1,0.9995024
1,1,0.9996321
1,1,0.99986386
1,1,0.99968755
1,1,0.99994993
0,0,0.016530843
1,1,0.99993813
1,1,0.997623
0,0,0.003814907
0,0,0.0031562978
1,1,0.99994135
1,1,0.9991217
1,1,0.9999405
1,1,0.90774643
0,0,0.0018163545
1,1,0.9999263
1,1,0.9999362
1,0,0.4235123
1,1,0.9999591
1,1,0.9998734
1,1,0.9998976
0,1,0.7501538
1,1,0.9999224
1,1,0.99994326
1,1,0.99994767
1,1,0.9999579
1,1,0.9998553
1,1,0.99991775
1,1,0.9319639
1,0,0.34627753
1,1,0.9999616
1,1,0.993244
1,1,0.9998578
1,1,0.9999188
1,1,0.9998826
1,1,0.9998889
1,0,0.14027692
1,1,0.9999348
1,1,0.9999124
1,1,0.9992168
1,1,0.9999136
0,0,0.00048125093
0,1,0.99552923
1,1,0.9999497
0,0,0.006421534
1,1,0.99994564
1,1,0.99993575
0,0,0.0010549785
1,1,0.987711
1,1,0.99981374
1,1,0.99991643
1,1,0.99980015
1,1,0.9999051
1,1,0.9999535
1,1,0.9983897
0,0,0.18010299
1,1,0.9999411
1,1,0.99988794
0,1,0.99867827
1,0,0.0039622965
1,1,0.9999478
0,0,0.008604965
1,1,0.6415216
1,1,0.98410285
1,1,0.99982136
1,1,0.9903104
1,1,0.91982275
1,1,0.94855654
1,1,0.99244374
1,1,0.9991047
1,1,0.9999559
1,1,0.99991477
1,1,0.99995184
1,1,0.999925
1,1,0.9999311
1,1,0.9997261
1,1,0.9999566
1,1,0.99565244
1,1,0.9874008
1,1,0.9992236
1,1,0.99986815
1,0,0.01789906
1,1,0.9999572
1,1,0.99990153
1,1,0.9999435
1,1,0.99992096
1,1,0.99993837
1,1,0.9899733
1,1,0.99995327
0,0,0.10154428
1,1,0.999936
1,1,0.9999434
1,1,0.99995494
1,1,0.99981433
1,1,0.9997912
1,1,0.999607
1,1,0.99994373
1,1,0.9931306
1,1,0.5583739
1,1,0.9998235
1,1,0.9996008
1,1,0.9859461
1,1,0.98125184
1,1,0.9445836
1,1,0.9999527
1,1,0.99991965
1,1,0.9999417
1,1,0.99974555
1,1,0.9999567
1,1,0.9985794
1,1,0.99994636
1,1,0.94847864
1,1,0.99992645
1,1,0.9998894
1,0,0.012501274
1,1,0.9998872
1,1,0.9999367
1,1,0.9999032
1,1,0.9999591
1,1,0.9923968
1,0,0.42184418
1,1,0.99995625
0,0,0.014381951
0,0,0.005145215
1,1,0.99994195
1,1,0.69243467
0,0,0.0068623577
1,1,0.99989355
0,0,0.015209439
1,1,0.9997136
1,1,0.99553984
1,0,0.0020775998
1,0,0.048234437
1,1,0.95591813
1,1,0.9999478
1,1,0.99987423
0,0,0.0039754314
1,1,0.9680139
1,1,0.97334427
1,1,0.9733979
1,1,0.99996257
0,1,0.923493
0,0,0.0020880895
1,1,0.9999509
0,0,0.04689655
1,1,0.9996469
1,1,0.9997042
1,1,0.99994147
1,1,0.99920183
1,0,0.022266712
1,1,0.9932306
1,1,0.9999126
1,1,0.999948
0,0,0.006169302
1,1,0.9999423
1,1,0.9999428
1,1,0.9999287
1,1,0.99995947
1,1,0.9998636
1,1,0.99995863
1,1,0.999946
1,1,0.999944
1,1,0.999928
1,1,0.9902642
1,1,0.9999503
1,1,0.99994123
1,1,0.9999261
1,1,0.99902165
1,1,0.9999218
1,1,0.98110604
1,1,0.9999026
1,1,0.99955803
1,1,0.9997098
1,1,0.99993837
1,1,0.99991775
1,1,0.99994874
1,1,0.9999279
1,1,0.99978226
1,1,0.99049133
1,1,0.9999584
1,1,0.999851
1,1,0.99882287
1,1,0.99994993
1,1,0.9999521
1,1,0.9998902
1,1,0.9999236
0,0,0.2773305
1,1,0.9999497
1,1,0.99984825
1,1,0.9999341
1,1,0.98496556
1,1,0.99989545
0,0,0.18329796
1,1,0.99989057
1,1,0.99987483
1,1,0.9999535
0,1,0.91316074
0,0,0.004653367
0,0,0.0482907
1,1,0.9998253
1,1,0.9999331
0,1,0.55542356
1,1,0.99971646
1,1,0.99991643
1,1,0.9999386
1,1,0.9999491
0,0,0.05476729
1,1,0.9998994
1,1,0.9999124
1,1,0.9999478
1,1,0.9999194
1,0,0.38615343
1,0,0.007043953
1,1,0.9998995
1,1,0.9998387
1,0,0.04201825
1,1,0.9998368
1,1,0.9998536
1,1,0.9913838
1,1,0.9998969
1,1,0.9999492
1,1,0.999928
1,1,0.9998047
1,1,0.9999521
1,1,0.9898144
1,1,0.99992085
1,1,0.99995005
1,1,0.9875733
1,1,0.9999225
1,1,0.99992
1,1,0.99992895
1,1,0.99988866
1,1,0.9999424
1,1,0.9632421
0,0,0.0046184636
1,1,0.9998683
0,1,0.67920077
1,1,0.9999019
0,0,0.007496834
1,1,0.99994016
1,1,0.99982554
1,1,0.9800981
1,1,0.9999504
1,1,0.99970835
1,1,0.9993767
0,0,0.00031327488
1,1,0.99374664
1,1,0.9999299
1,1,0.9825859
0,0,0.00027441673
1,1,0.99912244
1,1,0.72851086
1,1,0.9993573
1,1,0.9996885
1,1,0.99912935
1,1,0.99989665
1,1,0.9865166
1,1,0.9999088
1,1,0.9999113
0,0,0.024278548
1,1,0.99971074
1,1,0.9998921
1,1,0.9998864
1,1,0.99533784
1,1,0.9998977
0,0,0.051606387
1,1,0.9881946
1,1,0.9993772
1,1,0.9999356
1,1,0.7991318
1,1,0.9999453
1,1,0.97300804
0,0,0.077619635
1,1,0.99906176
1,1,0.99735606
1,1,0.91866297
1,1,0.9999298
0,0,0.06692727
1,1,0.99993455
1,1,0.9999033
1,1,0.9999505
0,0,0.00033054795
1,1,0.99993634
1,1,0.9937796
1,0,0.29543096
1,0,0.006743967
1,0,0.25142112
0,1,0.8847811
1,1,0.9999467
1,1,0.9986237
1,1,0.985052
1,1,0.9748531
1,1,0.66776115
1,1,0.9999552
0,0,0.00018156001
0,0,0.0021379
1,1,0.98386997
1,1,0.9999231
1,1,0.999899
1,1,0.99171525
0,0,0.0002135554
1,1,0.9999131
1,1,0.9999386
1,1,0.99983406
1,1,0.98991525
1,1,0.98607963
1,1,0.99990237
1,1,0.9999347
1,1,0.99995184
0,0,0.0005136622
1,1,0.9999411
1,1,0.99994016
1,1,0.99929667
1,1,0.9999379
1,1,0.9999521
1,1,0.9979691
1,1,0.999124
1,1,0.999342
0,0,0.0005909078
1,1,0.97264737
1,1,0.9999218
1,0,0.03152285
1,1,0.99990153
1,1,0.9998796
1,1,0.99995244
1,1,0.9922455
0,0,0.0041627088
0,0,0.008136996
1,1,0.9997836
1,1,0.9646378
1,1,0.9999038
1,1,0.9998609
1,1,0.99973196
0,1,0.5430946
0,1,0.9835296
1,1,0.99987304
1,1,0.999938
1,1,0.9998628
1,1,0.9987702
1,1,0.9999362
1,1,0.99022573
1,0,0.19278467
1,1,0.9999509
1,1,0.9999373
1,1,0.9998437
0,0,0.008568383
1,1,0.97500336
1,1,0.6856337
1,1,0.9999294
1,1,0.9999577
1,1,0.99995637
0,0,0.0016060988
1,1,0.9917374
1,1,0.9999521
1,1,0.9999404
1,1,0.9999318
1,1,0.9999515
1,1,0.9969313
1,1,0.99994624
0,0,0.010119726
1,0,0.034018878
1,1,0.9999424
1,1,0.99993396
1,1,0.8337218
0,0,0.02880561
1,0,0.49771473
1,1,0.999954
1,1,0.9853941
1,1,0.9999261
1,1,0.9958032
1,1,0.9999299
1,1,0.9999118
1,1,0.99995947
1,1,0.9999348
0,0,0.0066533913
1,1,0.9999492
1,1,0.99993634
1,1,0.99994946
1,1,0.97988117
1,1,0.9998909
1,0,0.2955665
1,1,0.99994624
1,1,0.99993086
0,1,0.501454
1,1,0.9999571
1,1,0.99975973
1,1,0.99996054
1,1,0.9997472
1,1,0.99571675
1,1,0.87923914
1,1,0.99995625
1,1,0.9999168
1,0,0.2071972
1,1,0.99986863
1,1,0.9999361
1,1,0.9982944
1,1,0.9998461
1,1,0.9999379
1,1,0.9999424
1,1,0.9912709
1,1,0.9995048
1,1,0.99995756
1,1,0.7773617
1,1,0.99969006
1,1,0.9998958
1,0,0.3284721
1,1,0.99993587
1,1,0.9997123
1,1,0.9721337
0,0,0.28102106
0,0,0.012744193
1,1,0.99992204
1,1,0.99884737
1,1,0.99995255
1,1,0.98880225
1,1,0.9979937
1,1,0.9990707
1,1,0.9999378
1,1,0.9999049
1,1,0.9999374
1,1,0.9990287
1,1,0.99995816
0,1,0.9644222
1,1,0.99846977
0,0,0.0035614646
1,1,0.9999516
1,1,0.99994814
1,1,0.99983704
1,1,0.9890386
1,1,0.9998853
1,0,0.12496894
1,1,0.99991846
1,1,0.9997017
1,1,0.99989367
0,1,0.99652654
1,1,0.9982152
1,0,0.092709795
1,1,0.9999355
1,1,0.99950624
0,0,0.0015549801
1,0,0.0040412354
1,1,0.9998932
1,1,0.8908616
1,1,0.99993944
1,1,0.9999361
1,1,0.99988234
1,1,0.99993634
1,1,0.99902296
1,1,0.9962894
0,1,0.68177915
1,1,0.9958254
1,1,0.99993086
1,1,0.9968472
1,1,0.99988914
1,1,0.9999505
1,1,0.99990165
1,1,0.9999176
1,1,0.9999225
1,1,0.9995671
1,1,0.99741673
1,1,0.9999449
1,1,0.99321705
1,1,0.9999366
0,0,0.0008874041
1,1,0.99992645
1,1,0.999401
1,1,0.9999491
1,1,0.99994516
1,1,0.99996233
1,1,0.9998305
1,1,0.99989974
1,1,0.99867284
1,0,0.024475588
1,1,0.99992657
1,1,0.9999316
1,1,0.99986434
1,1,0.9991534
1,1,0.9998055
1,1,0.9999298
1,1,0.99485624
1,1,0.99993265
1,1,0.9999597
1,1,0.9999511
1,1,0.99990594
1,1,0.9988287
1,1,0.996933
1,1,0.9896898
1,1,0.9657149
1,1,0.99992454
1,1,0.999845
1,1,0.99856746
1,1,0.9954026
1,1,0.5442563
1,1,0.99992263
0,1,0.52989346
1,1,0.99994004
1,1,0.9996153
1,1,0.9999579
1,1,0.8279815
1,1,0.9998977
1,1,0.9998
1,1,0.9996086
1,1,0.98613864
1,1,0.9992982
0,0,0.0037807024
1,1,0.9998323
0,0,0.0008403835
1,1,0.99990284
1,1,0.9999232
1,1,0.99994934
1,1,0.98031384
1,1,0.9995198
1,1,0.99994445
1,1,0.9999597
1,1,0.9999536
1,1,0.9998192
1,1,0.99977297
1,1,0.996467
0,0,0.0048025567
1,1,0.99710184
1,1,0.999944
1,1,0.99977535
1,1,0.9999168
1,1,0.7930816
1,1,0.989394
1,1,0.9953406
1,1,0.99984205
1,1,0.99995303
1,1,0.9999387
1,1,0.9881777
1,1,0.9998216
1,1,0.9968257
1,1,0.9897417
1,1,0.999795
1,1,0.81871134
0,0,0.21870215
1,1,0.98496455
0,0,0.035872974
1,1,0.9999256
1,1,0.9999366
1,1,0.9999434
0,1,0.96939284
1,1,0.99995255
1,1,0.9997676
1,1,0.93309647
1,1,0.9874966
1,1,0.99995744
1,0,0.19220921
1,1,0.9999455
0,1,0.9920242
0,0,0.015436564
0,0,0.0038229942
1,1,0.9999522
0,0,0.002386803
1,1,0.98613524
1,1,0.99976546
1,1,0.9888052
1,1,0.9999194
1,0,0.003696314
1,1,0.9855435
1,1,0.99832207
1,1,0.9999293
1,1,0.99989533
1,1,0.9999578
0,0,0.36157444
1,1,0.98153174
1,1,0.9999372
1,1,0.99995375
1,1,0.99957997
1,1,0.98763067
1,1,0.94684476
1,1,0.99989605
1,1,0.9954987
1,1,0.99994624
1,1,0.91184247
1,1,0.97862
1,1,0.99993944
0,0,0.0077235647
1,1,0.99956745
1,1,0.9997603
1,1,0.9999565
1,1,0.9998976
1,1,0.9999306
1,1,0.9999249
0,0,0.006014105
1,1,0.99989176
1,1,0.99991775
1,1,0.99992526
1,1,0.9999523
1,1,0.9514985
1,1,0.99995315
1,1,0.99991345
1,1,0.97236496
1,1,0.99994147
0,0,0.004105589
1,1,0.99507105
1,1,0.9983387
1,1,0.9998276
1,1,0.98244274
1,1,0.9973688
1,1,0.99995494
1,0,0.018053673
1,1,0.9997243
1,1,0.9999546
0,0,0.48471776
1,1,0.9810184
1,1,0.9999411
1,1,0.99994457
1,1,0.9999244
1,1,0.9999552
1,1,0.9998944
1,1,0.9999515
1,1,0.9999155
0,0,0.016134262
1,1,0.99988496
0,1,0.99803454
1,1,0.9959675
1,1,0.9999064
0,1,0.9210065
1,1,0.9999491
1,1,0.9954757
1,1,0.99988866
0,0,0.08243609
1,1,0.9998661
1,1,0.99986696
1,1,0.9999368
1,1,0.99994576
1,1,0.99962795
1,1,0.99995446
1,1,0.9997478
1,1,0.998871
1,1,0.99888736
1,1,0.9905653
1,1,0.9999256
1,1,0.9969434
1,1,0.99994636
1,1,0.9999503
1,1,0.99992824
1,1,0.9998803
1,1,0.9998956
1,0,0.26696533
1,1,0.99993575
1,1,0.99995303
1,1,0.9694446
0,0,0.0054909615
1,1,0.99993503
1,1,0.9124002
0,0,0.018807925
1,1,0.99994814
1,1,0.9999485
1,1,0.9999223
1,1,0.9999478
1,1,0.9997389
1,1,0.9313621
1,1,0.99995506
1,1,0.9933114
1,1,0.99994814
1,1,0.9999248
1,1,0.99983835
1,0,0.04447711
0,0,0.04464265
1,1,0.9999453
1,1,0.99992335
1,1,0.9997677
1,1,0.9910458
1,1,0.9999429
1,0,0.15891661
0,0,0.00075864693
1,1,0.9974107
1,1,0.999846
1,1,0.9997341
1,1,0.9999573
1,1,0.9999027
1,1,0.9999558
1,0,0.42651513
1,0,0.44292885
1,1,0.9998362
1,1,0.9998951
1,1,0.9676399
1,1,0.99908745
1,1,0.9999099
1,1,0.7047871
1,1,0.9999335
1,1,0.99985623
1,1,0.9055687
1,1,0.9999379
1,1,0.9999448
1,1,0.9999194
1,1,0.99958426
1,1,0.999877
1,0,0.00862948
0,0,0.10236356
1,1,0.99993944
1,1,0.9999312
1,1,0.9509077
1,1,0.9999473
1,1,0.9342071
1,1,0.9999372
1,1,0.9842792
1,1,0.9900411
1,1,0.99992204
1,1,0.99990666
1,1,0.999943
1,1,0.99991834
1,1,0.9999447
1,1,0.9832101
1,1,0.5076141
0,0,0.0049885926
1,1,0.9999392
1,1,0.9999473
0,0,0.19079176
1,1,0.9999349
1,1,0.999767
1,1,0.9862135
1,1,0.99977654
0,1,0.9378605
0,1,0.99895227
1,1,0.99993086
1,1,0.99993634
1,1,0.99983466
1,1,0.9998497
1,1,0.9999497
1,1,0.99993813
1,1,0.9998716
0,0,0.0077230968
1,1,0.9999372
1,0,0.25988472
1,1,0.99993634
1,1,0.9999044
1,1,0.9998209
1,1,0.9999248
1,1,0.99992764
1,1,0.9999213
1,1,0.9996929
1,1,0.9999279
1,1,0.9997671
1,1,0.9982426
1,1,0.9999348
0,0,0.006798227
0,0,0.040540185
1,1,0.99995613
0,0,0.06863945
1,1,0.99993515
1,1,0.99995446
1,1,0.99991405
1,1,0.9906302
1,1,0.99990046
1,1,0.9999418
1,1,0.99562484
1,1,0.99992645
1,1,0.99982965
0,0,0.00066434406
1,1,0.9999014
1,1,0.9984357
1,1,0.9995055
1,1,0.9999348
1,1,0.9998994
1,1,0.99994683
1,1,0.9924925
1,1,0.9999542
1,1,0.9999378
1,1,0.999946
1,1,0.99962723
1,1,0.99167496
1,1,0.9999361
0,0,0.010207667
1,1,0.95810217
1,1,0.99986887
1,1,0.999951
1,1,0.9633292
1,1,0.9999428
1,1,0.9999362
1,1,0.999895
1,1,0.99943584
1,1,0.9998363
1,1,0.9999472
1,1,0.9998288
1,1,0.9999342
1,1,0.99987197
1,0,0.10461767
1,0,0.46166444
0,0,0.018028129
1,1,0.9997036
1,1,0.99171054
1,1,0.9988072
1,1,0.985783
1,1,0.99995065
0,0,0.0022986685
1,1,0.9999119
1,1,0.9999281
1,1,0.999948
1,1,0.9936586
1,1,0.9981729
1,1,0.99994874
1,1,0.9999571
1,1,0.957403
1,1,0.9999013
1,0,0.07611186
1,1,0.999948
1,1,0.9999409
0,1,0.98264056
1,1,0.9993463
1,1,0.9809512
1,1,0.9999206
1,1,0.99993956
1,1,0.9997639
1,1,0.9996216
1,1,0.99993944
1,1,0.9983277
1,1,0.9999515
1,1,0.9999397
0,0,0.0002683229
1,1,0.9932226
1,1,0.99565625
1,1,0.99064434
1,1,0.9999038
1,1,0.99994886
1,1,0.9999229
1,1,0.8970501
1,1,0.9998983
1,1,0.999926
0,0,0.02818538
1,1,0.99992645
1,1,0.9996001
1,1,0.99992955
1,1,0.9999337
1,1,0.9998864
1,1,0.9358897
1,1,0.9997385
1,1,0.9999218
1,1,0.9995609
1,1,0.9999515
1,1,0.99993837
1,1,0.9999387
1,1,0.9999373
1,1,0.9835016
1,1,0.9999436
0,0,0.000753008
1,1,0.99993384
1,1,0.9998467
1,1,0.9999608
0,0,0.0076251198
1,0,0.27685466
1,1,0.9999474
1,1,0.999856
1,1,0.9999145
0,0,0.027460933
0,1,0.9713804
1,1,0.9922879
1,1,0.9999311
1,0,0.028898835
1,1,0.99974054
1,1,0.9999083
1,1,0.9999547
1,1,0.99993896
1,1,0.9996107
1,1,0.99977595
1,1,0.9993228
1,1,0.9217781
1,1,0.99995446
1,1,0.9999132
1,1,0.9306516
1,1,0.9999279
1,0,0.025566746
1,1,0.9998196
1,1,0.9510517
1,1,0.9577812
1,1,0.9995322
1,1,0.9968568
1,1,0.9855546
1,1,0.9997619
1,1,0.99988663
0,0,0.011469877
1,1,0.99981207
1,1,0.99993944
1,0,0.43942952
1,1,0.99093914
1,1,0.99995303
1,1,0.9897725
1,1,0.99858034
1,1,0.9991179
1,1,0.9916923
1,1,0.9999237
1,1,0.99980193
0,0,0.0013387167
1,1,0.987807
1,1,0.9999324
1,1,0.99995434
0,0,0.014082815
1,1,0.9990139
1,1,0.999948
1,1,0.999907
1,1,0.99992883
1,1,0.99992883
1,1,0.99977475
1,0,0.051830303
1,1,0.9906031
1,1,0.99995506
1,1,0.99987197
1,1,0.99991035
0,0,0.0007465176
1,1,0.99325174
1,1,0.9999373
1,1,0.9999436
1,0,0.0029380762
0,0,0.0021106517
1,1,0.99968266
1,1,0.9997092
1,1,0.99995613
1,1,0.99995315
1,1,0.99991405
1,1,0.9999385
1,1,0.7452974
1,1,0.99994564
1,1,0.98871624
1,1,0.99982363
1,1,0.9999244
1,1,0.9999535
1,1,0.94360673
1,1,0.9999536
0,0,0.00021616097
1,1,0.99990404
1,1,0.99992704
0,0,0.005362475
1,1,0.99994195
1,1,0.99992144
1,1,0.9995023
1,1,0.99972326
1,1,0.98943615
1,1,0.99992275
1,1,0.9999578
1,1,0.8907185
1,1,0.99286425
1,1,0.99989736
1,1,0.9994074
1,1,0.99993765
1,1,0.9996538
1,1,0.999106
0,0,0.008167574
1,1,0.9999378
1,1,0.9995208
1,1,0.99974066
1,1,0.9999479
1,1,0.99294734
0,0,0.0008093903
1,1,0.9999118
1,1,0.99326056
1,1,0.99993575
1,1,0.99989223
1,1,0.999943
1,1,0.99611086
0,0,0.013915014
0,0,0.020601273
1,1,0.50893015
1,1,0.99988234
1,1,0.9999554
1,1,0.9999374
1,1,0.9998317
0,0,0.00022698041
1,1,0.9999367
1,1,0.9999492
1,1,0.99991524
0,1,0.92567486
1,1,0.99993575
1,1,0.9999199
1,1,0.99992466
1,1,0.9988626
1,1,0.9998091
0,1,0.91029257
1,1,0.9999447
1,1,0.9999286
1,1,0.9999434
0,1,0.9711114
0,0,0.33920377
1,1,0.99991333
1,1,0.99984753
1,1,0.9999558
1,1,0.9895712
1,1,0.99922633
1,1,0.99994886
1,1,0.9999609
1,1,0.9122744
1,1,0.99982953
1,1,0.9999263
0,0,0.0016162113
1,1,0.7146463
1,1,0.99979323
1,1,0.9999567
1,1,0.99994314
1,1,0.99980634
1,1,0.99980074
0,0,0.02204366
1,1,0.9999176
1,1,0.99993455
1,1,0.9998342
1,1,0.9999027
1,1,0.9998795
1,1,0.9999126
1,1,0.9957592
1,1,0.9835633
1,1,0.99994445
1,1,0.99992096
1,1,0.98908406
0,1,0.8652114
0,0,0.06611225
1,1,0.99994934
1,1,0.9995196
1,1,0.9999019
1,1,0.9997725
1,1,0.96316105
1,1,0.99753535
1,1,0.9991597
1,1,0.99990773
1,1,0.9999372
0,0,0.0009969192
1,1,0.9968256
0,0,0.001437945
1,1,0.99994767
1,1,0.8473363
1,1,0.99995565
1,0,0.051622093
1,1,0.99995136
1,1,0.9852764
1,1,0.9999578
1,1,0.99992526
1,1,0.9999584
1,1,0.99995244
0,0,0.01150194
0,0,0.017553061
1,1,0.99991035
1,1,0.99579704
1,1,0.99799025
1,1,0.96926236
1,1,0.9994855
1,1,0.999918
0,0,0.0006254182
1,1,0.9932811
1,1,0.9998807
1,1,0.999471
1,1,0.89845043
1,1,0.97905695
1,1,0.999954
1,1,0.99664295
1,1,0.9999604
1,1,0.998207
1,1,0.9997271
1,1,0.95006454
1,1,0.99752957
0,0,0.06914004
1,1,0.99941456
1,1,0.99992037
1,1,0.990207
0,0,0.0020039293
1,1,0.99989724
0,1,0.7749646
1,1,0.9998462
1,1,0.96918285
1,1,0.9999589
1,1,0.999907
1,1,0.99995077
1,1,0.9999368
1,1,0.99092615
1,1,0.99995184
1,1,0.9999261
1,1,0.9751525
1,1,0.9828142
1,0,0.20562305
0,0,0.0024606718
1,1,0.9999547
0,0,0.48734343
1,1,0.98506343
0,0,0.014030528
1,1,0.9998574
1,1,0.9435279
1,1,0.9999511
0,1,0.99588037
1,1,0.9759738
1,1,0.99993944
1,1,0.7599238
0,0,0.10495628
1,1,0.9999163
1,1,0.8546861
1,1,0.9997758
1,1,0.9139996
0,0,0.00037853682
1,1,0.9998596
1,1,0.9999517
1,1,0.99995565
1,1,0.9999522
1,1,0.9998185
1,0,0.24955675
1,1,0.9996068
1,1,0.9995437
0,0,0.015684778
1,1,0.9999535
1,0,0.000894328
1,1,0.9998909
1,1,0.9999411
1,1,0.99991786
1,1,0.9994392
1,1,0.9999287
1,1,0.99985766
1,1,0.99965334
1,1,0.9996644
1,1,0.9949498
1,1,0.99995375
1,1,0.9999207
1,1,0.98080415
1,1,0.9999422
1,0,0.008415548
0,1,0.9949575
1,1,0.9821999
1,1,0.9999188
1,1,0.9996159
0,0,0.042613536
1,1,0.99991846
1,1,0.999907
1,1,0.995259
1,1,0.99991417
1,1,0.9999443
0,0,0.09347294
1,1,0.999777
1,1,0.9999329
1,1,0.9999014
1,1,0.9998914
0,0,0.0059788623
1,1,0.9999294
1,1,0.99991965
1,1,0.99990714
1,1,0.99992967
1,1,0.985261
0,1,0.65041345
1,1,0.9999254
1,1,0.98910904
0,0,0.0037574163
1,1,0.9999387
0,0,0.03934546
1,0,0.0757619
1,1,0.99995387
1,1,0.99975723
1,1,0.9999263
1,1,0.999907
1,1,0.99990165
0,0,0.01881225
1,1,0.9998265
1,1,0.9561124
1,1,0.99988294
1,1,0.999954
1,1,0.85052806
0,1,0.9833915
1,1,0.9999336
1,1,0.9999435
1,1,0.9949714
0,0,0.15214966
1,1,0.9996661
1,1,0.99993455
0,0,0.0062860884
1,1,0.9973755
1,1,0.9999403
1,1,0.9999478
1,1,0.9999391
1,1,0.9999566
1,1,0.9989956
1,1,0.9999397
1,1,0.9998109
0,0,0.00024896368
1,1,0.71312183
1,1,0.9999516
1,1,0.9999292
1,1,0.818395
0,0,0.33941996
1,1,0.99725074
1,1,0.9444896
1,1,0.99992704
1,1,0.999908
1,1,0.99968874
1,0,0.115235016
1,1,0.9999176
1,1,0.9999589
1,1,0.9917406
1,1,0.99994695
1,1,0.99992704
1,1,0.99893206
1,1,0.96711475
1,1,0.9999081
0,0,0.008037835
1,1,0.99994636
1,1,0.9999429
1,1,0.9766019
1,1,0.5013261
1,1,0.9845806
1,1,0.9966646
0,0,0.045639623
1,1,0.9999335
1,1,0.99993265
1,1,0.99983203
1,1,0.9999163
1,1,0.93415475
1,1,0.9977812
1,1,0.9558237
1,1,0.9999002
1,1,0.9804664
0,0,0.0048323944
1,1,0.99996006
1,1,0.9601708
1,1,0.9980902
1,1,0.99994445
1,1,0.9641774
1,1,0.9970106
1,1,0.99991846
1,1,0.9999213
0,0,0.040509533
1,1,0.9901203
1,1,0.9997341
1,1,0.99937844
1,1,0.9999496
1,0,0.1417139
1,1,0.9999453
1,1,0.99321693
1,0,0.040736232
1,1,0.9999528
1,1,0.9999273
1,1,0.9999478
1,1,0.9999496
1,1,0.99984205
1,1,0.98951423
1,1,0.99040633
1,1,0.9999243
1,0,0.013742088
1,0,0.026534189
1,1,0.94208306
1,1,0.990635
1,1,0.9999161
1,0,0.022935264
1,1,0.9999386
1,1,0.8753143
1,1,0.9878006
1,1,0.99980885
0,1,0.5332814
1,1,0.999731
1,1,0.99992085
1,1,0.9999573
0,1,0.8215118
1,1,0.9999584
1,1,0.9998185
0,0,0.0006765156
1,1,0.9993086
1,1,0.9708999
1,1,0.99992406
0,0,0.009156439
0,1,0.97604036
1,1,0.9999566
1,1,0.96369183
1,1,0.9981572
1,1,0.9998965
1,1,0.9998739
1,1,0.9914842
1,1,0.99995804
1,1,0.9999497
1,0,0.016174711
1,1,0.9995896
0,0,0.0005361499
0,1,0.99168116
1,1,0.9998933
1,1,0.99993753
1,1,0.9998914
1,1,0.99994683
1,1,0.9999337
1,1,0.99720496
1,1,0.80698925
0,0,0.09478954
1,1,0.99994373
1,1,0.9795839
1,1,0.99974984
1,1,0.99794847
1,1,0.9996933
1,1,0.9999025
1,1,0.99989045
1,1,0.9999138
1,1,0.9928852
1,1,0.9877079
0,0,0.002365264
1,1,0.99996126
0,0,0.0041615404
1,1,0.999943
1,1,0.9997874
0,0,0.17955083
1,1,0.99576974
1,1,0.99989426
1,1,0.99550325
1,1,0.99994755
1,1,0.99969876
1,1,0.9999454
1,1,0.99990344
1,1,0.99835604
1,1,0.9999001
1,1,0.99652135
1,1,0.9999527
1,1,0.99039906
1,1,0.9999198
1,1,0.9999417
1,1,0.99986756
1,1,0.9999509
1,1,0.9999175
1,1,0.99993825
1,1,0.9999243
0,0,0.003905005
1,1,0.999923
1,1,0.999879
0,0,0.029746082
1,1,0.99565315
1,1,0.999933
1,1,0.99991727
0,0,0.048461847
1,1,0.9999604
1,1,0.9998093
1,1,0.9999471
0,0,0.010600178
1,1,0.9999467
1,1,0.9999249
1,1,0.9999585
1,1,0.99990034
1,1,0.99988604
1,1,0.92121524
1,0,0.0035587887
1,1,0.9999385
1,1,0.9929121
1,1,0.98913366
0,0,0.007297056
0,0,0.0020938304
1,1,0.9998221
1,1,0.9999467
1,1,0.9998541
1,1,0.9919968
1,1,0.9998667
1,1,0.99989986
1,1,0.9999502
1,1,0.9998568
1,1,0.9998871
1,1,0.99984074
0,0,0.03616271
0,1,0.64515597
1,0,0.119510725
0,1,0.99962723
1,1,0.9999057
1,1,0.99995255
0,0,0.009801941
1,1,0.9999424
1,1,0.99991846
1,1,0.99987304
1,1,0.999959
0,0,0.0027116952
1,1,0.9998784
1,1,0.9999329
1,1,0.9998223
0,0,0.004417604
1,1,0.99961144
1,1,0.9999354
1,1,0.99992514
1,1,0.99993074
1,1,0.9994461
1,1,0.97067934
1,1,0.9999263
1,1,0.99992764
0,0,0.09934381
1,1,0.99910176
1,1,0.99994624
1,1,0.9999598
1,1,0.9999522
1,1,0.99993646
1,1,0.9999026
1,1,0.9922472
1,1,0.99993765
1,1,0.99232507
1,1,0.9999136
1,1,0.9998771
1,1,0.99527764
1,1,0.99921596
1,1,0.9999049
0,0,0.23556781
1,1,0.9998462
1,1,0.99994564
1,1,0.99579287
0,0,0.019857123
1,1,0.99992657
1,1,0.999889
0,1,0.9765945
1,1,0.99335736
1,1,0.9998977
1,1,0.99995196
1,0,0.002518181
1,1,0.9999428
1,1,0.99937314
1,1,0.9999392
1,1,0.9999256
0,1,0.70692486
1,1,0.9999559
1,1,0.9911321
1,1,0.9893556
1,1,0.9995253
1,1,0.99992526
1,1,0.99994445
0,0,0.07742776
0,0,0.0015883242
1,1,0.999943
1,1,0.99994063
1,1,0.9999125
1,1,0.9998987
1,1,0.99893266
1,1,0.9999435
1,1,0.99990714
0,0,0.0051395865
0,1,0.76932883
0,1,0.97621334
1,1,0.99991846
0,0,0.006547616
1,1,0.9842994
1,1,0.9999404
1,1,0.9999
1,0,0.17119162
1,1,0.9999274
0,0,0.0069934535
1,1,0.99440503
1,1,0.9997389
0,0,0.0023003467
1,1,0.9884143
1,1,0.99991274
0,0,0.0019034893
1,1,0.9940035
0,0,0.009066969
1,1,0.99992645
1,1,0.99994934
1,1,0.9999541
1,1,0.9999342
1,1,0.9998522
1,1,0.9999094
1,1,0.5952149
1,1,0.9998516
1,1,0.97271484
1,1,0.99995625
1,1,0.99995506
1,1,0.9958769
1,1,0.9628488
1,1,0.9999113
1,1,0.99966896
1,1,0.99993455
0,0,0.031990692
1,1,0.9999484
1,1,0.99565744
1,1,0.9999573
1,1,0.9998344
1,1,0.9999441
1,1,0.9999459
1,1,0.99976045
1,0,0.07239767
1,1,0.99985325
1,1,0.99993277
1,1,0.97584224
1,1,0.9999385
0,0,0.009533871
1,1,0.9989613
1,1,0.99988616
1,1,0.9999449
0,0,0.32469675
1,1,0.98201364
1,1,0.99947876
1,1,0.99994457
1,1,0.99885476
1,1,0.96420914
1,1,0.99994576
1,1,0.9999496
1,1,0.9999424
1,1,0.9811584
1,0,0.014879662
1,1,0.9457798
0,1,0.71186334
1,1,0.98914367
1,1,0.9999417
1,1,0.99994504
1,1,0.9999286
1,1,0.99993265
0,0,0.06803431
1,1,0.99991894
0,0,0.0040614493
1,1,0.9995715
0,0,0.008067072
1,1,0.9999312
1,1,0.99583
1,1,0.99530005
1,1,0.9999436
1,1,0.9999527
0,0,0.40104243
1,1,0.99915326
1,1,0.99991155
1,1,0.9999404
1,1,0.99952626
1,1,0.977892
1,1,0.9988495
1,1,0.99993026
1,1,0.99994314
1,1,0.99994504
0,1,0.9887056
1,1,0.9974063
0,1,0.9554663
1,1,0.9231765
1,1,0.99991405
1,1,0.9999522
0,0,0.009812848
1,1,0.99994993
1,1,0.99994624
1,1,0.99993896
1,0,0.35386598
1,1,0.9996754
1,1,0.96073127
1,1,0.9998765
1,1,0.99994326
1,1,0.9999404
1,1,0.99979264
1,1,0.9999201
1,1,0.9999621
0,0,0.003848579
1,1,0.9380375
1,1,0.9998766
1,1,0.99982893
1,1,0.9915215
1,1,0.99994063
1,1,0.9993679
1,1,0.99994385
1,1,0.99983096
1,1,0.9999597
1,1,0.9898499
1,1,0.99991894
1,1,0.99243087
1,1,0.99784184
1,1,0.9999305
1,1,0.9999442
1,1,0.99995303
1,1,0.98756635
0,0,0.0037431724
1,0,0.18633406
1,1,0.98475826
1,1,0.9999429
1,1,0.999154
1,1,0.9999385
1,1,0.9999403
1,1,0.9999386
1,0,0.009584335
1,1,0.999949
1,0,0.006498683
1,1,0.99992657
0,0,0.004394749
1,1,0.99992657
1,1,0.9999409
1,1,0.9999325
1,1,0.99995387
1,1,0.9878144
1,1,0.9914581
1,1,0.99995244
1,1,0.999915
1,1,0.999788
1,1,0.9998392
1,1,0.9999542
1,1,0.9998807
1,1,0.99990654
1,1,0.9999323
1,1,0.9879957
0,0,0.0025244195
1,1,0.99987614
1,1,0.9235309
1,1,0.99994266
1,1,0.8253448
1,1,0.99990857
0,0,0.00019264258
0,0,0.0008384671
1,1,0.9734219
1,1,0.9999385
1,1,0.99993277
1,1,0.9999522
1,1,0.99995124
1,1,0.9999397
1,1,0.9935336
1,1,0.99995756
1,1,0.99734807
0,0,0.00054524286
1,1,0.999926
1,1,0.99964464
1,1,0.9999471
1,1,0.9998894
1,1,0.9973361
1,1,0.9933531
1,1,0.99991786
1,1,0.99992585
1,1,0.990207
0,0,0.005636897
1,1,0.999923
1,1,0.999949
1,1,0.98817587
1,1,0.9996904
1,1,0.9999521
1,1,0.9811235
0,0,0.002720505
1,1,0.99993515
1,1,0.9996997
1,1,0.9999343
1,1,0.9999552
1,1,0.9999299
1,1,0.99986875
1,1,0.99994636
1,1,0.9985952
1,1,0.9999211
1,1,0.9973949
1,1,0.99912506
1,1,0.9441834
1,1,0.99987996
1,1,0.9996786
1,1,0.99987614
1,1,0.99839944
1,1,0.99969363
1,1,0.9999435
1,1,0.99987054
0,0,0.006330535
1,1,0.98482794
1,1,0.9999522
1,0,0.18056017
1,0,0.1552339
1,1,0.999826
1,1,0.99945205
1,1,0.999828
1,1,0.994918
1,1,0.9885876
1,1,0.9999378
1,1,0.6266327
1,1,0.99990857
1,1,0.99938154
1,1,0.9999362
1,1,0.9969625
1,1,0.9936586
1,1,0.99994195
1,1,0.9996878
1,1,0.99993885
0,0,0.13896842
1,1,0.9913468
1,0,0.019516187
0,0,0.22898176
1,1,0.9999349
1,1,0.9930693
1,1,0.99990976
1,1,0.99994266
1,1,0.99990106
1,1,0.9999075
1,1,0.9418791
1,1,0.9999323
1,1,0.9963804
1,0,0.05492212
1,1,0.99991035
1,1,0.99993384
1,1,0.9901878
1,1,0.9999486
1,1,0.9999392
1,1,0.9895864
1,1,0.99989784
1,1,0.9999465
1,1,0.999913
0,0,0.10591511
1,1,0.99991536
1,1,0.99990416
1,0,0.01805627
1,1,0.9999448
1,0,0.017160045
1,1,0.9990177
1,1,0.9992482
1,1,0.999941
1,1,0.9999132
0,0,0.040494885
1,1,0.99989843
1,1,0.9949456
1,1,0.9834176
1,1,0.99994564
1,1,0.86755127
0,0,0.004022509
1,1,0.999461
1,1,0.99992645
1,1,0.9999615
1,1,0.9101026
1,1,0.99995065
1,1,0.99995136
1,1,0.9999291
1,0,0.052119836
1,1,0.9967721
1,1,0.99993384
1,1,0.9998783
1,1,0.9984748
0,0,0.028447805
1,1,0.99982494
0,1,0.5393675
1,1,0.99992347
1,1,0.9751071
1,1,0.9999471
0,0,0.015215712
1,1,0.9999081
0,1,0.94458425
0,0,0.012916619
1,1,0.99986863
1,1,0.9999436
1,1,0.5670775
0,0,0.0015206663
0,1,0.8725498
0,1,0.9254331
1,1,0.9997985
1,0,0.38802952
0,1,0.9266205
1,1,0.9999018
1,0,0.13116838
1,1,0.9944435
1,1,0.8025627
1,1,0.999907
1,1,0.999806
1,1,0.99984133
1,1,0.99979883
1,1,0.98517054
1,1,0.9999523
1,1,0.9999449
1,1,0.99977475
1,1,0.99995244
1,1,0.9989894
1,1,0.9986375
1,1,0.9988193
1,1,0.98936206
1,1,0.9011286
0,0,0.06468218
1,1,0.9999261
1,1,0.99939406
1,1,0.99995923
1,1,0.9998004
1,1,0.9999285
1,1,0.9812129
0,0,0.0039626467
1,1,0.9999398
1,1,0.89942664
1,1,0.93945545
0,0,0.0037500802
0,0,0.009224459
1,1,0.99992836
1,1,0.9997663
1,1,0.98534936
1,1,0.9998394
1,1,0.9999299
1,1,0.9998783
1,1,0.99971324
1,1,0.99994934
0,1,0.7579426
0,0,0.0074873287
1,1,0.99994004
1,1,0.99543625
1,1,0.9977418
1,1,0.99991894
1,1,0.99417514
1,1,0.9999143
1,1,0.99987674
1,1,0.9999548
1,1,0.9499822
1,1,0.99396753
1,1,0.99994934
1,0,0.08270522
1,1,0.9999503
1,1,0.99990046
1,1,0.9999403
1,1,0.985181
1,1,0.999933
1,1,0.9899545
1,1,0.9998907
1,1,0.9999486
0,1,0.65667826
1,1,0.9999125
1,1,0.9997887
1,1,0.9999502
1,1,0.99994564
1,1,0.98940057
1,1,0.9956383
1,1,0.99994206
1,1,0.99636084
1,1,0.9999393
0,1,0.99970883
1,0,0.1205253
1,1,0.9985512
0,0,0.006054838
1,1,0.9971324
1,1,0.99990237
0,1,0.6449408
1,1,0.99990594
1,1,0.99994266
1,1,0.9999349
1,1,0.99989915
1,1,0.99922645
0,0,0.22013329
1,1,0.99572253
1,1,0.99994004
1,1,0.9997193
1,1,0.99973196
0,0,0.0016919707
1,1,0.99516416
1,1,0.99995375
1,1,0.9999391
1,1,0.99953496
1,1,0.9999056
1,1,0.9997665
1,1,0.99995387
1,1,0.99318093
0,1,0.6460058
1,1,0.999566
1,1,0.9808287
0,0,0.00053977617
1,1,0.99993
1,1,0.735197
1,0,0.18935788
1,1,0.99985874
0,0,0.01165574
0,0,0.021666873
1,1,0.9999182
1,1,0.9994867
0,0,0.0039178594
1,1,0.9230985
1,1,0.99996114
1,1,0.99989474
1,0,0.21797612
1,1,0.9938148
1,1,0.99994016
1,1,0.99141204
0,0,0.00042955266
1,1,0.9999231
1,1,0.9998574
1,1,0.5972978
1,1,0.9998685
1,1,0.9999497
1,1,0.9999095
0,0,0.004485795
1,1,0.9997509
1,1,0.9999455
1,1,0.99993956
0,0,0.005223272
1,1,0.99995375
0,0,0.024704918
1,1,0.9999536
1,1,0.9999242
1,1,0.9999049
1,1,0.9999448
1,1,0.9999398
1,1,0.99815804
0,0,0.0055682845
0,0,0.03501294
0,0,0.036809616
1,1,0.99988234
0,0,0.010531426
1,1,0.9999368
1,1,0.99994016
1,1,0.99995863
1,1,0.9997832
1,1,0.99992645
1,1,0.99994874
0,1,0.79320055
1,1,0.99333847
1,1,0.9999198
1,1,0.9999449
0,1,0.94564545
1,1,0.9811585
1,1,0.999928
1,1,0.9999498
1,1,0.9999287
1,1,0.91436845
1,1,0.9999534
1,1,0.9999403
1,1,0.99981946
1,1,0.9999553
1,1,0.9999479
1,1,0.99995756
1,1,0.9999486
1,1,0.9998611
1,1,0.9693313
1,1,0.99987197
0,0,0.019569801
1,1,0.99950254
1,1,0.9998983
1,1,0.9998964
1,1,0.9600374
1,1,0.99957615
1,1,0.9998635
1,1,0.9997143
0,1,0.9870502
1,1,0.99944764
1,1,0.99794537
1,1,0.9998832
1,1,0.99854577
0,0,0.005330286
1,1,0.9770445
1,1,0.99995005
0,0,0.24193065
1,1,0.99995434
1,1,0.99993145
1,1,0.99994147
1,1,0.9999492
1,1,0.99980444
1,1,0.9912594
1,1,0.99994254
1,1,0.9999472
1,1,0.9999443
1,1,0.99796
1,1,0.98961955
0,1,0.8267256
1,1,0.9999027
1,1,0.99994373
0,1,0.6440901
1,1,0.98755276
1,1,0.9999324
1,1,0.99988604
1,1,0.992863
1,1,0.999941
1,1,0.99992895
1,1,0.9999285
1,1,0.9887033
1,1,0.99948573
1,1,0.99991596
1,0,0.038925264
1,1,0.9988134
1,1,0.99993515
1,1,0.99995196
1,1,0.999671
1,1,0.99994564
1,1,0.9998685
1,1,0.99932146
0,0,0.017777884
1,1,0.9649164
0,1,0.93943137
1,1,0.9999448
1,0,0.34665602
1,1,0.9950336
1,1,0.99994636
1,1,0.999933
0,0,0.004536384
1,1,0.99991524
0,1,0.9763234
1,1,0.9541272
1,1,0.99995553
1,1,0.9991817
1,1,0.9998658
1,1,0.99995124
1,1,0.9999156
1,1,0.99962676
1,1,0.9998179
1,1,0.9999454
1,1,0.99991906
1,1,0.9999188
1,1,0.99988294
1,1,0.60928017
1,1,0.9999378
1,1,0.99992716
1,1,0.99995065
1,1,0.99993706
1,1,0.99954337
1,1,0.99992
0,0,0.0010382137
1,1,0.99987066
1,1,0.9999268
1,1,0.9998031
1,1,0.9999268
1,1,0.99991345
1,1,0.9999155
1,1,0.99978894
0,0,0.0018193949
1,1,0.99444973
1,1,0.9998945
1,1,0.99991584
1,1,0.9998877
1,1,0.99991596
1,1,0.9999114
1,1,0.98996186
1,1,0.99993074
1,1,0.99985135
1,1,0.99995005
1,1,0.8779011
1,1,0.9945393
1,1,0.9244882
0,0,0.002517458
1,1,0.99993956
1,1,0.9963308
1,1,0.99995625
1,1,0.9999137
0,0,0.0034136563
1,1,0.99995077
1,1,0.92985594
1,1,0.99995446
1,1,0.88219434
1,1,0.99993193
1,1,0.9985886
1,1,0.9817384
1,1,0.99994624
1,1,0.97924644
1,1,0.96625036
0,0,0.016771361
0,0,0.011210682
1,1,0.9718974
1,1,0.99082786
1,1,0.96098
0,0,0.0028634693
1,1,0.99983716
0,0,0.0024425911
0,1,0.96734935
1,1,0.99985623
0,0,0.15611948
1,1,0.9999237
1,1,0.9999225
1,1,0.99281716
1,1,0.8549175
1,1,0.9999509
1,1,0.9905042
1,0,0.0015166875
1,1,0.9999473
1,1,0.9921078
1,1,0.9999331
0,0,0.012835974
0,1,0.96271086
1,1,0.9999126
1,1,0.99991727
1,1,0.999426
1,1,0.9999287
1,1,0.9994418
0,0,0.13517128
1,1,0.9999405
1,1,0.99777585
1,1,0.99187064
1,0,0.31259567
1,1,0.9998964
1,1,0.9999356
1,1,0.9828395
1,1,0.9925794
1,1,0.9999248
1,1,0.99988353
1,1,0.99994874
0,0,0.022209847
1,1,0.9999399
1,1,0.9845515
1,1,0.9997812
1,1,0.9999255
1,1,0.9996737
0,1,0.6323427
1,1,0.9998907
0,0,0.00091469433
1,1,0.99988556
1,0,0.0687113
1,1,0.999877
1,0,0.001005256
0,0,0.01675228
1,1,0.7481683
1,1,0.99993527
1,1,0.9999461
1,1,0.99994385
0,0,0.044174682
1,1,0.98805994
1,1,0.9999316
1,0,0.19725071
1,1,0.9947529
1,1,0.9999465
1,1,0.9999409
1,1,0.9999485
1,1,0.99991477
1,1,0.7642876
1,1,0.9998518
1,1,0.9903736
1,1,0.999889
1,1,0.9999242
0,0,0.0020624618
0,0,0.020097006
1,1,0.9955829
1,0,0.23004697
1,1,0.99992716
0,0,0.0029712669
0,1,0.93305814
0,0,0.00085496006
1,1,0.8294659
1,1,0.98586214
1,1,0.9999509
1,1,0.9985051
1,1,0.51301086
1,1,0.9924435
1,1,0.998451
0,0,0.004794773
1,1,0.99836475
1,1,0.98882675
0,0,0.0012953022
1,1,0.99207836
1,1,0.9999597
1,1,0.9999298
0,0,0.0005425039
1,1,0.9575104
1,1,0.9999335
1,1,0.9969464
1,1,0.99481404
0,1,0.8289058
1,1,0.9999051
0,0,0.34893608
1,1,0.9999329
1,1,0.99994886
1,1,0.999941
1,1,0.99983275
1,1,0.9999472
0,0,0.015943784
1,1,0.9999391
1,1,0.99994147
1,1,0.9999578
1,1,0.9999083
1,1,0.99986315
1,1,0.5922291
1,1,0.9998841
1,1,0.99993086
1,1,0.9998884
1,1,0.9999397
0,0,0.07125689
1,1,0.9999409
1,1,0.985871
1,1,0.999925
0,0,0.07869578
0,0,0.0006630493
0,0,0.00027689507
1,1,0.9999349
1,1,0.99996006
0,0,0.0015002548
1,1,0.9546358
1,1,0.99979895
1,1,0.9964426
1,1,0.99991035
1,1,0.99993634
1,1,0.9999566
1,1,0.9999448
1,1,0.9996995
1,1,0.9999393
1,1,0.998642
0,1,0.80893207
0,0,0.014468619
1,1,0.9999335
1,1,0.9982704
1,1,0.9993709
1,1,0.9947917
1,1,0.999956
1,1,0.9995528
1,1,0.9229603
1,1,0.9999386
1,1,0.9995109
1,1,0.99991035
0,0,0.002441879
0,0,0.0067887227
1,1,0.999946
1,1,0.99992275
1,1,0.99993527
1,1,0.9999385
1,1,0.99590415
0,0,0.005766454
1,1,0.99993014
1,1,0.9999256
1,1,0.5147795
1,1,0.50893104
0,0,0.00071472686
0,1,0.96820694
1,1,0.99984705
0,0,0.00038140966
1,1,0.99994147
1,1,0.99229914
1,1,0.99989617
1,1,0.9993894
1,1,0.9997689
1,1,0.99991703
1,1,0.99993753
1,1,0.999752
1,1,0.9999213
1,1,0.9957349
1,1,0.9977558
1,1,0.6630454
1,1,0.99069744
1,1,0.9997385
0,0,0.03182219
1,1,0.98897284
1,1,0.99991715
1,1,0.99183285
1,1,0.99710184
1,1,0.99992883
1,1,0.9999366
1,1,0.9065779
1,1,0.9999001
1,1,0.59817386
1,1,0.9999069
1,1,0.9923804
1,1,0.9998221
1,1,0.9999244
1,1,0.99935454
1,1,0.9988004
1,1,0.9998579
0,0,0.00020850482
1,1,0.9998902
1,1,0.9999298
0,0,0.44576326
0,0,0.020308802
1,1,0.99994874
1,1,0.99995387
0,0,0.0004937699
0,0,0.2376074
1,1,0.99986935
1,1,0.5364644
1,1,0.99434716
1,1,0.99994135
1,1,0.919849
1,1,0.84147096
0,1,0.95038915
1,1,0.9996105
1,1,0.9010077
1,1,0.9988381
1,1,0.98868376
0,1,0.5531542
1,1,0.999951
0,0,0.020633537
0,0,0.0030219564
1,1,0.99976605
1,1,0.99791604
1,1,0.99992394
0,1,0.98207986
1,1,0.9997774
1,1,0.99877936
1,1,0.9999466
1,0,0.013093878
0,0,0.020266892
1,1,0.99990034
1,1,0.99993634
0,1,0.9768138
1,1,0.9999547
1,1,0.9908557
1,1,0.9999511
0,0,0.0046658823
1,1,0.641755
1,1,0.9998667
1,1,0.9999434
0,0,0.20539704
1,1,0.9922769
1,1,0.99995744
1,1,0.99992
1,1,0.9998412
0,1,0.57054347
1,1,0.99994576
1,1,0.99995327
1,1,0.9959478
1,1,0.9998
1,1,0.99992275
1,0,0.081104964
1,1,0.99995923
1,1,0.99245316
1,1,0.96879715
1,1,0.99985194
1,1,0.99994326
1,1,0.9999453
1,1,0.99996066
1,1,0.9831182
0,0,0.049397975
1,0,0.32411048
1,1,0.9998889
1,1,0.99989164
1,1,0.99996066
1,0,0.46768132
1,1,0.9910726
1,1,0.999946
1,1,0.9998424
1,1,0.98889685
1,0,0.34253305
1,1,0.9976357
1,1,0.99989355
1,1,0.999936
0,0,0.0025133016
1,1,0.98152095
1,1,0.99967456
1,0,0.24881276
0,1,0.61842
1,1,0.99909484
1,1,0.9998797
1,1,0.9999399
1,1,0.99994755
1,1,0.9999484
1,1,0.99994886
1,1,0.9999238
1,1,0.9999558
1,1,0.99991906
1,1,0.99857557
1,1,0.9994937
1,1,0.9999465
1,1,0.9999454
0,0,0.3846463
1,1,0.9999236
1,1,0.999946
1,0,0.0044911257
1,1,0.95146656
1,0,0.10151211
1,1,0.9976553
1,1,0.9978448
1,1,0.9999491
1,1,0.99990714
1,1,0.9998704
1,1,0.99994874
1,1,0.99993575
1,1,0.9999441
1,1,0.99962485
1,1,0.99991655
1,1,0.9999367
1,1,0.999923
1,1,0.99992156
1,1,0.99956304
1,1,0.9969338
1,1,0.9853
1,1,0.9998221
1,1,0.99990547
1,1,0.9999105
1,1,0.99993765
1,1,0.9972905
1,1,0.9999598
1,1,0.99764365
0,0,0.004963616
1,1,0.9999416
1,1,0.999946
0,0,0.001560751
1,1,0.9999541
1,1,0.9998852
0,0,0.023888819
1,1,0.9998945
1,1,0.9999411
1,1,0.99602365
1,1,0.9982173
1,1,0.99995136
1,1,0.9997018
1,1,0.99990296
1,0,0.41752917
1,1,0.9967919
1,1,0.89421046
1,1,0.9999479
1,1,0.9595478
1,1,0.99976903
1,1,0.9998454
1,0,0.06802923
1,1,0.9998252
1,1,0.99993265
1,1,0.9999422
1,1,0.9999211
1,1,0.9999329
1,1,0.959412
1,0,0.048538487
0,0,0.14866439
1,1,0.9999379
1,1,0.9999502
1,1,0.99980015
1,1,0.99992514
1,1,0.803039
0,0,0.008932694
0,0,0.00018661022
1,1,0.9961074
1,1,0.99993324
1,1,0.99539423
1,1,0.9965258
1,0,0.0027315344
1,1,0.99992895
1,1,0.9998586
1,1,0.99922
0,0,0.08404322
1,1,0.99989057
1,1,0.99993396
1,1,0.9999356
0,0,0.029868256
1,1,0.99827886
1,1,0.99981505
1,1,0.9999511
1,1,0.9946825
1,1,0.9999113
1,1,0.9999366
1,1,0.99994576
1,1,0.99988043
0,0,0.19033544
1,0,0.037536733
1,1,0.99995327
1,1,0.9997836
1,1,0.9998585
1,1,0.9999113
1,1,0.99988794
1,0,0.005222018
0,0,0.001023314
1,1,0.5450764
1,1,0.9999473
1,0,0.26077873
1,1,0.99992514
1,1,0.989911
1,1,0.99990594
1,1,0.9998617
1,1,0.9997012
0,0,0.0359156
1,1,0.9370549
1,1,0.99994814
1,1,0.99992037
1,1,0.9979153
1,1,0.9999293
0,0,0.0010203468
1,1,0.99957126
0,0,0.0021034833
1,1,0.999938
1,0,0.059363138
1,1,0.99995136
1,1,0.9956527
1,1,0.99991214
1,1,0.9999522
1,1,0.9874121
1,1,0.99995625
1,1,0.99995685
1,1,0.9997836
0,0,0.021536224
1,1,0.9998474
1,1,0.99022955
1,1,0.98869294
1,1,0.54611933
0,0,0.00030924953
1,1,0.99995077
1,1,0.90449953
1,1,0.99990845
1,1,0.99995637
1,1,0.99993
1,1,0.9999547
1,1,0.9889438
1,1,0.99994826
0,0,0.00058160303
1,1,0.9992781
1,1,0.9993954
1,1,0.9995801
1,1,0.9972824
1,1,0.9999535
0,0,0.0009739213
1,1,0.99994683
1,1,0.9982393
1,1,0.9916294
1,1,0.6935952
1,1,0.99995077
1,1,0.9935104
1,1,0.999881
1,1,0.9991116
1,1,0.9999293
1,1,0.9999449
0,0,0.005502209
1,1,0.9998677
1,1,0.98816586
1,1,0.99994504
1,1,0.99854445
1,1,0.99991536
1,1,0.99892443
1,1,0.9997795
1,0,0.098804384
1,1,0.999866
1,1,0.99981517
1,0,0.0015399306
1,1,0.9999441
0,1,0.7577491
1,0,0.12959826
1,1,0.9998685
1,1,0.9948237
1,1,0.9999263
1,1,0.9945186
1,1,0.99991894
0,0,0.028708966
1,1,0.9998872
1,1,0.99995816
1,1,0.99990165
1,1,0.9999403
0,0,0.046449862
1,1,0.99995875
1,1,0.9999417
1,1,0.7434285
1,1,0.96662563
1,1,0.9997607
1,1,0.9999075
1,1,0.9994186
1,1,0.9999311
0,0,0.06423811
1,1,0.9999193
1,1,0.9999455
1,1,0.99987316
1,1,0.9999578
1,1,0.99987936
0,0,0.07319131
1,1,0.9999212
0,0,0.02391013
1,1,0.9603655
1,0,0.47204453
0,0,0.00040529165
1,1,0.9999403
1,1,0.9998834
1,1,0.9999604
1,1,0.9998981
1,1,0.78146696
1,1,0.9999331
0,0,0.0023641912
1,1,0.99990535
0,1,0.8413809
1,1,0.99279445
1,1,0.9999496
1,1,0.99995613
1,1,0.9999504
1,1,0.99993515
0,0,0.030768055
1,1,0.9999429
1,1,0.99995935
1,1,0.9999521
1,1,0.78811616
1,1,0.99994993
0,0,0.002174467
1,1,0.9958599
1,1,0.99984515
1,1,0.9999001
1,1,0.99994946
1,1,0.9999337
1,1,0.99985254
1,1,0.9991547
1,1,0.9999453
1,1,0.9986656
1,1,0.9998838
1,1,0.6159636
1,1,0.9903296
1,1,0.9998636
1,1,0.9999378
0,1,0.6442661
1,1,0.9745712
1,1,0.9973436
1,1,0.99990034
1,1,0.999951
1,1,0.99991715
1,1,0.9999274
1,1,0.99991393
1,1,0.9999454
1,1,0.9999342
0,0,0.30782285
1,1,0.99987423
0,0,0.023971997
1,0,0.07666834
0,0,0.0023340008
1,1,0.9999174
1,1,0.9918243
0,0,0.02473407
1,1,0.94543165
1,1,0.99993336
1,1,0.99170774
1,1,0.9999502
1,1,0.9946084
1,1,0.9999434
1,1,0.9988501
0,0,0.03831419
1,1,0.999941
1,1,0.99987984
1,1,0.99986255
0,0,0.17596641
1,1,0.99992764
1,1,0.9999509
1,1,0.99994767
1,1,0.9999349
1,1,0.9806338
0,0,0.025712831
1,1,0.99834216
1,1,0.9998733
1,1,0.9999316
1,1,0.99992275
1,1,0.999683
1,1,0.99994195
1,1,0.9860094
1,1,0.9999291
0,1,0.970821
1,1,0.9995394
1,1,0.99976784
1,1,0.9997491
1,1,0.99843806
1,1,0.614862
1,1,0.999856
1,0,0.25569573
1,1,0.86904913
0,0,0.008631731
1,1,0.99992144
1,1,0.99978083
1,1,0.9993337
1,1,0.99908113
1,1,0.99979216
1,1,0.99555814
1,1,0.9999094
1,1,0.9996123
0,0,0.0026566936
1,1,0.99990916
1,1,0.98194677
1,1,0.9999418
1,1,0.906815
1,1,0.95928824
0,0,0.0025616358
1,1,0.9841965
1,1,0.999851
1,1,0.99990857
1,1,0.9964317
1,1,0.999938
1,1,0.99993443
1,1,0.9999232
1,1,0.9998381
1,0,0.011893859
1,1,0.97307813
1,1,0.99985456
1,1,0.9999291
1,1,0.99992216
1,1,0.99995613
0,0,0.0008238974
1,1,0.999905
0,0,0.008483847
0,0,0.0044487813
1,1,0.99989617
1,1,0.9998209
1,1,0.9999118
1,1,0.9999292
1,1,0.9829069
1,1,0.99532133
0,0,0.46710613
1,1,0.9986493
0,0,0.004826061
1,1,0.9999486
1,1,0.9999145
0,0,0.0008940081
1,1,0.99993
1,1,0.99796873
1,1,0.9998654
0,0,0.00030385595
1,1,0.9363592
1,1,0.97352487
1,1,0.99117893
1,1,0.99960357
1,1,0.9999001
1,1,0.99984753
1,1,0.9999207
1,1,0.9998883
0,0,0.14933075
1,1,0.999915
1,1,0.99961746
1,1,0.99995124
1,1,0.9587366
1,1,0.99257654
0,0,0.0014036989
0,0,0.12698705
1,1,0.98871475
1,1,0.77035123
1,1,0.9999002
1,1,0.9998542
1,1,0.99995327
1,1,0.9999404
1,1,0.9769141
1,1,0.9999076
1,0,0.06596264
1,1,0.9999478
1,1,0.99989486
0,0,0.03173343
1,1,0.9640813
1,1,0.99991286
1,1,0.932176
1,1,0.9868123
1,1,0.991573
1,1,0.99973494
1,1,0.9299174
1,1,0.99993265
1,1,0.99992645
0,0,0.29096743
1,1,0.9999393
1,1,0.9501728
1,1,0.9999157
1,1,0.9999572
1,1,0.999752
0,0,0.022346059
1,1,0.9997098
1,1,0.99900466
1,1,0.99993956
1,1,0.98683095
1,1,0.9999199
1,1,0.99989665
1,1,0.9999597
1,1,0.99961334
1,1,0.5247812
1,1,0.99995124
1,1,0.9999554
1,1,0.9987656
1,1,0.99984705
1,1,0.99994147
0,0,0.0021449355
0,0,0.00091757276
1,1,0.999912
1,1,0.99886405
1,1,0.9699181
1,1,0.99995184
1,1,0.9999312
1,1,0.9871367
1,1,0.9818335
1,1,0.99994576
1,1,0.99994564
1,1,0.99991596
1,1,0.99993634
1,1,0.97633094
0,0,0.0024169316
1,1,0.9999287
1,1,0.99960667
1,1,0.8313786
1,1,0.9999585
1,1,0.9996164
1,1,0.99987817
0,1,0.97857213
1,1,0.9710702
0,0,0.0010155346
1,1,0.9999361
1,1,0.9996625
1,1,0.999946
1,1,0.99977785
0,0,0.0005182392
1,1,0.9998702
1,1,0.9830893
1,1,0.9999584
1,1,0.991979
1,1,0.9895494
0,0,0.0033181922
1,1,0.99992406
0,0,0.0014617095
1,1,0.8761495
1,1,0.7606981
1,1,0.9996599
1,1,0.9999559
1,1,0.9999391
1,1,0.9999229
1,1,0.99994695
1,1,0.9504712
0,0,0.0013574201
1,1,0.99987936
1,1,0.99996126
1,0,0.022044057
1,1,0.99995565
0,0,0.11486334
1,1,0.99991715
1,0,0.27617157
1,1,0.999813
1,1,0.99750596
1,1,0.7652022
1,0,0.34288448
1,1,0.98652494
1,1,0.999746
1,1,0.99985504
1,0,0.03723478
1,1,0.99346864
1,1,0.9999585
1,1,0.9999479
1,1,0.9998789
1,1,0.99992096
1,1,0.9999348
1,1,0.99990976
1,1,0.9999485
1,1,0.9998785
1,1,0.9998785
1,1,0.98730356
1,1,0.9999547
1,1,0.9926725
1,1,0.9867763
1,1,0.985016
1,1,0.9999554
0,0,0.0044247136
1,1,0.9998845
0,0,0.048268184
1,1,0.99994695
1,1,0.7523008
1,1,0.9999528
1,1,0.9999213
1,1,0.9999125
1,1,0.9999101
1,0,0.054445032
1,1,0.9999378
1,1,0.99994564
0,0,0.035135645
0,0,0.006261441
1,1,0.9999008
1,1,0.9998517
1,1,0.99992824
1,1,0.9999602
1,1,0.8253934
1,1,0.9892452
1,1,0.99995494
1,1,0.9999546
1,1,0.9995432
1,1,0.9999504
1,1,0.99994516
1,1,0.99983704
1,1,0.9999418
1,1,0.9999347
1,1,0.9999349
1,1,0.7963675
1,1,0.99992585
1,1,0.93978024
1,1,0.9996971
1,1,0.99350893
0,1,0.7262815
1,1,0.9998567
1,1,0.99994135
1,1,0.9999393
1,1,0.9932828
1,1,0.957628
1,1,0.9947489
0,0,0.00027160818
0,0,0.036817104
1,1,0.9999552
0,0,0.00062382047
1,1,0.9887523
1,1,0.99995434
1,1,0.9999449
0,0,0.017232439
1,1,0.99992836
1,1,0.9999224
1,1,0.98738885
1,1,0.99993265
0,0,0.3160026
1,0,0.025293032
1,1,0.99841344
1,1,0.9998697
0,0,0.1892651
0,0,0.0049302266
1,1,0.99987864
1,1,0.999902
1,1,0.9999263
1,1,0.99988997
1,1,0.99353504
0,1,0.7991794
1,1,0.9998864
1,0,0.25215137
1,1,0.9999496
1,1,0.99991107
1,1,0.9998548
0,0,0.000941255
1,1,0.99995637
1,1,0.9929951
0,0,0.11525877
1,1,0.9998871
1,1,0.9999219
1,1,0.99740136
1,1,0.98946416
1,1,0.9939301
0,1,0.7596655
1,1,0.9997968
1,1,0.9795251
0,1,0.560674
1,1,0.9996068
1,1,0.9995763
1,1,0.99992955
1,1,0.9999206
1,1,0.99995124
1,1,0.99994874
1,1,0.99932563
1,1,0.99975985
1,1,0.99989235
1,1,0.9999585
1,1,0.96550405
1,1,0.9997029
1,1,0.9998709
1,1,0.99993217
1,0,0.43256545
1,1,0.9999478
1,1,0.9998654
1,1,0.9999124
1,1,0.99989915
1,1,0.9999317
1,1,0.99993205
0,0,0.039502706
1,1,0.9999629
0,1,0.89966106
1,1,0.99991477
1,1,0.94569963
1,1,0.99931
1,1,0.9990103
1,1,0.951893
1,1,0.9999552
1,1,0.9999194
0,0,0.0013348007
1,0,0.002867306
0,1,0.9832182
1,1,0.9999093
1,1,0.9999094
1,0,0.36935574
1,1,0.9999411
1,1,0.9999025
0,0,0.0008379542
1,1,0.9999052
1,1,0.99996114
1,1,0.9998915
1,1,0.9877867
1,1,0.99995995
1,1,0.9999434
1,1,0.9998864
1,1,0.99986374
1,1,0.999943
1,1,0.9997838
1,1,0.99989104
0,0,0.0052265553
1,1,0.9999305
1,1,0.9999589
1,1,0.93449235
1,1,0.99995637
1,1,0.9998349
1,1,0.99992
1,1,0.9999492
1,1,0.9931844
1,1,0.99982303
1,1,0.9999019
1,1,0.99995244
1,1,0.9998623
1,1,0.9981553
1,1,0.9998888
1,1,0.9999509
0,0,0.38666958
1,1,0.9999194
1,1,0.99993134
1,1,0.9813354
1,1,0.9998171
0,0,0.0040835137
0,0,0.006869381
1,1,0.99995005
1,1,0.99993455
0,0,0.0009015567
1,1,0.9993747
1,1,0.9780498
1,1,0.9998041
1,1,0.99371296
1,1,0.99990153
1,1,0.9997428
1,1,0.99992144
1,1,0.98976266
1,1,0.9997441
0,0,0.0059153014
1,1,0.99991
1,1,0.9919613
0,0,0.0033892905
1,1,0.9897786
1,1,0.99991643
1,1,0.99991894
1,1,0.98593277
1,1,0.9935377
1,1,0.9999434
1,1,0.999936
1,1,0.9999212
1,1,0.999954
0,0,0.4255479
1,1,0.99872977
1,1,0.99985707
0,0,0.008564673
1,1,0.9999429
1,1,0.99992895
1,1,0.9998399
1,1,0.70931923
0,0,0.0043480652
0,0,0.022083135
1,1,0.999889
1,1,0.9999466
1,1,0.87132686
1,1,0.98090416
1,1,0.99992967
0,0,0.0005609126
0,0,0.0018001857
1,1,0.99993837
1,1,0.99993837
1,1,0.99995255
1,1,0.99986875
1,1,0.99983084
1,1,0.9999429
1,1,0.9829161
1,1,0.99988866
1,1,0.99112064
0,1,0.98759484
1,1,0.9874779
0,0,0.25610045
1,1,0.9999461
1,0,0.0057158303
1,1,0.9999323
0,1,0.9907086
1,1,0.99692434
0,1,0.5580504
1,1,0.99995315
1,1,0.99994755
0,0,0.004776886
1,1,0.99994814
1,1,0.9999347
1,1,0.9999447
1,1,0.8370583
1,1,0.9999244
1,1,0.9999509
1,1,0.99994934
1,1,0.9998265
0,0,0.07914272
1,1,0.9999502
1,1,0.99658185
1,1,0.9999225
1,1,0.9998609
1,1,0.99973756
1,1,0.98706126
0,0,0.006274685
1,1,0.9998253
1,1,0.9996197
1,1,0.9993212
1,1,0.9998778
1,0,0.40742344
1,1,0.99189043
1,1,0.99994934
1,1,0.99993086
1,0,0.45845678
1,1,0.9860103
0,0,0.44875377
1,0,0.0967507
1,1,0.99989605
1,0,0.18045758
1,1,0.99994206
1,1,0.99995124
0,0,0.0004210002
1,0,0.2674242
1,1,0.99993503
1,1,0.9351851
1,1,0.99994326
1,1,0.99991953
0,1,0.9689971
1,1,0.9999571
1,1,0.99955505
1,1,0.9696639
0,0,0.008267448
1,1,0.9871551
1,1,0.9967679
1,1,0.9999291
1,1,0.99990976
1,1,0.9994875
1,1,0.99958986
1,1,0.9998995
1,1,0.9999392
1,1,0.99532604
1,1,0.9999031
1,1,0.99995947
0,0,0.00082409213
0,0,0.00026001208
1,1,0.8881976
1,1,0.99995303
0,0,0.026862236
0,0,0.010735901
1,1,0.990729
1,1,0.9946162
1,1,0.9999403
1,1,0.9947432
1,1,0.9999199
1,1,0.99995553
0,0,0.34631935
1,0,0.4365776
1,1,0.99986243
1,1,0.9999503
0,0,0.0065310546
1,1,0.9302649
1,1,0.9915725
1,1,0.99994266
1,1,0.9999409
1,1,0.9301069
1,1,0.99989665
1,1,0.99994767
1,1,0.99995124
1,1,0.9764664
1,1,0.999936
1,1,0.9999404
0,1,0.59573627
1,1,0.99994516
1,0,0.05539061
1,1,0.9910978
1,1,0.99965155
1,1,0.99994814
1,1,0.9818262
1,1,0.99987125
1,1,0.9999114
1,1,0.9928478
1,1,0.9999056
1,1,0.9999485
1,1,0.9999436
1,1,0.9999373
1,1,0.9994685
1,1,0.9999325
0,0,0.19312973
1,1,0.9991086
1,1,0.9999231
1,1,0.99984586
1,1,0.99992764
1,1,0.9996252
0,0,0.005296642
1,1,0.9992167
1,1,0.9993236
1,1,0.9999311
1,1,0.9999169
1,1,0.95118314
1,0,0.48504347
0,1,0.9633552
1,1,0.99473464
0,0,0.0018568541
1,1,0.9495534
1,1,0.99995697
1,1,0.9969729
0,1,0.77109736
1,1,0.99989605
1,1,0.9908785
1,1,0.99989617
0,1,0.94618994
1,1,0.999171
1,1,0.9999454
1,1,0.99900913
1,1,0.9999534
1,1,0.9998971
1,1,0.9999478
1,1,0.99949133
1,1,0.99267006
1,1,0.9999107
1,0,0.46931598
1,1,0.98419374
0,0,0.0029070738
0,1,0.98249716
1,1,0.9995797
1,1,0.9999312
1,1,0.99954957
1,1,0.9996282
1,1,0.99989545
1,1,0.99995875
1,1,0.9998889
1,1,0.9999007
1,1,0.9997781
1,1,0.97336596
1,1,0.99995506
1,1,0.9880235
0,0,0.008225349
1,1,0.99530447
1,1,0.9936254
1,1,0.9999459
1,1,0.99945813
0,0,0.0039846594
1,1,0.99982303
1,1,0.99007624
1,1,0.99963236
0,0,0.031024778
1,1,0.99995196
1,1,0.9999373
1,1,0.99994004
1,1,0.99992406
1,1,0.9998387
1,1,0.73991877
1,1,0.9642909
1,1,0.99986076
1,1,0.9983144
1,1,0.96984684
1,1,0.9218043
1,1,0.9728661
1,0,0.4518456
1,1,0.999866
0,0,0.0023644585
1,1,0.8791571
1,1,0.9999521
1,1,0.9832972
1,1,0.9999603
1,1,0.9998598
0,0,0.0020940315
1,1,0.9999491
0,1,0.97593236
1,1,0.99991405
1,1,0.99947315
0,0,0.015816936
1,1,0.9999367
1,1,0.99434114
1,1,0.9999597
1,1,0.99994004
1,1,0.99995446
1,1,0.98853636
0,0,0.19464625
1,1,0.9996402
1,1,0.99902785
1,1,0.99995196
1,1,0.999946
1,1,0.99984384
1,1,0.98271966
1,1,0.9997651
1,1,0.99989593
1,1,0.9977428
0,0,0.0055879955
1,1,0.99994755
1,1,0.9885182
0,0,0.00070070213
1,1,0.9999316
1,1,0.999938
0,1,0.9152793
1,1,0.9997019
1,1,0.99991655
0,0,0.057852596
0,0,0.024368027
1,1,0.9999019
1,1,0.99994695
1,1,0.99721295
1,1,0.999912
1,1,0.9966505
1,1,0.9998202
1,1,0.99975914
1,1,0.9803028
0,1,0.9994091
1,1,0.97644216
0,0,0.018559072
1,0,0.00371001
1,1,0.92733824
1,1,0.9998901
1,1,0.9998758
1,1,0.99994516
1,1,0.9018201
1,1,0.9999052
1,1,0.9997193
1,1,0.9999417
1,1,0.9999182
1,1,0.99987316
1,1,0.9378523
1,1,0.99993014
1,1,0.9999546
1,1,0.99991596
1,1,0.9971048
1,0,0.06311516
1,1,0.99993145
1,1,0.99994993
1,1,0.99994886
0,0,0.00414496
1,1,0.99986255
1,1,0.9998816
0,0,0.057282772
0,0,0.0015566829
1,1,0.8764715
1,1,0.99990356
1,1,0.9999194
1,1,0.9999367
1,0,0.0044019744
1,1,0.9998159
0,0,0.018328205
1,1,0.9951408
1,1,0.9999478
1,0,0.008414907
1,1,0.94069827
1,1,0.9955317
1,1,0.99995494
1,1,0.99986625
1,1,0.9999286
1,1,0.9999455
1,1,0.9821364
1,1,0.9999515
1,1,0.9999095
1,1,0.99995136
1,0,0.3186853
1,1,0.99994385
1,1,0.99990034
0,0,0.102803156
1,1,0.99993455
0,0,0.034662794
1,1,0.99973065
1,1,0.9999262
1,1,0.99991655
1,1,0.99984205
1,1,0.9999378
1,1,0.9905282
1,1,0.9999013
0,1,0.9811413
1,1,0.99662447
1,1,0.8298185
1,0,0.17571175
1,1,0.99993837
1,1,0.9985846
1,1,0.9999107
1,1,0.99990034
0,1,0.5637373
1,1,0.99995387
1,1,0.9998921
1,1,0.99994123
1,1,0.9999225
1,1,0.9999074
1,1,0.99990714
1,1,0.99993324
1,1,0.9998667
1,1,0.9999461
1,1,0.99991775
0,0,0.004779049
1,0,0.4684194
1,1,0.99992454
1,1,0.9986318
1,1,0.9999125
0,1,0.95296013
1,1,0.9812402
0,1,0.7465418
1,1,0.99993
1,1,0.9999385
0,0,0.02367557
1,1,0.999949
1,1,0.999925
1,1,0.9999033
1,1,0.9998099
1,1,0.9999404
1,1,0.96854705
1,1,0.99895704
1,1,0.9998574
1,1,0.9998841
1,1,0.9999542
1,1,0.9999218
1,0,0.46134025
0,0,0.0066251955
1,1,0.9999409
1,1,0.9997913
0,0,0.0006008362
1,1,0.99994683
1,1,0.99994516
1,1,0.9935376
1,1,0.9998727
1,0,0.013439138
0,1,0.9925718
1,1,0.9999169
1,1,0.99994075
1,1,0.9999579
1,1,0.9999503
1,1,0.99969256
1,1,0.88683504
0,0,0.43726
0,0,0.0004149412
1,0,0.21045631
1,1,0.9998286
1,1,0.96246964
1,1,0.99995494
1,1,0.99986494
1,1,0.9999387
1,1,0.99992466
1,1,0.9938258
0,1,0.6927421
0,0,0.010434988
1,1,0.9999546
1,1,0.8573087
1,1,0.99992275
1,1,0.99994767
1,1,0.999961
1,1,0.797533
1,1,0.99993277
1,1,0.9839714
1,0,0.019943332
0,0,0.0033138776
1,1,0.99391115
1,1,0.9927007
1,0,0.08097314
1,1,0.9999386
1,1,0.9942959
1,1,0.99993384
1,1,0.9999447
1,1,0.9999037
1,1,0.998204
1,1,0.99990475
1,1,0.9448014
1,1,0.9999454
1,1,0.9999527
1,1,0.9999262
1,1,0.9908195
1,1,0.99984753
1,1,0.9999212
1,1,0.9831843
0,1,0.9747078
1,0,0.0044455472
1,1,0.9999441
1,1,0.99994636
1,1,0.9998343
1,1,0.99975747
1,1,0.9999528
1,1,0.7861275
1,1,0.9999511
1,1,0.9998975
1,1,0.99795544
1,1,0.99995804
1,1,0.99829
1,1,0.9999442
1,1,0.99982506
1,1,0.99988663
1,1,0.99994326
1,1,0.99994767
1,1,0.9998858
1,1,0.9999355
1,1,0.9999186
1,1,0.99976903
0,0,0.0008925131
1,1,0.99992
1,1,0.99979824
0,0,0.036886845
0,1,0.98665875
1,1,0.9999577
1,1,0.9968363
1,1,0.9999286
1,1,0.77172875
0,0,0.00035186435
1,1,0.99991715
1,0,0.048980117
1,1,0.9999528
1,1,0.9999012
1,1,0.99955744
1,1,0.9999255
1,1,0.9999583
1,1,0.9987243
1,1,0.9995142
1,1,0.99993587
1,1,0.99995553
0,1,0.8712265
1,1,0.9999093
1,1,0.6564812
1,1,0.99958986
0,0,0.00043533166
1,1,0.9995314
1,1,0.9851289
1,1,0.99994814
1,1,0.9999443
1,1,0.99988866
1,1,0.99995327
0,1,0.9670201
1,1,0.9999504
1,1,0.99993074
1,1,0.9295457
1,1,0.9999199
1,1,0.9999566
1,1,0.9999405
1,1,0.9998423
1,1,0.9997696
1,1,0.99949193
1,1,0.9999298
0,0,0.0012326099
1,0,0.08998445
1,1,0.9999025
1,1,0.99994826
1,1,0.9998528
0,0,0.0050195353
1,1,0.9999497
1,1,0.9999547
1,1,0.9855241
1,1,0.9999157
0,1,0.9960944
1,1,0.99991286
1,1,0.9993956
1,1,0.9999157
1,1,0.9999393
1,1,0.9999081
1,1,0.9998609
1,1,0.9999547
0,0,0.002212827
1,1,0.99989057
0,0,0.005183656
1,1,0.999956
1,1,0.9999478
0,0,0.0016822753
1,1,0.99988437
1,1,0.9994816
0,1,0.57024026
1,1,0.99995947
1,1,0.99982685
1,1,0.999754
1,1,0.98283076
1,1,0.999908
1,1,0.99992406
1,0,0.3896774
1,1,0.99995303
1,1,0.99992526
1,1,0.99995315
1,1,0.998451
1,1,0.99867696
1,1,0.99994016
1,1,0.9999585
0,0,0.007842795
1,1,0.9999536
1,1,0.9998925
1,1,0.9999356
1,1,0.9996971
0,0,0.004588555
0,0,0.0040619005
1,1,0.9999443
1,1,0.9435423
1,1,0.9998969
1,1,0.9999409
1,1,0.9998932
1,1,0.9999461
1,1,0.9999478
1,1,0.9997813
1,1,0.9998211
1,1,0.97067106
1,1,0.9904614
1,1,0.98752195
1,0,0.14770469
1,1,0.92371166
1,1,0.9999232
1,1,0.9997844
1,1,0.99448377
1,1,0.9999505
1,1,0.9999566
1,1,0.9287208
1,1,0.99992394
0,0,0.0020125734
1,1,0.99991333
1,1,0.9566752
1,1,0.9998877
1,1,0.9999428
0,0,0.05367264
1,1,0.99993396
0,1,0.9916054
1,1,0.9999578
1,1,0.97757953
1,1,0.9998957
1,1,0.99978036
1,1,0.99994683
1,1,0.9998882
0,0,0.0007279203
1,1,0.9999224
1,1,0.9961773
1,1,0.97464514
0,0,0.0036694885
1,0,0.18130854
1,1,0.9999325
0,0,0.0030798202
1,1,0.99992776
1,1,0.9999269
1,1,0.9838716
1,1,0.9999336
0,1,0.9861691
1,1,0.9783926
1,1,0.9998523
1,1,0.9999521
0,1,0.807832
0,0,0.034637503
0,0,0.0007519173
1,1,0.99443746
1,1,0.937531
0,0,0.007998722
1,1,0.9998134
1,0,0.10691035
1,1,0.99990976
1,1,0.98898005
1,1,0.9999448
1,1,0.9903591
1,1,0.99996006
1,1,0.9998946
1,1,0.94846183
1,1,0.9998914
1,1,0.6782259
1,1,0.9999522
0,1,0.9917441
1,1,0.999925
1,1,0.9999473
1,1,0.9999354
1,0,0.3162247
1,1,0.9999256
1,1,0.99994946
1,1,0.9998429
1,1,0.99991226
1,1,0.8572514
1,1,0.98966146
1,1,0.99994683
1,1,0.9847099
1,1,0.9916761
1,1,0.99990654
1,1,0.9999472
1,1,0.9999443
1,1,0.9999517
1,1,0.9836051
1,1,0.9999155
1,1,0.9999038
1,1,0.99984705
1,1,0.99994063
1,1,0.99266547
1,1,0.8587202
1,1,0.9999567
1,1,0.99993837
1,1,0.9998702
1,1,0.9996774
1,1,0.91724026
1,1,0.9999428
1,0,0.14147823
1,1,0.99637467
1,1,0.999925
1,1,0.9998623
1,1,0.9999354
0,0,0.033914857
1,1,0.99995387
1,1,0.99986696
1,1,0.9906708
0,0,0.0027869244
1,1,0.9999355
1,1,0.88062656
1,1,0.9998344
1,1,0.99776304
1,1,0.9235146
0,1,0.99673873
1,1,0.99992526
1,1,0.9998951
1,1,0.9998611
0,0,0.017926577
1,1,0.9899747
1,1,0.9999095
1,1,0.9999509
1,1,0.9999418
0,0,0.003706256
1,1,0.9998729
1,1,0.99970216
1,1,0.85048246
1,1,0.99662554
1,1,0.9999486
1,1,0.99973756
1,0,0.1223624
1,1,0.9999045
1,1,0.9981021
1,1,0.99994767
1,1,0.9999391
1,1,0.9999087
1,1,0.99994075
0,1,0.99800533
1,1,0.99989283
1,1,0.9999075
1,1,0.9712285
1,1,0.9999453
1,1,0.9998872
0,1,0.9554724
1,1,0.9983376
1,1,0.9597641
1,1,0.9999527
1,1,0.98938584
1,1,0.99994516
1,1,0.99993026
1,1,0.9989147
1,1,0.99907386
1,1,0.8454769
1,1,0.972041
1,1,0.9999002
1,1,0.9999094
1,1,0.96403116
1,0,0.009657447
1,1,0.999961
1,1,0.9970074
1,1,0.9999484
1,1,0.99784803
1,1,0.9999335
1,1,0.9998872
1,1,0.99969566
1,1,0.99993336
0,0,0.43945268
0,0,0.0073077544
1,1,0.99963415
1,1,0.99329305
1,1,0.9978047
1,1,0.65722495
1,1,0.9369366
0,0,0.076795824
1,1,0.9918888
0,0,0.028264204
1,1,0.99988437
1,1,0.9996797
1,1,0.999238
0,0,0.002389061
0,0,0.00018769986
1,0,0.27226785
0,0,0.0017407094
1,1,0.9977718
1,1,0.9998834
1,1,0.99983907
0,0,0.0012278132
1,1,0.9999169
1,1,0.98186696
1,1,0.9988913
1,1,0.99883777
1,1,0.99995923
1,1,0.9999418
1,1,0.9528282
1,1,0.9998412
1,1,0.99995947
1,1,0.99129
1,1,0.99985135
1,1,0.91027635
1,1,0.9999434
1,0,0.0066589285
1,1,0.999938
0,1,0.5564706
1,1,0.9958164
1,1,0.99969685
1,0,0.027171722
1,1,0.9999572
1,1,0.999121
1,1,0.9957867
1,1,0.9993383
1,1,0.9999263
1,1,0.999943
1,1,0.999948
1,1,0.9999589
1,1,0.9999418
1,1,0.9999267
1,1,0.99991024
0,1,0.9842911
1,1,0.9999615
1,1,0.99995184
1,1,0.9999398
1,1,0.99992704
1,1,0.9999281
1,1,0.9999521
1,1,0.9848851
1,1,0.9999553
0,0,0.0069321655
1,1,0.9999409
1,1,0.9903848
1,1,0.98822093
1,0,0.027980726
1,1,0.99994683
1,1,0.99992156
1,1,0.99990726
0,0,0.0026841725
1,1,0.9919912
1,1,0.9999378
0,0,0.0015813893
0,0,0.011423405
1,1,0.99988854
0,0,0.017243216
1,1,0.9999571
1,1,0.9999045
1,1,0.8772663
1,1,0.96965224
1,1,0.99993944
1,1,0.9998864
1,1,0.99988174
1,1,0.9997788
1,1,0.99990547
1,1,0.99994886
1,1,0.99774337
1,1,0.99988866
1,1,0.99990976
1,1,0.9999342
1,1,0.99994576
1,1,0.9996537
1,1,0.99893254
0,0,0.00044206
0,0,0.0812427
1,1,0.99991703
1,1,0.9999316
0,0,0.0022544994
1,1,0.99991214
0,0,0.3810991
1,1,0.99995923
1,1,0.99993515
1,1,0.99988914
1,1,0.99995196
1,1,0.99995434
1,1,0.9996691
1,1,0.9914704
1,1,0.99993813
1,1,0.99908936
1,1,0.9999467
1,1,0.9999378
1,1,0.9999602
1,1,0.9997038
1,1,0.9983463
0,0,0.00022871571
1,1,0.9994425
0,0,0.4674773
1,1,0.9772579
0,0,0.0005700163
0,0,0.0027689913
0,0,0.27622816
1,1,0.99993587
1,1,0.99636394
1,1,0.99991965
1,1,0.99724185
0,0,0.011360199
1,1,0.99995196
1,1,0.9976113
1,1,0.9861876
1,1,0.9959617
1,1,0.9999471
0,0,0.083771266
1,1,0.99994314
1,1,0.99993896
1,1,0.9998994
1,1,0.99994946
1,1,0.9999304
1,1,0.9998604
1,1,0.96706265
0,0,0.07676274
0,0,0.092212245
1,1,0.9999484
0,1,0.9556508
1,1,0.9715272
1,1,0.9567139
1,1,0.992309
1,1,0.9960592
1,1,0.9997174
1,1,0.9999075
1,1,0.99993193
1,1,0.99992096
1,1,0.9999548
1,1,0.9999291
0,0,0.00484073
1,1,0.99994385
1,1,0.9999584
1,1,0.95565295
1,1,0.99993503
1,1,0.9726198
1,1,0.98952264
1,1,0.999933
1,1,0.86903346
1,1,0.9999329
1,1,0.9797662
1,1,0.9976386
0,1,0.9751511
1,1,0.99983096
0,1,0.9807006
1,0,0.008737477
1,1,0.98989946
1,1,0.99607027
1,1,0.9999212
1,1,0.9993181
1,1,0.99993896
1,1,0.9999418
1,0,0.016711472
1,1,0.9999566
0,0,0.007969215
0,1,0.70110935
1,1,0.9999497
0,0,0.003773979
1,1,0.9987814
1,1,0.99995196
1,1,0.9999583
1,1,0.9993938
1,1,0.999877
1,1,0.99994254
0,1,0.94534963
1,1,0.98056513
1,1,0.99989545
1,1,0.9895359
1,1,0.8764354
0,0,0.012266404
1,1,0.99994195
1,1,0.70178914
1,1,0.9999646
0,0,0.0092759235
1,1,0.9561464
1,1,0.9999585
1,1,0.99981874
1,1,0.9338907
1,1,0.9999529
1,1,0.9828682
1,1,0.999577
0,0,0.0021331322
1,1,0.99992895
0,0,0.003246593
1,1,0.9999298
1,1,0.9998679
1,1,0.99990153
1,1,0.9937284
1,1,0.9999379
1,1,0.9999486
1,1,0.99989164
1,1,0.9999088
1,1,0.9985989
1,1,0.99675554
1,1,0.9859136
0,0,0.00054650457
1,1,0.9999132
0,0,0.005027665
1,1,0.99983525
0,0,0.45142052
1,0,0.089373894
1,1,0.93482447
1,0,0.16328482
1,1,0.9999323
1,1,0.9952512
1,1,0.9999316
1,1,0.9999453
1,1,0.999889
1,1,0.9982122
1,1,0.99993694
1,0,0.1932202
1,1,0.999951
1,1,0.9999052
1,1,0.99453616
0,1,0.98554474
1,0,0.091150165
1,1,0.9999347
1,1,0.999858
0,0,0.003781191
1,1,0.5465003
1,1,0.99995387
1,1,0.9999325
0,0,0.0040849745
1,0,0.013889839
1,1,0.9913254
0,1,0.6013981
1,1,0.9999528
1,1,0.97929883
1,1,0.9826701
0,0,0.0051237526
1,1,0.7443972
0,1,0.9493158
1,1,0.91153425
1,1,0.9927314
1,1,0.9998976
1,1,0.9933217
1,1,0.98320943
1,1,0.9998945
1,1,0.99989533
1,1,0.99996233
1,1,0.9999584
0,0,0.00023422984
1,1,0.9999145
1,1,0.99993396
1,1,0.9964843
1,1,0.9999052
1,1,0.99990976
1,1,0.999806
1,1,0.9999418
1,1,0.9996239
1,1,0.9998242
1,1,0.9997856
1,1,0.9999261
1,1,0.9999337
1,1,0.9999609
0,1,0.9603361
0,0,0.00028070834
1,1,0.9998821
1,1,0.9953359
1,1,0.9742009
1,1,0.99992275
1,1,0.9999492
1,1,0.9997949
1,1,0.99480444
1,1,0.790293
1,1,0.99991155
1,1,0.9998443
1,1,0.999863
0,1,0.9012979
1,1,0.9998343
1,1,0.99993837
1,1,0.99992585
1,1,0.99925584
1,1,0.9999409
1,1,0.9993025
1,1,0.9999405
1,1,0.9999362
1,1,0.99993443
1,1,0.99993
1,1,0.99992573
0,1,0.7844881
1,1,0.99993217
1,1,0.86182266
1,1,0.99994683
1,1,0.9996935
1,1,0.9610504
1,1,0.99994624
1,1,0.99955577
0,1,0.87503
1,1,0.9999461
1,1,0.9972076
1,1,0.8103379
1,1,0.5941449
1,1,0.99989164
1,1,0.9999573
1,1,0.9965911
1,1,0.9999337
1,1,0.60853356
1,1,0.99994755
0,0,0.002822511
1,1,0.9999273
1,1,0.9792092
1,1,0.99987566
1,1,0.99964774
1,1,0.99992347
1,1,0.99959964
1,1,0.99995387
1,1,0.91376287
1,1,0.99994385
1,1,0.9999497
0,0,0.0020209672
0,0,0.0028114137
0,0,0.07311086
1,1,0.99992955
1,1,0.9999553
1,1,0.99995327
1,1,0.9998287
1,1,0.9999145
1,1,0.99979264
1,1,0.99982506
1,1,0.99994266
0,1,0.9799922
1,1,0.9999337
1,1,0.9999256
1,1,0.99991
1,1,0.7687974
1,1,0.99994004
0,1,0.77452195
1,1,0.99987936
0,0,0.006697922
1,1,0.9999529
1,1,0.9999361
1,1,0.99985623
1,1,0.999772
1,1,0.9999405
1,1,0.99994314
1,1,0.9999615
1,1,0.9999361
1,1,0.9998765
0,0,0.0035312169
1,1,0.9945128
1,1,0.99987125
1,0,0.3287186
1,1,0.9943561
1,1,0.99993026
1,1,0.9999362
1,1,0.99994457
1,1,0.99993575
1,1,0.99994683
1,1,0.999951
1,1,0.9999448
1,1,0.98643583
1,1,0.99859446
1,0,0.38999736
1,1,0.99993885
0,0,0.019469677
1,1,0.9994367
1,1,0.9999405
1,1,0.99830806
1,1,0.8439188
1,1,0.96392703
1,0,0.14486384
1,1,0.9998274
0,0,0.10246547
1,0,0.0048806006
1,1,0.99993837
1,1,0.9999291
0,0,0.040749054
0,0,0.0032755956
1,1,0.99994063
1,1,0.9993331
1,1,0.999933
1,1,0.9999409
1,1,0.9999459
1,1,0.9999198
1,1,0.99994934
1,1,0.99983585
1,1,0.9999449
0,0,0.014579686
1,1,0.9999392
1,1,0.9997931
1,1,0.99764866
1,1,0.99985564
1,1,0.9992317
1,1,0.9883585
1,1,0.9999013
1,1,0.9999467
1,1,0.99990976
1,1,0.9999461
1,1,0.99988854
1,0,0.23006949
1,1,0.9999571
1,1,0.9999006
1,1,0.99988306
1,1,0.99992526
1,1,0.99994075
1,1,0.9988533
1,1,0.999936
0,1,0.9497616
1,1,0.9999249
1,1,0.9998528
1,1,0.9999293
1,1,0.9826378
1,1,0.9996284
1,1,0.9990804
0,0,0.028700685
1,1,0.97629863
1,1,0.9999448
1,1,0.9984674
1,1,0.99994576
1,1,0.99988127
1,1,0.9996691
0,0,0.003940897
1,1,0.9757662
0,0,0.012436844
1,1,0.9999534
1,1,0.9999403
1,1,0.99995005
0,0,0.0011408901
1,1,0.91142905
1,1,0.9998097
1,1,0.9999058
1,1,0.9925206
1,1,0.9999274
1,1,0.99994636
1,1,0.99990094
1,1,0.99902296
1,1,0.99992156
1,1,0.99962187
1,1,0.99988437
1,1,0.9999205
1,1,0.9814393
1,1,0.9999461
1,1,0.9999471
1,0,0.015636593
1,1,0.9999366
1,1,0.9986034
1,1,0.99995434
1,1,0.99995434
1,1,0.99992394
1,1,0.9996456
1,1,0.99955624
1,1,0.99986005
1,1,0.99994254
1,1,0.99988663
1,1,0.9879409
1,1,0.99993265
0,1,0.94901174
1,1,0.99988294
1,1,0.98609644
1,1,0.9999087
1,1,0.9992298
1,1,0.9200077
0,0,0.0013859327
1,1,0.99995446
1,1,0.9999318
1,0,0.42619723
1,0,0.36857495
1,1,0.89821637
0,0,0.0017108129
1,1,0.9999496
1,1,0.9999275
1,1,0.9999467
1,1,0.9313829
1,0,0.032221694
0,0,0.008645632
1,1,0.9999466
1,1,0.99500716
1,1,0.9963983
1,1,0.9999101
1,1,0.99994814
1,1,0.9996462
1,1,0.94969
1,1,0.99993265
1,1,0.9747301
1,1,0.9958831
1,1,0.99960834
1,1,0.9934956
1,1,0.9999045
1,1,0.9999262
1,1,0.99994993
1,1,0.99990034
1,1,0.99991524
1,1,0.99974865
1,1,0.99988794
1,1,0.97778785
1,1,0.9999597
1,1,0.99991
1,1,0.9999281
1,1,0.9999312
1,1,0.99943644
1,1,0.9994562
1,1,0.99990964
1,1,0.9899009
1,1,0.9735097
1,1,0.9999498
1,1,0.9999199
1,1,0.99976164
1,1,0.9998229
1,1,0.9962786
1,1,0.9921055
1,1,0.99995303
1,1,0.9937733
1,1,0.90114826
1,1,0.9999075
1,1,0.99994314
1,1,0.9999362
1,1,0.97711337
1,1,0.9963959
1,1,0.9999324
1,1,0.99983096
1,1,0.9999502
0,0,0.0005351445
1,1,0.99983895
1,1,0.9434005
1,1,0.9999293
1,1,0.99974936
0,0,0.0320997
1,1,0.9998461
1,1,0.9998023
1,1,0.9999509
1,1,0.99970335
1,1,0.999923
1,1,0.99995255
1,1,0.99992156
0,0,0.0048110792
1,1,0.9938451
0,0,0.22820082
1,1,0.99994564
1,1,0.9998209
1,1,0.99990296
1,1,0.99675924
1,1,0.9999312
1,1,0.99995005
1,1,0.99992955
1,1,0.9999418
1,1,0.9999441
1,1,0.9965848
1,0,0.03613108
1,1,0.99992216
1,1,0.99992204
1,1,0.99995494
1,1,0.9999294
1,0,0.12477423
1,1,0.9999405
0,0,0.0010431136
1,1,0.7947846
1,1,0.9999447
1,1,0.7606005
1,1,0.9998863
0,0,0.12962307
1,1,0.9999125
1,1,0.99994874
1,1,0.99995553
1,1,0.99993336
1,1,0.9999263
1,1,0.99986696
0,0,0.0065114624
1,1,0.98089886
1,1,0.9993901
1,1,0.99993324
1,1,0.9999356
1,0,0.0038658527
1,1,0.9998325
1,1,0.9489555
1,1,0.99992406
1,1,0.99993396
1,1,0.99988365
0,1,0.9407644
1,1,0.9999418
1,1,0.99985373
1,1,0.9999566
1,1,0.9998423
0,0,0.0039049145
1,1,0.999584
1,1,0.999772
1,1,0.9999014
1,1,0.9999534
1,1,0.9999106
1,1,0.99993694
0,0,0.011156653
1,1,0.99991465
1,1,0.9999119
1,1,0.99988866
1,1,0.9772274
1,1,0.9940181
1,1,0.99296427
1,0,0.061339922
1,1,0.9998796
1,1,0.9999548
1,1,0.9999527
1,1,0.74209815
0,1,0.51726615
1,1,0.9997366
1,1,0.97921926
0,0,0.035781723
1,1,0.99851316
0,0,0.48560777
0,1,0.97537905
0,0,0.0018067557
1,1,0.991161
0,0,0.00044226713
1,1,0.9999517
1,1,0.99991155
1,1,0.9999584
1,1,0.99994147
1,1,0.99993837
1,1,0.9997074
1,1,0.9991425
1,1,0.99995375
1,1,0.9999554
1,1,0.9999021
0,0,0.03949871
1,1,0.99563676
1,1,0.99979967
1,1,0.99992704
1,1,0.9999509
1,1,0.9998191
1,1,0.9999517
0,0,0.0007538965
1,1,0.99993837
1,1,0.99995244
1,1,0.9999255
0,0,0.00017908857
1,1,0.6638413
0,1,0.9465185
1,1,0.9892245
1,1,0.9866301
1,1,0.99995446
1,1,0.99958736
1,1,0.99994946
1,1,0.9999553
1,1,0.99977845
1,1,0.99977726
1,1,0.9999459
1,1,0.9999471
1,1,0.9999285
1,1,0.9999418
1,1,0.9999033
1,1,0.9987312
0,1,0.935803
0,0,0.00057518133
1,1,0.999803
1,1,0.9999583
1,1,0.99992955
1,1,0.9999254
1,1,0.99994195
0,0,0.007203538
1,1,0.9999449
0,0,0.018238634
1,1,0.9998671
1,1,0.9916642
0,1,0.9111383
0,0,0.0059217173
1,1,0.9999285
0,0,0.017632516
1,1,0.99846447
1,1,0.9998933
1,1,0.98485655
1,1,0.99996066
1,1,0.9998419
0,0,0.0061360183
1,1,0.99443793
1,1,0.9998921
1,1,0.99992394
0,0,0.0081734555
1,1,0.9999461
1,1,0.99993956
1,1,0.823659
1,1,0.98763615
1,1,0.9999347
0,0,0.006125736
0,1,0.8308788
0,0,0.12556739
1,1,0.99729425
1,1,0.9998951
0,0,0.027257044
1,1,0.99995804
1,1,0.999936
1,1,0.999941
1,0,0.4095832
1,1,0.9997807
1,1,0.9999025
1,1,0.99993813
1,1,0.99994516
1,1,0.9839384
0,0,0.14271416
1,1,0.9999298
1,1,0.99991894
1,1,0.99995625
1,1,0.9998603
1,1,0.9999473
1,1,0.99995446
1,1,0.9999535
1,1,0.9887897
0,0,0.33542657
1,1,0.9998288
1,1,0.9999306
1,1,0.9999237
1,1,0.99047256
1,1,0.9999168
1,1,0.99994195
1,1,0.99994206
1,0,0.0037020817
1,1,0.96790534
1,1,0.99273455
1,1,0.99993765
1,1,0.999907
0,0,0.015118639
1,1,0.99994516
0,1,0.96615523
1,1,0.88180137
1,1,0.9997875
1,1,0.9999472
1,1,0.99988353
1,1,0.97937393
1,1,0.99991393
1,1,0.999926
1,1,0.9999386
1,1,0.99995613
0,0,0.00061901245
1,1,0.99008393
1,1,0.9999416
1,1,0.99992335
1,1,0.99994075
1,1,0.998005
1,1,0.99993455
1,1,0.999946
1,1,0.99990904
0,0,0.005047552
1,1,0.99993896
0,0,0.005716251
1,1,0.99986446
1,1,0.99994576
1,0,0.0018869019
1,1,0.9998914
1,0,0.016350295
1,1,0.9999347
1,1,0.99988246
0,0,0.091272965
1,1,0.98116654
1,1,0.99991786
1,1,0.9999218
1,1,0.99993455
1,1,0.9995732
0,0,0.0075013805
0,0,0.028578946
1,1,0.9436137
1,1,0.999899
1,1,0.9998394
1,1,0.8572628
1,1,0.9943386
1,1,0.99995744
1,0,0.004098176
1,1,0.9998857
0,0,0.03894042
1,1,0.9999292
1,1,0.9998499
1,1,0.9999504
1,1,0.9998204
1,1,0.9982236
1,1,0.99994314
1,1,0.9999337
0,0,0.0002743338
1,0,0.10257374
1,1,0.9999603
1,1,0.99981517
1,1,0.9999124
1,1,0.9999403
1,1,0.9997167
1,1,0.99975604
1,1,0.99587727
1,1,0.99984586
1,1,0.99992776
0,0,0.007287028
1,1,0.99995446
1,1,0.9990393
0,0,0.011786594
0,0,0.00066224916
0,0,0.0047557214
1,1,0.9999362
1,1,0.9999317
1,1,0.9948139
1,0,0.0034550272
1,1,0.99963987
1,1,0.97107726
1,1,0.99993396
0,0,0.01935951
1,1,0.9998273
1,1,0.99987197
1,0,0.45808923
0,0,0.0022333635
1,1,0.99991477
1,1,0.75665915
1,1,0.99994254
1,1,0.9907618
1,1,0.7137791
1,1,0.9999447
1,1,0.99029315
1,1,0.99995923
1,1,0.97735745
1,1,0.9999434
1,1,0.7992352
1,1,0.7504421
1,1,0.9846603
0,0,0.004920274
0,0,0.0017099939
0,1,0.9957569
1,1,0.9591025
1,1,0.9999474
1,1,0.73704886
1,1,0.99995196
1,1,0.9999546
1,0,0.19175728
1,0,0.026987279
1,1,0.9999467
1,1,0.9990269
1,1,0.99990547
1,1,0.9999529
1,1,0.99988115
1,1,0.9999596
1,1,0.9998247
1,0,0.09579684
1,1,0.99993896
1,1,0.9999585
0,0,0.01659556
1,1,0.9999474
1,1,0.9999467
1,1,0.9999504
1,1,0.9999348
1,1,0.99989176
1,1,0.99976176
1,1,0.99977845
1,1,0.9999399
1,1,0.99993706
1,1,0.99986017
1,0,0.01104621
0,0,0.0076082414
1,1,0.99991775
1,1,0.99926263
1,1,0.9998429
1,1,0.9999225
1,1,0.99994814
1,1,0.97615665
1,1,0.9893199
1,1,0.99964964
1,1,0.999949
1,1,0.9998472
1,1,0.9999274
1,1,0.99994874
1,1,0.99993384
1,1,0.99989367
1,1,0.999941
1,1,0.9980665
1,1,0.9998357
0,0,0.0015969587
1,1,0.9999223
1,1,0.9999511
0,0,0.08336616
1,1,0.9997732
1,1,0.9999224
1,1,0.9999006
1,1,0.99989367
0,0,0.0017241776
1,1,0.9969379
1,0,0.4300495
1,1,0.99347997
1,1,0.9999609
1,1,0.99996054
1,1,0.65159047
1,1,0.9999099
1,1,0.99989283
1,1,0.9999007
0,0,0.0053115506
1,1,0.99993706
0,0,0.0034761322
1,1,0.9794789
1,1,0.9988643
1,1,0.99993396
1,1,0.999943
1,1,0.9985903
1,1,0.59475845
0,0,0.00040233467
1,1,0.99994326
1,1,0.9998964
1,1,0.99990404
1,1,0.99994767
1,1,0.7729522
1,1,0.99220794
1,1,0.99993587
0,0,0.014907385
0,0,0.0027405417
1,1,0.9995839
1,1,0.99961674
1,0,0.0019653244
0,0,0.024097662
1,1,0.9999105
1,1,0.99969447
1,1,0.9999244
1,1,0.9989988
1,1,0.99993026
1,1,0.999933
1,1,0.99995315
1,1,0.9998889
1,1,0.99974674
0,0,0.000879204
1,1,0.99489045
0,1,0.71886206
1,1,0.99989736
1,1,0.9999484
1,1,0.99988604
1,1,0.99985945
1,1,0.99969625
1,1,0.9999206
1,0,0.1801639
1,1,0.9999149
1,1,0.99995184
1,1,0.9999255
1,1,0.99992645
1,1,0.99981207
1,1,0.9999474
1,1,0.99982244
1,1,0.99986327
0,0,0.00019806462
1,1,0.99988794
1,0,0.024561968
1,1,0.99947315
0,1,0.9038091
0,0,0.001337529
1,1,0.99994314
0,0,0.0018507271
0,0,0.004279273
1,1,0.999941
1,1,0.9999429
1,1,0.9999291
1,1,0.99993324
0,0,0.003665857
1,1,0.9480929
1,1,0.9885824
1,1,0.9876429
0,0,0.07713207
1,1,0.9715598
1,1,0.5461868
1,1,0.9999325
1,1,0.99965763
1,1,0.99977785
1,0,0.0031359806
1,1,0.68794215
0,1,0.6804871
1,1,0.9999317
1,1,0.99994373
1,1,0.99993193
1,1,0.9999429
0,0,0.04347138
1,1,0.9932856
1,1,0.9999231
0,0,0.0012510672
1,1,0.99991596
1,1,0.9999448
0,0,0.023348205
1,1,0.99987423
1,1,0.99979347
1,0,0.017874463
1,1,0.9999001
0,0,0.026481407
1,1,0.9962043
1,1,0.9999335
1,1,0.9999472
1,1,0.9999479
1,1,0.99993694
1,0,0.00069988455
1,1,0.96736676
1,1,0.99993575
1,1,0.99994254
0,0,0.00015812168
1,1,0.9999542
0,0,0.0003437883
1,1,0.9977715
1,1,0.9999361
1,1,0.98588794
1,1,0.9923725
1,1,0.99917406
1,1,0.5980876
1,1,0.9994368
0,0,0.0011688098
1,1,0.9984572
1,1,0.9999372
1,1,0.99993014
1,1,0.9999509
1,1,0.9998884
0,0,0.0021130303
1,1,0.9999492
1,1,0.9990564
1,1,0.9969708
0,0,0.003966898
1,1,0.99975115
1,1,0.98482656
1,1,0.99994874
1,1,0.9998784
1,1,0.9999547
1,1,0.99993694
1,0,0.010115648
1,1,0.9998685
1,0,0.03998208
0,0,0.006337594
1,1,0.99992883
1,1,0.9999554
1,1,0.99994516
0,0,0.009677709
1,1,0.99938416
1,1,0.99995506
1,1,0.9993017
0,0,0.11532409
1,1,0.9916353
1,1,0.9999317
1,1,0.9999428
1,1,0.9999366
1,1,0.9997234
1,1,0.9997789
1,1,0.904945
1,1,0.99985135
1,1,0.99993265
1,1,0.98952454
0,0,0.009973396
1,1,0.9999254
1,1,0.9999366
1,0,0.21837208
1,1,0.9988746
0,1,0.83696693
0,0,0.027063113
1,1,0.9999292
1,1,0.99447083
1,1,0.99995935
1,1,0.99996054
1,1,0.9999323
1,1,0.99424607
1,0,0.007033991
1,1,0.99991596
1,1,0.9797035
1,0,0.36944196
1,1,0.99993706
1,1,0.99989974
1,1,0.9998642
1,1,0.86763906
0,0,0.01627905
1,1,0.9999393
1,1,0.9997806
1,1,0.9998975
1,1,0.99661726
1,1,0.98658526
1,1,0.9999342
1,1,0.99994934
1,1,0.9999225
1,1,0.99993813
1,1,0.9999052
0,0,0.009746701
1,1,0.9999441
1,1,0.9999362
1,1,0.98555666
1,1,0.9999441
1,1,0.9999138
1,1,0.99534756
1,1,0.99986196
1,1,0.9999392
1,1,0.9999269
1,1,0.99958545
1,1,0.9999466
1,1,0.99990344
1,1,0.9999201
1,1,0.99784636
1,1,0.99994254
1,1,0.98454976
1,1,0.8854426
1,0,0.19166504
1,1,0.99994147
1,1,0.9993082
0,1,0.8929759
0,0,0.00032094846
1,0,0.33438173
1,1,0.9994091
1,1,0.9995721
1,1,0.9999596
1,1,0.9999473
0,0,0.006205587
1,1,0.990892
0,0,0.008244921
1,1,0.99983275
0,1,0.8596269
0,0,0.049619686
1,1,0.99992895
1,1,0.99988484
1,1,0.9866779
1,1,0.99986625
1,1,0.99161834
1,1,0.9999471
1,1,0.9999211
0,0,0.0049379854
0,0,0.037596457
1,1,0.9999392
1,1,0.99995494
1,1,0.999944
1,1,0.999925
1,1,0.99989164
1,1,0.99991286
0,0,0.004893956
1,0,0.14426665
0,0,0.0512213
0,0,0.0038571407
0,0,0.039395932
1,1,0.99993753
1,1,0.99995744
1,1,0.99961567
1,1,0.92283934
1,1,0.9996124
1,1,0.9999213
1,1,0.8291362
1,1,0.99995005
1,1,0.99994624
0,1,0.98268026
1,1,0.9998287
1,1,0.9999229
1,1,0.99353456
1,1,0.7441797
1,1,0.99969757
1,1,0.99868804
1,1,0.99734503
1,1,0.9920724
1,1,0.76291466
1,1,0.9999471
1,1,0.9999472
1,1,0.9998348
1,1,0.9917681
0,0,0.011756705
1,1,0.99990785
1,1,0.99995613
0,0,0.006415902
1,1,0.9999157
1,1,0.99992704
1,0,0.00888626
1,0,0.027519064
1,1,0.9998319
0,0,0.007749814
1,1,0.9998715
1,1,0.9743861
1,1,0.9999393
1,1,0.6788446
1,1,0.99990153
1,1,0.9999504
1,1,0.999938
1,1,0.99961483
0,0,0.051247284
1,1,0.9994603
1,1,0.9999521
1,1,0.9999316
0,0,0.00052642665
1,1,0.99254817
1,1,0.99660134
1,1,0.9998907
1,1,0.9999037
1,1,0.99987006
1,1,0.9940082
1,1,0.9999341
0,0,0.38624668
1,1,0.8120166
1,1,0.8291082
1,1,0.9999552
1,1,0.99927586
1,1,0.9999558
1,1,0.9999038
0,1,0.86434674
1,1,0.9999471
1,1,0.6096823
1,1,0.999956
0,0,0.053156953
1,1,0.9999548
1,1,0.99992144
1,1,0.999908
1,1,0.99994385
1,1,0.99967194
0,0,0.0010111613
1,1,0.9999521
1,1,0.9999472
1,1,0.9997446
1,1,0.99994886
1,1,0.9999504
1,1,0.9998957
0,0,0.0026256782
1,1,0.9998716
0,0,0.0235353
1,1,0.9999386
1,1,0.99986386
1,1,0.9999101
1,1,0.9999087
1,1,0.999936
1,1,0.99995375
1,1,0.99988556
1,1,0.9999263
1,1,0.99987817
1,1,0.9901428
0,0,0.0013648649
1,1,0.9996213
1,1,0.9999194
1,1,0.9990521
1,1,0.9999045
1,1,0.9991591
1,1,0.99989283
1,1,0.99994504
1,1,0.9997104
0,0,0.00018775572
1,1,0.99633586
0,0,0.012979565
1,1,0.99992776
1,1,0.99875283
1,1,0.99883467
1,1,0.9999372
1,1,0.99986446
1,1,0.99992764
1,1,0.60880655
1,1,0.99217975
1,1,0.9991441
1,1,0.99957436
1,1,0.9792083
1,1,0.99993896
1,1,0.9998765
1,1,0.9999237
1,1,0.9997812
0,0,0.00048736072
1,1,0.99993575
1,1,0.9938306
1,1,0.9999529
1,0,0.12252502
0,1,0.6936132
1,1,0.99991035
1,1,0.9999497
1,1,0.9999198
0,0,0.011667975
1,1,0.99995816
1,1,0.9999224
1,1,0.99992085
1,1,0.9999343
1,1,0.99989414
1,0,0.014787506
1,1,0.99995494
1,1,0.99984217
1,1,0.98167175
1,1,0.99995685
1,1,0.9998609
1,1,0.99984205
1,1,0.9736472
1,1,0.99866426
1,1,0.9999529
1,1,0.99993026
1,1,0.99994457
1,1,0.998432
1,1,0.9997459
1,1,0.99994755
1,1,0.9999404
1,1,0.9996464
0,0,0.001144784
0,1,0.9405164
1,1,0.9998926
0,1,0.8350507
1,1,0.99993885
1,1,0.9998853
1,1,0.9999292
1,1,0.99973935
1,1,0.99991536
1,1,0.99829715
1,1,0.99992216
1,1,0.99995637
1,1,0.9999167
1,1,0.9998561
1,1,0.85242414
1,1,0.9999368
0,0,0.009892929
