y_true,y_pred,y_prob
1,1,0.99999654
1,1,0.99999785
1,1,0.9995858
1,1,0.99999714
1,1,0.99999845
1,1,0.99999774
0,0,9.744753e-07
1,1,0.99999535
1,1,0.9999951
1,0,0.0016386152
1,1,0.99999475
1,1,0.99999714
1,1,0.999997
1,1,0.99999654
1,1,0.9999951
1,1,0.99999714
1,1,0.9999962
0,0,9.422272e-06
1,1,0.99999654
0,0,0.0024531528
1,1,0.99999726
1,1,0.99999833
1,0,0.0006769155
0,0,2.3418381e-06
1,1,0.99999845
0,0,9.999502e-07
1,1,0.9999974
1,1,0.9999958
1,1,0.99999726
0,0,8.733058e-07
1,1,0.9999982
1,1,0.9999981
1,1,0.999997
1,1,0.9999987
1,1,0.99999845
0,0,4.5700406e-05
1,1,0.999998
1,1,0.999998
0,1,0.99993825
1,1,0.9999981
1,1,0.99999857
1,1,0.9999982
1,1,0.9999975
1,1,0.9999981
1,1,0.99999714
1,0,0.025498705
1,1,0.99999857
0,1,0.9998017
1,1,0.9999795
1,1,0.9999981
1,1,0.9999963
1,1,0.9999963
1,1,0.9999964
1,1,0.99998987
1,1,0.9999976
0,0,8.344419e-07
1,1,0.99999845
1,1,0.9999975
1,1,0.99999857
1,1,0.99999523
1,1,0.99999654
1,1,0.9999982
1,1,0.9999957
0,0,1.1517336e-06
0,1,0.999783
1,1,0.9999987
1,1,0.999972
1,1,0.99999845
1,1,0.999998
1,1,0.99999607
1,1,0.99999833
1,1,0.99999785
1,1,0.999998
0,0,7.9978247e-07
1,1,0.9999893
1,1,0.9999969
1,1,0.999998
1,0,1.4726805e-06
1,1,0.9999981
1,1,0.99999714
1,1,0.99999845
1,1,0.999998
1,1,0.9999951
1,1,0.9999981
1,1,0.9999939
1,1,0.99999785
1,1,0.9999951
1,1,0.99999774
1,1,0.9999982
0,0,8.796417e-07
1,1,0.99995255
0,0,2.87988e-06
0,0,8.8902146e-07
1,1,0.99999774
0,0,1.9163601e-06
1,1,0.9999968
1,1,0.99984884
1,1,0.99999785
1,1,0.999998
1,1,0.99999845
1,1,0.99999857
0,0,2.712781e-06
1,1,0.99999845
1,1,0.99999833
1,1,0.99999785
0,0,4.0454837e-05
1,1,0.999977
1,1,0.999998
1,1,0.99999714
1,1,0.9999958
1,1,0.9980788
1,1,0.9999957
1,1,0.9999976
1,1,0.99999785
1,1,0.99992776
0,0,1.2517255e-06
0,0,1.027901e-06
1,1,0.9999949
1,1,0.999998
1,1,0.99999857
1,1,0.9999825
1,1,0.99999416
1,1,0.9999974
1,1,0.99999774
1,1,0.9999976
1,1,0.99999857
1,1,0.99999774
1,1,0.9999982
1,1,0.9999976
1,1,0.99999416
1,1,0.9999926
1,1,0.9999982
1,1,0.999997
1,1,0.99999845
1,1,0.99999726
1,1,0.99999726
1,1,0.99999857
1,1,0.9999969
1,1,0.9999974
1,0,1.015297e-05
1,1,0.99999833
1,1,0.99999213
0,0,9.682537e-07
1,1,0.9999976
0,0,3.607609e-05
1,1,0.99998975
1,1,0.9999982
1,1,0.999998
0,0,4.171623e-06
1,1,0.99999833
1,1,0.99999833
1,1,0.9995883
0,0,9.3782666e-07
0,0,1.6157732e-06
0,1,0.9996842
1,1,0.99999726
1,1,0.99999726
1,1,0.9999827
1,1,0.99999607
1,1,0.999997
1,1,0.9999981
1,1,0.9999957
1,1,0.999998
1,1,0.99999774
1,1,0.9999987
0,0,8.4440364e-07
1,1,0.9999975
0,0,7.9260934e-07
1,0,0.0035919398
1,1,0.999998
1,1,0.99999785
1,1,0.9999976
1,1,0.99989915
1,1,0.999998
1,1,0.9999963
1,1,0.9999975
1,1,0.99999654
1,1,0.99999714
1,1,0.99999845
0,1,0.9999914
1,1,0.99999785
1,1,0.9999982
1,1,0.9999914
1,1,0.9999933
1,0,2.0594276e-05
1,1,0.9999974
1,1,0.998922
1,1,0.9999976
0,0,0.40491137
1,1,0.9999974
1,1,0.9999982
1,1,0.9999987
1,1,0.9999969
1,1,0.99999607
1,1,0.9997991
1,1,0.9999913
1,1,0.9999982
1,1,0.99999857
1,1,0.9999982
1,1,0.9999974
1,1,0.9997601
1,1,0.9999963
1,1,0.99999845
1,1,0.9999962
1,1,0.99965787
1,1,0.99999857
1,1,0.99999094
1,1,0.9999981
1,1,0.99999857
1,1,0.9999968
1,1,0.9999943
0,1,0.9999949
1,1,0.99999666
1,1,0.9999982
1,1,0.99999595
1,1,0.99999845
1,1,0.9999981
1,1,0.9999969
1,1,0.9999981
0,1,0.99985087
1,1,0.999998
0,0,1.7850352e-06
0,0,8.5073833e-07
1,1,0.99999833
1,1,0.9999987
1,1,0.99999595
1,1,0.9999975
1,1,0.9999964
1,1,0.9999981
1,1,0.9999976
1,1,0.99999404
1,1,0.99442023
1,1,0.9999974
1,1,0.99999726
0,0,8.455447e-07
1,0,8.875787e-05
1,1,0.99999845
1,1,0.99999857
1,1,0.99983597
1,1,0.9999982
1,1,0.999998
1,1,0.9999857
1,1,0.9999951
1,1,0.9999968
1,0,1.502248e-06
1,1,0.9999982
1,1,0.99999726
1,1,0.99999666
1,1,0.99999344
1,1,0.9999981
1,1,0.9999976
1,1,0.99999523
1,1,0.99999666
1,1,0.99999845
1,1,0.9999975
0,0,8.4117016e-07
1,1,0.9999949
1,1,0.999998
1,1,0.9999447
0,0,2.1713959e-06
1,1,0.99999785
1,1,0.9999969
1,1,0.9999987
0,1,0.99999714
1,1,0.9999974
1,1,0.9999981
1,1,0.99999857
1,1,0.999998
1,1,0.9999976
1,1,0.9999982
1,1,0.9999418
1,1,0.99999845
1,1,0.99999833
1,1,0.99999607
1,1,0.9999949
1,1,0.99999666
1,1,0.99999535
1,1,0.999997
1,1,0.99999774
1,1,0.9999621
1,1,0.84213907
1,1,0.999998
0,0,3.8480903e-06
1,1,0.99999714
0,1,0.9999815
1,1,0.99999774
1,1,0.9999981
1,1,0.999998
0,1,0.94389415
0,0,4.900094e-05
1,0,0.008619132
1,1,0.99999857
0,0,7.362913e-07
1,1,0.9999964
1,1,0.99999833
1,1,0.999998
1,1,0.9999964
1,1,0.99999845
0,0,2.5469235e-06
1,1,0.99999726
1,1,0.9999976
1,1,0.9999975
1,1,0.99999726
1,1,0.99999785
1,1,0.999998
1,1,0.99999607
1,1,0.999995
1,1,0.9999982
1,0,5.908514e-06
1,1,0.99999833
1,1,0.9999981
1,1,0.99999833
1,1,0.9999976
1,0,3.542486e-06
0,1,0.9997732
0,0,1.3202108e-06
1,1,0.99999785
1,1,0.9999981
1,1,0.999997
0,1,0.99998915
0,0,0.00011659336
1,1,0.9999976
1,1,0.99999845
0,0,1.1111092e-06
1,1,0.6162161
1,1,0.9999956
1,1,0.99999845
1,1,0.9999982
1,1,0.9999981
1,1,0.99999833
1,1,0.99999774
1,1,0.99999833
1,1,0.9999944
1,0,1.01786045e-05
1,1,0.99999595
1,1,0.9999975
0,1,0.71615285
0,0,3.4439176e-06
1,1,0.9967733
1,1,0.9999974
1,1,0.9999987
1,1,0.82510394
0,1,0.9999839
1,1,0.9999974
1,1,0.9999982
0,1,0.999992
1,1,0.99999714
1,1,0.99999845
1,1,0.99999845
1,1,0.9999939
1,1,0.9999951
1,1,0.99999857
1,1,0.999998
1,1,0.99999833
0,1,0.8588668
1,1,0.99999726
1,1,0.9999982
1,1,0.9913804
1,1,0.999992
1,1,0.99999774
0,0,6.878034e-07
1,1,0.99999857
1,1,0.999998
1,1,0.9987858
1,1,0.9999527
0,0,9.0099905e-07
1,1,0.99996865
1,1,0.999995
1,1,0.99999666
0,0,1.6310978e-05
0,1,0.9999974
1,0,1.7097054e-05
1,1,0.9999988
0,0,6.137818e-05
1,1,0.9999981
1,1,0.999998
1,1,0.99999845
1,1,0.9999976
1,1,0.9999981
1,1,0.99999845
1,1,0.9999976
1,1,0.99999857
1,1,0.9999629
1,1,0.9999981
1,1,0.99999857
1,1,0.99999774
1,1,0.9999962
1,1,0.9999981
1,1,0.9999981
1,1,0.9999976
1,1,0.99999654
0,0,6.680384e-06
1,1,0.9999974
1,1,0.99999416
1,1,0.999998
1,1,0.99999714
1,1,0.99999726
1,1,0.999997
1,1,0.99999845
1,1,0.99999666
0,0,0.0019526834
1,1,0.999998
1,1,0.999998
1,1,0.99999785
1,1,0.99999845
1,1,0.99999785
1,0,3.594604e-05
1,1,0.99999857
1,1,0.99999845
1,1,0.9999981
0,1,0.9999963
1,1,0.99999774
0,1,0.9999927
1,1,0.99999833
0,0,1.1637029e-06
1,1,0.9999684
1,1,0.999998
1,1,0.99999607
1,1,0.9999981
1,1,0.999997
1,1,0.9999982
1,1,0.9999976
1,1,0.99999833
1,1,0.9999982
1,1,0.9999957
1,1,0.9999982
1,1,0.99996686
1,1,0.9999956
1,1,0.99999154
1,1,0.9999926
1,1,0.99999845
1,1,0.9999974
1,1,0.9999974
1,1,0.99999774
1,1,0.99999774
1,1,0.9999963
0,1,0.99999774
0,0,9.2085304e-07
1,1,0.9999845
1,1,0.99999845
1,1,0.9999974
1,1,0.99998844
1,1,0.9999976
1,1,0.999997
1,1,0.99999845
1,1,0.999998
1,1,0.9999981
1,1,0.99999845
1,1,0.99999774
1,1,0.99999106
1,1,0.999998
1,1,0.9999976
1,1,0.99999833
1,1,0.99999857
1,1,0.99999857
1,1,0.99999595
1,1,0.999997
1,1,0.99996924
1,1,0.9999982
1,1,0.9999975
1,1,0.9965791
1,1,0.99999833
0,1,0.9999908
1,1,0.9999753
1,1,0.99997056
1,1,0.99999857
1,1,0.9999981
1,1,0.9999987
1,1,0.9999956
1,1,0.9999931
1,1,0.9967824
1,1,0.99999833
0,1,0.99999595
1,1,0.99999857
1,1,0.99999833
0,0,5.3189415e-06
1,1,0.9999982
1,1,0.9999981
1,0,7.544923e-06
1,1,0.9999962
1,1,0.9999831
1,1,0.9999962
1,1,0.9999976
1,1,0.9999913
1,1,0.9999976
1,1,0.9999982
1,1,0.99999833
1,1,0.999998
1,1,0.9995976
1,1,0.99999046
1,1,0.9999963
1,1,0.9999988
1,1,0.9999962
1,1,0.99999607
0,1,0.98399204
1,0,3.314958e-05
1,1,0.99999857
1,1,0.99999857
1,1,0.99999774
1,1,0.9999981
1,1,0.99999833
0,1,0.9999938
1,1,0.99999845
1,1,0.9999963
0,0,7.9943175e-07
1,1,0.999992
1,1,0.9999969
1,0,0.20983854
0,0,9.78264e-07
1,1,0.99992967
1,1,0.9999981
1,1,0.99999774
1,1,0.99999833
1,1,0.99999857
1,1,0.99999666
1,0,4.613439e-05
1,1,0.99999416
1,1,0.99999785
1,1,0.9998425
1,1,0.9999975
1,1,0.9999981
1,1,0.99999714
1,1,0.9999949
1,1,0.99999845
1,1,0.9999956
1,1,0.99999774
1,1,0.9999982
1,1,0.999998
0,1,0.9999963
1,1,0.99999094
1,0,0.00027334146
1,1,0.99999714
1,1,0.9999969
1,1,0.9999871
1,1,0.99999833
1,1,0.9999982
1,1,0.9999963
1,1,0.99999857
1,1,0.99999845
0,0,5.362382e-06
1,1,0.99999845
1,0,1.2974456e-06
1,1,0.99999607
0,1,0.9980939
1,1,0.9999981
1,1,0.9999982
0,0,7.7072207e-07
1,1,0.9999968
1,1,0.99999857
1,1,0.99996674
0,1,0.9999937
1,1,0.999998
1,1,0.99999726
1,1,0.99999785
1,1,0.9999969
1,1,0.99999785
1,1,0.9999981
0,0,1.5597625e-06
1,1,0.99999833
0,0,8.604644e-07
0,1,0.8158388
1,1,0.99999785
1,1,0.9999974
1,1,0.9999887
1,1,0.99999607
0,1,0.98987913
1,1,0.99999845
1,0,8.1134036e-05
1,1,0.9999968
1,1,0.9999875
1,1,0.9999981
1,1,0.9999975
1,1,0.9999981
0,0,8.8874674e-07
1,1,0.9999976
1,1,0.99999833
1,1,0.99999845
1,1,0.99998856
1,1,0.99998987
1,1,0.999997
1,1,0.999995
1,1,0.99912685
1,1,0.99999225
0,0,3.316247e-06
0,0,2.906708e-06
1,1,0.99999666
1,1,0.99999666
0,0,7.072692e-07
1,1,0.99999726
0,0,8.6969624e-07
0,0,1.6268486e-06
0,0,8.3226587e-07
1,1,0.999985
0,0,7.929842e-05
0,0,1.1434445e-06
1,1,0.99999523
1,1,0.99999774
0,1,0.9999919
1,1,0.99999833
0,0,4.3798887e-06
0,0,1.9982615e-06
1,1,0.9999981
1,1,0.99999714
1,1,0.9999981
1,1,0.9999902
1,1,0.99999845
1,1,0.9999958
1,1,0.9999964
1,1,0.9999975
1,1,0.99999666
1,1,0.9999987
1,1,0.99999774
1,1,0.9999956
1,1,0.99999726
1,1,0.99999833
1,1,0.99999785
1,1,0.99999833
1,1,0.99999833
0,0,1.3016966e-06
1,1,0.99999774
1,1,0.99999106
1,1,0.9999937
1,1,0.99999833
1,1,0.99999714
1,1,0.99999774
1,1,0.999998
1,0,4.3938962e-05
0,0,1.0121572e-06
1,1,0.999997
1,1,0.9999982
1,1,0.9999746
1,1,0.9999862
1,1,0.999998
1,1,0.9999974
0,0,2.5127872e-06
1,1,0.99999845
1,1,0.99999654
1,1,0.9999974
1,1,0.9999962
1,1,0.9999974
1,1,0.999998
1,1,0.999998
1,1,0.999998
1,1,0.9999982
1,1,0.99999595
1,1,0.99999475
1,1,0.9999957
1,1,0.99999654
1,1,0.9988294
1,1,0.99999774
1,1,0.99999845
1,1,0.9999963
1,1,0.999998
1,1,0.99999774
1,1,0.99999845
1,1,0.9999968
1,1,0.99999833
1,1,0.9999949
1,0,0.00034322738
1,1,0.99999726
1,1,0.9999987
1,1,0.99999857
1,1,0.9999963
0,0,1.1588235e-06
1,1,0.9999981
1,1,0.99999774
1,1,0.99999726
0,0,1.0463428e-06
1,1,0.999874
1,1,0.99999833
1,1,0.99999845
0,0,2.6229666e-06
0,0,0.0026051213
1,1,0.99999
1,1,0.99999726
1,1,0.9999982
0,0,8.245363e-07
1,0,1.6787704e-06
1,1,0.9999666
1,1,0.999998
1,1,0.9637232
1,1,0.9999957
1,1,0.99999833
1,1,0.9999982
1,1,0.9999943
0,1,0.9999783
0,1,0.9999964
1,1,0.99999416
1,1,0.99999607
1,1,0.9999982
0,0,8.518887e-07
1,1,0.9999975
1,1,0.9999951
1,1,0.9999956
1,1,0.9999949
1,1,0.999998
1,1,0.99999726
1,1,0.9999913
1,1,0.9999982
1,1,0.9997168
1,1,0.99998355
1,1,0.9999981
1,1,0.9999976
1,1,0.99999595
1,1,0.99999547
0,1,0.99999714
1,1,0.99999774
1,1,0.99999785
1,1,0.9999975
1,1,0.99999845
1,1,0.99999785
0,1,0.999084
1,1,0.9999981
1,1,0.999998
1,1,0.99999857
1,1,0.9999969
1,1,0.99999833
1,1,0.99999857
1,1,0.9999976
1,1,0.999998
1,1,0.9999578
1,1,0.99999833
1,1,0.9999987
1,1,0.999998
1,1,0.99999654
1,1,0.99999833
1,1,0.99999833
1,1,0.9999981
0,1,0.9938041
1,1,0.99999714
1,1,0.9999969
1,1,0.99999416
1,1,0.99999845
1,1,0.99999464
1,1,0.9999975
1,1,0.999998
1,1,0.99999785
1,1,0.9999958
1,1,0.9999646
1,1,0.9999963
1,1,0.9999982
1,1,0.9999981
1,1,0.9999933
1,0,0.00012487583
1,1,0.9926374
1,1,0.99999857
1,1,0.999995
1,1,0.99999785
0,0,0.00019441584
1,1,0.99999356
1,1,0.9999975
1,1,0.9999975
1,1,0.9999982
1,0,4.1966414e-06
1,1,0.9999982
1,1,0.9999976
1,1,0.999997
1,1,0.99982435
1,1,0.99999785
1,1,0.99999785
1,1,0.999998
1,1,0.9999982
1,1,0.999998
0,0,1.7379806e-06
1,1,0.9999982
0,0,3.5002838e-06
1,1,0.99972886
1,1,0.9999982
1,1,0.9999975
1,1,0.9999981
1,1,0.99999726
0,0,1.0099135e-06
1,1,0.99999785
1,1,0.99999654
1,1,0.9999975
1,1,0.9999969
1,1,0.9999987
1,1,0.99999535
1,1,0.9999982
1,1,0.99999774
1,1,0.99999774
1,1,0.9999968
1,1,0.99999607
1,1,0.99999845
1,1,0.99999774
1,1,0.9999974
1,1,0.9999974
1,1,0.99999774
1,1,0.9999976
1,1,0.9999981
1,1,0.99999833
1,1,0.99999714
1,1,0.9999982
1,1,0.99999857
1,1,0.9999956
0,1,0.64132404
1,1,0.99999845
0,0,9.516184e-07
1,1,0.9999974
1,1,0.99999833
1,1,0.99999833
1,1,0.99999774
1,1,0.99999547
1,1,0.99793696
0,0,1.5310504e-06
0,0,1.0962548e-06
1,1,0.9999974
0,1,0.7748241
0,0,1.1149707e-06
1,1,0.99999785
1,1,0.999995
1,1,0.9999975
1,1,0.999998
1,1,0.99999785
1,1,0.99999416
1,1,0.999997
1,1,0.99999475
1,1,0.99999833
1,1,0.99999
1,1,0.9999982
1,1,0.999997
1,0,0.2793368
1,1,0.99999726
0,0,2.2700453e-06
1,1,0.99998724
1,1,0.9999976
1,1,0.9999981
1,1,0.9999969
1,1,0.99999785
0,1,0.99998033
1,1,0.99999857
1,1,0.99999785
1,1,0.9999933
1,1,0.99912554
1,1,0.9999975
1,1,0.99999297
1,1,0.99999833
1,1,0.9999943
0,0,4.130718e-05
1,1,0.9999968
1,1,0.99914014
1,1,0.99999857
1,1,0.99999845
0,0,1.4284318e-05
1,1,0.99999833
1,1,0.99999607
1,1,0.9999974
1,1,0.99999654
1,1,0.9999964
1,1,0.9999976
1,0,3.660678e-06
1,1,0.9999958
1,1,0.9999987
1,1,0.99999833
1,1,0.99999666
1,1,0.99999595
1,1,0.9999746
1,1,0.99999654
1,1,0.99999785
0,0,1.757649e-06
1,1,0.999998
1,1,0.9999988
0,0,0.00673251
1,1,0.9999945
1,1,0.99999845
1,1,0.999998
1,1,0.9999982
1,1,0.99999774
0,0,8.381537e-07
1,1,0.9999981
1,1,0.9999976
1,0,3.036912e-05
1,1,0.99999726
1,1,0.9999976
1,1,0.9999981
1,1,0.9999981
1,1,0.99999845
1,1,0.9999987
1,1,0.99999845
1,1,0.99999774
1,1,0.99999845
1,1,0.99999785
1,1,0.99999785
1,1,0.9999982
1,1,0.99999845
1,1,0.99999666
1,1,0.9999968
1,1,0.9999753
1,1,0.999706
1,1,0.99999535
1,1,0.99999714
0,0,0.10795518
1,1,0.99999523
1,1,0.9999976
1,1,0.9999968
1,1,0.99999774
1,1,0.99999774
0,0,3.9569886e-06
1,1,0.9999982
1,1,0.9999975
1,1,0.99984944
0,0,1.3473748e-06
1,1,0.9999963
1,1,0.99999785
1,1,0.999997
1,1,0.9999976
1,1,0.9999962
0,0,4.2627694e-06
1,1,0.9999964
1,1,0.999998
1,1,0.9999982
1,1,0.99998796
1,1,0.99999845
1,1,0.99999523
1,1,0.9999709
1,1,0.99999845
1,1,0.9999969
1,1,0.9999982
1,1,0.99999833
1,1,0.9999926
1,1,0.9999943
1,1,0.99999785
1,1,0.99999416
1,1,0.9999969
1,1,0.99999785
0,0,8.474147e-06
1,1,0.99999833
1,1,0.9999956
1,1,0.9999974
1,1,0.99999833
1,1,0.98877805
1,1,0.99999726
0,0,0.34617245
0,0,7.186687e-06
1,1,0.9999956
1,0,3.6264602e-05
1,1,0.9999963
0,1,0.99999666
1,1,0.99999595
1,1,0.9999981
1,0,3.7523128e-06
1,1,0.9999976
1,1,0.9999969
1,1,0.999998
1,1,0.9999943
1,1,0.992523
1,1,0.9999969
1,1,0.99999845
1,1,0.9999875
1,0,0.12758677
1,1,0.9999862
1,1,0.99999726
0,0,1.2004756e-06
1,1,0.9999795
1,1,0.99998224
1,1,0.99999785
1,1,0.9999981
1,1,0.9999982
0,0,7.2929805e-07
1,1,0.99999774
1,1,0.999998
1,1,0.99999785
0,0,9.998835e-07
1,1,0.99999845
1,1,0.9999957
1,1,0.99999857
0,0,9.2851974e-07
0,0,8.0792313e-07
1,1,0.9999982
0,0,9.1100014e-07
1,1,0.9999963
1,1,0.99999654
1,1,0.999997
1,1,0.99999595
1,1,0.999998
1,1,0.99999785
1,1,0.99999857
1,1,0.99997115
1,1,0.9999976
0,0,1.2818787e-06
1,1,0.9999981
1,1,0.9999987
1,1,0.99847764
1,1,0.999998
1,1,0.9999981
1,0,9.53417e-07
1,1,0.99999785
0,1,0.99996936
1,1,0.9999969
1,1,0.999998
1,1,0.99979824
1,0,0.0013293771
1,1,0.9999987
1,1,0.99999845
1,1,0.99999845
1,1,0.99999726
1,1,0.9999982
1,0,1.6223695e-06
1,1,0.9999974
1,1,0.9999958
1,0,0.012970655
1,1,0.99999845
1,1,0.9999838
1,1,0.9999449
1,1,0.9999975
0,1,0.99980396
1,1,0.99999785
1,1,0.999998
1,1,0.9999963
0,1,0.9999876
1,1,0.9999958
1,1,0.99999857
1,0,0.00017134151
1,1,0.99994755
1,1,0.9999982
1,1,0.99999726
0,0,8.729111e-07
1,1,0.9999981
1,1,0.99999845
1,1,0.999998
1,1,0.999998
1,1,0.9999976
1,1,0.999998
1,1,0.9999937
1,1,0.99999774
1,1,0.9999956
1,1,0.99999356
1,1,0.9999968
1,1,0.99999726
1,1,0.9999893
1,1,0.99999595
1,0,3.8925948e-05
1,1,0.99999774
1,1,0.9994349
1,1,0.9999976
1,1,0.9350855
1,1,0.8415154
0,0,7.331145e-07
1,1,0.9999974
1,1,0.99999225
1,1,0.99999774
1,1,0.999997
1,1,0.9999975
0,1,0.99999595
1,1,0.99999464
1,1,0.99999595
1,0,1.2754522e-06
1,1,0.9999937
1,0,0.015665501
1,1,0.9999975
1,1,0.9999591
1,1,0.999997
1,1,0.9996007
1,1,0.99999774
1,1,0.99999595
1,1,0.99999833
1,1,0.9999976
1,1,0.999998
1,1,0.99999857
0,0,0.010951516
0,0,0.006283009
1,1,0.9999976
1,1,0.99999845
0,0,8.905913e-06
1,1,0.9999976
1,1,0.9999969
1,1,0.99999726
0,1,0.999997
1,1,0.99996984
1,1,0.9999968
1,1,0.9999976
1,1,0.99999774
1,1,0.9999974
1,1,0.99999785
1,1,0.9999931
1,1,0.9999987
0,0,5.790715e-06
1,1,0.99999356
1,1,0.9999982
1,1,0.9999964
1,1,0.9999976
1,0,2.667216e-06
1,1,0.9999987
1,1,0.9999939
1,1,0.9999968
1,1,0.99999857
0,0,1.0908213e-06
1,1,0.99999726
0,0,1.3072188e-06
1,1,0.9999982
0,1,0.99999666
0,0,8.6079524e-07
1,1,0.9999969
1,1,0.99978787
1,1,0.99999857
1,1,0.99999726
1,1,0.999998
1,1,0.99999785
0,1,0.99999595
1,0,1.5417467e-05
1,1,0.99999464
1,1,0.9999975
1,1,0.99999845
1,1,0.9999982
1,1,0.99999857
1,1,0.99999833
0,1,0.9884123
0,0,2.3342296e-05
1,1,0.9999981
0,0,0.0066400464
1,1,0.9999964
1,1,0.9999963
1,1,0.99999774
1,1,0.9999976
1,1,0.9999969
1,1,0.99999654
1,1,0.9999976
1,1,0.99999785
1,1,0.99999595
1,1,0.9999963
0,0,9.24861e-07
1,1,0.99999726
1,1,0.99999833
1,1,0.99998724
1,0,0.00019893545
1,1,0.999998
1,1,0.999997
1,1,0.9999957
1,1,0.99999094
1,0,0.022058552
1,1,0.9999958
1,1,0.9999987
1,1,0.9999975
1,1,0.99999654
1,1,0.9999982
0,0,3.3676833e-06
1,1,0.9999348
1,1,0.99999774
1,1,0.99999726
1,1,0.99999845
1,1,0.99999666
1,1,0.9999974
1,1,0.999998
1,1,0.9999987
0,1,0.9997421
0,0,1.3699222e-06
1,1,0.99999845
1,1,0.999997
1,1,0.9999968
0,0,4.0322166e-06
1,0,0.035788495
1,1,0.9999976
1,1,0.99999845
1,1,0.99999
1,0,0.0006163909
1,0,0.058588963
1,1,0.99999785
1,1,0.99999833
1,1,0.9999964
1,1,0.99999833
1,1,0.99999785
0,0,1.3321486e-06
1,1,0.999998
1,1,0.9999964
1,1,0.99999714
1,1,0.999997
1,1,0.9999896
1,1,0.9999932
1,1,0.9999862
0,0,1.0365026e-06
1,1,0.99999833
1,1,0.9878418
1,1,0.99999833
1,1,0.9999975
1,1,0.99999774
0,0,4.396813e-05
1,1,0.9999949
1,1,0.9999968
1,0,2.9099253e-06
1,1,0.99999595
1,1,0.99999785
1,1,0.99999535
0,0,8.0338765e-07
0,1,0.9999962
1,1,0.99999774
1,1,0.99999714
1,1,0.9999956
1,1,0.9999964
1,1,0.99999714
1,1,0.9140063
1,1,0.9999964
1,1,0.99999666
1,1,0.9999869
1,1,0.9999956
1,1,0.99999654
1,1,0.999998
1,1,0.9989849
1,1,0.99647325
0,0,0.00012225674
1,1,0.9999882
1,1,0.9999869
1,1,0.99999666
1,0,5.339571e-06
1,1,0.9999981
1,1,0.999998
1,1,0.99999213
1,1,0.99999833
1,1,0.99999523
1,1,0.9999987
1,1,0.99999857
1,1,0.99999726
1,1,0.9999982
1,1,0.99999714
1,1,0.9999981
1,1,0.99999726
1,1,0.9999924
1,1,0.9999982
1,0,1.8099137e-05
1,1,0.9999969
1,1,0.99999833
1,1,0.99999833
1,1,0.999995
1,1,0.99999833
1,1,0.5102637
1,1,0.99999857
0,0,1.9140568e-06
1,1,0.9999696
1,1,0.999998
1,0,0.034454044
1,1,0.9999981
1,1,0.99979097
1,1,0.9999962
1,1,0.9999981
1,1,0.99999774
1,1,0.9998528
0,0,8.4580273e-07
1,1,0.9996309
1,1,0.99999857
1,1,0.99999845
1,1,0.99999833
0,1,0.91709137
1,1,0.99999785
1,1,0.99999785
1,1,0.9999968
1,1,0.9997476
1,1,0.99999845
1,1,0.999998
0,1,0.9999968
1,1,0.99999714
1,1,0.9999962
1,1,0.9999981
1,1,0.9999918
0,0,2.1082813e-06
1,0,4.7750997e-05
1,0,0.012476174
1,1,0.99999774
0,0,1.0050431e-06
1,1,0.9999684
1,1,0.999998
1,1,0.99999726
0,0,1.2980594e-06
0,0,1.4884012e-06
1,1,0.99999845
1,1,0.99999857
0,0,0.0002999745
1,0,0.005321702
1,1,0.9999969
1,1,0.9999969
0,0,3.6231024e-06
1,1,0.9999976
1,0,0.00013521475
1,1,0.99999785
0,0,8.43618e-07
1,1,0.99999785
0,0,2.0829661e-06
1,1,0.9999962
1,1,0.99999726
1,1,0.9999982
1,1,0.9999987
1,1,0.9999981
1,1,0.9999982
1,1,0.99999785
1,1,0.9999945
1,0,2.0801193e-05
1,1,0.9999981
0,1,0.9998989
0,0,9.2870215e-07
0,0,0.45121258
1,0,0.0029157542
1,1,0.9999764
1,1,0.9999981
1,1,0.9999969
1,1,0.9999449
1,0,1.2493405e-06
1,1,0.99999607
0,0,1.8005356e-06
1,1,0.9999939
1,1,0.99997616
1,1,0.9999981
1,1,0.99999857
1,1,0.99999833
1,1,0.99999845
0,1,0.9137363
1,1,0.99999607
0,0,7.221866e-05
1,1,0.9999821
1,1,0.99297345
0,0,1.2355804e-06
1,1,0.99999845
1,1,0.99999833
1,1,0.9999982
1,1,0.9999939
1,1,0.99999857
1,1,0.999998
1,1,0.99998105
1,1,0.99998224
1,1,0.99999785
1,1,0.99999774
1,1,0.999998
0,0,1.0081294e-06
1,1,0.9999987
1,1,0.99999654
1,1,0.99982953
1,1,0.9999982
1,1,0.99999785
1,1,0.9999982
1,1,0.9107893
1,1,0.99999726
1,1,0.9999988
0,1,0.9983804
1,1,0.9999987
0,1,0.99515057
0,0,1.0373441e-06
1,1,0.99999726
1,1,0.99998856
1,1,0.999998
1,0,0.000761778
1,1,0.99998987
1,1,0.999997
1,0,0.00053604896
1,1,0.99999774
1,1,0.9999964
1,1,0.9999962
0,0,2.4036945e-06
1,1,0.99999774
1,1,0.99999845
0,1,0.86528766
1,1,0.9999974
1,1,0.9999982
0,1,0.9998652
1,1,0.9999982
1,1,0.9999987
1,1,0.9999964
1,1,0.9999981
1,0,1.9091558e-05
1,1,0.9999982
1,1,0.9999969
1,1,0.9999976
1,1,0.9999957
1,1,0.9999968
1,1,0.99999726
1,1,0.999998
1,1,0.9999987
1,1,0.99999774
1,1,0.9998785
1,0,0.47106934
1,1,0.9999949
1,0,9.882449e-06
1,1,0.9999982
1,1,0.9999976
1,1,0.99999857
1,1,0.9999975
1,1,0.99999046
1,1,0.9999958
0,1,0.793323
1,1,0.99999845
1,1,0.99999535
0,0,1.1871291e-06
1,1,0.9999976
1,1,0.99999833
1,1,0.9999981
0,0,1.6304318e-06
1,1,0.99999774
1,1,0.99999785
1,1,0.99999857
1,1,0.99999857
0,0,5.274697e-06
1,1,0.99999845
1,1,0.9999975
1,1,0.99999285
1,1,0.9999982
1,1,0.97326136
1,1,0.99999714
1,1,0.9999981
1,1,0.9905219
1,1,0.99999607
1,1,0.99999475
0,1,0.9999951
1,1,0.99999785
1,1,0.9999981
1,1,0.99999726
1,1,0.99998045
1,1,0.9999962
0,0,7.1760246e-07
1,1,0.99999726
1,1,0.99999654
1,1,0.9999982
0,0,6.6679595e-06
1,1,0.99991643
1,1,0.99999785
1,1,0.9999876
1,1,0.9999969
1,1,0.9996611
1,1,0.99999654
1,1,0.9999982
1,1,0.99999785
1,1,0.99999845
0,1,0.999992
0,0,0.00013431866
1,1,0.9997259
1,1,0.9999974
1,1,0.99999416
0,1,0.9919785
1,1,0.9999968
1,1,0.99999845
1,1,0.99978834
1,1,0.99999714
0,0,7.817773e-07
1,1,0.99999714
1,1,0.99998856
1,1,0.9999938
0,0,1.5867505e-06
1,1,0.91725874
1,1,0.99999833
1,1,0.99999654
1,1,0.9999987
1,1,0.9999982
1,1,0.99999547
0,1,0.999992
1,1,0.99999833
1,1,0.99999344
1,1,0.99999857
1,1,0.99999833
1,1,0.9999982
1,1,0.9999968
1,1,0.99999785
1,1,0.99999726
1,1,0.9999962
1,0,5.3473323e-06
1,1,0.9994173
1,1,0.9999472
1,1,0.9999981
1,1,0.9999981
1,1,0.9999962
1,1,0.9999981
0,0,2.4187862e-06
1,1,0.99999833
1,1,0.9999964
1,1,0.999992
1,1,0.99999833
1,1,0.999997
1,1,0.9999931
0,0,1.1054145e-06
1,1,0.99999523
1,1,0.999998
1,1,0.999998
1,1,0.99999785
1,1,0.99997866
1,1,0.999708
1,1,0.9999969
1,1,0.99999833
1,0,0.0001008099
1,1,0.9999976
1,1,0.999998
1,1,0.9999958
1,1,0.999998
1,1,0.99999726
1,1,0.9999974
1,1,0.99999726
1,1,0.9999982
1,1,0.99999547
1,1,0.9999981
1,1,0.99999845
1,1,0.99999785
0,1,0.9998374
1,1,0.99999726
1,1,0.9999976
1,1,0.999995
1,1,0.9999852
1,1,0.99999857
1,1,0.9999975
1,1,0.9999975
1,1,0.9999975
1,1,0.9999963
1,1,0.99999774
1,0,0.0514495
1,1,0.99999785
1,1,0.99999774
1,1,0.9999975
1,1,0.99999595
1,1,0.99999726
1,1,0.9999937
1,1,0.999997
1,1,0.99999857
1,1,0.99999666
1,1,0.999998
1,1,0.9999974
1,1,0.9999982
1,1,0.99999774
1,1,0.99999785
1,1,0.9999968
1,1,0.9727349
1,1,0.9999974
1,1,0.9999982
1,1,0.9999858
1,1,0.99999785
1,1,0.99999547
1,1,0.99999285
1,1,0.99999833
1,1,0.9999974
1,1,0.9999964
1,1,0.99999845
1,1,0.9999982
1,1,0.9999976
1,1,0.99999845
1,1,0.99999475
1,1,0.99999774
1,1,0.99999857
1,1,0.9999919
1,1,0.9999975
1,0,9.768181e-07
1,1,0.99999356
1,1,0.999998
1,1,0.9999968
1,1,0.99999285
1,1,0.9999969
0,0,7.8978957e-07
1,1,0.9999949
1,1,0.9999962
1,1,0.99999785
1,1,0.9999974
1,1,0.99999833
1,1,0.99999785
1,1,0.99999833
1,1,0.99999726
0,0,3.0640138e-06
1,1,0.99999845
1,1,0.99999774
1,1,0.99999833
1,1,0.99773467
1,0,5.453449e-05
1,0,0.09083791
1,1,0.99999213
1,1,0.99999857
1,0,1.1666849e-05
1,1,0.99999654
1,1,0.9999963
1,1,0.9999943
1,1,0.99999845
1,1,0.99999714
1,1,0.99999714
1,1,0.9999931
1,1,0.9999975
1,1,0.99999833
1,1,0.99999833
1,1,0.9999343
0,1,0.9999639
1,1,0.99999785
1,1,0.99999845
1,0,1.1450103e-06
1,1,0.9999975
1,1,0.99999654
1,0,6.0311304e-06
1,1,0.99999726
1,1,0.9208702
1,1,0.99999356
1,1,0.9999964
1,1,0.9999963
1,1,0.99999833
1,1,0.99999845
1,1,0.99999535
1,1,0.9999958
1,1,0.9999987
1,1,0.9999981
1,1,0.99998736
1,1,0.9999981
1,1,0.9999964
1,1,0.99999845
1,1,0.9999975
1,1,0.9999958
1,1,0.99999774
0,0,9.261196e-07
1,1,0.999998
0,0,1.1387422e-06
1,1,0.99999774
1,1,0.9999951
1,1,0.99999833
1,0,0.017924502
1,1,0.99999785
1,1,0.99999845
1,1,0.9999933
0,0,7.9278243e-07
1,1,0.9763164
1,1,0.99999714
1,1,0.9999976
1,1,0.99999857
1,1,0.99999845
1,1,0.9999883
1,1,0.99999845
1,1,0.9999976
1,1,0.99999785
1,1,0.9916483
1,1,0.999998
1,1,0.99999857
1,1,0.99999726
1,1,0.999998
1,1,0.9999976
1,1,0.9999975
1,1,0.9999981
1,1,0.99999785
1,1,0.9999975
1,1,0.9999958
1,1,0.99999833
0,0,0.48968852
1,1,0.9999982
1,1,0.9999924
1,1,0.99999166
1,1,0.99999774
1,1,0.9999962
1,1,0.99999833
1,1,0.999998
1,1,0.9999976
1,1,0.99999726
1,1,0.78977835
1,1,0.9999982
1,1,0.999998
0,0,6.870645e-07
1,1,0.9999572
0,0,0.0026393223
1,1,0.99999774
1,1,0.99999785
1,0,6.415477e-05
1,1,0.9999908
1,1,0.99999774
1,1,0.9999976
1,1,0.9999869
1,1,0.9999925
1,1,0.99999785
1,1,0.999998
1,1,0.9999287
1,1,0.9998416
0,0,1.3711639e-06
1,1,0.9999982
1,1,0.99999845
1,0,0.31332916
1,1,0.9988192
0,1,0.9999981
1,1,0.999941
1,1,0.99999845
0,0,1.0591798e-06
1,1,0.99999726
1,1,0.99999475
1,1,0.9999981
0,0,0.17516789
0,0,8.016243e-07
1,1,0.9998586
1,1,0.99999774
1,1,0.99999857
0,0,0.00011876261
1,1,0.99999774
1,1,0.999998
1,1,0.9999976
1,1,0.99999726
1,1,0.99999726
1,1,0.9909195
1,1,0.99999166
1,1,0.99997604
1,1,0.9999981
1,1,0.9760879
1,0,8.295231e-06
1,1,0.99999833
1,0,0.0562616
1,1,0.99999607
0,0,1.9889303e-06
1,1,0.99999666
1,1,0.9999975
1,1,0.9999945
1,1,0.99999785
1,1,0.9999976
1,1,0.9999974
1,1,0.9999981
0,0,8.969371e-07
1,1,0.9999944
1,1,0.9999876
1,1,0.99999785
1,1,0.9999982
0,0,7.9064944e-07
1,1,0.99999785
1,0,9.327675e-07
1,1,0.9999982
0,0,0.0011189204
1,0,0.002444919
1,1,0.90094095
1,0,8.5949665e-07
1,1,0.9999957
1,1,0.99999845
0,0,8.8321417e-07
1,1,0.9999987
1,1,0.9999925
1,1,0.9999974
1,1,0.9999982
1,1,0.999998
1,1,0.9999982
1,1,0.999998
0,0,0.0006988735
1,1,0.9999962
1,1,0.99999595
1,1,0.99999404
1,1,0.99999845
1,1,0.99999833
1,1,0.9999962
1,1,0.9999956
1,1,0.9999975
1,0,0.01842079
1,0,0.001983622
0,0,0.00211027
1,1,0.9999976
1,1,0.9999987
1,1,0.999997
0,0,1.0302966e-06
1,1,0.99999857
1,1,0.9999974
1,1,0.9999974
1,1,0.99999654
1,1,0.9999982
1,1,0.999997
1,1,0.99999845
1,1,0.9999974
1,1,0.9999981
1,1,0.9999871
0,0,1.726432e-06
1,1,0.99999833
1,1,0.9999981
1,1,0.99999857
1,1,0.9999957
1,1,0.99999833
1,1,0.99999297
1,1,0.9999981
0,0,8.0908274e-07
1,1,0.99999833
1,1,0.9999939
0,0,2.6154878e-06
1,1,0.99999607
1,1,0.9999982
0,0,8.2455995e-07
1,1,0.99999833
1,1,0.99999475
0,0,1.51307495e-05
1,1,0.9999987
1,1,0.99999785
1,1,0.9999963
1,1,0.99999714
0,0,0.00016624821
1,1,0.999998
0,0,0.064913616
1,1,0.99999726
1,1,0.9999976
1,1,0.99999714
1,1,0.999998
1,1,0.99998736
1,1,0.99999833
1,1,0.9999974
0,0,3.1140762e-06
1,1,0.99999666
0,1,0.99997926
1,1,0.9999969
1,1,0.9999981
1,1,0.99999666
1,1,0.9999982
1,1,0.999998
1,1,0.9999974
1,1,0.9999975
1,1,0.99999833
1,1,0.9999969
1,1,0.9999969
0,0,6.296613e-06
1,1,0.9999968
1,1,0.99999857
1,1,0.9999982
1,1,0.9999949
1,1,0.99999285
1,1,0.9999821
0,1,0.99994373
1,1,0.9999974
1,1,0.99999833
1,1,0.99999547
0,0,0.00028852833
1,1,0.9999963
1,1,0.99999774
0,1,0.9999757
1,1,0.99999845
1,1,0.99999833
1,1,0.99999833
1,1,0.99999845
1,1,0.9999981
1,0,9.73577e-05
0,1,0.9999548
1,1,0.9999958
1,1,0.9999976
1,1,0.9999957
1,1,0.99999845
1,1,0.99999404
1,1,0.99999857
1,1,0.999997
1,1,0.9999969
1,1,0.99999833
1,1,0.99999726
1,1,0.999997
0,0,8.828404e-06
1,1,0.999998
1,1,0.66878366
1,1,0.999998
1,1,0.99999666
1,0,3.0857902e-06
1,1,0.9999975
1,1,0.9999888
1,1,0.9999974
1,1,0.999998
1,1,0.9999975
1,1,0.9999982
1,1,0.99999833
1,1,0.99999726
1,1,0.9999974
1,1,0.9999987
1,1,0.9996382
1,1,0.99999285
1,1,0.9999976
1,1,0.99999785
1,1,0.99995625
1,1,0.9999335
1,1,0.99999833
1,1,0.999998
1,1,0.99999785
0,0,1.2689467e-06
1,1,0.99999774
1,1,0.9999976
1,1,0.9999981
0,0,0.005854099
1,0,0.026685122
1,1,0.9999982
1,1,0.9999963
1,1,0.9999981
1,1,0.9999987
0,1,0.9999367
0,0,2.2759373e-06
1,1,0.999998
1,1,0.99999845
1,1,0.9999957
1,1,0.99999833
1,1,0.9999982
1,1,0.9999982
1,1,0.9999964
1,1,0.9999877
1,1,0.9999975
1,0,1.4125335e-06
1,1,0.9999982
1,1,0.99975485
1,1,0.9999976
0,0,1.124791e-06
1,1,0.99999833
1,1,0.9999968
1,1,0.9999974
1,1,0.9835729
1,1,0.9999957
1,1,0.9999871
1,1,0.9999782
1,1,0.9999962
1,1,0.99999666
1,1,0.9999982
0,1,0.99991286
1,1,0.99999833
1,1,0.99999845
1,1,0.9999964
1,1,0.9999976
0,1,0.99923956
1,1,0.99999857
1,1,0.9999739
1,1,0.9999982
1,1,0.99999547
1,1,0.999998
1,1,0.999998
1,1,0.9999976
1,1,0.99999535
1,1,0.99999166
1,1,0.9999974
1,1,0.99999845
1,1,0.9999982
1,1,0.999998
1,0,0.004588991
1,1,0.9999907
1,1,0.99999857
1,1,0.99999857
1,1,0.9999956
1,1,0.9999975
1,0,0.025269348
1,1,0.99999726
1,1,0.9999975
1,1,0.9999976
1,1,0.9999969
0,1,0.999479
1,1,0.9999976
1,1,0.99999714
1,1,0.99999845
1,1,0.99999607
1,1,0.99999774
0,0,6.906797e-07
1,1,0.9999976
1,1,0.9999982
1,1,0.99999774
0,1,0.9999931
0,0,1.37529905e-05
1,1,0.99999785
0,0,7.1600283e-07
1,1,0.9997789
1,1,0.99999726
1,1,0.99999833
0,1,0.99999094
1,1,0.99999774
1,1,0.9999976
1,1,0.9999893
0,0,7.7509964e-07
0,0,1.3123927e-06
1,1,0.9999976
1,1,0.999995
1,1,0.99999785
1,1,0.9999976
1,1,0.9999982
1,1,0.99999833
1,1,0.99999833
1,1,0.9999981
1,1,0.99999285
1,1,0.99999857
1,1,0.9999982
1,1,0.9999975
1,1,0.99999714
1,1,0.99999726
1,1,0.9999982
0,0,1.1635653e-06
0,0,7.9337235e-07
1,1,0.99940324
1,1,0.99999297
1,1,0.99999857
1,1,0.9999968
1,0,7.080241e-05
1,1,0.9999962
1,1,0.99999774
0,1,0.9988734
1,1,0.9999974
1,1,0.9999975
1,1,0.9999987
1,0,0.062366486
1,1,0.99999833
1,1,0.9999976
1,1,0.9999827
1,1,0.9999976
1,1,0.9999964
1,1,0.9999956
1,1,0.99999523
0,1,0.58569884
1,1,0.9998485
0,0,0.00017103367
0,0,0.00014482331
1,1,0.9999974
1,1,0.99999666
1,1,0.99999094
1,1,0.99999654
1,1,0.99999857
1,1,0.9999975
1,1,0.9999963
0,0,1.1164955e-06
1,1,0.99999774
1,1,0.9999974
0,0,0.04908235
1,1,0.9999801
1,1,0.9999982
0,0,9.3206586e-07
1,1,0.9999968
1,1,0.99999857
1,1,0.9999982
1,1,0.9999975
1,1,0.999998
1,1,0.99999666
1,1,0.999998
1,1,0.99958366
0,1,0.9999776
1,1,0.9999981
0,0,8.5429116e-07
1,1,0.999998
1,1,0.9999938
1,1,0.9999968
1,0,0.00038324852
1,1,0.9999975
1,1,0.99984646
0,1,0.91842264
1,1,0.99999857
1,1,0.99999785
1,1,0.9999987
1,1,0.9999943
1,1,0.9999981
0,0,2.1762717e-05
1,0,8.999687e-06
1,1,0.9999981
1,1,0.99999785
1,1,0.99999726
1,1,0.99999785
1,1,0.999997
1,1,0.9999981
0,1,0.9999665
1,1,0.9999974
0,0,0.049124155
1,1,0.9999951
0,0,1.6054761e-06
1,1,0.99999833
1,1,0.8845073
1,1,0.99999785
1,1,0.9999975
1,1,0.99999523
1,1,0.9999958
1,1,0.9999982
1,0,0.00020429974
1,1,0.9999988
1,1,0.9887967
1,1,0.5924093
1,1,0.9999981
1,1,0.9999976
1,1,0.99999785
1,1,0.9999976
1,1,0.9999987
1,1,0.9999982
1,1,0.999997
1,1,0.9999981
1,0,2.9520415e-05
1,1,0.9999968
1,1,0.99999833
1,1,0.9994337
1,1,0.9999987
1,1,0.9999962
1,1,0.99999774
1,1,0.99999785
1,1,0.9983492
1,1,0.9799875
1,1,0.99724954
1,1,0.99999785
1,1,0.99868006
1,1,0.99998844
0,0,8.968165e-07
1,1,0.99999535
1,1,0.99999845
1,1,0.9999814
1,1,0.9999976
1,1,0.9999976
1,1,0.999997
1,1,0.99999857
1,1,0.9974769
0,0,2.02529e-06
1,1,0.99999833
1,1,0.9999981
1,1,0.9983364
1,1,0.9999969
1,1,0.99999833
1,1,0.99999785
1,1,0.9999312
1,1,0.9999974
1,1,0.9999969
1,1,0.9999962
1,1,0.99999595
1,1,0.99999785
1,1,0.99999785
1,1,0.9999974
1,1,0.9999981
1,1,0.9999974
1,1,0.9999982
1,1,0.9999974
1,1,0.99998665
1,1,0.98859334
1,1,0.99998844
1,1,0.999998
1,1,0.99999774
0,0,2.0982961e-06
1,1,0.9999939
0,0,0.0055608233
1,1,0.9999981
1,1,0.99999833
1,1,0.9999981
1,1,0.9999982
0,0,0.00013560946
0,0,0.00042459692
1,1,0.99999785
1,1,0.99999356
1,1,0.99999833
1,1,0.99999344
1,1,0.999998
1,1,0.99999785
1,0,0.061516028
1,1,0.9999981
1,1,0.9999974
1,1,0.9999831
1,0,1.1818251e-05
1,0,6.341052e-05
1,1,0.99992657
1,1,0.99999857
0,0,9.768429e-05
0,1,0.99911314
1,1,0.9999981
1,1,0.99999726
0,1,0.9974496
1,1,0.99999833
1,1,0.9999968
1,1,0.9999957
1,1,0.99999845
1,1,0.99999774
1,1,0.9999981
1,1,0.9999795
1,1,0.9999982
1,1,0.99999714
1,1,0.9999974
1,1,0.99999595
1,1,0.9999982
1,1,0.99999785
1,1,0.99998176
1,1,0.9926293
1,1,0.99999714
1,1,0.9999976
1,1,0.9999981
0,0,1.0138891e-06
1,1,0.99999833
1,1,0.9999938
1,1,0.9999981
1,1,0.9999968
1,1,0.9999937
1,1,0.9999944
1,1,0.99629897
1,1,0.99999833
1,1,0.99992335
1,0,1.0456805e-06
1,1,0.99999535
1,0,7.6899374e-07
1,1,0.99999774
1,1,0.9999974
0,0,2.0794965e-05
1,1,0.99999714
1,1,0.9999982
1,1,0.9999975
1,1,0.9999975
1,1,0.99999845
0,0,9.886728e-07
1,1,0.9999974
0,0,1.1968006e-06
1,1,0.999998
0,0,4.703583e-06
0,0,9.0007245e-07
1,1,0.9999696
1,1,0.99999714
1,1,0.9999981
1,1,0.9999982
1,1,0.9999968
1,1,0.99999666
1,1,0.9999968
1,1,0.99999785
1,1,0.9999981
1,1,0.999992
1,1,0.9999939
1,0,0.000120109784
1,1,0.9999976
1,1,0.99999774
1,1,0.9999975
1,1,0.9999982
0,0,7.5383394e-07
1,1,0.9999962
1,1,0.99999785
1,1,0.9999968
0,0,6.662099e-06
1,1,0.9999981
1,1,0.9999981
1,1,0.9999988
1,1,0.99999833
1,1,0.99999833
1,1,0.9999981
1,1,0.9999943
1,1,0.9999987
1,1,0.99999833
1,1,0.9999982
0,0,7.501795e-06
0,0,7.582945e-05
1,0,3.0666185e-06
1,1,0.99999404
1,1,0.99999785
1,1,0.99999857
1,1,0.99999774
1,1,0.99999833
0,0,1.0326005e-06
0,0,8.989152e-07
0,0,1.978376e-06
1,1,0.9999969
1,1,0.9999974
1,1,0.9999982
1,1,0.99999523
1,1,0.99999845
1,1,0.99999547
1,0,0.030236643
1,1,0.99999154
1,1,0.99999845
1,1,0.99999654
1,1,0.99999845
1,1,0.9999963
1,1,0.99999845
1,1,0.9999982
1,1,0.9999975
1,1,0.999956
1,1,0.9999964
1,1,0.99999714
1,1,0.99998355
1,1,0.99999845
1,1,0.99999714
1,1,0.9999871
1,1,0.99999654
1,0,1.9670656e-06
1,0,2.305749e-05
1,1,0.9999981
1,0,0.34665978
1,1,0.999985
1,1,0.99999833
1,1,0.9999981
1,1,0.999997
1,1,0.99999785
1,1,0.99999785
1,1,0.99999595
1,1,0.99999726
0,1,0.99994016
1,1,0.9999982
1,1,0.9999981
1,1,0.99999344
1,1,0.9999981
0,0,1.9509152e-06
1,0,2.7362741e-05
1,1,0.9999981
1,1,0.99999785
1,1,0.99999833
1,1,0.99999833
0,0,1.0219309e-06
1,1,0.9999969
0,1,0.9999447
1,1,0.999997
1,1,0.999998
1,1,0.99999785
0,0,0.042480223
1,1,0.9999982
0,0,1.2784992e-06
1,1,0.9999987
1,1,0.99999654
1,1,0.99999774
1,1,0.9999981
1,1,0.9999982
1,1,0.9999982
1,1,0.9999982
1,1,0.9999951
1,1,0.99999845
1,1,0.9999889
1,1,0.9998111
1,1,0.99997747
1,1,0.999998
1,0,9.234167e-05
1,1,0.99999833
1,1,0.99999845
0,1,0.999987
1,1,0.9999982
1,1,0.9999975
1,1,0.9999974
1,1,0.9999987
1,1,0.9999981
1,1,0.9999982
1,1,0.99999714
1,1,0.9999527
1,1,0.9999981
1,1,0.9999981
0,1,0.98317516
1,1,0.99999714
1,1,0.99999833
1,0,0.00650659
1,1,0.9998896
1,1,0.9999969
1,1,0.99999666
1,1,0.9999976
1,1,0.9999969
1,1,0.9999982
1,1,0.999997
1,1,0.99999845
1,1,0.99999297
1,1,0.9999982
1,0,1.0364137e-06
1,1,0.9924972
1,1,0.99999356
1,1,0.99999833
1,1,0.9999981
1,1,0.9999974
0,0,7.46091e-07
0,0,1.7086942e-06
1,1,0.9999366
1,1,0.99999654
0,1,0.9999491
1,1,0.9999987
1,1,0.99999833
1,1,0.9999981
1,1,0.998922
1,0,4.188445e-06
1,1,0.9999976
1,1,0.9999963
0,1,0.61528283
1,1,0.99999833
1,0,0.010913259
0,1,0.99976283
1,1,0.9999982
1,1,0.9999982
1,0,0.06280943
1,1,0.9999987
1,1,0.99999774
0,1,0.999992
1,1,0.9999975
1,1,0.99999833
1,1,0.9999976
1,1,0.99999523
1,1,0.99999833
1,1,0.99936897
1,1,0.99999475
1,1,0.9999982
1,1,0.9999982
1,1,0.99999833
1,1,0.9999949
1,1,0.9999809
1,1,0.999998
1,1,0.9999976
1,1,0.9999982
1,1,0.9999045
1,0,1.3566505e-06
1,1,0.9999963
1,1,0.9999974
0,0,3.5910937e-06
1,1,0.999977
1,1,0.99995005
1,1,0.99999475
1,1,0.99999845
1,1,0.9266258
1,1,0.999998
1,1,0.999998
1,1,0.99999845
1,1,0.9999982
1,1,0.99999547
1,1,0.999998
1,1,0.9999981
1,1,0.9999975
1,1,0.9999982
1,1,0.9999982
1,1,0.9999943
0,0,1.922661e-06
0,0,1.5263007e-06
1,1,0.99999726
1,1,0.9999982
1,1,0.99999666
1,1,0.9684812
1,1,0.99996305
1,1,0.9999975
1,1,0.9999957
1,1,0.99929965
1,1,0.99999857
1,1,0.99999774
1,1,0.99999845
1,1,0.9999962
1,1,0.99999785
1,0,0.042015754
1,1,0.99999714
1,0,8.142192e-06
1,1,0.99999857
1,1,0.9999975
1,1,0.9999982
1,1,0.9999975
0,0,7.522483e-07
0,0,1.6220156e-05
1,1,0.9999962
1,1,0.9999962
1,1,0.99999726
0,0,8.384535e-07
1,0,0.00131082
0,1,0.9991208
1,1,0.9999974
1,1,0.9999889
1,1,0.9999938
1,1,0.9999931
1,1,0.999998
1,1,0.99999785
1,1,0.99999774
1,1,0.9999968
1,1,0.999998
1,0,1.261368e-05
1,1,0.99995923
1,1,0.9999987
1,1,0.99999845
1,1,0.99999857
1,1,0.999997
1,1,0.99999774
1,1,0.99999785
0,0,3.207949e-06
1,1,0.99994826
1,1,0.9999944
1,1,0.9999976
1,1,0.99999654
1,1,0.9999976
1,1,0.99999714
1,1,0.9999907
0,0,1.0180011e-06
1,1,0.999998
1,1,0.9999932
1,1,0.9999832
1,1,0.9999974
1,1,0.99999213
1,1,0.9999925
1,1,0.99999833
1,1,0.9999974
1,1,0.9999975
0,0,0.006093555
0,0,2.9805871e-05
1,1,0.9999982
1,1,0.9999987
1,1,0.9991032
1,1,0.9999902
1,1,0.99999404
1,1,0.99999845
1,1,0.99999785
1,1,0.9999949
1,1,0.9999982
0,0,9.257653e-06
1,1,0.99999726
1,1,0.99999833
1,1,0.99998593
1,0,0.019871056
1,1,0.99999726
1,1,0.9999987
1,1,0.9999976
1,1,0.7385239
1,1,0.999997
1,1,0.9999882
1,1,0.99999547
1,1,0.9999981
1,1,0.9999956
1,1,0.999998
1,1,0.9999981
1,1,0.9999982
1,1,0.99999607
0,0,6.2425975e-06
1,1,0.99999833
1,1,0.9999975
1,1,0.99999774
1,1,0.99999833
1,0,1.24746e-05
0,0,3.9376614e-06
1,1,0.999998
0,0,1.0520603e-06
0,0,1.8426118e-06
0,1,0.9999807
1,1,0.99999845
1,1,0.9999969
1,1,0.9999951
1,1,0.99929273
1,1,0.99999774
1,1,0.99999666
0,0,0.00019172668
1,1,0.9999969
0,0,1.7199029e-06
1,1,0.99999845
1,1,0.9999924
1,1,0.9999975
1,1,0.9999957
1,1,0.999998
1,1,0.9999982
1,1,0.99999785
1,1,0.9999987
1,1,0.9999987
0,0,5.7504287e-05
1,1,0.9999981
1,1,0.9999974
1,1,0.99999344
1,1,0.99999833
0,0,0.00013676797
1,1,0.99998283
1,1,0.9999963
1,1,0.9999968
1,1,0.99999845
1,1,0.9999982
0,0,1.1453184e-06
1,1,0.99998593
1,1,0.9999957
1,1,0.99999833
1,1,0.99999654
1,1,0.9999981
1,1,0.99999785
1,1,0.9999982
1,1,0.99999785
1,1,0.9999968
1,1,0.9999975
1,1,0.999998
1,1,0.999998
1,1,0.9999938
1,1,0.9999982
1,1,0.9999987
1,1,0.9999976
1,1,0.9999982
1,1,0.9999962
1,1,0.99999845
1,1,0.99999595
1,1,0.9999958
1,1,0.99999595
1,1,0.99999785
1,0,2.069429e-06
1,1,0.99999845
0,0,4.9134574e-06
1,0,0.028057273
1,1,0.9999981
1,1,0.99999785
1,1,0.7874795
0,0,8.803844e-07
1,1,0.9997892
0,0,1.0438482e-06
0,0,5.906295e-06
1,1,0.9999958
1,1,0.9999969
1,1,0.9999982
1,1,0.99999285
1,1,0.9999974
1,1,0.9994802
1,1,0.99997747
1,1,0.999997
0,1,0.99998975
1,1,0.9996376
1,1,0.99999774
1,1,0.99999785
1,1,0.999998
1,1,0.99999714
1,1,0.9999982
1,1,0.9999975
1,1,0.99999857
0,0,0.0058596414
1,1,0.99999726
1,1,0.999998
1,1,0.99999714
1,1,0.99999774
1,1,0.99999785
0,0,2.7925696e-06
1,1,0.99999845
1,1,0.9999987
1,1,0.99999857
1,1,0.9999976
1,1,0.99999523
1,1,0.99999785
1,1,0.99999774
1,1,0.9999869
1,0,1.739249e-06
1,1,0.9999982
1,1,0.999997
1,1,0.999997
1,1,0.99999833
1,1,0.99999857
1,1,0.99999833
1,1,0.99999607
1,1,0.99999845
1,1,0.99999833
1,1,0.999998
1,1,0.99999356
1,1,0.9999933
1,1,0.99999785
1,1,0.9999976
1,1,0.99999857
1,1,0.9999981
1,1,0.99999845
1,1,0.99999654
1,1,0.99999607
1,1,0.99999475
1,1,0.9999958
1,1,0.9999975
1,1,0.99999833
1,1,0.99999785
1,1,0.9999964
1,1,0.999997
1,1,0.6355128
1,1,0.99999464
1,1,0.99999464
1,1,0.9999876
1,1,0.99999774
1,1,0.9999926
1,1,0.99999845
1,1,0.99999666
1,1,0.9999974
1,1,0.99999857
1,1,0.9999958
1,1,0.99999726
1,1,0.99999666
1,1,0.99999785
1,1,0.99999726
1,1,0.9999931
1,1,0.999998
1,1,0.99999607
1,1,0.9999857
1,1,0.99999845
1,1,0.99999833
1,1,0.9999895
1,1,0.99999416
1,1,0.99713033
1,1,0.99999833
1,1,0.9999677
1,1,0.9999981
1,1,0.99870944
1,1,0.9999951
1,1,0.99999416
1,1,0.99998236
1,1,0.99999666
1,1,0.99999833
1,1,0.9999982
1,1,0.9999976
0,0,1.0730969e-06
1,1,0.9999976
1,1,0.9999956
1,1,0.9999906
1,1,0.9999975
1,1,0.999997
0,0,1.6932755e-06
0,0,6.306059e-06
1,1,0.99999607
0,0,1.1473518e-06
1,1,0.99999726
1,1,0.99166846
1,1,0.99999654
1,1,0.99999833
1,1,0.99999833
1,1,0.99999845
1,0,2.4581395e-06
1,1,0.99999845
0,0,9.730952e-07
1,1,0.99997807
1,1,0.99999726
1,1,0.99999785
1,1,0.999998
1,1,0.9999987
1,1,0.9999982
1,1,0.99999845
1,1,0.99999726
1,1,0.999998
1,1,0.99999833
1,1,0.9999974
1,0,2.1751535e-05
1,1,0.9999976
1,1,0.99966645
1,1,0.9999964
1,1,0.99999785
0,1,0.98106766
1,1,0.99999416
1,1,0.9999982
1,1,0.99999666
1,1,0.9999976
1,1,0.9999938
1,1,0.99998665
0,0,0.41538894
1,1,0.99627006
1,1,0.999772
1,1,0.9999982
1,1,0.9999968
1,1,0.99999785
1,1,0.999998
1,1,0.99999726
1,1,0.99999857
1,1,0.9008172
1,1,0.9999958
1,1,0.9999964
1,1,0.9999975
1,1,0.999997
1,1,0.9999981
1,1,0.9999981
1,1,0.9999974
1,1,0.99999833
1,1,0.99999595
1,1,0.99999833
1,1,0.9999602
1,1,0.96073204
1,1,0.9999981
0,0,9.4670673e-07
1,1,0.99977463
1,1,0.99999857
0,1,0.99994457
1,1,0.9999964
1,1,0.9999964
0,0,0.003145022
1,1,0.9999864
0,0,1.3914148e-05
1,1,0.99999845
1,1,0.9999974
1,1,0.99933654
1,1,0.99999785
1,1,0.99999857
1,1,0.9999974
1,0,0.18305023
1,1,0.999998
1,1,0.999998
1,1,0.99999297
1,1,0.9998722
1,1,0.99999774
1,1,0.99999774
1,1,0.9999982
1,1,0.9999964
1,1,0.999998
1,1,0.99999356
1,1,0.99999774
1,1,0.999998
1,1,0.9999981
1,1,0.99999523
1,1,0.9999968
1,1,0.9999987
1,1,0.99999595
1,1,0.99999666
1,1,0.99998045
1,1,0.99999845
1,1,0.99999344
1,1,0.9999443
1,1,0.99999774
1,1,0.9999968
1,1,0.9999969
1,1,0.9999944
0,0,1.2784578e-06
1,1,0.99999726
1,1,0.99999726
0,0,1.7273658e-06
1,1,0.9999975
1,1,0.9999975
1,1,0.9999982
1,1,0.9999981
1,1,0.99999833
1,1,0.9999974
1,1,0.9999968
1,1,0.9999981
0,0,1.1689185e-06
1,1,0.99999845
0,1,0.794173
1,1,0.99999785
0,1,0.96996385
1,1,0.999997
1,1,0.9999969
0,0,0.00064414524
1,1,0.99999785
1,1,0.9999951
1,1,0.99999857
1,1,0.97028315
1,1,0.9999982
1,1,0.99999726
1,1,0.99999833
1,1,0.9999975
1,1,0.99999774
1,1,0.99997604
1,1,0.99999785
1,1,0.99999607
1,1,0.999997
1,1,0.9999976
1,1,0.9999982
1,1,0.99999845
1,1,0.9999974
0,0,0.00027210012
1,1,0.99999785
1,1,0.9999974
1,1,0.99999857
0,0,7.9023255e-07
0,0,2.6348847e-05
0,0,7.8320113e-07
1,1,0.9999981
1,1,0.99999833
1,1,0.99999845
1,1,0.99999845
1,1,0.99999833
1,0,0.2092016
0,0,0.0033461747
1,1,0.999997
1,1,0.99999845
1,1,0.99999464
1,1,0.99999833
1,0,0.033971075
1,1,0.99999845
1,1,0.9999937
1,1,0.9999969
1,1,0.9999981
0,0,8.890155e-07
1,1,0.99999654
1,1,0.99999845
1,1,0.999998
1,1,0.999998
1,1,0.9999981
1,1,0.99999845
1,1,0.99999845
1,1,0.99999607
0,0,1.9828112e-06
0,0,7.9983056e-07
1,1,0.9999974
1,1,0.99999845
0,0,1.0790571e-06
1,1,0.9999958
1,1,0.99999857
1,1,0.999998
1,1,0.99999666
1,1,0.99997663
0,0,1.2730425e-06
1,1,0.99999857
1,1,0.9999963
1,1,0.9999968
1,1,0.9999893
1,1,0.9999982
1,1,0.99999666
1,1,0.9999963
1,0,0.2570699
1,1,0.99999726
1,1,0.9999982
1,1,0.9999225
1,1,0.99999356
1,1,0.99999833
1,1,0.99999785
1,1,0.9999927
1,1,0.9999982
1,1,0.9999982
1,1,0.9999974
1,1,0.99999833
1,1,0.99994695
1,1,0.99999714
1,1,0.99999833
1,1,0.99999785
1,1,0.9999982
0,0,1.0038793e-06
1,1,0.99999857
1,1,0.99989116
1,1,0.9999981
1,1,0.99999857
1,1,0.99999833
1,1,0.9999982
1,1,0.99999833
1,1,0.99999845
1,1,0.99993527
1,1,0.9999472
1,1,0.9999908
1,1,0.9999931
1,1,0.9999975
1,1,0.99999785
1,1,0.9999975
0,0,0.0029698252
1,1,0.99999726
1,1,0.99999857
1,1,0.9999976
1,1,0.99997246
1,1,0.9999968
0,0,0.035323996
1,1,0.99999726
1,1,0.99999845
1,1,0.99999857
1,1,0.99999774
1,1,0.99999726
0,0,1.737941e-05
1,1,0.9999981
1,1,0.999998
1,1,0.9999926
1,1,0.9999919
0,0,1.1818202e-06
1,1,0.9999974
1,1,0.9999974
1,1,0.9999962
1,1,0.9999981
1,1,0.9999969
1,1,0.999997
1,1,0.99999547
1,1,0.999998
1,1,0.999998
1,1,0.9998288
1,1,0.99999726
1,1,0.9999981
1,1,0.999998
0,0,7.593841e-07
0,0,6.9254056e-05
1,1,0.9999982
1,1,0.99999857
1,1,0.9999958
1,1,0.99999857
1,1,0.9999629
1,1,0.9999976
1,1,0.99999774
1,1,0.9999981
1,1,0.99999475
1,1,0.99999857
1,1,0.99999785
1,1,0.99999845
1,1,0.9999975
1,1,0.9999949
1,1,0.99999666
1,1,0.99999774
1,1,0.9999975
1,1,0.9999907
1,1,0.9999974
1,1,0.9999963
1,1,0.99999774
1,1,0.99999857
1,1,0.9999969
1,1,0.9999987
1,1,0.99999356
1,1,0.9999981
1,1,0.999998
1,1,0.9999982
1,1,0.99999833
1,1,0.99999654
1,1,0.9999982
1,1,0.9999981
1,1,0.92440885
1,1,0.99999845
1,1,0.999998
1,1,0.99999404
1,1,0.9999982
1,1,0.99999833
1,1,0.9999987
1,1,0.99998784
1,1,0.99999464
1,1,0.9999939
1,1,0.9999981
1,1,0.99999833
1,1,0.9999974
0,1,0.9999894
1,1,0.9999975
1,0,9.698501e-06
1,0,0.0029018442
1,1,0.9995689
1,1,0.99999785
1,1,0.9999982
1,1,0.9999968
1,0,0.13760369
1,1,0.9999982
1,1,0.9999982
1,1,0.99999785
1,1,0.9999466
1,1,0.99999857
1,1,0.999995
1,1,0.99999857
0,0,0.011520975
0,0,0.14986303
1,1,0.9999958
0,0,0.018296978
1,1,0.99999714
1,0,0.0015064771
1,1,0.99999714
1,0,3.219632e-06
0,0,1.4263641e-06
1,1,0.99996436
1,1,0.99999774
1,1,0.999998
1,1,0.99999607
1,1,0.9999801
1,1,0.9999981
1,1,0.999997
1,1,0.9999976
1,1,0.9999932
1,1,0.99999845
0,0,1.2957255e-06
1,1,0.99999785
1,1,0.9999968
1,1,0.999998
1,1,0.9999982
1,1,0.99999857
0,0,7.076011e-07
1,1,0.9999931
1,1,0.99999845
1,0,7.2786715e-06
0,0,1.3081641e-06
1,1,0.9999962
0,1,0.98199296
0,1,0.9974475
1,1,0.9999882
0,0,3.1834547e-06
1,1,0.999997
1,1,0.99999726
1,1,0.9999982
1,1,0.9999907
1,1,0.99999535
1,1,0.9999981
1,1,0.99999857
1,1,0.9999957
1,1,0.9999982
1,1,0.99999833
1,1,0.9999963
1,1,0.9999958
0,1,0.9907244
1,1,0.99999857
1,1,0.99999666
0,0,5.484361e-06
1,1,0.99999774
1,1,0.9999261
1,1,0.9999982
1,1,0.9999969
1,1,0.9999974
0,0,1.0864816e-06
1,0,9.900364e-05
0,0,3.4747538e-06
1,1,0.99999833
1,1,0.9999958
1,1,0.99999726
1,1,0.9999974
1,1,0.999998
1,1,0.9999976
1,1,0.9999975
1,1,0.9996302
1,1,0.99999785
1,1,0.99999535
1,1,0.99814904
1,1,0.9999968
0,0,1.0622621e-06
1,1,0.99999845
1,1,0.99999833
1,1,0.9999957
1,1,0.9999981
1,1,0.99999785
1,1,0.9999944
1,0,0.010744635
1,1,0.999998
1,1,0.99999726
1,1,0.99999666
0,0,2.2976692e-06
1,1,0.99999785
1,1,0.9999982
1,1,0.99999785
1,1,0.9999963
0,0,1.387254e-06
0,0,8.900547e-07
1,1,0.99999785
1,1,0.99998796
1,1,0.9999982
1,1,0.99999857
1,1,0.99999
1,1,0.99999857
0,0,1.0093859e-06
0,1,0.99999785
1,1,0.9999969
1,1,0.9789667
1,1,0.99999845
1,1,0.9999963
1,1,0.99998176
0,0,1.4200853e-06
1,1,0.9999975
1,1,0.9999981
1,1,0.999998
1,1,0.9999918
0,1,0.99999547
0,0,2.9672078e-06
1,1,0.99999785
0,0,6.191344e-07
1,1,0.9999982
1,1,0.99999785
1,1,0.9999709
1,1,0.9999981
1,1,0.99999475
1,0,3.770474e-06
0,0,6.7664934e-07
1,1,0.99999595
1,1,0.999997
1,1,0.9999976
0,0,1.1951546e-06
1,1,0.9999912
1,1,0.9999976
1,1,0.99999726
1,1,0.99999714
1,0,0.053032838
0,0,2.6462174e-06
1,1,0.99999726
1,1,0.99999833
1,1,0.99999595
1,1,0.99999547
1,1,0.999987
0,0,1.0212527e-06
1,1,0.9999981
1,1,0.9999975
1,1,0.99999726
1,1,0.9999974
1,1,0.99999833
1,1,0.9999982
0,0,3.2026237e-06
1,1,0.9999752
1,1,0.9999964
1,1,0.99999833
1,1,0.9999882
1,0,2.9166767e-06
1,1,0.9999752
1,1,0.9999963
1,1,0.99999857
1,1,0.99999833
1,1,0.9999982
0,0,5.700917e-06
1,1,0.99999785
1,0,0.06345252
1,1,0.9999982
1,1,0.9999939
1,1,0.99999726
1,1,0.99999774
1,1,0.99998295
1,1,0.999998
1,1,0.99999774
1,1,0.9999392
1,1,0.99999857
1,1,0.9999981
0,0,9.994784e-06
1,1,0.9999974
1,1,0.99999833
1,1,0.9981323
1,1,0.99999213
0,1,0.99995685
0,0,0.00017493704
1,1,0.9999982
1,1,0.99999774
0,0,8.9607096e-07
1,1,0.99999833
1,1,0.9999962
1,1,0.999998
0,1,0.99788314
1,1,0.999998
1,1,0.9999975
1,1,0.99999666
1,1,0.9999976
0,0,1.2115468e-06
1,1,0.99999857
1,1,0.9999982
1,1,0.99999845
1,1,0.99999833
0,0,3.3592914e-05
1,1,0.99999833
1,1,0.9999976
0,0,1.8000952e-05
1,1,0.9992884
1,1,0.9999075
0,1,0.9998982
0,0,1.0294491e-06
1,1,0.99999726
1,1,0.9999945
1,1,0.99992704
1,1,0.99999833
0,0,1.3740017e-06
1,1,0.999998
0,0,1.5813936e-06
0,0,1.1200159e-06
1,1,0.9999975
0,0,7.5387277e-07
1,1,0.9999969
1,1,0.99999404
1,1,0.99999726
1,1,0.9993861
1,1,0.99999833
1,1,0.9999969
1,1,0.9999982
1,1,0.9999981
1,1,0.9999981
1,1,0.99998367
1,1,0.99999785
1,1,0.9999975
0,0,8.301422e-07
1,1,0.99999464
1,1,0.99999845
1,1,0.9999958
1,1,0.9999982
0,1,0.9999629
1,0,1.1413495e-06
1,1,0.99999785
1,1,0.9999987
0,0,1.0394492e-05
1,1,0.9999945
1,1,0.9999974
1,0,2.3218665e-06
1,1,0.99999726
1,1,0.9999964
1,1,0.99999845
1,1,0.9999962
0,0,3.2342375e-06
1,1,0.99999785
0,0,9.941349e-07
1,1,0.9999949
1,1,0.99999714
1,1,0.99999714
1,1,0.999998
1,1,0.99999416
0,0,3.7884236e-06
0,0,6.477007e-06
1,1,0.9999976
1,1,0.99999666
1,1,0.9999958
1,1,0.9999831
1,1,0.999997
0,1,0.9999939
1,1,0.99999726
1,1,0.9999981
1,1,0.9999963
1,1,0.9999982
1,1,0.9999963
1,1,0.9999974
1,1,0.9999256
0,1,0.99820864
1,1,0.9999976
1,1,0.999997
1,1,0.99999845
0,0,6.149919e-06
1,1,0.99999714
1,1,0.9999976
1,1,0.9999666
0,0,1.0575063e-06
1,1,0.99999535
1,1,0.9999949
1,0,9.335088e-07
1,1,0.9999976
0,0,5.3643716e-06
1,1,0.99999464
1,1,0.9999927
1,1,0.999998
1,1,0.999998
1,1,0.9999981
1,0,4.097801e-06
1,1,0.99999464
1,1,0.99999666
1,1,0.99999833
1,1,0.999995
0,0,1.6062112e-06
1,1,0.99999726
1,1,0.9999982
1,1,0.9999974
1,1,0.999998
1,1,0.9999982
1,1,0.9999982
1,0,1.3837806e-05
1,0,2.6268117e-06
1,1,0.9999976
1,1,0.99999833
0,0,6.424829e-07
1,1,0.99999595
1,1,0.9999963
1,0,7.758211e-05
0,0,6.1262713e-06
1,1,0.999997
1,1,0.9999981
1,1,0.99999833
1,0,0.0009405925
1,0,2.5681084e-06
1,1,0.9999976
1,1,0.9999982
1,1,0.99999404
1,1,0.99999774
1,1,0.9999964
1,1,0.99999774
0,0,1.3416583e-05
1,1,0.99999726
1,1,0.99999833
1,1,0.99999774
1,1,0.99999726
1,1,0.9999981
1,1,0.9999962
1,1,0.99999726
1,0,7.429003e-05
1,1,0.999997
1,1,0.999998
1,1,0.9999167
0,1,0.99999475
1,1,0.9999974
1,1,0.9999981
1,1,0.9999944
0,0,4.5366032e-06
1,1,0.999998
0,0,2.627072e-06
1,1,0.999984
1,1,0.99999785
1,1,0.99999726
1,0,1.3663002e-06
0,1,0.9999969
1,1,0.9999968
1,1,0.9999963
1,1,0.99999845
1,1,0.99999785
1,1,0.9999981
1,1,0.9999969
1,1,0.99999785
1,1,0.99999857
1,1,0.9996724
1,1,0.99997747
0,0,0.04430953
1,1,0.9999957
1,1,0.99999774
1,1,0.9999976
1,1,0.99999523
1,1,0.99999857
1,1,0.99999845
1,1,0.99999857
1,1,0.9999987
1,1,0.99999857
0,0,1.0649032e-06
1,1,0.9999981
1,1,0.99999785
1,1,0.9999567
1,0,3.9469555e-06
1,1,0.99999774
1,0,4.3138975e-06
1,1,0.9999975
1,1,0.9999962
1,1,0.9999976
1,1,0.99999774
1,1,0.9999963
1,1,0.99999857
1,1,0.99999595
1,1,0.9999976
1,1,0.9999975
1,1,0.99998736
1,1,0.9999981
1,1,0.9999931
1,1,0.99999785
1,1,0.99999726
1,1,0.9955693
0,0,2.3369405e-05
1,0,3.0429658e-06
1,1,0.99999654
1,1,0.999998
1,1,0.99998736
1,1,0.9999982
1,1,0.9999721
1,1,0.999998
1,1,0.9999982
1,1,0.9999982
0,0,1.905575e-06
1,1,0.999998
1,0,0.00055381807
1,1,0.999998
1,1,0.9999975
0,0,8.807488e-07
1,1,0.999998
1,1,0.9999937
1,1,0.99999094
1,0,2.8105292e-06
1,1,0.9999976
1,1,0.9999982
1,1,0.99999535
1,1,0.99999833
0,0,6.1013236e-07
1,1,0.999995
1,1,0.99999774
1,1,0.99999714
1,1,0.99999774
1,1,0.99999857
1,1,0.999998
1,1,0.9999982
1,0,0.00030774486
1,1,0.9999975
1,1,0.9999969
1,1,0.9999865
0,1,0.9999373
1,1,0.99999416
1,0,3.6814317e-06
1,1,0.9999969
0,0,7.416565e-07
0,1,0.6639113
1,1,0.99999833
1,1,0.9999964
1,1,0.99998546
1,1,0.6242432
1,1,0.9999974
1,1,0.9999963
1,1,0.9999969
1,1,0.9999975
1,1,0.99999857
1,1,0.9999987
1,0,2.4519022e-06
1,1,0.9999964
1,1,0.99999714
1,1,0.99999845
1,1,0.99999654
1,1,0.999998
1,1,0.999997
0,0,0.0003707188
1,1,0.99999833
1,1,0.9999975
1,1,0.9999933
1,1,0.9999987
1,1,0.99999785
1,1,0.99999845
1,1,0.99972373
1,1,0.999997
1,1,0.99999523
1,1,0.9999976
0,1,0.9999864
0,0,1.0382655e-06
1,1,0.99998856
1,1,0.9999958
1,1,0.9999808
1,1,0.9999956
1,1,0.99999857
1,1,0.9999969
1,1,0.9999982
1,1,0.99999785
1,1,0.99999774
1,1,0.9999982
1,1,0.9999968
0,0,8.009274e-07
1,1,0.999997
1,1,0.99999845
1,1,0.9999969
1,0,1.6072132e-06
1,1,0.99999595
1,1,0.99948114
1,1,0.99999034
1,1,0.99999774
1,1,0.9999981
1,1,0.99999726
1,0,5.6527897e-05
0,0,1.5937479e-06
1,1,0.99999833
1,1,0.99999774
1,1,0.9999968
1,1,0.9999982
1,1,0.99999547
1,1,0.9999938
1,1,0.9999958
0,0,2.2579548e-05
0,0,2.1879985e-06
1,1,0.9999981
0,0,1.2228764e-06
1,0,0.000102405465
0,1,0.9999931
1,1,0.99995434
1,1,0.9999982
1,1,0.99999714
1,0,2.4813985e-06
0,0,8.016946e-07
1,1,0.9999987
1,1,0.99998367
0,0,9.4972256e-07
0,0,8.5287553e-07
1,1,0.99999845
1,1,0.9999968
1,1,0.9999976
0,0,1.0403697e-06
1,1,0.9999981
1,1,0.99999845
1,1,0.9999944
1,1,0.99999857
1,1,0.9999968
1,1,0.999997
1,1,0.9999975
1,1,0.9999875
1,1,0.9999949
1,1,0.99999857
0,0,9.194341e-07
1,1,0.9999951
1,1,0.9999974
1,1,0.9999981
1,1,0.99999857
1,1,0.99999845
1,1,0.99999857
1,1,0.999998
1,1,0.9999944
1,1,0.999997
1,1,0.9999906
0,0,1.3096945e-06
1,1,0.99999785
1,1,0.9999974
1,1,0.9999956
1,1,0.99999714
1,1,0.99982506
0,0,0.00019940508
1,1,0.99999034
1,1,0.99999857
1,1,0.9999982
1,1,0.9999969
0,1,0.999987
1,1,0.9999956
1,1,0.99999297
1,1,0.99999595
1,1,0.9999958
1,1,0.9999976
1,1,0.9999968
1,1,0.9999918
0,1,0.9998853
1,1,0.9981331
1,1,0.9999981
1,1,0.999998
1,1,0.99999666
1,1,0.99999785
1,1,0.9999976
1,1,0.99999523
1,1,0.9999943
1,0,0.0095825875
1,1,0.9999981
0,1,0.9999894
1,1,0.62510175
1,1,0.999995
0,1,0.99990594
1,1,0.99999344
1,1,0.99999833
1,1,0.999998
1,1,0.99999857
1,1,0.99999774
1,1,0.999997
1,1,0.9999906
1,1,0.9999846
0,0,9.929429e-07
1,1,0.9999974
1,1,0.9999982
1,1,0.99998736
1,1,0.99999833
1,1,0.9999807
1,1,0.99999845
1,1,0.99999774
1,1,0.9999987
1,1,0.9999975
0,0,5.9921804e-06
0,0,2.656824e-05
1,1,0.9999975
1,1,0.9999957
1,1,0.99999785
1,1,0.99999845
1,1,0.99999774
1,1,0.99999833
0,1,0.9999821
1,1,0.99998677
1,1,0.99999845
1,1,0.9999981
0,0,5.8437627e-06
1,0,0.03481685
1,1,0.9999982
1,1,0.9999982
1,1,0.99999774
1,1,0.9999951
1,1,0.9999894
0,0,3.963859e-06
1,1,0.99999857
1,1,0.9992531
1,1,0.99999845
1,1,0.999998
1,1,0.99999714
1,1,0.999997
0,1,0.9999974
1,1,0.99999523
1,1,0.999998
1,1,0.9999982
1,1,0.99998677
1,1,0.9999982
0,0,8.1225716e-07
1,1,0.99999714
1,1,0.99999535
1,1,0.99999714
1,1,0.99999726
1,1,0.999998
1,1,0.9999981
1,1,0.9999962
1,1,0.99510765
1,1,0.9999912
1,1,0.99999774
1,1,0.99999785
1,1,0.9999969
1,1,0.9999974
1,1,0.99999285
1,1,0.9999963
1,1,0.99999833
1,1,0.99999774
1,1,0.999997
1,1,0.9999982
1,1,0.9999968
1,1,0.99999857
1,1,0.9999976
0,1,0.99963295
1,1,0.9999976
0,0,9.55332e-07
1,1,0.9999988
1,1,0.99999785
1,1,0.9999621
1,1,0.99999154
1,1,0.9999981
0,0,1.2832681e-06
1,1,0.9309688
1,0,6.6450106e-05
0,0,1.0450452e-05
1,1,0.99999595
1,1,0.9999987
0,1,0.9409232
1,1,0.999998
1,1,0.99999833
1,1,0.9999964
1,1,0.99999785
1,1,0.9999982
1,1,0.9999963
1,1,0.99999845
1,1,0.99999785
0,0,8.009457e-07
1,0,4.3334243e-05
1,1,0.9999974
1,1,0.9997904
0,0,1.6703066e-06
1,1,0.9999982
1,1,0.99999774
1,1,0.99999857
0,0,9.735519e-07
1,1,0.9999958
1,1,0.9999776
1,1,0.99998987
1,1,0.9999981
1,1,0.9999869
1,0,0.00017569064
0,0,1.410634e-06
1,1,0.9999944
1,1,0.9999757
1,1,0.999997
1,0,8.6456816e-07
1,1,0.99999714
1,1,0.99999833
1,1,0.9999981
1,1,0.9999963
1,1,0.999998
1,1,0.9999962
1,1,0.99999785
1,1,0.99999785
1,1,0.9933537
1,0,0.053794928
1,1,0.99999726
1,0,0.1586486
1,1,0.99999774
1,1,0.999985
1,1,0.9999945
1,1,0.9999982
1,1,0.99997675
0,0,2.267168e-06
1,1,0.99999654
1,1,0.9999976
1,1,0.99999774
0,0,1.1609739e-06
1,1,0.9999982
1,1,0.99999845
1,1,0.9969989
1,1,0.9999974
1,1,0.9999981
1,0,6.0185944e-06
1,1,0.9999988
1,1,0.99999845
1,1,0.9999981
1,1,0.99999774
1,1,0.99999654
1,1,0.9999981
1,0,0.27434605
1,1,0.99999785
1,1,0.9999975
0,0,1.7239049e-06
1,1,0.99999726
1,1,0.999998
1,1,0.9999962
0,0,3.3656606e-06
0,0,6.91311e-07
1,1,0.99999595
0,0,1.1916175e-06
1,1,0.99999833
1,1,0.9999925
0,1,0.99998283
1,1,0.99999774
1,1,0.99999785
0,0,8.457866e-07
1,1,0.9999982
1,1,0.9999974
1,1,0.99997926
1,1,0.9999976
1,1,0.9999114
1,1,0.999997
1,1,0.99999785
1,1,0.99999857
1,1,0.99999523
1,1,0.99998593
1,1,0.9999958
1,1,0.99999857
1,1,0.9999975
0,0,1.1623309e-06
1,1,0.9821722
1,1,0.99999607
1,1,0.9999852
1,1,0.9999969
1,1,0.99999666
0,0,1.0844e-06
1,1,0.9999969
1,1,0.99993896
1,1,0.9999846
1,1,0.9999981
0,1,0.9999969
0,1,0.99999166
1,1,0.99999845
1,1,0.9999976
1,1,0.9999938
1,1,0.99999785
0,0,1.2196002e-06
1,1,0.99999833
1,1,0.99999845
1,1,0.99999714
1,1,0.9999801
1,1,0.999998
1,1,0.99999726
1,1,0.99999607
1,1,0.99999714
1,1,0.99999845
0,0,1.0171703e-06
1,1,0.99999857
1,1,0.9999963
1,1,0.99999535
1,1,0.9999969
1,1,0.9999957
1,1,0.99999845
1,1,0.99998176
0,1,0.95245886
1,1,0.9999964
0,0,0.26860812
1,1,0.9997392
1,1,0.9999964
1,1,0.999998
1,1,0.99995923
1,1,0.999995
1,1,0.999998
1,1,0.99999845
1,1,0.9999981
1,1,0.99999726
0,0,7.545475e-07
1,1,0.9999975
1,1,0.99999654
1,1,0.99999845
1,1,0.99994886
1,1,0.9999976
1,1,0.99999726
1,1,0.99999833
1,1,0.99999857
1,1,0.999998
1,1,0.99996936
1,1,0.9999975
1,1,0.99999857
0,1,0.99997866
1,1,0.9999949
1,1,0.9999987
1,1,0.99999654
1,1,0.9999838
1,1,0.99999774
1,1,0.9999975
1,1,0.99999523
1,1,0.9999974
1,1,0.9999956
1,1,0.99999833
1,1,0.9999981
1,1,0.99999833
1,1,0.99999726
1,1,0.9999969
1,1,0.999998
1,1,0.99999785
1,1,0.99999726
1,1,0.99999845
0,0,6.9210597e-07
1,1,0.9999229
1,1,0.999998
0,0,8.897161e-07
1,1,0.99999547
0,0,2.997401e-06
1,1,0.9997936
1,1,0.999998
1,1,0.999998
1,1,0.9999987
1,1,0.9999981
1,1,0.99999547
0,0,7.831003e-06
1,1,0.9999982
1,1,0.9999976
1,0,2.9536071e-05
1,1,0.9999968
1,1,0.99999714
1,1,0.9999976
1,0,7.28018e-07
1,1,0.9999968
1,1,0.9999969
1,1,0.99999845
1,1,0.9999981
1,1,0.99999666
1,1,0.99999166
0,0,1.3033325e-06
1,1,0.9999927
0,0,9.990828e-07
1,1,0.9999881
0,0,8.348256e-07
1,1,0.99999857
1,1,0.99999726
1,1,0.99999774
1,1,0.99999666
1,1,0.99999714
1,1,0.99999774
1,1,0.9999856
1,1,0.9999976
1,1,0.99925524
1,1,0.9999902
1,1,0.9999976
1,1,0.99999726
1,1,0.9999982
1,1,0.9999981
1,1,0.9999944
1,1,0.99999785
1,1,0.9999976
1,1,0.9999981
1,1,0.9999982
0,0,1.3608645e-06
1,0,6.179397e-06
1,1,0.99998915
1,1,0.9999987
1,1,0.9999976
1,1,0.99999774
1,1,0.9999938
1,1,0.9999982
1,1,0.99999666
0,1,0.9999964
1,0,1.1159292e-06
1,1,0.9999981
1,1,0.9999826
1,1,0.9999981
1,1,0.9999974
1,1,0.9999927
1,1,0.9999951
0,0,1.1284e-06
1,1,0.9999875
1,1,0.99999285
0,0,7.2236257e-06
1,1,0.9999974
1,1,0.99999726
1,1,0.9999938
1,1,0.99999845
1,1,0.99999845
1,1,0.9999981
1,0,0.0005836027
1,1,0.9999975
1,1,0.9999975
1,1,0.99999833
0,0,8.051256e-06
1,1,0.99999857
1,1,0.999998
1,1,0.99999774
1,1,0.9999852
1,1,0.99999774
1,1,0.9999974
1,1,0.9999975
1,1,0.99999774
1,1,0.99999833
1,1,0.99999666
1,1,0.999998
1,1,0.999998
1,1,0.9999982
1,1,0.9999957
1,1,0.9999982
1,1,0.9999944
1,1,0.9999981
0,0,1.0719308e-06
1,1,0.9999976
1,1,0.99999785
0,0,1.2117455e-06
0,0,1.1357391e-06
1,1,0.99999845
1,1,0.999997
1,1,0.99999726
1,1,0.9999913
0,0,2.475095e-06
1,1,0.99999607
1,1,0.99999654
1,1,0.99997973
1,1,0.9999976
1,1,0.99999833
1,1,0.9999963
0,0,1.6641281e-06
1,1,0.99999785
1,1,0.9999974
1,1,0.9999987
1,1,0.999998
1,1,0.999997
1,1,0.9999981
1,1,0.99998033
1,1,0.9989643
1,1,0.99999845
1,1,0.99999785
1,1,0.9999969
1,1,0.99999833
1,1,0.99999774
1,1,0.9999951
1,0,3.696919e-06
1,1,0.99999857
1,1,0.9999976
1,1,0.94500124
1,1,0.99999475
0,0,7.322551e-07
0,1,0.99998605
1,1,0.99999833
0,0,2.1679382e-06
1,1,0.99999833
1,1,0.9999982
0,0,7.446274e-07
1,1,0.9999931
1,1,0.9999919
1,1,0.9999981
1,1,0.9999949
1,1,0.9999958
1,1,0.99999785
1,1,0.99999654
0,1,0.99318177
1,1,0.9999976
1,1,0.9999962
0,1,0.9999974
1,0,9.138621e-07
1,1,0.99999464
0,0,0.00018682033
1,1,0.9996933
1,1,0.9999913
1,1,0.99999774
1,1,0.9999808
1,1,0.99995327
1,1,0.99999297
1,1,0.9999964
1,1,0.9999981
1,1,0.99999833
1,1,0.9999981
1,1,0.9999987
1,1,0.99999774
1,1,0.9999987
1,1,0.9999956
1,1,0.99999523
1,1,0.9999981
1,1,0.99996245
1,1,0.99999654
1,1,0.9999981
1,0,1.8560666e-05
1,1,0.99999857
1,1,0.999998
1,1,0.99999845
1,1,0.9999982
1,1,0.9999981
1,1,0.9999951
1,1,0.9999956
0,0,0.004924573
1,1,0.999998
1,1,0.9999981
1,1,0.9999974
1,1,0.999998
1,1,0.9999901
1,1,0.9999969
1,1,0.9999981
1,1,0.9999974
1,1,0.99922514
1,1,0.99999464
1,0,0.01525279
1,1,0.99998355
1,1,0.999997
1,1,0.9999933
1,1,0.99999845
1,1,0.9999976
1,1,0.99999833
1,1,0.9999976
1,1,0.9999988
1,1,0.99999726
1,1,0.99999845
1,1,0.99983394
1,1,0.999998
1,1,0.99999845
1,0,0.00013186345
1,1,0.99999714
1,1,0.99999833
1,1,0.99999714
1,1,0.99999845
1,1,0.99999607
1,1,0.99998534
1,1,0.9999975
0,0,1.3029473e-06
0,0,7.0377705e-06
1,1,0.9999957
1,0,0.01030002
0,0,8.7965924e-07
1,1,0.9999974
0,0,3.3113106e-06
1,1,0.99999714
1,1,0.99999154
1,0,1.7281074e-05
1,1,0.99997413
1,1,0.99999154
1,1,0.99999785
1,1,0.99999714
0,0,9.894339e-07
1,1,0.9999236
1,1,0.9999641
1,1,0.9999906
1,1,0.99999857
0,0,0.01325802
0,0,1.5653029e-06
1,1,0.99999833
0,0,1.6309563e-05
1,1,0.9999981
1,1,0.99999666
1,1,0.9999975
1,1,0.99999595
1,0,1.4595391e-06
1,1,0.9999958
1,1,0.9999982
1,1,0.99999785
0,0,1.2480924e-06
1,1,0.9999981
1,1,0.9999987
1,1,0.99999785
1,1,0.9999987
1,1,0.9999982
1,1,0.99999845
1,1,0.9999981
1,1,0.9999982
1,1,0.99999774
1,1,0.99999464
1,1,0.9999968
1,1,0.99999833
1,1,0.99999464
1,1,0.99999535
1,1,0.99999774
1,1,0.99995255
1,1,0.9999968
1,1,0.9999958
1,1,0.99999774
1,1,0.9999968
1,1,0.9999976
1,1,0.99999774
1,1,0.9999982
1,1,0.99999785
1,1,0.99999595
1,1,0.99999833
1,1,0.9999974
1,1,0.9999981
1,1,0.9999981
1,1,0.99999845
1,1,0.99999785
1,1,0.9999963
0,0,8.084071e-06
1,1,0.99999857
1,1,0.9999976
1,1,0.999998
1,1,0.9999943
1,1,0.9999975
0,0,6.8994734e-05
1,1,0.99999714
1,1,0.999997
1,1,0.99999857
0,0,0.00032490512
0,0,2.7367082e-06
0,1,0.9974124
1,1,0.99999833
1,1,0.99999666
0,1,0.9999312
1,1,0.99999833
1,1,0.99999714
1,1,0.99999607
1,1,0.99999845
0,0,1.2381636e-06
1,1,0.9999949
1,1,0.99999714
1,1,0.9999976
1,1,0.99999833
1,0,8.039004e-06
1,0,1.6391203e-06
1,1,0.9999949
1,1,0.99999774
1,0,7.3465206e-05
1,1,0.9999974
1,1,0.9999958
1,1,0.99999654
1,1,0.9999974
1,1,0.9999982
1,1,0.9999982
1,1,0.99999547
1,1,0.99999785
1,1,0.99999714
1,1,0.99999845
1,1,0.99999845
1,1,0.9999933
1,1,0.9999982
1,1,0.9999976
1,1,0.9999974
1,1,0.99999833
1,1,0.9999981
1,0,0.032262865
0,0,6.0269563e-06
1,1,0.99999714
0,0,1.565812e-06
1,1,0.9999926
0,0,9.4104394e-07
1,1,0.99999774
1,1,0.99999774
1,1,0.99999726
1,1,0.99999774
1,1,0.99999833
1,1,0.99999774
0,0,8.395681e-07
1,1,0.9999975
1,1,0.9999964
1,1,0.9999924
0,0,7.443441e-07
1,1,0.99999774
1,0,0.0010822661
1,1,0.9938797
1,1,0.9999937
1,1,0.9999968
1,1,0.99999774
1,0,0.0042306227
1,1,0.99999833
1,1,0.99999726
0,0,8.831333e-07
1,1,0.99999726
1,1,0.99999785
1,1,0.99999774
1,1,0.9999968
1,1,0.99999774
0,0,0.00015211118
1,1,0.99999535
1,1,0.9999963
1,1,0.9999987
1,1,0.9999721
1,1,0.999998
1,1,0.9999931
0,1,0.6639116
1,1,0.9999807
1,1,0.9999969
1,1,0.9955478
1,1,0.99999547
0,0,1.9458334e-05
1,1,0.99999833
1,1,0.9999974
1,1,0.99999833
0,0,8.180409e-07
1,1,0.99999833
1,1,0.9999975
1,0,4.5797653e-05
1,0,5.9461585e-05
1,1,0.851923
0,1,0.999987
1,1,0.99999833
1,1,0.9999981
1,1,0.99999106
1,1,0.99999714
1,0,0.18275236
1,1,0.99999845
0,0,1.1270588e-06
0,0,0.0014166031
1,1,0.99999607
1,1,0.99999774
1,1,0.9999982
1,1,0.9994404
0,0,9.699773e-07
1,1,0.99999726
1,1,0.9999964
1,1,0.999997
1,1,0.99998665
1,1,0.9999802
1,1,0.9999976
1,1,0.9999981
1,1,0.9999958
0,0,7.160664e-07
1,1,0.99999785
1,1,0.99999845
1,1,0.9999956
1,1,0.9999975
1,1,0.99999833
1,1,0.99998796
1,1,0.9999964
1,1,0.9999981
0,0,2.3032835e-06
1,1,0.9999876
1,1,0.9999981
1,1,0.9412586
1,1,0.99999845
1,1,0.99999833
1,1,0.9999987
1,1,0.9962865
0,0,1.2336341e-06
0,0,1.1545798e-06
1,1,0.9999975
1,1,0.999977
1,1,0.9999926
1,1,0.99999666
1,1,0.9999976
0,1,0.9965526
0,1,0.9999951
1,1,0.99994075
1,1,0.99999833
1,1,0.99999726
1,1,0.99999774
1,1,0.999997
1,1,0.99998355
1,1,0.9999733
1,1,0.99999845
1,1,0.9999982
1,1,0.9999976
0,0,1.6075428e-06
1,1,0.9999924
1,0,0.010461462
1,1,0.9999982
1,1,0.99999833
1,1,0.99999833
0,0,1.2852106e-06
1,0,0.46138355
1,1,0.9999982
1,1,0.9999969
1,1,0.999998
1,1,0.9999975
1,1,0.89765525
1,1,0.99999726
0,0,3.4947102e-06
1,0,9.4840294e-07
1,1,0.9999982
1,1,0.9999974
1,1,0.98822325
0,0,0.0056866943
1,1,0.9999876
1,1,0.9999975
1,1,0.9999956
1,1,0.9999981
1,1,0.9999945
1,1,0.99999666
1,1,0.9999951
1,1,0.9999988
1,1,0.9999981
0,0,3.380677e-06
1,1,0.9999976
1,1,0.9999982
1,1,0.999997
1,1,0.9999758
1,1,0.9999968
1,0,0.022614378
1,1,0.99999785
1,1,0.99999774
0,0,0.00022091281
1,1,0.9999982
1,1,0.99999607
1,1,0.9999974
1,1,0.9999956
1,0,1.0097614e-06
1,0,0.44895867
1,1,0.9999987
1,1,0.9999969
1,1,0.98932004
1,1,0.99999666
1,1,0.9999976
1,1,0.999998
1,1,0.9999981
1,1,0.99999833
1,1,0.99999845
1,1,0.9999926
1,1,0.9999963
1,1,0.99999857
1,1,0.87622744
1,1,0.9999974
1,1,0.99999833
1,0,0.013306248
1,1,0.999998
1,1,0.99999416
1,1,0.9999821
0,0,1.50348815e-05
0,0,1.5977192e-05
1,1,0.999997
1,1,0.999998
1,1,0.99999857
1,1,0.9999919
1,1,0.9999958
1,1,0.99999774
1,1,0.9999969
1,1,0.9999968
1,1,0.99999833
1,1,0.8397128
1,1,0.99999857
0,1,0.99999094
1,1,0.99999535
0,0,2.3718508e-06
1,1,0.99999785
1,1,0.99999845
1,1,0.99999714
1,1,0.9999963
1,1,0.99999547
1,0,4.6672747e-05
1,1,0.9999951
1,1,0.999998
1,1,0.99999833
0,1,0.99999654
1,1,0.9999914
1,1,0.99988556
1,1,0.9999982
1,1,0.99999094
0,0,4.7518606e-06
1,1,0.9995771
1,1,0.99999845
1,0,1.0117124e-06
1,1,0.99999833
1,1,0.99999833
1,1,0.9999975
1,1,0.9999981
1,1,0.99997103
1,1,0.999997
0,1,0.9998404
1,1,0.9999945
1,1,0.9999987
1,1,0.99999547
1,1,0.99999774
1,1,0.99999845
1,1,0.99999785
1,1,0.99999416
1,1,0.99999785
1,1,0.99999475
1,1,0.99999547
1,1,0.99999785
1,1,0.9999963
1,1,0.999998
0,0,6.6800635e-07
1,1,0.9999764
1,1,0.9368685
1,1,0.99999833
1,1,0.99999774
1,1,0.99999845
1,1,0.9999918
1,1,0.9999976
1,1,0.9999982
1,0,0.0008364848
1,1,0.9999981
1,1,0.999998
1,1,0.9999968
1,1,0.999997
1,1,0.9999975
1,1,0.9999976
1,1,0.9999933
1,1,0.999998
1,1,0.9999987
1,1,0.99998426
1,1,0.9999975
1,1,0.9999914
1,1,0.9999975
1,1,0.99999654
1,1,0.99999464
1,1,0.9999975
1,1,0.999997
1,1,0.999998
1,1,0.9999919
1,1,0.99996936
1,1,0.9999981
0,1,0.9958548
1,1,0.9999982
1,1,0.9999957
1,1,0.99999857
1,1,0.9999603
1,1,0.99999833
1,1,0.9998964
1,1,0.9999982
1,1,0.9999926
1,1,0.999997
0,0,9.0786045e-07
1,1,0.9999976
0,0,6.835953e-07
1,1,0.99999785
1,1,0.9999981
1,1,0.9999981
1,1,0.99873894
1,1,0.99999535
1,1,0.99999857
1,1,0.99999845
1,1,0.9999987
1,1,0.9999962
1,1,0.999997
1,1,0.9999937
0,0,1.4731526e-06
1,1,0.99999654
1,1,0.99999833
1,1,0.999998
1,1,0.9999982
1,1,0.99993145
1,1,0.99999595
1,1,0.99999714
1,1,0.99999726
1,1,0.9999982
1,1,0.99999845
1,1,0.99999714
1,1,0.9999976
1,1,0.99999607
1,1,0.99999666
1,1,0.99999726
1,1,0.99817765
0,1,0.99996126
1,1,0.99996054
0,0,3.496592e-05
1,1,0.99999726
1,1,0.9999987
1,1,0.99999833
0,1,0.999938
1,1,0.9999981
1,1,0.999998
1,0,0.26136443
1,1,0.9999814
1,1,0.999998
1,1,0.99999297
1,1,0.999998
0,1,0.99999475
0,0,4.517882e-05
0,0,1.7220235e-06
1,1,0.99999774
0,0,1.4447116e-06
1,1,0.99999595
1,1,0.99999833
1,1,0.99998796
1,1,0.99999833
1,0,5.379264e-06
1,0,3.7483176e-06
1,1,0.99999475
1,1,0.999997
1,1,0.999998
1,1,0.99999833
0,1,0.9999932
1,1,0.99999666
1,1,0.999998
1,1,0.99999845
1,1,0.99999547
1,1,0.999995
1,1,0.9995845
1,1,0.99999774
1,1,0.99999726
1,1,0.9999981
1,1,0.97718656
1,1,0.99998605
1,1,0.99999833
0,0,1.4650408e-06
1,1,0.9999964
1,1,0.99999785
1,1,0.9999988
1,1,0.9999958
1,1,0.99999785
1,1,0.99999833
0,0,1.0221823e-06
1,1,0.9999969
1,1,0.9999956
1,1,0.99999654
1,1,0.99999833
1,1,0.99996173
1,1,0.9999968
1,1,0.99998677
1,1,0.9999968
1,1,0.99999845
0,0,1.1522708e-06
1,0,6.984259e-05
1,1,0.99999714
1,1,0.9999974
1,1,0.99999344
1,1,0.99996984
1,1,0.9999976
1,1,0.89674145
1,1,0.9999976
1,1,0.99999845
0,1,0.9999825
1,1,0.9999927
1,1,0.99999654
1,1,0.99999845
1,1,0.99999785
1,1,0.99999833
1,1,0.9999925
1,1,0.9999982
1,1,0.9999976
0,0,1.3432282e-06
1,1,0.99999785
0,1,0.99999714
1,1,0.9999974
1,1,0.9999974
0,0,0.0015646883
1,1,0.99999833
1,1,0.9999981
1,1,0.9999974
0,1,0.9999858
1,1,0.9999981
1,1,0.9999976
1,1,0.99999857
1,1,0.99999857
1,1,0.9998148
1,1,0.9999987
1,1,0.9999974
1,1,0.9999974
1,1,0.9999869
1,1,0.99999356
1,1,0.99999845
1,1,0.9999542
1,1,0.99999833
1,1,0.99999845
1,1,0.99999833
1,1,0.99999774
1,1,0.999998
1,1,0.99998987
1,1,0.9999982
1,1,0.9999987
1,1,0.999987
0,0,2.9407012e-05
1,1,0.999998
1,1,0.99994147
0,0,3.2061657e-06
1,1,0.99999857
1,1,0.999998
1,1,0.99999845
1,1,0.9999981
1,1,0.9999907
1,1,0.5398758
1,1,0.9999987
1,1,0.99997497
1,1,0.99999857
1,1,0.999998
1,1,0.9999981
1,0,0.008797332
0,0,1.5364902e-06
1,1,0.99999845
1,1,0.99999833
1,1,0.99998355
1,1,0.9999937
1,1,0.99999785
1,0,5.1262836e-05
0,0,8.2879666e-07
1,1,0.9999968
1,1,0.9999964
1,1,0.9999975
1,1,0.9999982
1,1,0.999998
1,1,0.99999857
1,1,0.99999607
1,1,0.9986009
1,1,0.99999225
1,1,0.99999726
1,1,0.9999206
1,1,0.9999927
1,1,0.99999785
1,1,0.988301
1,1,0.99999857
1,1,0.99999666
1,1,0.99998236
1,1,0.9999969
1,1,0.9999982
1,1,0.9999982
1,0,0.0023098423
1,1,0.9999968
1,0,0.017006293
0,1,0.9963982
1,1,0.999998
1,1,0.999998
1,1,0.99999607
1,1,0.99999845
1,0,2.000048e-06
1,1,0.999998
1,1,0.9999957
1,1,0.99999726
1,1,0.999998
1,1,0.99999785
1,1,0.99999833
1,1,0.999998
1,1,0.9999974
1,1,0.9999783
1,1,0.99955803
0,0,2.101823e-06
1,1,0.9999974
1,1,0.99999845
0,0,0.07762168
1,1,0.99999774
1,1,0.99999833
1,1,0.9956922
1,1,0.99999833
0,1,0.99524
0,1,0.99999666
1,1,0.9999976
1,1,0.99999785
1,1,0.9999945
1,1,0.99999726
1,1,0.9999981
1,1,0.999998
1,1,0.9999975
0,0,1.1375993e-06
1,1,0.99999845
1,1,0.99998283
1,1,0.9999987
1,1,0.99999785
1,1,0.99999774
1,1,0.999998
1,1,0.9999982
1,1,0.9999976
1,1,0.999998
1,1,0.9999964
1,1,0.9999962
1,1,0.9999969
1,1,0.9999987
0,1,0.9999888
0,1,0.9974788
1,1,0.99999833
0,0,7.1509527e-07
1,1,0.9999981
1,1,0.99999833
1,1,0.9999974
1,0,1.07116075e-05
1,1,0.9999968
1,1,0.9999976
1,1,0.999997
1,1,0.999998
1,1,0.99999046
0,0,1.3067651e-06
1,1,0.9999949
1,1,0.999997
1,1,0.9999968
1,1,0.999998
1,1,0.9999975
1,1,0.9999982
1,1,0.99999785
1,1,0.99999845
1,1,0.9999982
1,1,0.999998
1,1,0.99999714
1,1,0.9999958
1,1,0.9999976
0,1,0.9931765
1,1,0.9999908
1,1,0.9999944
1,1,0.9999982
1,1,0.9999937
1,1,0.99999845
1,1,0.99999714
1,1,0.99999726
1,1,0.9999981
1,1,0.99999475
1,1,0.99999833
1,1,0.9999982
1,1,0.9999974
1,1,0.9999981
1,1,0.9999925
1,1,0.9995409
0,0,7.9771206e-07
1,1,0.99999404
1,1,0.99997604
1,1,0.9999962
1,1,0.99998116
1,1,0.9999982
0,0,9.35995e-07
1,1,0.99999833
1,1,0.9999982
1,1,0.99999785
1,1,0.9999974
1,1,0.9999937
1,1,0.99999857
1,1,0.9999982
1,1,0.99998534
1,1,0.9999974
1,0,1.598225e-05
1,1,0.99999833
1,1,0.99999833
0,1,0.9996375
1,1,0.99999595
1,1,0.99999416
1,1,0.99999726
1,1,0.99999833
1,1,0.9999976
1,1,0.99999774
1,1,0.9999976
1,1,0.9999974
1,1,0.99999845
1,1,0.9999969
0,0,8.5501733e-07
1,1,0.9999968
1,1,0.999998
1,1,0.9999968
1,1,0.999997
1,1,0.99999774
1,1,0.9999975
1,1,0.98290724
1,1,0.9999974
1,1,0.9999969
0,0,4.818496e-06
1,1,0.99999785
1,1,0.999998
1,1,0.99999774
1,1,0.9999982
1,1,0.9999981
1,1,0.9999912
1,1,0.999997
1,1,0.99999857
1,1,0.99999774
1,1,0.99999845
1,1,0.999998
1,1,0.99999833
1,1,0.999998
1,1,0.9999863
1,1,0.99999785
0,0,7.312376e-07
1,1,0.9999964
1,1,0.9999981
1,1,0.99999857
0,0,1.8062576e-06
1,1,0.9475788
1,1,0.99999714
1,1,0.9999974
1,1,0.999998
0,1,0.9999478
0,1,0.99999547
1,1,0.9999939
1,1,0.9999981
1,0,7.337346e-06
1,1,0.9999962
1,1,0.9999968
1,1,0.99999857
1,1,0.99999845
1,1,0.99999726
1,1,0.99999654
1,1,0.9999907
1,1,0.99974424
1,1,0.99999845
1,1,0.9999982
1,1,0.99999225
1,1,0.99999785
1,0,2.365614e-06
1,1,0.9999889
1,0,0.068837546
1,1,0.9917944
1,1,0.9999976
1,1,0.9999968
1,1,0.99998736
1,1,0.99999845
1,1,0.9999974
0,0,4.8735306e-05
1,1,0.9999807
1,1,0.999998
1,1,0.9999362
1,1,0.99999714
1,1,0.9999976
1,1,0.9999882
1,1,0.99998975
1,1,0.9999261
1,1,0.9999778
1,1,0.99999833
1,1,0.9999963
0,0,6.631139e-07
1,1,0.99999607
1,1,0.99999845
1,1,0.9999987
0,0,4.1158637e-06
1,1,0.9999974
1,1,0.99999833
1,1,0.99999774
1,1,0.9999982
1,1,0.99999845
1,1,0.9999975
1,1,0.9962256
1,1,0.9999908
1,1,0.99999785
1,1,0.9999982
1,1,0.99999726
0,0,8.064566e-07
1,1,0.9999583
1,1,0.9999981
1,1,0.999998
1,0,1.0479887e-06
0,0,6.6839652e-06
1,1,0.999997
1,1,0.9999974
1,1,0.99999774
1,1,0.99999845
1,1,0.9999976
1,1,0.9999968
1,1,0.956533
1,1,0.9999981
1,1,0.999997
1,1,0.9999956
1,1,0.999998
1,1,0.99999785
1,1,0.99999726
1,1,0.99999833
0,0,1.2146218e-06
1,1,0.9999981
1,1,0.999998
0,0,0.003002701
1,1,0.99999845
1,1,0.9999981
1,1,0.9999882
1,1,0.9999974
1,1,0.99999535
1,1,0.99999833
1,1,0.99999857
1,1,0.9999629
1,1,0.9999933
1,1,0.9999968
1,1,0.99946874
1,1,0.9999982
1,1,0.9999982
1,1,0.9999982
0,1,0.9999665
1,1,0.999998
1,1,0.9999969
1,1,0.9999976
1,1,0.99999833
1,1,0.9999968
0,0,7.387735e-07
1,1,0.99999774
1,1,0.9999944
1,1,0.9999981
1,1,0.9999951
1,1,0.99999845
1,1,0.9999974
0,0,1.9553147e-06
0,1,0.99995613
1,0,0.0006375463
1,1,0.9999976
1,1,0.99999857
1,1,0.999998
1,1,0.99999714
0,0,7.5415323e-07
1,1,0.99999833
1,1,0.99999774
1,1,0.999998
0,1,0.99993193
1,1,0.999998
1,1,0.9999982
1,1,0.999998
1,1,0.99990034
1,1,0.9999888
0,1,0.9998111
1,1,0.99999523
1,1,0.99999785
1,1,0.99999833
0,0,1.0225011e-06
0,0,1.4231533e-06
1,1,0.9999976
1,1,0.9999968
1,1,0.99999857
1,1,0.99999523
1,1,0.99998
1,1,0.99999845
1,1,0.99999845
1,1,0.99998474
1,1,0.99999607
1,1,0.99999857
0,0,1.0396288e-06
1,1,0.999969
1,1,0.99999785
1,1,0.9999982
1,1,0.99999845
1,1,0.9999981
1,1,0.99999714
0,0,2.1583805e-06
1,1,0.99999714
1,1,0.9999981
1,1,0.999997
1,1,0.9999907
1,1,0.9999981
1,1,0.9999987
1,1,0.999997
1,1,0.9999976
1,1,0.9999981
1,1,0.99999845
1,1,0.9999702
0,0,3.829748e-06
0,0,7.4295235e-06
1,1,0.9999981
1,1,0.9999975
1,1,0.99999404
1,1,0.99999535
1,1,0.99999404
1,1,0.9999969
1,1,0.9999975
1,1,0.9999976
1,1,0.9999974
0,0,1.7952204e-06
1,1,0.9999968
0,0,7.266834e-07
1,1,0.9999981
1,0,0.0027907994
1,1,0.9999981
1,0,5.855066e-05
1,1,0.9999982
1,1,0.89830554
1,1,0.99999845
1,1,0.9999982
1,1,0.9999981
1,1,0.9999982
0,0,0.17199868
0,0,5.4818393e-05
1,1,0.99999785
1,1,0.9999949
1,1,0.999998
1,1,0.9999901
1,1,0.9999968
1,1,0.9999969
0,0,6.9153197e-07
1,1,0.99999774
1,1,0.9999982
1,1,0.99996793
1,1,0.999967
1,0,0.0071928827
1,1,0.9999982
1,1,0.99999547
1,1,0.999998
1,1,0.9999895
1,1,0.9999964
1,1,0.9981798
1,1,0.999998
0,0,9.063206e-07
1,1,0.999998
1,1,0.9999609
1,1,0.9999938
0,0,8.893302e-06
1,1,0.9999964
0,1,0.9999927
1,1,0.99999774
1,1,0.99999225
1,1,0.99999857
1,1,0.99999607
1,1,0.9999982
1,1,0.99999833
1,1,0.9999567
1,1,0.9999982
1,1,0.9999982
1,1,0.99999595
1,1,0.9999968
1,0,0.16211724
0,0,1.016606e-06
1,1,0.99999845
0,1,0.9999925
1,1,0.99999523
0,0,2.6156274e-06
1,1,0.9999963
1,1,0.99990726
1,1,0.99999845
0,1,0.9999968
1,0,0.00014354772
1,1,0.99999833
1,1,0.9999865
0,0,7.753742e-06
1,1,0.99999845
1,1,0.99977785
1,1,0.9999969
1,1,0.99997854
0,0,7.287912e-07
1,1,0.99999857
1,1,0.99999845
1,1,0.99999845
1,1,0.99999857
1,1,0.9999974
1,0,1.44644855e-05
1,1,0.9999981
1,1,0.999997
0,0,2.5715863e-06
1,1,0.9999981
1,0,8.517303e-07
1,1,0.9999975
1,1,0.99999857
1,1,0.999998
1,1,0.9999964
1,1,0.9999975
1,1,0.99999714
1,1,0.9999975
1,1,0.9999976
1,1,0.9999913
1,1,0.9999981
1,1,0.9999982
1,1,0.9999814
1,1,0.9999981
1,1,0.99999416
0,1,0.99997866
1,1,0.9999865
1,1,0.9999932
1,1,0.99999845
0,0,2.6255768e-06
1,1,0.9999975
1,1,0.999998
1,1,0.9999975
1,1,0.99999654
1,1,0.9999981
0,1,0.99910694
1,1,0.9999976
1,1,0.9999981
1,1,0.9999982
1,1,0.9999949
0,0,9.84117e-07
1,1,0.999998
1,1,0.9999981
1,1,0.99999785
1,1,0.999995
1,1,0.99999654
0,0,0.00017821538
1,1,0.99999785
1,1,0.99999666
0,0,9.650411e-07
1,1,0.9999976
0,0,1.3862475e-06
1,0,1.9276476e-06
1,1,0.9999976
1,1,0.9999981
1,1,0.9999982
1,1,0.9999969
1,1,0.99999785
0,1,0.9999615
1,1,0.99999833
1,1,0.9999403
1,1,0.9999981
1,1,0.9999982
1,1,0.9910584
0,1,0.9999951
1,1,0.9999962
1,1,0.9999982
1,1,0.9999924
0,0,0.0005029217
1,1,0.9998271
1,1,0.9999976
0,0,2.2279037e-06
1,1,0.9999969
1,1,0.99999857
1,1,0.999998
1,1,0.9999976
1,1,0.99999857
1,1,0.99999774
1,1,0.9999937
1,1,0.9999944
0,0,9.676593e-07
1,1,0.99994063
1,1,0.9999982
1,1,0.99999845
1,0,8.3051265e-05
0,0,0.000765684
1,1,0.99999785
1,0,1.6437085e-06
1,1,0.99999833
1,1,0.9999982
1,1,0.9999975
1,1,0.8577265
1,1,0.9999975
1,1,0.9999981
1,1,0.9999927
1,1,0.99999774
1,1,0.99999845
1,1,0.9999887
1,1,0.9999583
1,1,0.999998
0,0,0.0013333624
1,1,0.9999988
1,1,0.99999833
1,1,0.99995375
1,0,0.20026371
1,1,0.99999464
1,1,0.99999714
0,0,1.1044505e-06
1,1,0.99999857
1,1,0.99999833
1,1,0.9999968
1,1,0.9999974
1,1,0.99999475
1,1,0.9999963
1,0,0.1751886
1,1,0.9999981
1,0,1.3301326e-05
0,0,8.014691e-07
1,1,0.9999982
1,1,0.9999919
1,1,0.9999956
1,1,0.99999833
1,1,0.99999094
1,1,0.9999945
1,1,0.99999845
1,1,0.9999974
0,0,0.018893735
1,1,0.9999962
1,1,0.9999976
1,1,0.9999982
1,1,0.99999785
1,0,0.00032154724
1,1,0.99999845
1,1,0.9999901
1,0,0.00048283482
1,1,0.999998
1,1,0.99999833
1,1,0.99999785
1,1,0.999997
1,1,0.99999774
1,1,0.9999963
1,1,0.9999951
1,1,0.999998
1,0,7.157023e-06
1,0,9.201139e-07
1,0,2.3004516e-06
1,1,0.99999654
1,1,0.99999714
1,0,1.3316812e-06
1,1,0.99999785
1,0,0.2319342
1,1,0.99999213
1,1,0.99999785
0,1,0.9999949
1,1,0.99996305
1,1,0.99999774
1,1,0.9999964
0,0,3.897104e-05
1,1,0.99999857
1,1,0.99999595
0,0,9.945445e-07
1,1,0.99995995
1,1,0.999995
1,1,0.99999857
0,0,2.3377481e-06
0,1,0.99995136
1,1,0.99999845
1,0,2.4229017e-05
1,1,0.9999963
1,1,0.99999535
1,1,0.9999974
1,1,0.9999738
1,1,0.9999988
1,1,0.99999833
1,0,7.212133e-07
1,1,0.99999774
0,0,8.2076417e-07
0,1,0.999997
1,1,0.9999981
1,1,0.9999982
1,1,0.99999464
1,1,0.9999976
1,1,0.99999845
1,1,0.99999666
1,1,0.9999851
0,1,0.9980292
1,1,0.999998
1,1,0.99999106
1,1,0.9999968
1,1,0.9997925
1,1,0.99999833
1,1,0.9999981
1,1,0.99999714
1,1,0.999995
1,1,0.99999654
1,1,0.99998856
0,0,3.1990066e-06
1,1,0.9999987
0,0,0.029138714
1,1,0.9999987
1,1,0.99999654
0,0,0.21748288
1,1,0.99999774
1,1,0.9999963
1,1,0.9999957
1,1,0.9999981
1,1,0.9999963
1,1,0.99999845
1,1,0.99999785
1,1,0.99999654
1,1,0.9999969
1,1,0.9999974
1,1,0.99999785
1,1,0.9999963
1,1,0.99999785
1,1,0.99999833
1,1,0.99999607
1,1,0.9999981
1,1,0.99999785
1,1,0.99999833
1,1,0.9999963
0,1,0.9999187
1,1,0.99999714
1,1,0.99999833
0,0,0.01670483
1,1,0.999997
1,1,0.9999982
1,1,0.9999975
0,0,1.0455668e-06
1,1,0.9999988
1,1,0.9999924
1,1,0.999998
0,0,1.8238405e-06
1,1,0.9999982
1,1,0.999997
1,1,0.99999857
1,1,0.99999714
1,1,0.99999785
1,0,1.2351631e-05
1,0,0.27099484
1,1,0.99999774
1,1,0.99999607
1,1,0.99999464
0,0,2.9804237e-06
0,0,8.39083e-07
1,1,0.99999833
1,1,0.9999981
1,1,0.99999833
1,1,0.9999963
1,1,0.9999969
1,1,0.99999595
1,1,0.9999969
1,1,0.99999774
1,1,0.9999976
1,1,0.99999785
0,0,1.618401e-06
0,0,0.003785328
1,1,0.9629559
0,1,0.9999976
1,1,0.9999975
1,1,0.99999845
0,0,8.153328e-07
1,1,0.9999976
1,1,0.99999297
1,1,0.9999968
1,1,0.999998
0,0,8.8868404e-07
1,1,0.99999523
1,1,0.99999833
1,1,0.9999908
0,0,1.3955804e-06
1,1,0.9999976
1,1,0.99999785
1,1,0.999998
1,1,0.99999774
1,1,0.99999774
1,1,0.99999416
1,1,0.9999982
1,1,0.99999785
0,0,0.00013492843
1,1,0.9999962
1,1,0.9999968
1,1,0.999998
1,1,0.9999982
1,1,0.99999785
1,1,0.9999964
1,1,0.9999943
1,1,0.99999845
1,1,0.9999887
1,1,0.99999714
1,1,0.9999958
1,1,0.99999607
1,1,0.9993616
1,1,0.9999974
0,1,0.9999844
1,1,0.9999976
1,1,0.99999714
1,1,0.9999951
0,1,0.99998844
1,1,0.99999774
1,1,0.99999547
0,1,0.9999956
1,1,0.9999957
1,1,0.99999714
1,1,0.9999982
1,0,1.9599315e-06
1,1,0.9999982
1,1,0.999998
1,1,0.9999981
1,1,0.99999785
0,0,2.0360543e-05
1,1,0.99999845
1,1,0.99999714
1,1,0.9999746
1,1,0.99999774
1,1,0.9999907
1,1,0.9999982
0,1,0.95982295
0,0,6.067343e-06
1,1,0.9999969
1,1,0.99999774
1,1,0.999998
1,1,0.9999976
1,1,0.9999958
1,1,0.99999774
1,1,0.9999974
0,0,1.1732103e-06
0,1,0.99978834
0,1,0.9999943
1,1,0.999998
0,0,2.7349731e-06
1,1,0.9999968
1,1,0.99999774
1,1,0.99999833
1,0,7.1989657e-06
1,1,0.9999969
0,0,1.991468e-06
1,1,0.9999969
1,1,0.999998
0,0,0.00022382657
1,1,0.99998915
1,1,0.9999981
0,0,1.4421953e-06
1,1,0.9999976
0,0,2.3458997e-06
1,1,0.9999975
1,1,0.99999857
1,1,0.9999981
1,1,0.99999785
1,1,0.99999833
1,1,0.9999958
1,1,0.6908784
1,1,0.9999968
1,1,0.99998355
1,1,0.99999714
1,1,0.99999857
1,1,0.9999968
1,1,0.9973465
1,1,0.9999957
1,1,0.9999975
1,1,0.99999833
0,1,0.99997926
1,1,0.99999833
1,1,0.9999969
1,1,0.99999845
1,1,0.9999975
1,1,0.999998
1,1,0.99999774
1,1,0.99999595
1,1,0.99967766
1,1,0.99999833
1,1,0.999998
1,1,0.99999285
1,1,0.99999595
0,0,3.467167e-06
1,1,0.9999949
1,1,0.99999726
1,1,0.99999785
0,0,1.4142361e-05
1,1,0.999995
1,1,0.9999976
1,1,0.999997
1,1,0.98996407
1,1,0.99999416
1,1,0.99999774
1,1,0.99999833
1,1,0.99999094
1,1,0.9999933
1,1,0.99928385
1,1,0.99996805
0,0,0.003816312
1,1,0.999997
1,1,0.99999785
1,1,0.999998
1,1,0.999998
1,1,0.99999833
0,0,1.5900203e-05
1,1,0.9999976
0,0,3.8361086e-06
1,1,0.99999654
0,0,8.504114e-07
1,1,0.99999833
1,1,0.99999726
1,1,0.9999933
1,1,0.99999833
1,1,0.99999833
0,0,0.008848987
1,1,0.99999726
1,1,0.99999774
1,1,0.9999974
1,1,0.9999976
1,1,0.9940507
1,1,0.9999968
1,1,0.999998
1,1,0.99999845
1,1,0.99999547
0,1,0.9999974
1,1,0.9999974
0,1,0.99999404
1,1,0.99997175
1,1,0.9999969
1,1,0.99999833
0,0,1.3558227e-06
1,1,0.99999774
1,1,0.9999981
1,1,0.999997
1,1,0.9212876
1,1,0.9999976
1,1,0.99999475
1,1,0.99999833
1,1,0.99999857
1,1,0.999998
1,1,0.9999982
1,1,0.9999982
1,1,0.9999988
0,0,1.0864858e-06
1,1,0.99995863
1,1,0.99999714
1,1,0.99999714
1,1,0.9999702
1,1,0.9999976
1,0,9.087387e-06
1,1,0.99999857
1,1,0.9999969
1,1,0.99999726
1,1,0.99999464
1,1,0.9999982
1,1,0.9999949
1,1,0.99998975
1,1,0.999997
1,1,0.99999833
1,1,0.99999845
1,1,0.99963546
0,0,8.379523e-07
1,1,0.99998486
1,1,0.9999764
1,1,0.99999785
1,1,0.999997
1,1,0.9999976
1,1,0.999997
1,1,0.999998
1,0,2.208937e-06
1,1,0.99999785
1,0,8.3509786e-07
1,1,0.99999774
0,0,1.4638842e-06
1,1,0.99999845
1,1,0.9999982
1,1,0.99999845
1,1,0.99999726
1,1,0.99998856
1,1,0.99999714
1,1,0.999998
1,1,0.9999974
1,1,0.9999937
1,1,0.99999356
1,1,0.9999987
1,1,0.99999785
1,1,0.99999845
1,1,0.99999833
1,1,0.99999464
0,0,9.146878e-07
1,1,0.9999969
1,1,0.99997973
1,1,0.99999845
1,1,0.9999821
1,1,0.999998
0,0,7.6149524e-07
0,0,1.0101563e-06
1,1,0.9999125
1,1,0.999998
1,1,0.99999857
1,1,0.9999975
1,1,0.9999987
1,1,0.99999726
1,1,0.99999714
1,1,0.99999774
1,1,0.9999958
0,0,9.197551e-07
1,1,0.999998
1,1,0.99999833
1,1,0.99999845
1,1,0.999997
1,1,0.9999968
1,1,0.99999607
1,1,0.99999774
1,1,0.9999976
1,1,0.9999964
0,0,9.4606054e-07
1,1,0.999997
1,1,0.9999982
1,1,0.99999726
1,1,0.9999852
1,1,0.99999833
1,1,0.9999789
0,0,8.10336e-07
1,1,0.9999974
1,1,0.99999654
1,1,0.999998
1,1,0.99999845
1,1,0.999997
1,1,0.99999344
1,1,0.9999974
1,1,0.9999968
1,1,0.99999785
1,1,0.9999676
1,1,0.999997
1,1,0.99998057
1,1,0.9999956
1,1,0.9999958
1,1,0.99999714
1,1,0.9999982
1,1,0.999997
1,1,0.99999785
1,1,0.999997
0,0,1.6743415e-06
1,1,0.99998546
1,1,0.9999987
1,0,0.0011410203
1,1,0.9789954
1,1,0.9999976
1,1,0.99999666
1,1,0.99999666
1,1,0.99999785
1,1,0.9989281
1,1,0.999998
1,0,0.026879156
1,1,0.99999774
1,1,0.9999958
1,1,0.999764
1,1,0.99990165
1,1,0.99999464
1,1,0.99999833
1,1,0.999998
1,1,0.9999932
0,0,2.7871313e-06
1,1,0.999998
1,1,0.9986879
0,1,0.99995375
1,1,0.9999982
1,1,0.9999968
1,1,0.99999666
1,1,0.99999845
1,1,0.99999654
1,1,0.999998
1,1,0.9999958
1,1,0.999998
1,1,0.9999976
1,0,3.9268466e-06
1,1,0.99999785
1,1,0.999998
1,1,0.99999297
1,1,0.9999975
1,1,0.99999833
1,1,0.9999975
1,1,0.99999535
1,1,0.99999833
1,1,0.9999974
0,1,0.51052076
1,1,0.99999785
1,1,0.99999595
1,0,0.0006089978
1,1,0.99999785
1,0,2.4445894e-06
1,1,0.9999883
1,0,0.21396893
1,1,0.999998
1,1,0.9999975
0,1,0.57236487
1,1,0.999998
1,1,0.9999976
1,1,0.9985514
1,1,0.99999857
1,1,0.9995703
0,0,7.980552e-07
1,1,0.99999774
1,1,0.999997
1,1,0.9999987
1,1,0.9644587
1,1,0.9999982
1,1,0.99999845
1,1,0.9999937
1,0,4.6568775e-06
1,1,0.9999895
1,1,0.99999714
1,1,0.99999774
1,1,0.99999607
0,0,7.104921e-05
1,1,0.9999968
0,0,9.632022e-07
1,1,0.999998
1,1,0.9999902
1,1,0.99999845
0,1,0.98646843
1,1,0.99999785
0,0,9.790307e-05
0,0,1.248902e-06
1,1,0.9999895
1,1,0.99999785
1,1,0.99996257
0,0,1.6281152e-06
0,1,0.999964
0,0,3.1305992e-06
1,1,0.9999943
1,0,0.0028886828
0,1,0.99999595
1,1,0.99999845
1,1,0.9999888
1,1,0.9999976
1,1,0.9999573
1,1,0.9999981
1,1,0.99999464
1,1,0.9999963
1,1,0.99999785
1,1,0.9999969
1,1,0.9999963
1,1,0.99999654
1,1,0.99999547
1,1,0.99999845
1,1,0.9999888
1,1,0.99999726
1,1,0.9999962
1,1,0.9999958
1,1,0.99996936
0,1,0.9999112
1,1,0.99999714
1,1,0.99999785
1,1,0.99999833
1,1,0.99999845
1,1,0.9999982
1,1,0.90254056
0,0,8.8803e-07
1,1,0.9999987
1,1,0.9999813
1,1,0.99994946
0,0,6.9284633e-06
0,0,1.0688806e-06
1,1,0.9999969
1,1,0.99999845
1,1,0.99999106
1,1,0.99999535
1,1,0.99999785
1,1,0.9999975
1,1,0.9999968
1,1,0.99999845
0,0,5.6940804e-05
0,0,3.417524e-06
1,1,0.9999976
1,1,0.999998
1,1,0.999997
1,1,0.9999964
1,1,0.9999976
1,1,0.9999982
1,1,0.99999726
1,1,0.99999857
1,1,0.9999684
1,1,0.99999654
1,1,0.9999976
1,1,0.9999962
1,1,0.9999981
1,1,0.9999981
1,1,0.99999845
1,1,0.99999297
1,1,0.9999982
1,1,0.99999714
1,1,0.99999225
1,1,0.999998
0,0,0.08424555
1,1,0.9999974
1,1,0.9999821
1,1,0.9999982
1,1,0.9999982
1,1,0.99999416
1,1,0.99999404
1,1,0.99999845
1,1,0.99997795
1,1,0.99999845
0,1,0.99999785
1,0,0.36145908
1,1,0.9999969
0,0,3.8597154e-06
1,1,0.9999949
1,1,0.99999595
0,0,9.573964e-06
1,1,0.999995
1,1,0.9999976
1,1,0.999998
1,1,0.99999726
1,1,0.99999595
0,0,9.043711e-06
1,1,0.99999356
1,1,0.99999785
1,1,0.999998
1,1,0.9999982
0,0,1.3703011e-06
1,1,0.9999975
1,1,0.9999969
1,1,0.99999785
1,1,0.999995
1,1,0.99999595
1,1,0.99999785
1,1,0.9999975
1,1,0.999997
0,0,0.09600815
1,1,0.9999962
1,1,0.99968827
0,0,7.1227345e-07
1,1,0.9999982
1,1,0.9999584
1,0,3.0074516e-05
1,1,0.9999975
0,0,6.7581304e-06
0,0,4.0657415e-06
1,1,0.9999982
1,1,0.999998
0,0,1.5597743e-06
1,1,0.98794997
1,1,0.9999982
1,1,0.9999981
1,1,0.7720561
1,1,0.99998975
1,1,0.9999982
1,1,0.999997
0,0,7.1268585e-07
1,1,0.999998
1,1,0.999997
1,1,0.99999523
1,1,0.9999976
1,1,0.99999785
1,1,0.99999774
0,0,1.6075679e-05
1,1,0.9999968
1,1,0.9999976
1,1,0.9999975
0,0,2.1808632e-06
1,1,0.999998
0,0,3.2869932e-06
1,1,0.99999416
1,1,0.9999974
1,1,0.999998
1,1,0.9999981
1,1,0.9999981
1,1,0.9999974
0,0,8.8396075e-07
0,1,0.99992967
0,0,2.0312964e-06
1,1,0.9999976
0,0,1.8513765e-06
1,1,0.99999833
1,1,0.9999975
1,1,0.99999845
1,1,0.99999547
1,1,0.99999785
1,1,0.9999969
0,1,0.99999356
1,1,0.9999956
1,1,0.9999957
1,1,0.9999981
0,1,0.99999404
1,1,0.99999475
1,1,0.999998
1,1,0.9999976
1,1,0.9999974
1,1,0.9999927
1,1,0.9999975
1,1,0.999998
1,1,0.999998
1,1,0.9999981
1,1,0.99999833
1,1,0.9999987
1,1,0.9999969
1,1,0.999995
1,1,0.99999094
1,1,0.999998
0,0,0.00010153869
1,1,0.9999975
1,1,0.9999968
1,1,0.9999944
1,1,0.99997425
1,1,0.9999888
1,1,0.9999974
1,1,0.9999981
0,1,0.9999194
1,1,0.9999964
1,1,0.99999785
1,1,0.999998
1,1,0.999998
0,0,9.576653e-07
1,1,0.9999088
1,1,0.99999833
0,1,0.9673052
1,1,0.99999833
1,1,0.9999975
1,1,0.9999975
1,1,0.99999833
1,1,0.99999666
1,1,0.9999943
1,1,0.99999845
1,1,0.99999833
1,1,0.999998
1,1,0.9999949
1,1,0.9999957
0,1,0.99973005
1,1,0.99999785
1,1,0.99999714
0,1,0.9995295
1,1,0.99999607
1,1,0.99999785
1,1,0.99999726
1,1,0.9999975
1,1,0.999998
1,1,0.9999976
1,1,0.99999666
1,1,0.99998105
1,1,0.9999963
1,1,0.99999774
1,0,5.4034085e-06
1,1,0.99999785
1,1,0.9999982
1,1,0.999998
1,1,0.9999944
1,1,0.99999845
1,1,0.99999774
1,1,0.9999976
0,0,0.0001144897
1,1,0.9999945
0,0,0.009338974
1,1,0.99999833
1,0,1.1983229e-06
1,1,0.9999434
1,1,0.9999982
1,1,0.99999714
0,0,9.729616e-07
1,1,0.99999726
0,1,0.9999949
1,1,0.99998367
1,1,0.9999988
1,1,0.9999981
1,1,0.9999975
1,1,0.99999785
1,1,0.99999774
1,1,0.9999975
1,1,0.999992
1,1,0.99999833
1,1,0.99999833
1,1,0.99999785
1,1,0.9999969
1,1,0.98347694
1,1,0.99999833
1,1,0.9999975
1,1,0.99999857
1,1,0.9999962
1,1,0.9999976
1,1,0.9999982
0,0,1.1205778e-06
1,1,0.99999714
1,1,0.99999785
1,1,0.9999981
1,1,0.9999982
1,1,0.9999969
1,1,0.99999666
1,1,0.999997
0,0,1.490654e-06
1,1,0.99999607
1,1,0.9999975
1,1,0.9999975
1,1,0.9999968
1,1,0.9999976
1,1,0.99999785
1,1,0.99999726
1,1,0.9999982
1,1,0.999998
1,1,0.99999833
1,1,0.99954045
1,1,0.9999962
1,1,0.99991
0,0,6.973606e-07
1,1,0.9999982
1,1,0.9999962
1,1,0.99999833
1,1,0.9999933
0,0,2.9943096e-06
1,1,0.9999988
1,1,0.99999285
1,1,0.99999845
1,1,0.99998844
1,1,0.99999857
1,1,0.99999654
1,1,0.99999714
1,1,0.99999845
1,0,0.22635376
1,1,0.7446865
0,0,1.0039885e-06
0,0,1.4019515e-06
1,1,0.999995
1,1,0.99999785
1,1,0.65176296
0,0,2.0452082e-06
1,1,0.9999956
0,0,7.455583e-07
0,1,0.99996865
1,1,0.99999654
0,1,0.66717327
1,1,0.99999833
1,1,0.9999974
1,1,0.99386287
1,0,0.25323263
1,1,0.99999845
1,1,0.9999974
1,0,1.7256698e-06
1,1,0.9999981
1,1,0.99999523
1,1,0.9999982
0,0,1.3216696e-06
0,1,0.9989567
1,1,0.99999774
1,1,0.999998
1,1,0.9999974
1,1,0.99999785
1,1,0.99999666
0,1,0.9999963
1,1,0.9999987
1,1,0.99999404
1,1,0.9999976
1,0,0.17899853
1,1,0.9999981
1,1,0.9999981
1,1,0.99999774
1,1,0.9999907
1,1,0.99999785
1,1,0.9999976
1,1,0.9999981
0,0,1.3664534e-05
1,1,0.9999958
1,1,0.99966717
1,1,0.99999774
1,1,0.99999654
1,1,0.99999833
0,0,0.008838077
1,1,0.99999785
0,0,0.000666682
1,1,0.9999957
1,1,0.9998859
1,1,0.9999982
1,0,7.576056e-06
0,1,0.8776629
1,0,7.314783e-05
1,1,0.99999833
1,1,0.99999857
1,1,0.9999982
0,0,8.500076e-07
1,1,0.999997
1,1,0.9999981
1,0,0.065679565
1,1,0.9999974
1,1,0.999998
1,1,0.99999845
1,1,0.99999845
1,1,0.9999974
1,1,0.9996667
1,1,0.99999654
1,1,0.9995845
1,1,0.99999857
1,1,0.9999976
0,0,7.30379e-07
0,0,3.787589e-06
1,1,0.9999976
1,0,0.007931951
1,1,0.9999982
0,0,9.104078e-07
0,1,0.9999875
0,0,8.425133e-07
1,1,0.99783915
1,1,0.9999938
1,1,0.99999845
1,1,0.9997545
1,1,0.9998996
1,1,0.9999956
1,1,0.999998
0,0,1.2170046e-05
1,1,0.9999974
1,1,0.9999963
0,0,9.238983e-07
1,1,0.99999666
1,1,0.9999987
1,1,0.99999833
0,0,8.888087e-07
1,1,0.9999945
1,1,0.9999974
1,1,0.9999932
1,1,0.999995
0,1,0.9999881
1,1,0.999998
0,0,0.24867909
1,1,0.9999974
1,1,0.99999857
1,1,0.99999833
1,1,0.99999726
1,1,0.99999774
0,0,1.4891876e-06
1,1,0.99999833
1,1,0.99999774
1,1,0.99999845
1,1,0.999998
1,1,0.99999654
1,1,0.9955764
1,1,0.99999774
1,1,0.99999833
1,1,0.99972826
1,1,0.99999845
0,1,0.9549261
1,1,0.99999845
1,1,0.9999974
1,1,0.9999945
0,0,7.668378e-07
0,0,7.7124855e-07
0,0,8.6741994e-07
1,1,0.999998
1,1,0.9999988
0,0,9.991247e-07
1,1,0.99998
1,1,0.9999918
1,1,0.9999932
1,1,0.99999785
1,1,0.9999981
1,1,0.9999987
1,1,0.999998
1,1,0.99999297
1,1,0.999998
1,1,0.9999968
0,0,9.941804e-07
0,0,5.7812854e-06
1,1,0.99999666
1,1,0.9999962
1,1,0.9911144
1,1,0.99999225
1,1,0.9999981
1,1,0.9999968
1,1,0.9999958
1,1,0.99999833
1,1,0.9999976
1,1,0.99999785
0,0,1.290071e-06
0,1,0.95661014
1,1,0.99999833
1,1,0.99999666
1,1,0.99999785
1,1,0.999998
1,1,0.99999774
0,0,0.0047400035
1,1,0.99999857
1,1,0.99999785
1,0,3.7789587e-06
1,1,0.9997938
0,0,7.443626e-07
0,1,0.9993104
1,1,0.9999975
0,0,1.0065846e-06
1,1,0.99999774
1,1,0.9999943
1,1,0.999998
1,1,0.9999982
1,1,0.9999962
1,1,0.9999976
1,1,0.99999845
1,1,0.9999963
1,1,0.9999976
1,1,0.99999833
1,1,0.9999865
1,0,0.0010690881
1,1,0.99999666
1,1,0.99999833
0,0,0.2306144
1,1,0.99996054
1,1,0.9999975
1,1,0.9999958
1,1,0.99999774
1,1,0.99999857
1,1,0.99999857
1,0,3.243931e-05
1,1,0.9999968
1,1,0.97866184
1,1,0.9999981
1,1,0.9999963
1,1,0.99999726
1,1,0.9999982
1,1,0.9999968
1,1,0.9999865
1,1,0.999997
0,0,9.5254086e-07
1,1,0.99999845
1,1,0.99999774
0,1,0.99998474
0,0,3.8406924e-05
1,1,0.9999981
1,1,0.99999774
0,0,9.76982e-07
0,0,0.0005561138
1,1,0.9999969
1,1,0.9999807
1,1,0.99999607
1,1,0.99999833
1,1,0.9999734
1,1,0.9999825
0,1,0.9999784
1,1,0.9999893
1,1,0.99999416
1,1,0.9999945
1,1,0.9999831
0,0,6.529455e-05
1,1,0.9999981
0,0,0.00018186252
0,1,0.51739055
1,1,0.9999976
1,1,0.99999785
1,1,0.99999833
0,1,0.9999956
1,1,0.99999714
1,1,0.9999927
1,1,0.99999845
1,0,2.7447481e-06
0,0,0.21037132
1,1,0.99999714
1,1,0.9999975
0,1,0.9999943
1,1,0.99999774
1,1,0.9999956
1,1,0.999998
0,0,9.664164e-06
1,0,2.1309086e-06
1,1,0.99999857
1,1,0.9999982
0,0,4.7621957e-06
1,1,0.99999785
1,1,0.99999857
1,1,0.9999671
1,1,0.99999285
0,1,0.99999595
1,1,0.99999833
1,1,0.9999982
1,1,0.9999968
1,1,0.9999974
1,1,0.9999982
1,1,0.9769645
1,1,0.99999833
1,1,0.9999945
1,1,0.9999938
1,1,0.99999785
1,1,0.99999774
1,1,0.99999774
1,1,0.99999845
1,1,0.9999974
0,0,4.4735925e-06
1,1,0.9985563
1,1,0.9999975
1,1,0.999998
1,1,0.99999833
1,0,0.027112707
1,1,0.9999974
1,1,0.99999714
1,1,0.9999974
1,1,0.9999974
1,1,0.9999908
1,1,0.9999974
1,1,0.99999726
1,1,0.9999982
0,0,1.4286226e-06
1,1,0.9999937
1,1,0.9999957
1,0,2.22864e-05
0,0,1.3280833e-05
1,1,0.99999714
1,1,0.99999666
1,1,0.9999975
1,1,0.99999714
1,1,0.9999976
1,1,0.9999975
1,1,0.99999845
1,1,0.9999987
1,1,0.9999976
1,1,0.9999963
1,1,0.99999845
1,1,0.99999774
1,1,0.99999833
0,0,0.00015522832
1,1,0.9999969
1,1,0.99999833
1,0,1.0030946e-06
1,0,0.3288477
1,0,4.115652e-06
1,1,0.9999943
1,1,0.9999968
1,1,0.99999845
1,1,0.99999774
1,1,0.99998724
1,1,0.99999785
1,1,0.9999981
1,1,0.9999974
1,1,0.9999982
1,1,0.999997
1,1,0.9999981
1,1,0.99999774
1,1,0.9999981
1,1,0.99999714
1,1,0.9999906
1,1,0.99999356
1,1,0.9999962
1,1,0.99999785
1,1,0.9999976
1,1,0.9999976
1,1,0.9999951
1,1,0.99999845
1,1,0.99999833
0,0,3.3841125e-06
1,1,0.9999981
1,1,0.99999857
0,0,9.4423615e-07
1,1,0.99999857
1,1,0.99999774
0,0,7.9701323e-07
1,1,0.9999981
1,1,0.99999845
1,1,0.9999902
1,1,0.99998915
1,1,0.99999857
1,1,0.9999895
1,1,0.9999982
1,1,0.9997762
1,1,0.9999969
1,1,0.98884016
1,1,0.9999974
1,1,0.99999535
1,1,0.99999404
1,1,0.99999774
1,0,0.3380215
1,1,0.9999937
1,1,0.99999833
1,1,0.9999969
1,1,0.9999982
1,1,0.999998
1,1,0.9992976
1,0,5.00685e-06
0,0,0.29327473
1,1,0.9999975
1,1,0.99999833
1,1,0.99999714
1,1,0.99999654
1,1,0.9975446
0,0,8.010863e-07
0,0,1.0374954e-06
1,1,0.99999547
1,1,0.99999833
1,1,0.99999607
1,1,0.9999938
1,0,3.532803e-06
1,1,0.9999987
1,1,0.9999969
1,1,0.99999785
0,1,0.9997197
1,1,0.999998
1,1,0.9999981
1,1,0.999998
0,0,1.5117304e-06
1,1,0.99999535
1,1,0.9999968
1,1,0.9999987
1,1,0.99999166
1,1,0.99999845
1,1,0.99999726
1,1,0.99999833
1,1,0.99999774
0,0,0.00022670138
1,0,2.7765382e-06
1,1,0.999998
1,1,0.9999833
1,1,0.9999975
1,1,0.9999976
1,1,0.9999975
1,0,1.2464878e-06
0,0,1.2806823e-06
1,0,0.0005140619
1,1,0.9999974
1,1,0.999982
1,1,0.9999975
1,1,0.9999938
1,1,0.9999901
1,1,0.9999957
1,1,0.99999726
0,0,0.026067961
1,0,0.1365983
1,1,0.9999974
1,1,0.99999833
1,1,0.9999976
1,1,0.9999981
0,0,1.3516476e-06
1,1,0.9999981
0,0,2.1950166e-06
1,1,0.99999714
1,0,7.938469e-06
1,1,0.999997
1,1,0.99984336
1,1,0.99999774
1,1,0.99999833
1,1,0.99999416
1,1,0.99999857
1,1,0.9999968
1,1,0.999997
0,0,1.2650173e-06
1,1,0.9999981
1,1,0.9999943
1,1,0.99997926
1,0,6.3869076e-05
0,0,1.0627616e-06
1,1,0.99999833
1,1,0.9999908
1,1,0.99999833
1,1,0.9999987
1,1,0.9999968
1,1,0.99999845
1,1,0.9999827
1,1,0.9999982
0,0,8.237189e-07
1,1,0.9999969
1,1,0.99999666
1,1,0.99999666
1,1,0.9999881
1,1,0.99999785
0,0,1.3445996e-06
1,1,0.9999987
1,1,0.9999963
1,1,0.99999535
1,1,0.99977106
1,1,0.999998
1,1,0.99999356
1,1,0.9999974
1,1,0.999997
1,1,0.9999975
1,1,0.9999981
0,0,7.322397e-07
1,1,0.9999974
1,1,0.9999957
1,1,0.99999857
1,1,0.9999969
1,1,0.999997
1,1,0.99999714
1,1,0.99999726
1,1,0.99940026
1,1,0.99999726
1,1,0.9999949
1,0,8.4921754e-05
1,1,0.9999982
0,1,0.9986332
1,0,0.00018554532
1,1,0.9999944
1,1,0.99999523
1,1,0.9999987
1,1,0.9999933
1,1,0.99999726
0,0,9.28122e-06
1,1,0.99999714
1,1,0.9999988
1,1,0.99999714
1,1,0.99999833
0,0,8.543409e-07
1,1,0.99999785
1,1,0.99999785
1,1,0.9999925
1,1,0.99999285
1,1,0.9999864
1,1,0.9999963
1,1,0.999998
1,1,0.99999607
0,1,0.9886541
1,1,0.999998
1,1,0.99999785
1,1,0.9999976
1,1,0.9999988
1,1,0.9999962
0,0,3.534981e-05
1,1,0.9999987
0,0,8.590804e-07
1,1,0.9964218
1,1,0.9871968
0,0,1.0642221e-06
1,1,0.9999957
1,1,0.9999975
1,1,0.99999857
1,1,0.99999833
1,1,0.99998534
1,1,0.999998
0,0,1.1279147e-06
1,1,0.9999969
0,1,0.686897
1,1,0.99999523
1,1,0.9999981
1,1,0.99999845
1,1,0.9999962
1,1,0.99999774
0,0,9.471084e-06
1,1,0.99999785
1,1,0.99999845
1,1,0.9999982
1,1,0.9999949
1,1,0.99999845
0,0,7.297635e-07
1,1,0.9999949
1,1,0.9999976
1,1,0.99999774
1,1,0.9999981
1,1,0.9999982
1,1,0.99999714
1,1,0.99999774
1,1,0.99999845
1,1,0.99999785
1,1,0.99999714
1,1,0.9959168
1,1,0.99501896
1,1,0.99999666
1,1,0.9999981
0,0,8.248515e-06
1,1,0.99999654
1,1,0.9999846
1,1,0.9999926
1,1,0.999998
1,1,0.99999833
1,1,0.99999714
1,1,0.9999932
1,1,0.99999833
1,1,0.99999714
0,0,0.0015565968
1,1,0.99999726
0,0,1.190829e-06
1,1,0.9999924
0,0,7.338511e-07
1,1,0.9999981
1,1,0.9999919
0,0,3.8726457e-06
1,1,0.9999962
1,1,0.99999833
1,1,0.99999726
1,1,0.99999785
1,1,0.9999969
1,1,0.9999981
1,1,0.999997
0,0,2.919749e-05
1,1,0.999998
1,1,0.9999962
1,1,0.99999785
0,0,1.7418135e-06
1,1,0.99999833
1,1,0.9999982
1,1,0.99999726
1,1,0.99999785
1,1,0.9999578
0,0,2.110898e-05
1,1,0.9999981
1,1,0.9999981
1,1,0.99999654
1,1,0.9999982
1,1,0.9999969
1,1,0.99999857
1,1,0.99999285
1,1,0.99999785
0,1,0.99997365
1,1,0.99999404
1,1,0.99999833
1,1,0.9999976
1,1,0.999998
1,1,0.99999607
1,1,0.99999774
1,0,4.136653e-06
1,1,0.99999404
0,0,8.277903e-07
1,1,0.9999982
1,1,0.9999976
1,1,0.99999666
1,1,0.99999416
1,1,0.9999846
1,1,0.9999958
1,1,0.99999833
1,1,0.9999975
0,0,1.05545e-06
1,1,0.9999969
1,1,0.9996556
1,1,0.9999975
1,1,0.94396436
1,1,0.9997347
0,0,3.6067788e-06
1,1,0.99993753
1,1,0.99999833
1,1,0.99999607
1,1,0.99999475
1,1,0.999998
1,1,0.99999845
1,1,0.99999774
1,1,0.999997
1,1,0.9651078
1,1,0.9999887
1,1,0.99999833
1,1,0.99999833
1,1,0.99999774
1,1,0.9999982
0,0,8.348245e-06
1,1,0.9999968
0,0,1.4962142e-06
0,0,8.973401e-06
1,1,0.9999964
1,1,0.99999607
1,1,0.9999976
1,1,0.9999975
1,1,0.5094695
1,1,0.9999974
0,1,0.99740005
1,1,0.9999974
0,0,7.957996e-06
1,1,0.99999714
1,1,0.9999974
0,0,7.560543e-07
1,1,0.999998
1,1,0.9999938
1,1,0.99999607
0,0,1.2357771e-06
1,1,0.99999535
1,1,0.9999634
1,1,0.999992
1,1,0.99999654
1,1,0.99999726
1,1,0.9999963
1,1,0.99999714
1,1,0.99999595
0,1,0.9956359
1,1,0.999998
1,1,0.9999981
1,1,0.99999845
1,1,0.9999825
1,1,0.9999969
0,0,2.6866692e-06
0,0,0.00015273818
1,1,0.99999726
1,0,2.3500916e-06
1,1,0.9999976
1,1,0.9999981
1,1,0.9999987
1,1,0.99999785
1,1,0.99999714
1,1,0.99999785
1,0,0.00045527532
1,1,0.99999845
1,1,0.99999785
0,0,9.603985e-05
1,1,0.9999963
1,1,0.99999845
1,0,2.5915777e-05
1,1,0.99999547
1,1,0.9999924
1,1,0.99977285
1,1,0.99997056
1,1,0.999998
1,1,0.9999976
0,1,0.99991
1,1,0.9999982
1,1,0.99999774
1,1,0.9999982
1,1,0.99999845
1,1,0.9999974
0,0,6.3268535e-06
1,1,0.9999982
1,1,0.99999785
1,1,0.9999987
1,1,0.99999475
1,1,0.99999857
1,1,0.99999774
1,1,0.9999987
1,1,0.9999976
1,1,0.9955303
1,1,0.99999857
1,1,0.99999833
1,1,0.99999774
1,1,0.9999956
1,1,0.99999845
0,0,1.9810816e-06
0,0,9.749587e-07
1,1,0.99999726
1,1,0.99999654
1,1,0.9999858
1,1,0.99999857
1,1,0.9999981
1,1,0.9999951
1,1,0.99999666
1,1,0.99999833
1,1,0.9999981
1,1,0.9999974
1,1,0.99999774
1,1,0.99992645
0,0,1.3149961e-06
1,1,0.99999785
1,1,0.9999962
1,0,2.410611e-06
1,1,0.9999982
1,1,0.999998
1,1,0.99999785
0,1,0.999997
1,0,0.24510148
0,0,8.326824e-06
1,1,0.9999981
1,1,0.99999547
1,1,0.99999833
1,1,0.99999547
0,0,7.436545e-07
1,1,0.99999774
1,1,0.9999968
1,1,0.99999857
1,1,0.99998057
1,1,0.9999968
0,0,8.3459665e-05
1,1,0.99999833
0,0,1.3573766e-06
1,0,3.213458e-05
1,0,5.735234e-06
1,1,0.9999944
1,1,0.99999845
1,1,0.9999982
1,1,0.9999981
1,1,0.9999974
1,1,0.8671703
0,0,8.4260654e-07
1,1,0.9999902
1,1,0.99999845
1,0,0.03980468
1,1,0.99999785
0,0,6.241113e-05
1,1,0.9999982
1,1,0.99868435
1,1,0.999998
1,1,0.99999774
1,1,0.99998915
1,0,2.4201629e-05
1,1,0.973407
1,1,0.9999976
1,1,0.9999982
1,1,0.96678436
1,1,0.99999297
1,1,0.9999976
1,1,0.99999833
1,1,0.99999213
1,1,0.99999666
1,1,0.99999785
1,1,0.9999975
1,1,0.99999774
1,1,0.9999982
1,1,0.9999939
1,1,0.99999464
1,1,0.99999833
1,1,0.9999981
1,1,0.9999964
1,1,0.99999714
1,1,0.99999857
0,0,1.0042307e-06
1,1,0.99999785
0,0,0.00073905266
1,1,0.99999833
1,1,0.999995
1,1,0.9999987
1,1,0.93667495
1,1,0.99999785
1,1,0.9999982
1,1,0.99738914
1,1,0.9999964
1,1,0.99999845
0,0,1.559197e-05
0,0,6.246377e-05
1,1,0.99999714
1,1,0.9999974
1,1,0.99999833
1,1,0.9999987
1,1,0.9999951
1,1,0.999997
1,1,0.9999982
1,1,0.999998
1,1,0.99999845
1,1,0.99999785
1,1,0.99999833
1,1,0.9999976
1,1,0.9999981
1,1,0.999998
1,1,0.99999774
1,0,0.001622522
1,1,0.99999714
1,0,0.053585228
1,1,0.9999981
1,1,0.99999774
0,1,0.99332786
1,1,0.999997
1,1,0.9999981
1,1,0.99999857
1,1,0.999997
1,1,0.999801
1,1,0.9999795
0,0,9.896265e-07
0,0,0.00012395025
1,1,0.9999987
0,0,2.0179832e-06
1,1,0.999992
1,1,0.9999982
1,1,0.99999845
0,0,7.4934553e-07
1,1,0.9999975
1,1,0.9999957
1,1,0.9999976
1,1,0.9999981
0,0,0.009636223
1,0,0.024862668
1,1,0.9999974
1,1,0.999998
0,0,6.229995e-06
0,0,3.5925116e-06
1,1,0.99999714
1,1,0.9999937
1,1,0.99999857
1,1,0.9999974
1,1,0.9999026
0,0,0.49794433
1,1,0.9999957
1,0,1.5314929e-06
1,1,0.99999833
1,1,0.9999974
1,1,0.99999833
0,0,7.063699e-07
1,1,0.99999845
1,1,0.9999958
0,1,0.9992495
1,1,0.99999774
1,1,0.999998
1,1,0.9999969
1,1,0.9999962
1,1,0.99999774
0,0,7.6853e-06
1,1,0.99999654
1,1,0.9999893
0,1,0.9041471
1,1,0.99999666
1,1,0.99999464
1,1,0.99999785
1,1,0.9999968
1,1,0.9999981
1,1,0.99999833
1,1,0.9999974
1,1,0.9999957
1,1,0.99999714
1,1,0.9999981
1,1,0.99998736
1,1,0.99999714
1,1,0.9999976
1,1,0.9999976
1,0,0.00087666395
1,1,0.99999785
1,1,0.9999981
1,1,0.9999968
1,1,0.9999987
1,1,0.99999845
1,1,0.999998
0,0,5.661956e-05
1,1,0.9999987
0,1,0.9998312
1,1,0.9999981
1,1,0.9999887
1,1,0.999998
1,1,0.999992
1,1,0.9999912
1,1,0.99999845
1,1,0.99999857
0,0,0.0004711304
1,1,0.9999019
0,1,0.9999856
1,1,0.9999975
1,1,0.999995
1,0,3.971415e-06
1,1,0.99999845
1,1,0.999998
0,0,7.423139e-07
1,1,0.9999987
1,1,0.9999987
1,1,0.99999833
1,1,0.99999595
1,1,0.9999982
1,1,0.999998
1,1,0.9999871
1,1,0.9999982
1,1,0.99999607
1,1,0.9999933
1,1,0.9999975
0,0,2.0419495e-06
1,1,0.9999914
1,1,0.9999987
1,1,0.9999951
1,1,0.9999981
1,1,0.999998
1,1,0.99999833
1,1,0.9999981
1,1,0.99915755
1,1,0.99999714
1,1,0.99999714
1,1,0.99999833
1,1,0.99999774
1,1,0.99999726
1,1,0.99999607
1,1,0.9999949
0,1,0.9999945
1,1,0.9999976
1,1,0.99999726
1,1,0.99999654
1,1,0.99986064
0,0,0.0024728326
0,0,2.1791293e-06
1,1,0.999997
1,1,0.99999726
0,0,1.5625258e-06
1,1,0.99999833
1,1,0.99999654
1,1,0.99999595
1,1,0.999997
1,1,0.99999857
1,1,0.9999987
1,1,0.99999833
1,1,0.9999906
1,1,0.9999975
0,0,4.4486624e-06
1,1,0.99999785
1,1,0.99998903
0,0,9.037132e-07
1,1,0.9999951
1,1,0.99999845
1,1,0.99999225
1,1,0.9999913
1,1,0.99997675
1,1,0.999998
1,1,0.99999654
1,1,0.99999857
1,1,0.99999726
0,1,0.99998605
1,1,0.9999963
1,1,0.9999964
0,0,1.617645e-06
1,1,0.99999845
1,1,0.9999982
1,1,0.99999785
1,1,0.99994254
0,0,1.1275813e-06
0,0,1.779022e-05
1,1,0.999998
1,1,0.999998
1,1,0.9996836
1,0,2.3626355e-06
1,1,0.99999833
0,0,8.616987e-07
0,0,2.429242e-06
1,1,0.999998
1,1,0.99999785
1,1,0.9999982
1,1,0.99999666
1,1,0.99999547
1,1,0.99999833
1,1,0.99999774
1,1,0.99999726
1,1,0.99996626
0,1,0.9999939
1,1,0.99999654
0,1,0.88763255
1,1,0.9999981
1,0,2.109634e-05
1,1,0.99999845
0,1,0.9999962
1,1,0.99999774
0,0,3.0709394e-05
1,1,0.9999976
1,1,0.9999982
0,0,8.083185e-07
1,1,0.99999714
1,1,0.999998
1,1,0.9999982
1,0,1.0765142e-06
1,1,0.99999845
1,1,0.9999987
1,1,0.99999845
1,1,0.99999774
0,0,0.0003146296
1,1,0.99999857
1,1,0.9999962
1,1,0.999998
1,1,0.999997
1,1,0.9999962
1,1,0.9999927
0,0,1.9951674e-06
1,1,0.99999475
1,1,0.9999862
1,1,0.99999523
1,1,0.9999895
1,1,0.8942326
1,1,0.8197352
1,1,0.9999975
1,1,0.99999833
1,1,0.9784853
1,1,0.9999827
0,1,0.9999825
1,0,0.06685965
1,1,0.99999547
1,1,0.9999716
1,1,0.99999785
1,1,0.99999833
0,0,1.0339337e-06
1,1,0.9998883
1,1,0.9999981
1,1,0.9998622
1,1,0.9999981
1,1,0.9999962
0,1,0.99982613
1,1,0.99999857
1,1,0.9999976
1,1,0.999987
0,0,1.7149534e-06
1,1,0.99999523
1,1,0.9999964
1,1,0.9999964
1,1,0.99999785
1,1,0.9999969
1,1,0.9999962
1,1,0.9999919
1,1,0.99999774
1,1,0.99999714
1,1,0.99999726
1,1,0.99999833
0,0,2.413157e-05
0,0,1.035396e-06
1,1,0.9999238
1,1,0.99999833
0,0,5.7970196e-06
0,0,2.3804823e-06
1,1,0.99999774
1,1,0.99999666
1,1,0.9999982
1,1,0.99999106
1,1,0.99999785
1,1,0.9999987
0,1,0.9999926
1,1,0.96980166
1,1,0.9999914
1,1,0.99999833
0,0,9.0007757e-07
1,1,0.9999926
1,1,0.99999654
1,1,0.99999774
1,1,0.99999833
1,1,0.9998517
1,1,0.99999833
1,1,0.9999987
1,1,0.9999982
1,1,0.9999949
1,1,0.9999981
1,1,0.99999774
0,0,0.080358095
1,1,0.99999785
1,0,3.6330082e-06
1,1,0.9999962
1,1,0.99999774
1,1,0.9999981
1,1,0.99999535
1,1,0.99999666
1,1,0.9999975
1,1,0.99999106
1,1,0.99999857
1,1,0.9999982
1,1,0.99999857
1,1,0.99998593
1,1,0.99999785
1,1,0.9999982
0,0,8.5352974e-07
1,1,0.999998
1,1,0.99994826
1,1,0.9999709
1,1,0.99999523
1,1,0.9999957
0,1,0.9858416
1,1,0.999998
1,0,2.596778e-05
1,1,0.99999714
1,1,0.999998
1,1,0.9999882
1,0,2.5480313e-06
0,1,0.9999851
1,1,0.99999654
0,0,9.683978e-07
1,1,0.9999964
1,1,0.999998
1,1,0.999997
0,1,0.9998685
1,1,0.99999714
1,1,0.99999535
1,1,0.99999774
0,1,0.9947601
1,1,0.99999654
1,1,0.99999833
1,1,0.99999785
1,1,0.99999833
1,1,0.9999982
1,1,0.9999976
1,1,0.999998
1,1,0.999997
1,1,0.9999974
1,1,0.9999683
1,1,0.9999428
0,0,8.463805e-07
0,1,0.99997544
1,1,0.9999974
1,1,0.999998
1,1,0.9999969
1,1,0.9999881
1,1,0.99999774
1,1,0.9999981
1,1,0.99999774
1,1,0.9999937
1,1,0.999998
1,1,0.99999464
1,1,0.9999982
1,1,0.9999969
0,0,1.7443604e-06
1,1,0.9999969
1,1,0.99999833
1,1,0.999998
1,1,0.99999774
0,0,3.655027e-06
1,1,0.9999943
1,1,0.99999714
1,1,0.99999654
0,0,0.0028150775
1,1,0.9999987
1,1,0.999998
1,1,0.9999976
1,1,0.9999974
1,1,0.9999974
1,1,0.9999021
1,1,0.99984026
1,1,0.9999975
1,1,0.999998
1,1,0.9999962
1,1,0.99998045
1,1,0.999995
1,1,0.9999912
1,1,0.9999976
0,0,1.6719896e-06
1,1,0.9999963
1,1,0.99999845
1,1,0.99999213
1,1,0.99999845
1,1,0.9999981
0,0,7.5589566e-07
1,1,0.99999833
0,1,0.9999281
1,1,0.9999964
1,1,0.9999969
0,0,1.2153367e-06
1,1,0.99999785
1,1,0.99999726
1,1,0.9999982
1,1,0.99999714
1,1,0.99999774
1,1,0.99999607
0,0,0.00027702918
1,1,0.99999404
1,1,0.9999832
1,1,0.9999981
1,1,0.999998
1,1,0.99999857
1,1,0.9999963
1,1,0.99999094
1,1,0.9999987
1,1,0.9999924
0,0,7.49763e-07
1,1,0.9999982
1,1,0.99999297
0,0,1.2407522e-06
1,1,0.99999714
1,1,0.9999974
0,0,0.22405337
1,1,0.99999785
1,1,0.9999949
0,0,0.030014677
0,1,0.99933237
1,1,0.9999976
1,1,0.99999857
1,1,0.9999968
1,1,0.99999714
1,1,0.99999416
1,1,0.9999982
1,1,0.9999969
1,1,0.9999962
0,1,0.9999939
1,1,0.9999597
0,0,0.0032351897
1,1,0.9999738
1,0,2.7125327e-06
1,1,0.9999944
1,1,0.9999982
1,1,0.999998
1,1,0.99999666
1,1,0.9999981
1,1,0.9999976
1,1,0.99999833
1,1,0.9999968
1,1,0.9999982
1,1,0.999065
1,1,0.99999714
1,1,0.999998
1,1,0.99999833
1,1,0.999997
1,1,0.99699104
1,1,0.9999982
1,1,0.99999857
1,1,0.99999845
0,0,7.556247e-07
1,1,0.999997
1,1,0.99999785
0,1,0.9977743
0,0,1.3488403e-06
1,0,1.2280419e-06
1,1,0.99999774
1,1,0.9999982
1,1,0.99999833
1,0,0.004834622
1,1,0.99999416
0,0,1.6280685e-06
1,1,0.99999404
1,1,0.9999974
1,0,2.5688482e-06
1,1,0.99999595
1,1,0.9999881
1,1,0.99999845
1,1,0.99999774
1,1,0.9999963
1,1,0.9999981
1,1,0.99996686
1,1,0.99999845
1,1,0.99999774
1,1,0.99999857
1,1,0.99988484
1,1,0.99999833
1,1,0.99999726
0,0,0.089057945
1,1,0.9999982
0,0,9.147086e-06
1,1,0.9999975
1,1,0.9999981
1,1,0.9999982
1,1,0.9999976
1,1,0.9999951
1,1,0.98565555
1,1,0.9999976
0,1,0.99999356
1,1,0.99999726
1,0,0.0001493859
1,0,2.0581003e-06
1,1,0.99999785
1,1,0.999998
1,1,0.9999981
1,1,0.9999976
0,1,0.9999207
1,1,0.9999982
1,1,0.99999595
1,1,0.99999833
1,1,0.99999833
1,1,0.9999975
1,1,0.999998
1,1,0.9999982
1,1,0.99999785
1,1,0.99999857
1,1,0.999997
0,0,2.032176e-06
1,0,1.8169674e-06
1,1,0.99999833
1,1,0.9999982
1,1,0.9999976
0,0,2.4002558e-05
1,1,0.99999464
0,1,0.99984443
1,1,0.999998
1,1,0.9999938
0,0,0.0007831175
1,1,0.999998
1,1,0.999998
1,1,0.999997
1,1,0.99999833
1,1,0.99999785
1,1,0.9999974
1,1,0.9999968
1,1,0.9999956
1,1,0.9999968
1,1,0.99999857
1,1,0.99999654
1,0,0.015957782
0,0,1.2559642e-05
1,1,0.99999833
1,1,0.9999969
0,0,8.7881233e-07
1,1,0.99999785
1,1,0.99999785
1,1,0.99999654
1,1,0.99999833
1,0,1.471615e-06
0,1,0.9999943
1,1,0.99999845
1,1,0.99999726
1,1,0.99999774
1,1,0.9999981
1,1,0.9999981
1,1,0.99999404
0,0,1.3026221e-05
0,0,7.4181503e-07
1,1,0.9999825
1,1,0.999998
1,1,0.99997044
1,1,0.9999974
1,1,0.99999785
1,1,0.99999845
1,1,0.99999833
1,1,0.9999975
0,1,0.9969469
0,0,1.7148029e-06
1,1,0.9999982
1,1,0.9999895
1,1,0.99999833
1,1,0.99999833
1,1,0.99999845
1,1,0.99726427
1,1,0.9999981
1,1,0.99999356
1,0,1.1038397e-06
0,0,8.7782473e-07
1,1,0.99999666
1,1,0.9999975
1,0,0.47657743
1,1,0.9999987
1,1,0.9993875
1,1,0.999997
1,1,0.9999976
1,1,0.9999975
1,1,0.9999982
1,1,0.999998
1,1,0.9999708
1,1,0.99999845
1,1,0.9999982
1,1,0.9999963
1,1,0.9999963
1,1,0.9999968
1,1,0.99999833
1,1,0.99998724
0,1,0.99999595
1,0,7.2569073e-06
1,1,0.99999785
1,1,0.99999845
1,1,0.99999225
1,1,0.9999963
1,1,0.99999774
1,0,1.9077652e-05
1,1,0.9999982
1,1,0.9999982
1,1,0.9999974
1,1,0.99999845
1,1,0.9999937
1,1,0.99999845
1,1,0.99999833
1,1,0.9999937
1,1,0.9999981
1,1,0.99999833
1,1,0.9999969
1,1,0.9999975
1,1,0.99999547
1,1,0.9999838
0,0,9.88375e-07
1,1,0.99999654
1,1,0.9999975
0,0,0.004277719
0,1,0.99999607
1,1,0.99999857
1,1,0.999998
1,1,0.99999857
1,1,0.994987
0,0,7.786448e-07
1,1,0.9999981
1,1,0.9970034
1,1,0.99999845
1,1,0.99999833
1,1,0.9999962
1,1,0.99999714
1,1,0.99999714
1,1,0.9999944
1,1,0.99999785
1,1,0.9999982
1,1,0.9999974
0,1,0.9999895
1,1,0.999997
1,1,0.99999344
1,1,0.9999975
0,0,7.42947e-07
1,1,0.99999654
1,1,0.9999938
1,1,0.9999982
1,1,0.9999981
1,1,0.9999981
1,1,0.99999833
0,0,0.00036520298
1,1,0.9999969
1,1,0.999998
1,1,0.99999416
1,1,0.9999974
1,1,0.9999968
1,1,0.99999785
1,1,0.9999963
1,1,0.999995
1,1,0.99999595
1,1,0.9999981
0,0,9.5318336e-07
1,0,0.013297022
1,1,0.9999945
1,1,0.9999982
1,1,0.99999774
0,0,9.784926e-07
1,1,0.99999857
1,1,0.99999833
1,1,0.999995
1,1,0.99999857
0,1,0.99999714
1,1,0.99999714
1,1,0.9999951
1,1,0.9999943
1,1,0.9999981
1,1,0.99999857
1,1,0.99999726
1,1,0.99999774
0,0,1.7371189e-06
1,1,0.9999975
0,0,3.3407843e-05
1,1,0.99999833
1,1,0.99999845
0,0,1.1798685e-06
1,1,0.99999774
1,1,0.9999974
0,1,0.9996183
1,1,0.99999845
1,1,0.99999774
1,1,0.999997
1,1,0.99999595
1,1,0.99999726
1,1,0.9999969
1,1,0.9999224
1,1,0.99999785
1,1,0.99999774
1,1,0.99999774
1,1,0.99999654
1,1,0.9999943
1,1,0.99999833
1,1,0.9999987
0,1,0.9812726
1,1,0.9999968
1,1,0.99999666
1,1,0.9999982
1,1,0.9999963
0,1,0.9763082
0,0,0.00044372407
1,1,0.99999595
1,0,2.8125936e-05
1,1,0.99999785
1,1,0.9999981
1,1,0.99999523
1,1,0.9999925
1,1,0.9999664
1,1,0.9999982
1,1,0.9999974
1,1,0.9998573
1,1,0.9319471
1,1,0.999997
1,1,0.999995
1,1,0.92898005
1,1,0.9999981
1,1,0.9999981
1,1,0.9999969
1,1,0.9999981
1,1,0.9999968
1,1,0.99438524
1,1,0.99999774
0,0,7.6152645e-07
1,1,0.99999356
1,1,0.99998665
1,1,0.99999654
1,1,0.999998
0,0,5.4284974e-05
1,1,0.99999833
0,1,0.99999666
1,1,0.9999982
1,1,0.99999225
1,1,0.99999726
1,1,0.99999714
1,1,0.99999297
1,1,0.99999774
0,0,1.0859346e-06
1,1,0.9999974
1,1,0.99999774
1,1,0.9999578
0,0,1.844581e-06
1,1,0.9999738
1,1,0.99999845
0,0,8.172962e-07
1,1,0.9999981
1,1,0.9999987
1,1,0.9999975
1,1,0.9999976
0,1,0.999995
1,1,0.99816054
1,1,0.9999982
1,1,0.99999845
0,1,0.99983704
0,0,1.6306979e-06
0,0,1.9507609e-06
1,1,0.9999906
1,1,0.99861217
0,0,8.4252457e-07
1,1,0.99999774
1,0,1.5736517e-06
1,1,0.9999974
1,1,0.99999666
1,1,0.999998
1,1,0.9999962
1,1,0.9999987
1,1,0.99999774
1,1,0.9937605
1,1,0.9999963
1,0,6.1008855e-06
1,1,0.99999845
0,1,0.99999785
1,1,0.99999833
1,1,0.9999981
1,1,0.9999975
1,1,0.97182727
1,1,0.9999981
1,1,0.99999774
1,1,0.9999968
1,1,0.99999774
1,1,0.99999785
1,1,0.9999957
1,1,0.9999982
1,1,0.9999839
1,1,0.999997
1,1,0.9999981
1,1,0.9999982
1,1,0.99999857
1,1,0.9999976
1,1,0.99999714
1,1,0.9999982
1,1,0.9999982
1,1,0.99999666
1,1,0.99999714
1,1,0.9999964
1,1,0.999949
1,1,0.99999785
1,1,0.99999726
1,1,0.9999975
1,1,0.9999925
1,1,0.99976474
1,1,0.9999981
1,1,0.99996364
1,1,0.99999595
1,1,0.9999982
1,1,0.9999969
1,1,0.99999833
0,0,9.84162e-07
1,1,0.99999845
1,1,0.9999964
1,1,0.9999974
0,0,2.3218133e-06
1,1,0.99999607
1,0,0.000107334214
1,1,0.99999774
1,1,0.99998343
1,1,0.99980646
0,0,0.000116034804
1,1,0.999997
1,1,0.99999726
1,1,0.99999774
0,0,6.3779103e-06
1,1,0.9999689
1,1,0.99999774
1,1,0.9999974
1,1,0.99999833
0,0,9.865189e-07
1,1,0.9999976
1,1,0.99999785
1,1,0.9999721
1,1,0.9999943
1,1,0.9999981
1,1,0.99999607
1,0,8.775053e-06
1,1,0.99999595
1,1,0.999997
1,1,0.99999833
1,1,0.99999785
1,1,0.999997
1,1,0.9999982
0,1,0.9999976
1,1,0.9999976
1,1,0.99999774
1,1,0.99999
1,1,0.9999975
1,1,0.9999964
0,1,0.9997613
1,1,0.99999535
1,1,0.9999944
1,1,0.9999981
1,1,0.99999714
1,1,0.9999982
1,1,0.99999726
1,1,0.9999981
1,1,0.9999975
1,1,0.99982697
1,1,0.7985164
1,1,0.9999976
1,1,0.99999726
1,1,0.99999547
1,0,1.9803392e-06
1,1,0.9999982
1,1,0.99999666
1,1,0.9999981
1,1,0.9999963
1,1,0.999998
1,1,0.999995
1,1,0.9999975
1,1,0.9999969
0,0,0.23285162
0,0,1.2934221e-05
1,1,0.9999976
1,1,0.99999714
1,1,0.9999968
1,0,5.8827973e-06
1,1,0.9726044
0,0,7.018387e-06
1,1,0.999936
0,0,1.8311745e-06
1,1,0.9999969
1,1,0.9999926
1,1,0.99999833
0,0,6.4776186e-06
0,0,8.655285e-07
1,1,0.9996619
0,0,1.4441387e-06
1,1,0.99999726
1,1,0.99999845
1,1,0.99999833
0,0,1.0471355e-06
1,1,0.99999774
1,1,0.99999714
1,1,0.9999956
1,1,0.99999666
1,1,0.99999845
1,1,0.99999845
1,1,0.9814509
1,1,0.99999833
1,1,0.9999987
1,1,0.99999344
1,1,0.99999774
1,1,0.99995697
1,1,0.9999974
1,0,1.2623419e-06
1,1,0.9999982
0,1,0.99984324
1,1,0.99999785
1,1,0.99999666
1,0,0.47595087
1,1,0.9999987
1,1,0.9999714
1,1,0.9999685
1,1,0.999998
1,1,0.99999774
1,1,0.9999975
1,1,0.9999963
1,1,0.9999982
1,1,0.9999974
1,1,0.9999975
1,1,0.99999774
0,1,0.99999714
1,1,0.9999982
1,1,0.99999845
1,1,0.99999774
1,1,0.99999785
1,1,0.999995
1,1,0.9999975
1,1,0.9998752
1,1,0.99999774
0,0,7.489764e-06
1,1,0.999998
1,1,0.9999521
1,1,0.99999034
1,0,0.00012667505
1,1,0.9999981
1,1,0.9999969
1,1,0.99999714
0,0,3.0911156e-06
1,1,0.9998956
1,1,0.99999404
0,0,0.002496558
0,0,6.236524e-07
1,1,0.999998
0,0,1.2838508e-06
1,1,0.99999857
1,1,0.9999976
1,1,0.9999969
1,1,0.99999714
1,1,0.99999833
1,1,0.9999876
1,1,0.999997
1,1,0.9999976
1,1,0.99999607
1,1,0.9999982
1,1,0.9999957
1,1,0.999998
1,1,0.99999833
1,1,0.9999981
1,1,0.99999857
1,1,0.99999607
1,1,0.99999726
0,0,1.1704913e-06
0,0,0.0024313407
1,1,0.99999833
1,1,0.99999785
0,0,0.15023783
1,1,0.999998
0,0,0.00024533228
1,1,0.9999987
1,1,0.99999774
1,1,0.999998
1,1,0.99999833
1,1,0.99999785
1,1,0.999998
1,1,0.9999975
1,1,0.99999774
1,1,0.99999785
1,1,0.99998546
1,1,0.9999982
1,1,0.99999833
1,1,0.999997
1,1,0.9999974
0,0,7.989287e-07
1,1,0.9999969
0,1,0.99985635
1,1,0.9998048
0,0,7.5096375e-07
0,0,1.678396e-06
0,0,2.0639184e-06
1,1,0.9999982
1,1,0.999998
1,1,0.9999974
1,1,0.99999726
0,0,2.3245797e-05
1,1,0.9999987
1,1,0.99999774
1,1,0.99999654
1,1,0.99999666
1,1,0.99999857
0,0,9.2454626e-05
1,1,0.999998
1,1,0.99999845
1,1,0.9999974
1,1,0.9999982
1,1,0.999997
1,1,0.99999774
1,1,0.9999796
0,1,0.99923074
0,0,4.585971e-05
1,1,0.99999845
0,1,0.9999782
1,1,0.999803
1,1,0.9997991
1,1,0.9999964
1,1,0.99999106
1,1,0.99999166
1,1,0.99999833
1,1,0.9999981
1,1,0.9999982
1,1,0.9999982
1,1,0.9999975
0,0,1.2766618e-06
1,1,0.99999833
1,1,0.9999987
1,1,0.9955663
1,1,0.9999987
1,1,0.99995303
1,1,0.9999938
1,1,0.999998
1,1,0.99918145
1,1,0.99999833
1,1,0.99944013
1,1,0.99999666
0,1,0.9999938
1,1,0.999998
0,1,0.99999464
1,0,9.3934386e-07
1,1,0.9987954
1,1,0.9999969
1,1,0.9999933
1,1,0.99999726
1,1,0.999998
1,1,0.99999726
1,0,0.1725635
1,1,0.99999774
0,0,1.5825281e-06
0,1,0.9999912
1,1,0.99999833
0,0,1.0041301e-06
1,1,0.9999925
1,1,0.9999981
1,1,0.99999785
1,1,0.99999774
1,1,0.9999981
1,1,0.9999987
0,1,0.9999937
1,1,0.99999857
1,1,0.99999726
1,1,0.9999951
1,0,9.682402e-06
0,0,0.0031405196
1,1,0.99999833
1,1,0.9993143
1,1,0.99999857
0,0,2.452585e-06
1,1,0.9999969
1,1,0.99999845
1,1,0.9962314
1,1,0.99992573
1,1,0.9999982
1,1,0.9999956
1,1,0.9999925
0,0,1.2224613e-06
1,1,0.99999845
0,0,7.6300796e-07
1,1,0.9999987
1,1,0.99999523
1,1,0.99999774
1,1,0.9994423
1,1,0.99999833
1,1,0.999998
1,1,0.99999833
1,1,0.99999833
1,1,0.9999976
1,1,0.9999976
1,1,0.99999475
0,0,7.7079704e-07
1,1,0.99999726
0,0,2.4071535e-06
1,1,0.9999981
0,0,0.1042595
1,0,7.6173995e-07
1,0,0.00010194967
1,1,0.85411376
1,1,0.9999982
1,1,0.9993318
1,1,0.9999969
1,1,0.99999785
1,1,0.9999982
1,1,0.9999974
1,1,0.9999963
1,1,0.9968022
1,1,0.9999987
1,1,0.99999833
1,1,0.99999404
0,1,0.9232936
1,1,0.9999932
1,1,0.99999845
1,1,0.999997
0,0,3.6609086e-05
1,1,0.9908998
1,1,0.99999833
1,1,0.9999982
0,0,4.7433396e-06
1,0,0.000110467714
1,1,0.9999964
0,0,0.016202703
1,1,0.99999833
1,1,0.99989796
1,1,0.99998045
0,0,6.01728e-06
1,1,0.99991345
0,1,0.9999522
1,1,0.9999968
1,1,0.99999523
1,1,0.9999981
1,1,0.99999166
1,1,0.9999684
1,1,0.99999595
1,1,0.99999785
1,1,0.99999857
1,1,0.9999982
0,0,1.200613e-06
1,1,0.99999607
1,1,0.99999785
1,1,0.99999774
1,1,0.99999106
1,1,0.99999607
1,1,0.9999964
1,1,0.99999774
1,1,0.9999974
1,1,0.999995
1,1,0.999998
1,1,0.9999751
1,1,0.99999774
1,1,0.99999714
0,1,0.9999914
0,0,1.0216794e-06
1,1,0.99999714
1,1,0.9999939
1,1,0.9995735
1,1,0.9999982
1,1,0.99999833
1,1,0.9999974
1,1,0.9999944
1,1,0.9755189
1,1,0.99999785
1,1,0.9999975
1,1,0.99999726
0,1,0.9999814
1,1,0.999998
1,1,0.99999845
1,1,0.9999939
1,1,0.99999666
1,1,0.9999976
1,1,0.9999958
1,1,0.999998
1,1,0.99999845
1,1,0.99999845
1,1,0.99999845
1,1,0.99999845
0,1,0.99207664
1,1,0.99999726
1,0,2.1655642e-05
1,1,0.99999785
1,1,0.9999981
1,1,0.99900144
1,1,0.999998
1,1,0.9999963
0,1,0.9998876
1,1,0.9999981
1,1,0.99999607
1,1,0.76052296
1,1,0.9827848
1,1,0.99999785
1,1,0.99999845
1,1,0.99990714
1,1,0.99999845
1,0,4.810544e-06
1,1,0.9999975
0,0,9.880611e-07
1,1,0.99999857
1,1,0.9999956
1,1,0.99999654
1,1,0.99919623
1,1,0.999998
1,1,0.9999951
1,1,0.99999833
1,0,0.2103902
1,1,0.9999981
1,1,0.9999982
0,0,1.5087288e-06
0,0,6.6939344e-07
0,1,0.9999778
1,1,0.99999714
1,1,0.9999982
1,1,0.9999982
1,1,0.99999714
1,1,0.9999976
1,1,0.9999962
1,1,0.9999974
1,1,0.99999785
0,0,0.23902074
1,1,0.999998
1,1,0.99999654
1,1,0.9999974
1,1,0.99998534
1,1,0.9999951
0,0,8.684919e-07
1,1,0.99999833
0,0,4.5267912e-05
1,1,0.9999987
1,1,0.99999726
1,1,0.9999974
1,1,0.99999785
1,1,0.99999833
1,1,0.9999981
1,1,0.9999987
1,1,0.999998
1,1,0.99999785
0,0,8.4521736e-07
1,1,0.9999962
1,1,0.99999774
1,1,0.9907651
1,1,0.9999951
1,1,0.9999982
1,1,0.9999951
1,1,0.9999982
1,1,0.9999957
1,1,0.99999845
1,1,0.99999726
1,1,0.9999982
1,1,0.9999943
1,1,0.9999968
1,0,0.30641034
1,1,0.99999774
0,0,6.395903e-06
1,1,0.9999968
1,1,0.99999845
1,1,0.9999976
1,0,2.2347696e-05
1,1,0.99999547
1,0,1.5260099e-05
1,1,0.9999957
0,0,0.018378709
1,0,1.8686965e-06
1,1,0.9999963
1,1,0.9999981
0,0,0.000105134815
0,0,6.428374e-06
1,1,0.999998
1,1,0.99999774
1,1,0.9999982
1,1,0.9999981
1,1,0.9999975
1,1,0.99999857
1,1,0.99999857
1,1,0.9999982
1,1,0.99999833
0,0,0.013172061
1,1,0.9999975
1,1,0.9999969
1,1,0.99999475
1,1,0.9999974
1,1,0.999998
1,1,0.99997604
1,1,0.999995
1,1,0.99999774
1,1,0.99999535
1,1,0.9999981
1,1,0.9999969
1,0,0.00072007766
1,1,0.9999987
1,1,0.99999666
1,1,0.9999982
1,1,0.9999975
1,1,0.99999857
1,1,0.9999869
1,1,0.9999974
0,0,0.00012711914
1,1,0.99999774
1,1,0.99999726
1,1,0.999998
1,0,1.35870105e-05
1,1,0.99998283
1,1,0.99999523
0,1,0.9999962
1,1,0.99999714
1,1,0.9999976
1,1,0.9999975
1,1,0.9999869
1,1,0.99999666
1,1,0.9999981
0,0,8.4531007e-07
1,1,0.99866414
0,0,0.0011651037
1,1,0.9999976
1,1,0.99999833
1,1,0.9999981
0,0,6.2421095e-06
1,1,0.99999595
1,1,0.9999951
1,1,0.99999774
1,1,0.99995863
1,1,0.99999714
1,1,0.9999982
1,1,0.9999956
1,1,0.99999547
1,1,0.9999963
1,1,0.9999957
1,1,0.999998
1,1,0.99999785
1,1,0.9999962
1,1,0.99999404
1,1,0.999998
1,0,0.008839936
1,1,0.99999785
1,1,0.99999714
1,1,0.99999845
1,1,0.999997
1,1,0.99999833
1,1,0.99999666
1,1,0.9999968
1,1,0.99999785
1,1,0.99999833
1,1,0.9999982
1,1,0.9999933
1,1,0.99999845
0,0,0.46941406
1,1,0.999998
1,1,0.9999963
1,1,0.9999976
1,1,0.9999976
1,1,0.9999776
0,1,0.99992704
1,1,0.99999845
1,1,0.99999595
1,0,0.0009912519
1,0,0.00044415236
1,0,1.589883e-06
0,0,0.0017091972
1,1,0.9999975
1,1,0.99999547
1,1,0.99999845
1,1,0.99916685
1,0,4.640864e-06
0,0,1.6513445e-06
1,1,0.999998
1,1,0.99999404
1,1,0.99999225
1,1,0.99999285
1,1,0.99999833
1,1,0.9999968
1,1,0.9999622
1,1,0.99999547
1,1,0.99999225
1,1,0.999998
1,1,0.99999535
1,1,0.99999774
1,1,0.99999714
1,1,0.9999981
1,1,0.9999963
1,1,0.99999726
1,1,0.99999774
1,1,0.9999964
1,1,0.9999968
1,1,0.99999535
1,1,0.99999845
1,1,0.9999976
1,1,0.9999981
1,1,0.99999833
1,1,0.99999833
1,1,0.9999976
1,1,0.9999975
1,1,0.9999962
1,1,0.9979134
1,1,0.99999857
1,1,0.99999845
1,1,0.9999691
1,1,0.9999969
1,1,0.9999777
1,1,0.9999974
1,1,0.9999981
1,1,0.9999975
1,0,0.21941762
1,1,0.99999833
1,1,0.99999774
1,1,0.9999976
1,1,0.99999547
1,1,0.9999968
1,1,0.99999845
1,1,0.99994135
1,1,0.9999987
0,0,1.5722372e-06
1,1,0.99999726
1,1,0.99997723
1,1,0.99999845
1,1,0.9999964
0,0,9.7061995e-05
1,1,0.9999969
1,1,0.99999
1,1,0.99999845
1,1,0.99999666
1,1,0.99999714
1,1,0.9999974
1,1,0.9999975
0,0,2.609207e-06
1,1,0.99999774
0,0,0.0001342206
1,1,0.99999833
1,1,0.99999416
1,1,0.9999981
1,1,0.99968624
1,1,0.99999774
1,1,0.9999988
1,1,0.9999982
1,1,0.99999857
1,1,0.9999976
1,1,0.99999595
1,0,3.3453274e-05
1,1,0.9999976
1,1,0.99999714
1,1,0.99999833
1,1,0.999998
1,1,0.9999193
1,1,0.9999975
0,0,1.0685177e-06
1,1,0.9999405
1,1,0.99999785
1,0,0.015936611
1,1,0.99999774
0,1,0.99975854
1,1,0.9999976
1,1,0.99999845
1,1,0.99999845
1,1,0.9999976
1,1,0.9999981
1,1,0.99999774
0,0,5.655533e-06
1,1,0.99691546
1,1,0.999995
1,1,0.9999982
1,1,0.99999833
1,0,8.602741e-07
1,1,0.9999982
1,1,0.9999901
1,1,0.99999726
1,1,0.9999975
1,1,0.9999974
0,1,0.9999777
1,1,0.9999963
1,1,0.99999726
1,1,0.99999857
1,1,0.9999974
0,0,1.5702443e-06
1,1,0.9999974
1,1,0.99999654
1,1,0.99999845
1,1,0.99999833
1,1,0.99999785
1,1,0.99999785
0,0,2.9110327e-06
1,1,0.9999982
1,1,0.999998
1,1,0.99999774
1,1,0.99999344
1,1,0.999997
1,1,0.9999949
1,0,1.6131619e-06
1,1,0.99999774
1,1,0.99999845
1,1,0.99999833
1,1,0.99988043
0,0,5.9848706e-05
1,1,0.9999832
1,1,0.99994695
0,0,8.8722754e-07
1,1,0.99999523
0,0,1.6388188e-06
0,1,0.9999869
0,0,1.1100649e-06
1,1,0.99999404
0,0,8.5760615e-07
1,1,0.999998
1,1,0.9999974
1,1,0.99999845
1,1,0.9999963
1,1,0.9999982
1,1,0.99998033
1,1,0.99999666
1,1,0.99999845
1,1,0.99999845
1,1,0.99999845
0,1,0.999992
1,1,0.9999937
1,1,0.99999845
1,1,0.99999607
1,1,0.999998
1,1,0.9999964
1,1,0.99999833
0,0,9.666852e-07
1,1,0.99999785
1,1,0.99999845
1,1,0.99999833
0,0,9.938902e-07
1,1,0.9994659
0,1,0.99804664
1,1,0.9999957
1,1,0.99999607
1,1,0.99999833
1,1,0.9999981
1,1,0.99999857
1,1,0.9999981
1,1,0.99999857
1,1,0.99999535
1,1,0.99999857
1,1,0.99999785
1,1,0.9999975
1,1,0.99999845
1,1,0.9999945
1,1,0.9999968
0,1,0.9998932
0,0,9.847527e-07
1,1,0.9999976
1,1,0.9999987
1,1,0.99999785
1,1,0.99999654
1,1,0.9999981
0,1,0.9959925
1,1,0.99999833
0,0,8.56185e-07
1,1,0.99999726
1,1,0.9999037
0,0,0.17268366
0,0,0.00040088347
1,1,0.99999785
0,1,0.99654466
1,1,0.99999547
1,1,0.999985
1,1,0.9999958
1,1,0.99999845
1,1,0.999998
0,0,2.9946038e-06
1,1,0.999998
1,1,0.999997
1,1,0.999997
0,0,1.1368477e-06
1,1,0.9999982
1,1,0.9999981
1,1,0.8830171
1,1,0.9999969
1,1,0.99999714
0,0,3.7413533e-06
0,1,0.999908
0,0,1.2005054e-06
1,1,0.99999344
1,1,0.9999895
0,0,0.00029392072
1,1,0.9999982
1,1,0.9999981
1,1,0.9999981
1,1,0.985677
1,1,0.9999981
1,1,0.9999969
1,1,0.99999774
1,1,0.9999981
1,1,0.9999963
0,0,6.1780065e-06
1,1,0.99999726
1,1,0.9999826
1,1,0.9999974
1,1,0.9999981
1,1,0.999998
1,1,0.99999845
1,1,0.99999845
1,1,0.9999784
0,0,0.0021392943
1,1,0.9999969
1,1,0.99999833
1,1,0.9999976
1,1,0.99999726
1,1,0.999997
1,1,0.9999982
1,1,0.99999726
1,0,2.324543e-06
1,1,0.99999654
1,1,0.9999964
1,1,0.9999987
1,1,0.99999785
0,0,8.8449286e-07
1,1,0.9999982
0,1,0.9999944
1,1,0.99999356
1,1,0.9999937
1,1,0.9999982
1,1,0.99999654
1,1,0.99999
1,1,0.99999714
1,1,0.99999785
1,1,0.99999714
1,1,0.9999982
0,0,9.853463e-07
1,1,0.9999968
1,1,0.99999774
1,1,0.99999666
1,1,0.99999833
1,1,0.9999896
1,1,0.9999982
1,1,0.9999981
1,1,0.99999833
0,0,1.3232536e-06
1,1,0.99999297
0,0,2.000147e-06
1,1,0.999998
1,1,0.9999975
1,0,7.165589e-07
1,1,0.99999714
1,0,0.0034274126
1,1,0.99999785
1,1,0.9999951
0,0,0.00027108454
1,1,0.99914014
1,1,0.99999726
1,1,0.99999774
1,1,0.99999785
1,1,0.99999654
0,0,1.1594016e-06
0,0,6.219624e-06
1,1,0.9999945
1,1,0.99999774
1,1,0.99999654
1,0,5.9244634e-05
1,1,0.99999666
1,1,0.99999857
1,0,1.041251e-05
1,1,0.99999833
0,0,1.2359704e-06
1,1,0.9999982
1,1,0.9999982
1,1,0.9999981
1,1,0.99999833
1,1,0.99999654
1,1,0.9999987
1,1,0.99999774
0,0,1.0866019e-06
1,1,0.9999784
1,1,0.9999987
1,1,0.9999943
1,1,0.9999975
1,1,0.99999845
1,1,0.9999974
1,1,0.9999976
1,1,0.9999969
1,1,0.99999666
1,1,0.99999845
0,1,0.9999294
1,1,0.99999845
1,1,0.99999547
0,0,1.2597575e-06
0,0,9.0069926e-07
0,0,3.5762268e-06
1,1,0.9999976
1,1,0.99999845
1,1,0.99998486
1,0,1.969585e-05
1,1,0.9999968
1,1,0.99999523
1,1,0.99999833
0,0,0.073677234
1,1,0.999997
1,1,0.99999714
1,0,0.01926066
0,0,0.34681922
1,1,0.9999976
1,1,0.99943405
1,1,0.99999845
1,1,0.99999714
1,1,0.99993765
1,1,0.9999981
1,1,0.999905
1,1,0.99999857
1,1,0.9996933
1,1,0.99999774
1,1,0.9999815
1,1,0.9997533
1,1,0.99999595
0,0,2.477759e-06
0,0,7.6612724e-07
0,1,0.99999785
1,1,0.6514473
1,1,0.9999981
1,1,0.9980019
1,1,0.99999845
1,1,0.999998
1,1,0.99591416
1,1,0.9394175
1,1,0.9999976
1,1,0.9999962
1,1,0.99999785
1,1,0.99999857
1,1,0.9999975
1,1,0.9999982
1,1,0.99999833
1,0,1.5651759e-06
1,1,0.9999968
1,1,0.9999982
0,0,5.6772515e-06
1,1,0.99999845
1,1,0.9999976
1,1,0.9999981
1,1,0.9999976
1,1,0.9999969
1,1,0.999997
1,1,0.99999607
1,1,0.99999774
1,1,0.99999833
1,1,0.9999968
1,1,0.97601867
0,0,1.4216733e-06
1,1,0.99999726
1,1,0.99999475
1,1,0.99999845
1,1,0.999998
1,1,0.9999969
1,1,0.9998429
1,1,0.9999957
1,1,0.99997294
1,1,0.99999857
1,1,0.99999714
1,1,0.99999833
1,1,0.99999833
1,1,0.9999969
1,1,0.9999976
1,1,0.9999975
1,1,0.9999974
1,1,0.99999774
0,0,1.2746618e-06
1,1,0.9999974
1,1,0.99999857
0,0,3.407377e-06
1,1,0.9999974
1,1,0.99999774
1,1,0.99999845
1,1,0.9999976
0,0,9.555451e-07
1,1,0.999997
1,1,0.9962431
1,1,0.9999981
1,1,0.99999857
1,1,0.9999987
1,0,0.0013144704
1,1,0.9999976
1,1,0.9999974
1,1,0.999998
0,0,1.5077047e-06
1,1,0.9999981
0,0,3.2442404e-06
1,0,8.688211e-06
1,1,0.99999225
1,1,0.9999982
1,1,0.9999982
1,1,0.99999726
1,1,0.99984205
0,0,1.2447059e-06
1,1,0.9999982
1,1,0.9999976
1,1,0.9999982
1,1,0.99999785
1,0,0.00014562243
1,1,0.99999774
1,1,0.9999937
0,0,9.097169e-07
0,0,3.2066152e-06
1,1,0.9999963
1,1,0.9999974
1,0,1.3689688e-06
0,0,1.85132e-06
1,1,0.99999714
1,1,0.99999285
1,1,0.99999857
1,1,0.9999958
1,1,0.99991393
1,1,0.9999976
1,1,0.99999785
1,1,0.99999774
1,1,0.99999714
0,0,0.00013022812
1,1,0.9999918
0,0,0.3965404
1,1,0.9999962
1,1,0.999998
1,1,0.99999774
1,1,0.9999964
1,1,0.999997
1,1,0.99999857
1,0,0.00028182656
1,1,0.99999774
1,1,0.9999975
1,1,0.9999982
1,1,0.9999976
1,1,0.99999774
1,1,0.9999976
1,1,0.99998796
1,1,0.99999595
0,0,1.334683e-06
1,1,0.99999845
1,0,1.028409e-06
1,1,0.999998
0,1,0.9996406
0,0,7.7906e-07
1,1,0.99999785
0,0,1.2388309e-06
0,0,1.8941929e-06
1,1,0.9999982
1,1,0.99999833
1,1,0.99999654
1,1,0.99999833
0,0,8.078283e-07
1,1,0.9999958
1,1,0.99999356
1,1,0.9999945
0,1,0.9883201
1,1,0.99999154
1,1,0.9999902
1,1,0.9999987
1,1,0.9999976
1,1,0.9999707
1,0,2.433158e-06
1,1,0.99999595
0,1,0.99161595
1,1,0.999997
1,1,0.9999981
1,1,0.99999654
1,1,0.9999981
0,0,6.3020496e-05
1,1,0.99999166
1,1,0.9999981
0,0,1.4784911e-06
1,1,0.9999982
1,1,0.9999981
0,0,7.069198e-06
1,1,0.9999963
1,1,0.9999956
1,1,0.9999939
1,1,0.9999958
0,0,2.7402548e-06
1,1,0.9999944
1,1,0.99999833
1,1,0.99999845
1,1,0.9999982
1,1,0.99999726
1,0,4.804763e-05
1,1,0.878993
1,1,0.9999982
1,1,0.9999974
0,0,7.93103e-07
1,1,0.9999981
0,0,8.764161e-07
1,1,0.9999963
1,1,0.9999969
1,0,0.38192764
1,1,0.9999956
1,1,0.99999595
1,1,0.99803585
1,1,0.9999937
0,0,1.4447351e-06
1,1,0.99999785
1,1,0.99999833
1,1,0.99999404
1,1,0.99999833
1,1,0.999992
0,0,0.28384435
1,1,0.99999845
1,1,0.9999975
1,1,0.9999964
0,0,4.7677895e-06
1,1,0.99999106
1,1,0.99999106
1,1,0.99999774
1,1,0.999998
1,1,0.9999981
1,1,0.99999845
1,0,0.012387992
1,1,0.99999654
1,1,0.99929476
0,0,6.1201104e-06
1,1,0.9999974
1,1,0.99999774
1,1,0.999998
0,0,1.1645234e-06
1,1,0.99996436
1,1,0.99999857
1,1,0.9998802
0,0,0.00050342915
1,1,0.999998
1,1,0.99999726
1,1,0.9999982
1,1,0.9999975
1,1,0.99999833
1,1,0.9999826
1,1,0.9999566
1,1,0.99999666
1,1,0.9999982
1,1,0.99997354
0,0,6.4401434e-06
1,1,0.9999976
1,1,0.9999975
1,1,0.9998708
1,1,0.9999975
0,1,0.99991775
0,0,6.7552373e-06
1,1,0.99999785
1,1,0.9999956
1,1,0.9999987
1,1,0.99999845
1,1,0.99999654
1,1,0.9999968
1,0,4.7828225e-06
1,1,0.9999976
1,1,0.99999535
1,1,0.99153113
1,1,0.999998
1,1,0.99999774
1,1,0.9999964
1,1,0.9995547
0,0,0.00019045018
1,1,0.99999857
1,1,0.9999968
1,1,0.9999975
1,1,0.9991456
1,1,0.99997413
1,1,0.999998
1,1,0.99999833
1,1,0.99999857
1,1,0.99999833
1,1,0.9999982
0,0,3.5452506e-06
1,1,0.99999833
1,1,0.99999845
1,1,0.99998426
1,1,0.9999981
1,1,0.9999981
1,1,0.99999785
1,1,0.99999774
1,1,0.99999654
1,1,0.99999833
1,1,0.9999975
1,1,0.9999982
1,1,0.9999982
1,1,0.999997
1,1,0.99542457
1,1,0.9999968
1,1,0.99999547
1,1,0.9999877
1,1,0.9632542
1,1,0.99999714
1,1,0.99999297
0,1,0.96336794
0,0,1.0968665e-06
1,1,0.99987626
1,1,0.99999714
1,1,0.99999785
1,1,0.99999857
1,1,0.9999982
0,1,0.9945734
1,1,0.99999785
0,0,1.7751211e-06
1,1,0.9999982
0,1,0.99999297
0,1,0.99997604
1,1,0.9999982
1,1,0.9999981
1,1,0.99999654
1,1,0.9999975
1,1,0.99999607
1,1,0.99999845
1,1,0.9999982
0,0,9.470824e-07
0,0,0.06760342
1,1,0.9999982
1,1,0.9999982
1,1,0.9999981
1,1,0.99999547
1,1,0.999997
1,1,0.9999974
0,0,6.3176767e-06
1,1,0.9999248
0,0,2.3760076e-06
0,0,0.012923333
0,0,2.9297933e-06
1,1,0.99999666
1,1,0.99999833
1,1,0.9999924
1,1,0.69149494
1,1,0.9999982
1,1,0.9999945
1,0,0.056049448
1,1,0.9999987
1,1,0.9999982
0,1,0.99989176
1,1,0.99999654
1,1,0.99999714
1,1,0.999995
1,1,0.9999654
1,1,0.999998
1,1,0.99999845
1,1,0.9999924
1,1,0.99999464
1,1,0.9998685
1,1,0.9999988
1,1,0.99999774
1,1,0.99999714
1,1,0.99999774
0,0,1.7703603e-06
1,1,0.999998
1,1,0.99999857
0,0,7.240443e-07
1,1,0.999998
1,1,0.99999785
1,0,2.4286848e-05
1,1,0.9998416
1,1,0.9999975
0,0,1.6460522e-06
1,1,0.9999981
1,1,0.9999943
1,1,0.9999982
1,1,0.9209235
1,1,0.99999416
1,1,0.99999523
1,1,0.99999785
1,1,0.9999974
0,1,0.999521
1,1,0.999997
1,1,0.9999982
1,1,0.999998
0,0,8.394512e-07
1,1,0.9999964
1,1,0.99999607
1,1,0.9999964
1,1,0.9999833
1,1,0.99997735
1,1,0.9999938
1,1,0.9999963
0,1,0.98191077
1,0,1.9491708e-05
1,0,4.1951816e-06
1,1,0.9999956
1,1,0.9999958
1,1,0.99999845
1,1,0.99999726
0,0,6.544487e-06
1,1,0.9999981
1,1,0.85832345
1,1,0.9999982
0,0,3.4426305e-06
1,1,0.99999833
1,1,0.999997
1,1,0.9999981
1,1,0.99999845
1,1,0.99999654
0,0,2.6503934e-05
1,1,0.9999981
1,1,0.99999845
1,1,0.9999956
1,1,0.99999857
1,1,0.99999726
1,1,0.99999785
0,0,6.6800208e-06
1,1,0.9999981
0,0,0.00015872654
1,1,0.999997
1,1,0.9999974
1,1,0.9999951
1,1,0.99999774
1,1,0.9999975
1,1,0.999998
1,1,0.9999976
1,1,0.9999975
1,1,0.999997
1,1,0.98445845
0,0,6.9072854e-07
1,1,0.99999845
1,1,0.99999785
1,1,0.9999963
1,1,0.9999976
1,1,0.9999964
1,1,0.99999726
1,1,0.99999666
1,1,0.999998
0,0,1.0091607e-06
1,1,0.99999726
0,1,0.99948835
1,1,0.999998
1,1,0.99999213
1,1,0.9999933
1,1,0.99999654
1,1,0.99999726
1,1,0.99999726
1,1,0.9998585
1,1,0.9999976
1,1,0.9999974
1,1,0.9999931
1,1,0.9999974
1,1,0.999998
1,1,0.99999785
1,1,0.99999774
1,1,0.9999975
0,0,8.618385e-07
1,1,0.99999857
1,1,0.99999475
1,1,0.9999981
1,0,0.0017925389
0,0,0.00019134354
1,1,0.99999607
1,1,0.99999833
1,1,0.9999981
0,0,8.9084155e-05
1,1,0.9999982
1,1,0.99999726
1,1,0.999998
1,1,0.99999833
1,1,0.99999726
1,0,1.4627296e-05
1,1,0.99999857
1,1,0.9999974
1,1,0.9999963
1,1,0.99999845
1,1,0.99999833
1,1,0.99999785
1,1,0.9995895
1,1,0.9999933
1,1,0.99999714
1,1,0.999998
1,1,0.99999845
1,1,0.99999726
1,1,0.9999981
1,1,0.9999982
1,1,0.9999981
1,1,0.9999968
0,0,1.4672611e-06
0,1,0.9999943
1,1,0.999788
0,1,0.9999864
1,1,0.9999949
1,1,0.99999833
1,1,0.999997
1,1,0.9999976
1,1,0.99999714
1,1,0.9999968
1,1,0.9999981
1,1,0.9999974
1,1,0.999997
1,1,0.9999956
1,0,6.4984383e-06
1,1,0.999998
0,0,1.4016707e-06
