y_true,y_pred,y_prob
1,1,0.9999981
1,1,0.99999845
1,1,0.999998
1,1,0.9999976
1,1,0.9999987
1,1,0.9999982
0,0,1.0151519e-05
1,1,0.999998
1,1,0.99999774
1,0,0.00059696
1,1,0.9999975
1,1,0.9999981
1,1,0.9999981
1,1,0.9999982
1,1,0.99999785
1,1,0.9999976
1,1,0.99999726
0,0,0.005949258
1,1,0.99999833
0,0,0.0007022246
1,1,0.999998
1,1,0.99999857
1,1,0.9999794
0,0,3.8697367e-06
1,1,0.9999987
0,0,2.7902615e-06
1,1,0.9999981
1,1,0.99999464
1,1,0.9999982
0,0,1.8271587e-06
1,1,0.9999987
1,1,0.99999857
1,1,0.9999975
1,1,0.9999988
1,1,0.9999987
0,1,0.99985754
1,1,0.9999987
1,1,0.99999857
0,0,0.00069156755
1,1,0.99999857
1,1,0.9999987
1,1,0.99999857
1,1,0.99999785
1,1,0.99999857
1,1,0.99999774
1,0,0.00036388758
1,1,0.99999857
0,1,0.9999534
1,1,0.99999225
1,1,0.99999833
1,1,0.999998
1,1,0.9999981
1,1,0.9999975
1,1,0.999997
1,1,0.99999785
0,0,3.1322297e-06
1,1,0.99999857
1,1,0.99999785
1,1,0.9999988
1,1,0.999995
1,1,0.9999976
1,1,0.99999845
1,1,0.99999714
0,0,1.9691847e-06
0,1,0.9998795
1,1,0.9999987
1,1,0.9999964
1,1,0.9999988
1,1,0.99999833
1,1,0.9999981
1,1,0.99999857
1,1,0.9999981
1,1,0.9999982
0,0,1.5055954e-06
1,1,0.9999969
1,1,0.9999975
1,1,0.99999845
1,0,8.855219e-06
1,1,0.99999845
1,1,0.99999833
1,1,0.9999988
1,1,0.99999845
1,1,0.999998
1,1,0.9999987
1,1,0.9999968
1,1,0.9999982
1,1,0.9999964
1,1,0.99999845
1,1,0.99999845
0,0,1.4611269e-06
1,1,0.9999944
0,0,3.550204e-06
0,0,4.5347774e-06
1,1,0.99999475
0,0,1.0015852e-05
1,1,0.9999975
1,1,0.9999957
1,1,0.99999833
1,1,0.99999845
1,1,0.99999857
1,1,0.9999987
0,0,2.0141474e-06
1,1,0.9999988
1,1,0.9999987
1,1,0.99999833
0,0,1.2082044e-05
1,1,0.9999964
1,1,0.99999833
1,1,0.99999714
1,1,0.99999785
1,1,0.99998736
1,1,0.99999785
1,1,0.9999982
1,1,0.99999833
1,1,0.99744725
0,0,4.1931853e-06
0,0,1.7189469e-06
1,1,0.99999726
1,1,0.99999833
1,1,0.9999988
1,1,0.999998
1,1,0.99999595
1,1,0.99999774
1,1,0.99999785
1,1,0.99999845
1,1,0.9999987
1,1,0.99999857
1,1,0.99999857
1,1,0.9999982
1,1,0.9999963
1,1,0.9999944
1,1,0.99999857
1,1,0.9999982
1,1,0.99999857
1,1,0.9999981
1,1,0.99999726
1,1,0.9999987
1,1,0.99999726
1,1,0.9999982
1,0,3.14489e-05
1,1,0.9999987
1,1,0.99999666
0,0,1.7162901e-06
1,1,0.99999833
0,1,0.99632347
1,1,0.99999785
1,1,0.99999845
1,1,0.99999833
0,0,6.803124e-06
1,1,0.99999857
1,1,0.99999857
1,1,0.81901103
0,0,2.3584348e-06
0,0,2.2756897e-06
0,1,0.99996114
1,1,0.9999976
1,1,0.99999857
1,1,0.9999833
1,1,0.9999968
1,1,0.9999975
1,1,0.99999857
1,1,0.999998
1,1,0.9999982
1,1,0.99999857
1,1,0.9999988
0,0,1.7276294e-06
1,1,0.99999774
0,0,2.1016406e-06
1,1,0.9999927
1,1,0.99999857
1,1,0.99999833
1,1,0.9999976
1,1,0.9999933
1,1,0.9999987
1,1,0.99999785
1,1,0.9999982
1,1,0.9999975
1,1,0.9999982
1,1,0.9999987
0,1,0.9999956
1,1,0.999998
1,1,0.99999845
1,1,0.9999968
1,1,0.9999968
1,0,2.8695511e-05
1,1,0.999998
1,1,0.99996245
1,1,0.9999981
0,1,0.8534159
1,1,0.9999981
1,1,0.99999845
1,1,0.9999988
1,1,0.999998
1,1,0.9999976
1,1,0.999992
1,1,0.9999975
1,1,0.9999988
1,1,0.9999988
1,1,0.99999833
1,1,0.9999975
1,1,0.9999969
1,1,0.9999982
1,1,0.99999857
1,1,0.99999833
1,1,0.9999877
1,1,0.9999987
1,1,0.99999654
1,1,0.99999857
1,1,0.99999857
1,1,0.99999774
1,1,0.9999968
0,1,0.99999785
1,1,0.99999845
1,1,0.99999857
1,1,0.99999833
1,1,0.9999988
1,1,0.99999845
1,1,0.9999976
1,1,0.99999845
0,1,0.9999908
1,1,0.99999833
0,0,3.7374135e-05
0,0,1.693282e-06
1,1,0.99999857
1,1,0.9999988
1,1,0.99999714
1,1,0.9999981
1,1,0.9999981
1,1,0.99999833
1,1,0.9999982
1,1,0.99999714
1,0,0.21518758
1,1,0.9999981
1,1,0.9999982
0,0,2.0097746e-06
1,1,0.995207
1,1,0.99999857
1,1,0.99999857
1,1,0.9999845
1,1,0.99999833
1,1,0.99999845
1,1,0.99999285
1,1,0.9999976
1,1,0.99999845
1,0,1.29137625e-05
1,1,0.99999857
1,1,0.99999833
1,1,0.9999981
1,1,0.99999595
1,1,0.99999845
1,1,0.9999982
1,1,0.9999975
1,1,0.999998
1,1,0.99999857
1,1,0.99999845
0,0,1.3789374e-06
1,1,0.999995
1,1,0.99999845
1,0,0.00012975684
0,0,9.250345e-06
1,1,0.99999845
1,1,0.99999833
1,1,0.99999857
0,1,0.99999714
1,1,0.9999981
1,1,0.99999833
1,1,0.9999987
1,1,0.99999833
1,1,0.99999833
1,1,0.99999845
1,1,0.9999931
1,1,0.9999988
1,1,0.99999857
1,1,0.999997
1,1,0.99999547
1,1,0.999998
1,1,0.99999785
1,1,0.9999981
1,1,0.99999833
1,1,0.9999846
1,0,0.08235713
1,1,0.99999833
0,0,7.547075e-06
1,1,0.99999833
0,1,0.9999578
1,1,0.999998
1,1,0.99999845
1,1,0.99999845
0,1,0.99999046
0,1,0.99987984
1,1,0.99993455
1,1,0.9999987
0,0,2.9233545e-06
1,1,0.99999833
1,1,0.99999845
1,1,0.99999857
1,1,0.9999968
1,1,0.99999857
0,0,6.686677e-05
1,1,0.99999774
1,1,0.9999975
1,1,0.9999981
1,1,0.9999982
1,1,0.99999845
1,1,0.9999982
1,1,0.99999714
1,1,0.999997
1,1,0.99999857
1,1,0.9999956
1,1,0.99999857
1,1,0.99999857
1,1,0.99999845
1,1,0.9999981
1,1,0.99998784
0,1,0.9997008
0,0,4.8471447e-06
1,1,0.9999981
1,1,0.9999982
1,1,0.99999785
0,1,0.99999166
0,0,0.057886638
1,1,0.99999857
1,1,0.9999987
0,0,3.019654e-06
1,1,0.987943
1,1,0.99999714
1,1,0.9999988
1,1,0.99999845
1,1,0.99999845
1,1,0.9999987
1,1,0.99999857
1,1,0.99999857
1,1,0.99999666
1,1,0.79437333
1,1,0.999998
1,1,0.9999976
0,1,0.999987
0,0,0.003361447
1,1,0.9999831
1,1,0.999998
1,1,0.9999988
1,1,0.78150153
0,1,0.99982834
1,1,0.9999981
1,1,0.99999845
0,1,0.9999969
1,1,0.9999976
1,1,0.99999857
1,1,0.99999857
1,1,0.9999974
1,1,0.99999535
1,1,0.9999988
1,1,0.99999857
1,1,0.9999982
0,0,0.26090187
1,1,0.999998
1,1,0.99999833
1,1,0.99987626
1,1,0.9999982
1,1,0.99999857
0,0,1.6779351e-06
1,1,0.99999857
1,1,0.999998
1,1,0.99991846
1,1,0.99999607
0,0,1.5943135e-06
1,1,0.99998975
1,1,0.999997
1,1,0.9999976
0,0,1.3431229e-05
0,1,0.9999976
1,1,0.99946994
1,1,0.9999987
0,0,0.0018090274
1,1,0.9999987
1,1,0.99999833
1,1,0.9999987
1,1,0.99999833
1,1,0.99999833
1,1,0.99999857
1,1,0.9999981
1,1,0.99999857
1,1,0.99999475
1,1,0.99999845
1,1,0.9999987
1,1,0.9999982
1,1,0.99999726
1,1,0.99999833
1,1,0.99999845
1,1,0.9999987
1,1,0.99999774
0,1,0.9994305
1,1,0.999998
1,1,0.9999976
1,1,0.99999845
1,1,0.9999975
1,1,0.99999774
1,1,0.9999974
1,1,0.9999987
1,1,0.99999833
0,0,0.0043313457
1,1,0.9999987
1,1,0.99999845
1,1,0.99999833
1,1,0.99999857
1,1,0.9999982
1,0,0.00015520495
1,1,0.99999857
1,1,0.9999987
1,1,0.99999774
0,1,0.9999919
1,1,0.99999833
0,1,0.9999784
1,1,0.9999987
0,0,7.54429e-06
1,1,0.99998224
1,1,0.99999857
1,1,0.99999714
1,1,0.9999982
1,1,0.99999785
1,1,0.99999857
1,1,0.9999981
1,1,0.99999833
1,1,0.99999857
1,1,0.9999981
1,1,0.99999857
1,1,0.9999974
1,1,0.9999975
1,1,0.99999356
1,1,0.9999933
1,1,0.99999845
1,1,0.99999833
1,1,0.99999857
1,1,0.9999982
1,1,0.9999981
1,1,0.999998
0,1,0.999998
0,0,1.7179177e-06
1,1,0.99997914
1,1,0.99999857
1,1,0.999998
1,1,0.99999523
1,1,0.99999845
1,1,0.9999981
1,1,0.99999857
1,1,0.99999845
1,1,0.99999857
1,1,0.9999987
1,1,0.99999785
1,1,0.9999876
1,1,0.99999845
1,1,0.9999982
1,1,0.99999845
1,1,0.9999987
1,1,0.99999857
1,1,0.99999774
1,1,0.999998
1,1,0.99999607
1,1,0.99999857
1,1,0.99999833
1,1,0.9999702
1,1,0.99999857
0,1,0.9999939
1,1,0.99999547
1,1,0.99989843
1,1,0.99999857
1,1,0.9999987
1,1,0.99999857
1,1,0.99999774
1,1,0.99999464
1,1,0.99998283
1,1,0.99999845
0,1,0.99999726
1,1,0.99999833
1,1,0.9999987
0,0,0.009354502
1,1,0.99999857
1,1,0.9999987
1,1,0.99999726
1,1,0.999997
1,1,0.9999968
1,1,0.99999714
1,1,0.9999981
1,1,0.99999547
1,1,0.99999785
1,1,0.9999987
1,1,0.99999857
1,1,0.99999857
1,1,0.9999927
1,1,0.9999976
1,1,0.9999937
1,1,0.9999988
1,1,0.99999785
1,1,0.99999666
0,1,0.99797505
1,0,3.563382e-06
1,1,0.9999988
1,1,0.9999987
1,1,0.99999857
1,1,0.99999857
1,1,0.99999845
0,1,0.9999727
1,1,0.99999857
1,1,0.9999974
0,0,1.68982e-06
1,1,0.9999976
1,1,0.9999982
1,1,0.9999938
0,0,1.5439477e-06
1,1,0.9999939
1,1,0.99999833
1,1,0.99999833
1,1,0.99999857
1,1,0.9999987
1,1,0.9999962
1,0,0.00022217218
1,1,0.9999975
1,1,0.9999982
1,1,0.9999968
1,1,0.9999982
1,1,0.9999982
1,1,0.9999975
1,1,0.99999607
1,1,0.99999845
1,1,0.9999974
1,1,0.99999857
1,1,0.99999857
1,1,0.99999845
0,1,0.9999974
1,1,0.9999974
1,1,0.9971317
1,1,0.99999785
1,1,0.99999785
1,1,0.9999877
1,1,0.99999857
1,1,0.99999857
1,1,0.99999666
1,1,0.99999857
1,1,0.99999857
0,0,0.21560356
1,1,0.99999857
1,0,5.9470576e-06
1,1,0.99999666
0,1,0.9999789
1,1,0.99999857
1,1,0.99999845
0,0,1.9277102e-06
1,1,0.999998
1,1,0.9999987
1,1,0.99999774
0,1,0.9999943
1,1,0.99999845
1,1,0.99999774
1,1,0.99999845
1,1,0.9999982
1,1,0.99999857
1,1,0.99999845
0,0,2.6359937e-06
1,1,0.99999845
0,0,1.5635885e-06
0,1,0.99999607
1,1,0.99999833
1,1,0.99999774
1,1,0.9999875
1,1,0.99999714
0,1,0.96916294
1,1,0.9999988
1,0,0.003907274
1,1,0.99999774
1,1,0.99999666
1,1,0.99999845
1,1,0.99999845
1,1,0.99999845
0,0,1.464313e-06
1,1,0.9999982
1,1,0.9999987
1,1,0.9999987
1,1,0.9999932
1,1,0.99999607
1,1,0.999998
1,1,0.9999958
1,1,0.9999713
1,1,0.99999595
0,0,9.135927e-06
0,0,0.05198107
1,1,0.99999785
1,1,0.999998
0,0,1.4493124e-06
1,1,0.99999845
0,0,3.448269e-06
0,0,2.2113736e-06
0,0,2.3678394e-06
1,1,0.999977
0,0,0.3497722
0,0,1.8121048e-06
1,1,0.9999974
1,1,0.999998
0,1,0.9999944
1,1,0.9999987
0,0,0.025118556
0,0,2.156784e-06
1,1,0.99999845
1,1,0.9999974
1,1,0.99999845
1,1,0.9999945
1,1,0.99999833
1,1,0.99999714
1,1,0.99999857
1,1,0.99999845
1,1,0.999998
1,1,0.9999987
1,1,0.99999774
1,1,0.9999969
1,1,0.9999982
1,1,0.99999857
1,1,0.99999857
1,1,0.99999857
1,1,0.9999987
0,0,0.0018936908
1,1,0.99999845
1,1,0.999997
1,1,0.99999523
1,1,0.9999987
1,1,0.99999785
1,1,0.99999833
1,1,0.9999981
1,0,0.078669384
0,0,2.3193124e-06
1,1,0.9999981
1,1,0.9999987
1,1,0.99999726
1,1,0.9999968
1,1,0.99999833
1,1,0.9999976
0,0,7.75131e-06
1,1,0.99999857
1,1,0.9999974
1,1,0.99999845
1,1,0.9999976
1,1,0.999998
1,1,0.99999833
1,1,0.9999982
1,1,0.9999982
1,1,0.99999833
1,1,0.9999982
1,1,0.9999871
1,1,0.99999845
1,1,0.9999976
1,1,0.9999926
1,1,0.99999607
1,1,0.9999987
1,1,0.99999833
1,1,0.99999833
1,1,0.99999833
1,1,0.9999987
1,1,0.9999982
1,1,0.99999857
1,1,0.9999974
1,1,0.9999751
1,1,0.99999845
1,1,0.9999987
1,1,0.9999988
1,1,0.99999845
0,0,3.5156395e-06
1,1,0.99999833
1,1,0.9999981
1,1,0.99999714
0,0,1.8077671e-06
1,1,0.9997243
1,1,0.99999857
1,1,0.9999987
0,0,1.2368662e-05
0,1,0.9860182
1,1,0.9999956
1,1,0.9999982
1,1,0.99999774
0,0,1.4621152e-06
1,0,5.9223016e-06
1,1,0.9999969
1,1,0.99999845
1,1,0.999979
1,1,0.999997
1,1,0.99999857
1,1,0.99999833
1,1,0.99999726
0,1,0.9999933
0,1,0.9999975
1,1,0.99999845
1,1,0.999998
1,1,0.9999987
0,0,1.9229326e-06
1,1,0.999998
1,1,0.9999975
1,1,0.9999974
1,1,0.99999774
1,1,0.99999857
1,1,0.99999833
1,1,0.999997
1,1,0.99999857
1,1,0.99999523
1,1,0.9999968
1,1,0.9999987
1,1,0.9999981
1,1,0.999997
1,1,0.99999714
0,1,0.9999975
1,1,0.99999833
1,1,0.99999845
1,1,0.99999845
1,1,0.9999987
1,1,0.99999833
0,1,0.999987
1,1,0.99999833
1,1,0.99999845
1,1,0.9999987
1,1,0.9999982
1,1,0.9999987
1,1,0.9999988
1,1,0.9999981
1,1,0.9999987
1,1,0.9999914
1,1,0.9999987
1,1,0.9999988
1,1,0.999998
1,1,0.99999726
1,1,0.9999987
1,1,0.99999833
1,1,0.9999987
0,1,0.9938154
1,1,0.999998
1,1,0.9999975
1,1,0.9999957
1,1,0.9999987
1,1,0.9999974
1,1,0.9999981
1,1,0.9999981
1,1,0.99999857
1,1,0.99999774
1,1,0.9999926
1,1,0.999998
1,1,0.9999987
1,1,0.99999833
1,1,0.99999285
1,0,0.11237867
1,1,0.99986696
1,1,0.9999987
1,1,0.9999969
1,1,0.9999982
0,1,0.9956149
1,1,0.99999666
1,1,0.9999982
1,1,0.99999833
1,1,0.9999987
1,0,2.7533959e-05
1,1,0.99999845
1,1,0.99999833
1,1,0.9999981
1,1,0.9999896
1,1,0.999998
1,1,0.9999982
1,1,0.99999833
1,1,0.99999845
1,1,0.99999845
0,0,3.2995874e-06
1,1,0.99999845
0,0,2.6603443e-06
1,1,0.9999932
1,1,0.99999857
1,1,0.99999785
1,1,0.9999987
1,1,0.999998
0,0,9.647415e-06
1,1,0.9999981
1,1,0.9999982
1,1,0.9999982
1,1,0.9999981
1,1,0.9999988
1,1,0.999997
1,1,0.99999845
1,1,0.99999833
1,1,0.9999981
1,1,0.99999774
1,1,0.99999774
1,1,0.9999987
1,1,0.99999845
1,1,0.99999774
1,1,0.999998
1,1,0.99999833
1,1,0.99999785
1,1,0.99999833
1,1,0.99999857
1,1,0.99999785
1,1,0.99999857
1,1,0.99999857
1,1,0.99999774
0,0,6.2329186e-06
1,1,0.99999845
0,0,4.9588075e-06
1,1,0.99999774
1,1,0.99999845
1,1,0.99999857
1,1,0.99999857
1,1,0.99999714
1,1,0.99992096
0,0,3.4948134e-06
0,0,2.5476497e-06
1,1,0.9999982
0,1,0.99939454
0,0,3.0362928e-06
1,1,0.9999982
1,1,0.999997
1,1,0.99999845
1,1,0.999998
1,1,0.9999981
1,1,0.99999726
1,1,0.9999982
1,1,0.9999976
1,1,0.9999987
1,1,0.99999785
1,1,0.99999845
1,1,0.9999981
1,1,0.99969363
1,1,0.9999981
0,0,1.0510341e-05
1,1,0.99999416
1,1,0.99999833
1,1,0.99999845
1,1,0.9999975
1,1,0.99999857
0,1,0.99991286
1,1,0.9999988
1,1,0.9999982
1,1,0.9999963
1,1,0.9999932
1,1,0.99999845
1,1,0.9999957
1,1,0.99999857
1,1,0.99999464
0,1,0.5389053
1,1,0.999998
1,1,0.99994004
1,1,0.9999987
1,1,0.99999845
0,1,0.97905135
1,1,0.99999857
1,1,0.99999714
1,1,0.9999982
1,1,0.9999975
1,1,0.99999774
1,1,0.9999982
1,0,0.00066500925
1,1,0.99999833
1,1,0.9999988
1,1,0.99999857
1,1,0.99999833
1,1,0.99999666
1,1,0.999995
1,1,0.99999774
1,1,0.99999845
0,0,4.8502475e-06
1,1,0.9999988
1,1,0.9999987
0,1,0.99638844
1,1,0.999998
1,1,0.9999987
1,1,0.99999857
1,1,0.99999857
1,1,0.9999982
0,0,2.4396406e-06
1,1,0.99999833
1,1,0.99999833
1,1,0.9999951
1,1,0.99999714
1,1,0.9999982
1,1,0.99999845
1,1,0.99999845
1,1,0.9999987
1,1,0.9999988
1,1,0.9999987
1,1,0.999998
1,1,0.9999987
1,1,0.99999845
1,1,0.99999833
1,1,0.99999857
1,1,0.9999987
1,1,0.999998
1,1,0.99999833
1,1,0.9999863
1,1,0.9992015
1,1,0.9999969
1,1,0.9999981
0,0,1.5869315e-05
1,1,0.9999964
1,1,0.9999982
1,1,0.99999857
1,1,0.9999982
1,1,0.99999845
0,0,3.7229167e-06
1,1,0.99999845
1,1,0.99999833
1,1,0.99998343
0,0,6.0341567e-06
1,1,0.99999845
1,1,0.99999833
1,1,0.999997
1,1,0.99999833
1,1,0.99999785
0,0,1.5516174e-06
1,1,0.99999595
1,1,0.99999857
1,1,0.99999857
1,1,0.999997
1,1,0.9999988
1,1,0.9999975
1,1,0.99999595
1,1,0.9999987
1,1,0.9999981
1,1,0.99999845
1,1,0.99999857
1,1,0.9999968
1,1,0.9999957
1,1,0.99999833
1,1,0.9999974
1,1,0.9999981
1,1,0.99999833
0,0,1.4810574e-05
1,1,0.99999857
1,1,0.9999976
1,1,0.9999982
1,1,0.9999987
1,1,0.9997141
1,1,0.9999981
0,1,0.99958414
0,0,2.7406486e-05
1,1,0.9999969
1,0,4.915519e-06
1,1,0.9999976
0,1,0.9999975
1,1,0.9999974
1,1,0.99999845
1,1,0.8972231
1,1,0.9999981
1,1,0.99999785
1,1,0.99999845
1,1,0.99999774
1,1,0.9320263
1,1,0.99999833
1,1,0.9999987
1,1,0.9999727
1,1,0.99999344
1,1,0.99999726
1,1,0.9999976
0,0,3.8878616e-06
1,1,0.9999932
1,1,0.99999595
1,1,0.9999982
1,1,0.99999845
1,1,0.99999857
0,0,2.5830843e-06
1,1,0.99999857
1,1,0.99999833
1,1,0.99999845
0,0,1.8477274e-06
1,1,0.9999988
1,1,0.999998
1,1,0.9999988
0,0,3.3793879e-06
0,0,1.6076747e-06
1,1,0.99999845
0,0,1.7071338e-06
1,1,0.9999975
1,1,0.99999774
1,1,0.9999982
1,1,0.9999976
1,1,0.99999845
1,1,0.9999982
1,1,0.9999987
1,1,0.9999807
1,1,0.999997
0,0,3.1549303e-06
1,1,0.99999833
1,1,0.9999987
1,1,0.9998672
1,1,0.9999981
1,1,0.9999982
1,0,2.7389485e-06
1,1,0.99999833
0,1,0.9999871
1,1,0.999998
1,1,0.9999981
1,1,0.99999356
1,0,0.47087246
1,1,0.9999988
1,1,0.99999845
1,1,0.9999987
1,1,0.99999833
1,1,0.99999857
1,0,2.4835692e-06
1,1,0.99999857
1,1,0.9999981
1,1,0.5974565
1,1,0.99999857
1,1,0.9999943
1,1,0.9997614
1,1,0.99999833
0,1,0.9998958
1,1,0.99999857
1,1,0.99999857
1,1,0.9999982
0,1,0.999998
1,1,0.9999963
1,1,0.99999857
1,1,0.96536994
1,1,0.9999825
1,1,0.99999845
1,1,0.999998
0,0,1.9965757e-06
1,1,0.9999982
1,1,0.9999988
1,1,0.99999857
1,1,0.99999845
1,1,0.999998
1,1,0.99999857
1,1,0.99999654
1,1,0.9999982
1,1,0.999997
1,1,0.9999956
1,1,0.9999974
1,1,0.9999982
1,1,0.99997485
1,1,0.99999774
1,0,0.021265795
1,1,0.999998
1,1,0.99984765
1,1,0.999998
1,1,0.999757
1,1,0.99987674
0,0,2.151217e-06
1,1,0.999998
1,1,0.99999654
1,1,0.999998
1,1,0.99999845
1,1,0.9999981
0,1,0.99999523
1,1,0.9999976
1,1,0.9999981
1,0,2.6686614e-06
1,1,0.99999475
1,0,8.821721e-06
1,1,0.99999833
1,1,0.9999931
1,1,0.99999785
1,1,0.9999949
1,1,0.99999833
1,1,0.99999785
1,1,0.9999982
1,1,0.9999974
1,1,0.99999845
1,1,0.9999987
0,1,0.99998724
0,1,0.54881203
1,1,0.9999981
1,1,0.99999857
0,0,0.0003080595
1,1,0.99999845
1,1,0.9999981
1,1,0.99999726
0,1,0.99999714
1,1,0.9999882
1,1,0.9999981
1,1,0.99999857
1,1,0.99999857
1,1,0.99999833
1,1,0.99999833
1,1,0.9999969
1,1,0.9999988
0,0,4.902319e-05
1,1,0.99999714
1,1,0.99999857
1,1,0.99999833
1,1,0.99999785
1,0,3.7380687e-06
1,1,0.9999988
1,1,0.9999969
1,1,0.9999975
1,1,0.9999987
0,0,2.3645853e-06
1,1,0.99999833
0,0,2.9982243e-06
1,1,0.99999845
0,1,0.99999785
0,0,2.5432948e-06
1,1,0.999998
1,1,0.999992
1,1,0.9999988
1,1,0.99999785
1,1,0.99999857
1,1,0.99999845
0,1,0.99999654
1,1,0.9989862
1,1,0.9999981
1,1,0.999997
1,1,0.9999987
1,1,0.9999987
1,1,0.9999987
1,1,0.9999987
0,1,0.99999046
0,0,1.5605567e-05
1,1,0.99999845
0,0,2.0728834e-05
1,1,0.99999654
1,1,0.99999785
1,1,0.99999857
1,1,0.9999981
1,1,0.9999982
1,1,0.99999785
1,1,0.99999774
1,1,0.99999833
1,1,0.99999785
1,1,0.99999607
0,0,2.1192332e-06
1,1,0.9999981
1,1,0.9999987
1,1,0.9999875
1,1,0.99999547
1,1,0.99999845
1,1,0.9999981
1,1,0.99999523
1,1,0.999997
1,1,0.9324896
1,1,0.9999982
1,1,0.9999988
1,1,0.99999833
1,1,0.99999785
1,1,0.99999833
0,0,0.00034150368
1,1,0.9999894
1,1,0.99999857
1,1,0.9999982
1,1,0.99999857
1,1,0.9999968
1,1,0.9999981
1,1,0.99999833
1,1,0.99999857
0,1,0.9999498
0,0,3.2311486e-06
1,1,0.9999987
1,1,0.9999982
1,1,0.9999976
0,1,0.9998852
1,1,0.9996076
1,1,0.99999833
1,1,0.9999987
1,1,0.999992
1,0,0.0013929544
1,0,1.8331037e-05
1,1,0.99999833
1,1,0.99999857
1,1,0.9999982
1,1,0.9999982
1,1,0.99999845
0,0,1.16728925e-05
1,1,0.99999845
1,1,0.9999969
1,1,0.9999976
1,1,0.9999976
1,1,0.999997
1,1,0.9999976
1,1,0.99999666
0,0,2.2687188e-06
1,1,0.9999987
1,1,0.9999627
1,1,0.99999845
1,1,0.9999981
1,1,0.99999845
0,1,0.9453039
1,1,0.9999981
1,1,0.9999974
1,0,1.1236149e-05
1,1,0.99999833
1,1,0.99999833
1,1,0.999998
0,0,1.6309373e-06
0,1,0.9999963
1,1,0.99999845
1,1,0.99999714
1,1,0.99999774
1,1,0.9999981
1,1,0.99999774
1,1,0.9993888
1,1,0.999998
1,1,0.99999785
1,1,0.9999937
1,1,0.9999956
1,1,0.9999974
1,1,0.9999981
1,1,0.9999659
1,1,0.99999475
0,1,0.8557158
1,1,0.999997
1,1,0.99999046
1,1,0.9999982
1,0,8.818098e-05
1,1,0.9999981
1,1,0.99999845
1,1,0.9999957
1,1,0.9999987
1,1,0.99999774
1,1,0.9999989
1,1,0.9999987
1,1,0.99999785
1,1,0.99999845
1,1,0.99999833
1,1,0.99999857
1,1,0.9999981
1,1,0.9999976
1,1,0.9999987
1,0,0.00028166757
1,1,0.99999857
1,1,0.99999845
1,1,0.99999857
1,1,0.999998
1,1,0.99999845
1,1,0.9999902
1,1,0.9999988
0,0,3.3232948e-06
1,1,0.9999763
1,1,0.999998
1,0,0.044152845
1,1,0.99999857
1,1,0.9999944
1,1,0.9999969
1,1,0.99999857
1,1,0.99999833
1,1,0.99977905
0,0,6.792564e-06
1,1,0.9999944
1,1,0.9999987
1,1,0.99999857
1,1,0.99999857
0,1,0.999997
1,1,0.9999982
1,1,0.99999833
1,1,0.9999969
1,1,0.99982077
1,1,0.9999987
1,1,0.99999857
0,1,0.99999785
1,1,0.9999981
1,1,0.9999974
1,1,0.99999833
1,1,0.9999956
0,0,0.00060292333
1,0,0.15113147
1,1,0.9999589
1,1,0.9999981
0,0,3.9723473e-06
1,1,0.9999951
1,1,0.99999845
1,1,0.9999982
0,0,9.951609e-05
0,0,2.2685505e-05
1,1,0.9999987
1,1,0.99999857
0,0,2.2162838e-05
1,1,0.99596345
1,1,0.99999845
1,1,0.9999982
0,0,0.00018888224
1,1,0.9999981
1,0,2.4576013e-05
1,1,0.99999833
0,0,1.731621e-06
1,1,0.9999982
0,0,1.2176385e-05
1,1,0.99999785
1,1,0.99999774
1,1,0.9999981
1,1,0.9999988
1,1,0.99999845
1,1,0.9999987
1,1,0.99999833
1,1,0.9999962
1,0,0.081715554
1,1,0.99999845
0,1,0.9999945
0,0,4.1447756e-06
0,1,0.9984603
1,1,0.6146615
1,1,0.9999969
1,1,0.99999857
1,1,0.9999976
1,1,0.9999957
1,0,3.0406218e-06
1,1,0.9999981
0,1,0.99993765
1,1,0.9999974
1,1,0.9999951
1,1,0.99999857
1,1,0.99999857
1,1,0.9999988
1,1,0.99999857
0,1,0.95190096
1,1,0.9999982
0,0,0.022831403
1,1,0.9999958
1,1,0.9999919
0,0,3.6598228e-06
1,1,0.9999987
1,1,0.9999988
1,1,0.99999857
1,1,0.999997
1,1,0.99999857
1,1,0.99999857
1,1,0.9999913
1,1,0.999985
1,1,0.9999981
1,1,0.9999981
1,1,0.99999833
0,0,1.9251573e-05
1,1,0.9999988
1,1,0.99999774
1,0,0.47436842
1,1,0.9999987
1,1,0.999998
1,1,0.9999976
1,0,0.0020294124
1,1,0.99999774
1,1,0.9999988
0,1,0.9986797
1,1,0.9999988
0,1,0.99994576
0,0,2.933092e-06
1,1,0.999998
1,1,0.99999464
1,1,0.99999857
1,0,1.3344054e-05
1,1,0.99999106
1,1,0.9999975
1,0,0.01405859
1,1,0.9999982
1,1,0.99999785
1,1,0.99999535
0,0,1.7356917e-05
1,1,0.999998
1,1,0.9999987
0,1,0.99995124
1,1,0.9999981
1,1,0.99999857
0,1,0.99988747
1,1,0.9999982
1,1,0.9999987
1,1,0.9999975
1,1,0.99999845
1,1,0.7354263
1,1,0.99999845
1,1,0.9999981
1,1,0.99999785
1,1,0.99999714
1,1,0.9999969
1,1,0.9999975
1,1,0.9999982
1,1,0.9999988
1,1,0.999998
1,1,0.9999949
1,1,0.99767977
1,1,0.999998
1,0,0.020043308
1,1,0.9999987
1,1,0.99999845
1,1,0.9999988
1,1,0.9999976
1,1,0.9999968
1,1,0.9999981
0,0,0.0036568015
1,1,0.99999857
1,1,0.9999981
0,0,1.699704e-05
1,1,0.9999982
1,1,0.9999987
1,1,0.99999845
0,0,1.4755062e-06
1,1,0.9999982
1,1,0.99999857
1,1,0.9999987
1,1,0.99999857
0,0,5.0112403e-06
1,1,0.99999857
1,1,0.9999981
1,1,0.99999726
1,1,0.99999857
1,1,0.59248656
1,1,0.999998
1,1,0.9999982
1,1,0.99998736
1,1,0.99999726
1,1,0.9999951
0,1,0.99999666
1,1,0.99999833
1,1,0.9999987
1,1,0.99999785
1,1,0.9999974
1,1,0.999998
0,0,1.3940905e-06
1,1,0.9999982
1,1,0.99999714
1,1,0.99999857
0,0,2.9571105e-05
1,1,0.9999908
1,1,0.9999982
1,1,0.99999595
1,1,0.9999982
1,1,0.99999785
1,1,0.99999774
1,1,0.9999987
1,1,0.99999833
1,1,0.9999987
0,1,0.9999958
0,0,0.49304542
1,1,0.99827135
1,1,0.99999785
1,1,0.99999666
0,1,0.999995
1,1,0.999998
1,1,0.99999845
1,1,0.99999523
1,1,0.9999982
0,0,2.1557146e-06
1,1,0.99999714
1,0,0.23137185
1,1,0.9999912
0,0,3.9881184e-06
1,1,0.9999918
1,1,0.9999982
1,1,0.9999982
1,1,0.9999988
1,1,0.9999981
1,1,0.9999981
0,1,0.999992
1,1,0.99999857
1,1,0.9999982
1,1,0.9999988
1,1,0.99999857
1,1,0.99999857
1,1,0.9999974
1,1,0.99999845
1,1,0.999998
1,1,0.9999974
1,0,9.192674e-06
1,1,0.99999607
1,1,0.9999875
1,1,0.99999845
1,1,0.99999857
1,1,0.99999774
1,1,0.99999857
0,0,1.7956382e-06
1,1,0.9999982
1,1,0.9999974
1,1,0.9999969
1,1,0.9999987
1,1,0.9999981
1,1,0.99999475
0,0,2.0744262e-06
1,1,0.99999547
1,1,0.99999857
1,1,0.9999982
1,1,0.99999857
1,1,0.9999981
1,1,0.9999939
1,1,0.99999833
1,1,0.9999988
1,0,5.602553e-05
1,1,0.999998
1,1,0.9999988
1,1,0.999997
1,1,0.9999982
1,1,0.99999857
1,1,0.9999982
1,1,0.9999981
1,1,0.9999987
1,1,0.99999785
1,1,0.99999857
1,1,0.9999987
1,1,0.99999845
0,1,0.99996674
1,1,0.99999654
1,1,0.99999833
1,1,0.99999666
1,1,0.9999949
1,1,0.9999987
1,1,0.99999774
1,1,0.99999833
1,1,0.9999982
1,1,0.99999714
1,1,0.9999982
1,1,0.9999945
1,1,0.99999785
1,1,0.99999833
1,1,0.9999982
1,1,0.99999833
1,1,0.999998
1,1,0.99999714
1,1,0.99999833
1,1,0.9999988
1,1,0.9999975
1,1,0.99999857
1,1,0.9999982
1,1,0.99999845
1,1,0.9999982
1,1,0.99999845
1,1,0.9999962
1,1,0.9999908
1,1,0.99999845
1,1,0.9999987
1,1,0.99999523
1,1,0.99999845
1,1,0.9999974
1,1,0.99999297
1,1,0.9999987
1,1,0.999998
1,1,0.9999976
1,1,0.99999845
1,1,0.99999857
1,1,0.99999833
1,1,0.9999987
1,1,0.99999726
1,1,0.9999982
1,1,0.9999987
1,1,0.9999975
1,1,0.9999981
1,0,4.097543e-06
1,1,0.999997
1,1,0.99999845
1,1,0.9999974
1,1,0.99999607
1,1,0.9999962
0,0,1.9946249e-06
1,1,0.9999975
1,1,0.9999982
1,1,0.99999857
1,1,0.99999833
1,1,0.99999845
1,1,0.9999982
1,1,0.9999987
1,1,0.99999845
0,0,4.5427937e-06
1,1,0.99999857
1,1,0.99999833
1,1,0.9999987
1,1,0.9999944
1,0,4.7131243e-06
1,1,0.728805
1,1,0.999998
1,1,0.99999833
1,0,8.156162e-05
1,1,0.9999964
1,1,0.9999968
1,1,0.9999956
1,1,0.99999845
1,1,0.9999981
1,1,0.9999974
1,1,0.99999595
1,1,0.99999845
1,1,0.9999987
1,1,0.99999833
1,1,0.9999901
0,1,0.99995446
1,1,0.9999982
1,1,0.99999857
1,0,2.0730952e-06
1,1,0.99999833
1,1,0.999998
1,1,0.9998925
1,1,0.999998
1,1,0.99998796
1,1,0.99999607
1,1,0.99999714
1,1,0.9999982
1,1,0.9999987
1,1,0.9999988
1,1,0.99999595
1,1,0.99999726
1,1,0.9999988
1,1,0.9999987
1,1,0.99999607
1,1,0.99999845
1,1,0.99999726
1,1,0.9999987
1,1,0.99999833
1,1,0.9999982
1,1,0.9999981
0,0,2.134008e-06
1,1,0.99999857
0,0,4.3798514e-06
1,1,0.99999833
1,1,0.9999964
1,1,0.99999857
1,1,0.9901956
1,1,0.9999982
1,1,0.9999987
1,1,0.9999975
0,0,1.6317556e-06
1,1,0.999858
1,1,0.9999981
1,1,0.9999981
1,1,0.9999988
1,1,0.9999987
1,1,0.999995
1,1,0.99999857
1,1,0.99999845
1,1,0.99999785
1,1,0.9999976
1,1,0.9999987
1,1,0.9999987
1,1,0.999998
1,1,0.99999833
1,1,0.9999976
1,1,0.99999833
1,1,0.999998
1,1,0.9999982
1,1,0.999998
1,1,0.99999714
1,1,0.9999987
0,1,0.9133512
1,1,0.99999857
1,1,0.99999285
1,1,0.9999976
1,1,0.99999845
1,1,0.99999785
1,1,0.9999987
1,1,0.9999982
1,1,0.99999845
1,1,0.99999857
1,1,0.9987984
1,1,0.99999845
1,1,0.99999833
0,0,2.0125576e-06
1,1,0.9999918
0,0,2.4395858e-05
1,1,0.99999833
1,1,0.9999981
1,1,0.9999956
1,1,0.9999951
1,1,0.99999845
1,1,0.9999981
1,1,0.9999956
1,1,0.999997
1,1,0.99999845
1,1,0.9999982
1,1,0.99999464
1,1,0.9999037
0,0,9.4186325e-06
1,1,0.99999833
1,1,0.9999988
1,0,0.20156665
1,1,0.9999939
0,1,0.99999833
1,1,0.99991584
1,1,0.99999857
0,0,2.4761694e-06
1,1,0.99999774
1,1,0.99999726
1,1,0.999998
0,1,0.84083384
0,0,2.0977238e-06
1,1,0.99999607
1,1,0.99999845
1,1,0.9999988
0,0,8.916741e-06
1,1,0.99999845
1,1,0.99999857
1,1,0.99999833
1,1,0.99999833
1,1,0.99999833
1,1,0.999995
1,1,0.99999595
1,1,0.9999486
1,1,0.99999845
1,1,0.9999435
1,0,4.170967e-05
1,1,0.9999987
1,1,0.9999558
1,1,0.99999714
0,0,8.512598e-06
1,1,0.9999982
1,1,0.99999833
1,1,0.9999975
1,1,0.9999982
1,1,0.999998
1,1,0.999998
1,1,0.9999982
0,0,3.2307203e-06
1,1,0.99999654
1,1,0.9999969
1,1,0.99999833
1,1,0.9999987
0,0,2.8675995e-06
1,1,0.99999845
1,0,2.407939e-06
1,1,0.9999987
0,0,0.0057279267
1,0,0.00014003183
1,1,0.5567913
1,0,5.229832e-06
1,1,0.9999981
1,1,0.9999987
0,0,1.3611851e-06
1,1,0.9999987
1,1,0.9999968
1,1,0.999998
1,1,0.9999987
1,1,0.99999833
1,1,0.99999857
1,1,0.99999845
0,0,6.3317248e-06
1,1,0.9999981
1,1,0.9999943
1,1,0.99999714
1,1,0.9999987
1,1,0.99999845
1,1,0.99999714
1,1,0.9999963
1,1,0.9999982
1,0,0.0005021955
1,0,0.0014092698
0,1,0.99998856
1,1,0.9999982
1,1,0.9999988
1,1,0.9999958
0,0,1.9763017e-06
1,1,0.9999988
1,1,0.99999785
1,1,0.99999845
1,1,0.9999981
1,1,0.99999833
1,1,0.99999833
1,1,0.9999988
1,1,0.9999982
1,1,0.99999833
1,1,0.9999932
0,0,3.484785e-05
1,1,0.99999857
1,1,0.9999982
1,1,0.99999857
1,1,0.99999726
1,1,0.99999857
1,1,0.999997
1,1,0.99999845
0,0,1.5397042e-06
1,1,0.99999845
1,1,0.99999726
0,0,2.8353343e-06
1,1,0.999998
1,1,0.9999987
0,0,2.0184893e-06
1,1,0.9999987
1,1,0.99999714
0,1,0.5316597
1,1,0.9999987
1,1,0.99999845
1,1,0.9999969
1,1,0.99999833
0,0,0.00020191082
1,1,0.9999982
0,1,0.9999684
1,1,0.99999714
1,1,0.99999845
1,1,0.9999981
1,1,0.9999981
1,1,0.99977165
1,1,0.99999857
1,1,0.99999833
0,0,1.8076316e-05
1,1,0.999998
0,1,0.99999404
1,1,0.9999982
1,1,0.99999833
1,1,0.99999785
1,1,0.9999987
1,1,0.99999833
1,1,0.9999982
1,1,0.999998
1,1,0.9999987
1,1,0.99999845
1,1,0.9999958
0,0,6.523331e-06
1,1,0.99999774
1,1,0.9999987
1,1,0.99999857
1,1,0.999997
1,1,0.99999547
1,1,0.9999932
0,1,0.9999969
1,1,0.9999975
1,1,0.99999845
1,1,0.99999714
0,0,0.0024265237
1,1,0.999998
1,1,0.99999833
0,1,0.9999958
1,1,0.99999857
1,1,0.9999987
1,1,0.99999833
1,1,0.9999987
1,1,0.99999845
1,1,0.9765496
0,1,0.99997985
1,1,0.9999974
1,1,0.99999833
1,1,0.99999726
1,1,0.99999857
1,1,0.999997
1,1,0.9999987
1,1,0.9999982
1,1,0.9999976
1,1,0.99999845
1,1,0.9999982
1,1,0.99999845
0,0,5.437645e-06
1,1,0.9999982
1,1,0.9999926
1,1,0.99999833
1,1,0.99999845
1,0,0.0003065402
1,1,0.9999982
1,1,0.9999956
1,1,0.99999833
1,1,0.99999845
1,1,0.99999833
1,1,0.99999857
1,1,0.99999845
1,1,0.9999982
1,1,0.9999981
1,1,0.9999988
1,1,0.9998983
1,1,0.99999857
1,1,0.9999982
1,1,0.9999976
1,1,0.999997
1,1,0.918719
1,1,0.99999857
1,1,0.99999845
1,1,0.99999833
0,0,2.6748912e-06
1,1,0.99999833
1,1,0.99999845
1,1,0.9999987
0,1,0.96371996
1,1,0.9999958
1,1,0.99999857
1,1,0.9999976
1,1,0.99999845
1,1,0.9999987
0,1,0.99934536
0,0,2.9972125e-06
1,1,0.9999987
1,1,0.99999857
1,1,0.9999974
1,1,0.9999987
1,1,0.9999987
1,1,0.9999988
1,1,0.9999981
1,1,0.99999535
1,1,0.99999774
1,0,0.012560963
1,1,0.9999981
1,1,0.9999778
1,1,0.9999968
0,0,3.7615093e-06
1,1,0.9999987
1,1,0.9999976
1,1,0.9999981
1,1,0.9999962
1,1,0.9999981
1,1,0.9999976
1,1,0.99999475
1,1,0.9999976
1,1,0.99999666
1,1,0.99999857
0,1,0.9999695
1,1,0.99999845
1,1,0.9999987
1,1,0.99999833
1,1,0.99999845
0,0,0.013393001
1,1,0.9999987
1,1,0.9999659
1,1,0.99999857
1,1,0.9999969
1,1,0.99999845
1,1,0.99999833
1,1,0.9999982
1,1,0.9999976
1,1,0.99999213
1,1,0.9999982
1,1,0.9999987
1,1,0.99999857
1,1,0.99999845
1,0,0.00020520284
1,1,0.99999654
1,1,0.9999988
1,1,0.9999988
1,1,0.9999968
1,1,0.999998
1,1,0.9989202
1,1,0.9999976
1,1,0.99999774
1,1,0.99999785
1,1,0.99999845
0,1,0.9992305
1,1,0.99999833
1,1,0.99999774
1,1,0.9999988
1,1,0.99999833
1,1,0.99999857
0,0,1.5344972e-06
1,1,0.99999833
1,1,0.99999845
1,1,0.99999845
0,1,0.99999595
0,1,0.90737003
1,1,0.99999845
0,0,1.8043396e-06
1,1,0.9998336
1,1,0.99999845
1,1,0.99999857
0,1,0.9999943
1,1,0.99999845
1,1,0.99999857
1,1,0.99999654
0,0,1.8533091e-06
0,0,0.008103401
1,1,0.9999981
1,1,0.99999774
1,1,0.999998
1,1,0.99999845
1,1,0.9999987
1,1,0.99999845
1,1,0.99999857
1,1,0.99999845
1,1,0.9999976
1,1,0.9999987
1,1,0.99999857
1,1,0.99999845
1,1,0.99999845
1,1,0.999998
1,1,0.99999833
0,0,5.9561726e-06
0,0,1.4772831e-06
1,1,0.9999914
1,1,0.9999976
1,1,0.99999857
1,1,0.99999833
1,0,0.28792894
1,1,0.9999982
1,1,0.99999845
0,1,0.9999908
1,1,0.99999774
1,1,0.99999833
1,1,0.99999857
1,1,0.9999945
1,1,0.99999857
1,1,0.9999982
1,1,0.9999968
1,1,0.99999785
1,1,0.99999595
1,1,0.9999968
1,1,0.99999785
0,0,0.0017042188
1,1,0.99980336
0,0,0.00017610757
0,0,0.009718943
1,1,0.99999833
1,1,0.99999785
1,1,0.99999464
1,1,0.9999981
1,1,0.99999857
1,1,0.99999845
1,1,0.9999962
0,0,1.4307946e-06
1,1,0.99999833
1,1,0.9999981
0,1,0.9999447
1,1,0.99999714
1,1,0.99999857
0,0,4.5346133e-06
1,1,0.9999851
1,1,0.9999987
1,1,0.9999987
1,1,0.999998
1,1,0.99999857
1,1,0.9999974
1,1,0.99999845
1,1,0.9815029
0,1,0.9999951
1,1,0.99999845
0,0,2.875862e-06
1,1,0.99999845
1,1,0.9999963
1,1,0.999998
1,1,0.9946061
1,1,0.99999714
1,1,0.9999919
0,0,0.039815817
1,1,0.9999987
1,1,0.9999982
1,1,0.9999988
1,1,0.99999535
1,1,0.99999833
0,0,5.175921e-05
1,1,0.93187237
1,1,0.99999857
1,1,0.99999857
1,1,0.99999785
1,1,0.99999833
1,1,0.9999981
1,1,0.99999857
0,1,0.9999962
1,1,0.99999845
0,1,0.9999001
1,1,0.99999785
0,0,4.4402236e-06
1,1,0.99999857
1,1,0.99987257
1,1,0.99999833
1,1,0.99999845
1,1,0.9999976
1,1,0.99999464
1,1,0.99999857
1,1,0.99999356
1,1,0.9999988
1,1,0.9999727
1,1,0.9972058
1,1,0.9999981
1,1,0.9999981
1,1,0.99999845
1,1,0.9999982
1,1,0.99999845
1,1,0.99999857
1,1,0.99999845
1,1,0.99999845
1,1,0.9999907
1,1,0.9999981
1,1,0.9999987
1,1,0.999974
1,1,0.9999987
1,1,0.9999974
1,1,0.99999833
1,1,0.99999833
1,1,0.99998474
1,0,0.0030263097
1,1,0.99997675
1,1,0.9999982
1,1,0.99979895
1,1,0.9999975
0,0,1.6493458e-06
1,1,0.9999976
1,1,0.9999988
1,1,0.9999968
1,1,0.9999981
1,1,0.99999845
1,1,0.9999976
1,1,0.9999988
1,1,0.9996731
0,0,3.0706422e-06
1,1,0.9999987
1,1,0.9999987
1,1,0.99992347
1,1,0.99999774
1,1,0.9999987
1,1,0.99999845
1,1,0.99994457
1,1,0.99999857
1,1,0.99999785
1,1,0.99999774
1,1,0.99999785
1,1,0.99999845
1,1,0.9999982
1,1,0.9999982
1,1,0.99999857
1,1,0.99999857
1,1,0.99999833
1,1,0.99999845
1,1,0.99999094
1,1,0.9999896
1,1,0.9999964
1,1,0.9999982
1,1,0.9999982
0,0,2.2400793e-06
1,1,0.999998
0,1,0.9619053
1,1,0.9999987
1,1,0.99999857
1,1,0.99999833
1,1,0.99999857
0,1,0.9999466
0,1,0.8884112
1,1,0.99999833
1,1,0.9999976
1,1,0.99999857
1,1,0.9999958
1,1,0.99999833
1,1,0.9999982
1,1,0.9999732
1,1,0.999998
1,1,0.9999982
1,1,0.99999833
1,0,0.0011693054
1,1,0.9999964
1,1,0.9992092
1,1,0.9999988
0,0,0.0003871359
0,1,0.99999344
1,1,0.99999857
1,1,0.9999962
0,1,0.99996173
1,1,0.99999857
1,1,0.99999774
1,1,0.999998
1,1,0.9999988
1,1,0.9999982
1,1,0.9999982
1,1,0.9999937
1,1,0.99999845
1,1,0.99999833
1,1,0.9999976
1,1,0.99999774
1,1,0.9999982
1,1,0.99999833
1,1,0.9999937
1,1,0.9999908
1,1,0.9999982
1,1,0.99999845
1,1,0.9999976
0,0,2.4991982e-06
1,1,0.9999987
1,1,0.99999654
1,1,0.9999987
1,1,0.99999785
1,1,0.9999969
1,1,0.9999981
1,1,0.9995338
1,1,0.99999833
1,1,0.99997044
1,0,4.058633e-06
1,1,0.99999833
1,0,1.4949734e-06
1,1,0.99999845
1,1,0.999998
0,0,3.0573326e-06
1,1,0.9999981
1,1,0.9999987
1,1,0.99999845
1,1,0.9999976
1,1,0.99999857
0,0,2.8298234e-06
1,1,0.9999981
0,0,1.636988e-06
1,1,0.99999833
0,0,2.3864811e-06
0,0,2.2125887e-06
1,1,0.9999882
1,1,0.999995
1,1,0.99999833
1,1,0.99999833
1,1,0.999998
1,1,0.9999982
1,1,0.99999845
1,1,0.9999982
1,1,0.99999833
1,1,0.9999945
1,1,0.9999963
1,0,0.0014208421
1,1,0.999998
1,1,0.99999833
1,1,0.99999845
1,1,0.99999857
0,0,1.7992945e-06
1,1,0.99999774
1,1,0.99999845
1,1,0.99999785
0,0,0.00011919281
1,1,0.99999845
1,1,0.9999981
1,1,0.9999987
1,1,0.99999857
1,1,0.99999857
1,1,0.9999987
1,1,0.99999654
1,1,0.9999988
1,1,0.99999857
1,1,0.99999857
0,0,0.0006626686
0,0,0.0002858963
1,0,2.1290243e-05
1,1,0.99999714
1,1,0.99999666
1,1,0.9999987
1,1,0.99999833
1,1,0.99999833
0,0,1.944379e-06
0,0,2.7948984e-06
0,0,8.11011e-06
1,1,0.999998
1,1,0.99999833
1,1,0.99999845
1,1,0.9999976
1,1,0.9999987
1,1,0.999997
1,1,0.9923639
1,1,0.9999981
1,1,0.9999987
1,1,0.99999714
1,1,0.9999987
1,1,0.99999785
1,1,0.9999988
1,1,0.99999845
1,1,0.99999833
1,1,0.99999654
1,1,0.999998
1,1,0.999998
1,1,0.9999908
1,1,0.99999845
1,1,0.99999714
1,1,0.9999777
1,1,0.999998
1,0,5.1233696e-06
1,1,0.9999759
1,1,0.9999987
1,1,0.9997931
1,1,0.9999927
1,1,0.99999845
1,1,0.99999833
1,1,0.99999833
1,1,0.9999982
1,1,0.99999845
1,1,0.999998
1,1,0.99999845
0,1,0.99998724
1,1,0.99999845
1,1,0.99999857
1,1,0.9999969
1,1,0.99999845
0,0,2.1163592e-06
1,0,1.8536435e-05
1,1,0.99999857
1,1,0.9999982
1,1,0.99999857
1,1,0.99999857
0,0,2.8344639e-06
1,1,0.9999982
0,1,0.99998987
1,1,0.99999845
1,1,0.99999845
1,1,0.99999833
0,0,1.3648776e-05
1,1,0.9999982
0,0,8.255598e-06
1,1,0.99999857
1,1,0.9999982
1,1,0.99999857
1,1,0.99999845
1,1,0.99999833
1,1,0.99999833
1,1,0.9999982
1,1,0.999998
1,1,0.99999833
1,1,0.9999964
1,1,0.9999925
1,1,0.999997
1,1,0.99999845
1,0,0.00022518628
1,1,0.9999987
1,1,0.99999845
0,1,0.9999974
1,1,0.99999857
1,1,0.99999833
1,1,0.99999833
1,1,0.9999987
1,1,0.99999857
1,1,0.99999845
1,1,0.99999714
1,1,0.99995446
1,1,0.99999845
1,1,0.99999833
0,1,0.9999702
1,1,0.99999845
1,1,0.9999987
1,0,0.2970571
1,1,0.99999595
1,1,0.999997
1,1,0.9999969
1,1,0.9999982
1,1,0.99999833
1,1,0.99999845
1,1,0.99999654
1,1,0.9999988
1,1,0.99999726
1,1,0.99999857
1,1,0.844037
1,1,0.9999579
1,1,0.99999785
1,1,0.9999987
1,1,0.99999774
1,1,0.99999785
0,0,1.2101057e-06
0,0,4.712715e-06
1,1,0.99999774
1,1,0.99999726
0,1,0.999997
1,1,0.9999987
1,1,0.99999857
1,1,0.9999982
1,1,0.99987483
1,0,4.5069173e-06
1,1,0.9999981
1,1,0.9999974
0,0,0.0004830539
1,1,0.9999982
1,1,0.9999894
0,1,0.99995434
1,1,0.99999833
1,1,0.99999845
1,0,0.22374901
1,1,0.9999988
1,1,0.99999845
0,1,0.9999932
1,1,0.9999976
1,1,0.9999987
1,1,0.9999982
1,1,0.9999981
1,1,0.9999987
1,1,0.9999515
1,1,0.9999981
1,1,0.99999845
1,1,0.9999987
1,1,0.99999857
1,1,0.99999523
1,1,0.99999714
1,1,0.99999857
1,1,0.9999981
1,1,0.99999857
1,1,0.99999666
1,0,3.4711402e-06
1,1,0.9999974
1,1,0.9999982
0,0,4.2193544e-05
1,1,0.99998116
1,1,0.99999726
1,1,0.99964094
1,1,0.99999857
1,1,0.99997866
1,1,0.99999833
1,1,0.9999982
1,1,0.99999857
1,1,0.99999833
1,1,0.99999833
1,1,0.9999987
1,1,0.99999833
1,1,0.99999785
1,1,0.99999857
1,1,0.99999833
1,1,0.9999976
0,0,7.029822e-06
0,0,3.0758592e-06
1,1,0.99999785
1,1,0.99999857
1,1,0.99999774
1,1,0.99998534
1,1,0.99999833
1,1,0.99999833
1,1,0.999998
1,1,0.9999945
1,1,0.9999987
1,1,0.99999845
1,1,0.99999857
1,1,0.9999976
1,1,0.99999833
1,1,0.9998486
1,1,0.9999974
1,1,0.99469334
1,1,0.9999987
1,1,0.99999774
1,1,0.99999857
1,1,0.99999845
0,0,1.4566886e-06
0,0,2.3597719e-05
1,1,0.9999975
1,1,0.9999963
1,1,0.99999833
0,0,3.071726e-06
1,1,0.9999286
0,1,0.99997497
1,1,0.99999833
1,1,0.9999907
1,1,0.99999774
1,1,0.999997
1,1,0.99999833
1,1,0.99999833
1,1,0.9999976
1,1,0.99999833
1,1,0.9999982
1,0,0.014991044
1,1,0.9999968
1,1,0.9999988
1,1,0.9999988
1,1,0.9999987
1,1,0.9999981
1,1,0.9999982
1,1,0.999998
0,0,1.3452047e-05
1,1,0.99966717
1,1,0.99999774
1,1,0.9999982
1,1,0.99999714
1,1,0.9999975
1,1,0.9999982
1,1,0.99999714
0,0,1.873091e-06
1,1,0.99999833
1,1,0.9999981
1,1,0.9999877
1,1,0.9999981
1,1,0.999997
1,1,0.99999034
1,1,0.99999857
1,1,0.9999982
1,1,0.99999845
0,1,0.996097
0,0,1.2217422e-05
1,1,0.9999987
1,1,0.9999988
1,1,0.999984
1,1,0.999998
1,1,0.9999956
1,1,0.9999987
1,1,0.99999845
1,1,0.9999976
1,1,0.99999845
0,0,2.1770522e-05
1,1,0.9999982
1,1,0.99999857
1,1,0.9999956
1,1,0.99987245
1,1,0.99999774
1,1,0.9999987
1,1,0.99999785
1,1,0.9999696
1,1,0.9999981
1,1,0.9999924
1,1,0.9999963
1,1,0.99999857
1,1,0.9999963
1,1,0.99999785
1,1,0.9999987
1,1,0.99999857
1,1,0.9999976
0,0,0.487212
1,1,0.9999987
1,1,0.9999981
1,1,0.9999982
1,1,0.9999987
1,0,6.371687e-05
0,0,0.00060052285
1,1,0.99999857
0,0,2.9394876e-06
0,0,8.683299e-06
0,1,0.9999964
1,1,0.9999988
1,1,0.9999976
1,1,0.999972
1,1,0.9999808
1,1,0.9999982
1,1,0.99999833
0,0,0.45912522
1,1,0.9999981
0,0,1.9321992e-06
1,1,0.9999987
1,1,0.99999774
1,1,0.9999976
1,1,0.9999981
1,1,0.99999845
1,1,0.99999845
1,1,0.99999833
1,1,0.99999857
1,1,0.9999987
0,0,0.13940947
1,1,0.99999845
1,1,0.99999845
1,1,0.9999951
1,1,0.9999987
0,0,0.0015516719
1,1,0.9999943
1,1,0.9999976
1,1,0.999998
1,1,0.9999987
1,1,0.9999987
0,0,7.6236884e-06
1,1,0.9999956
1,1,0.9999975
1,1,0.99999845
1,1,0.99999774
1,1,0.9999987
1,1,0.9999982
1,1,0.99999857
1,1,0.9999981
1,1,0.9999981
1,1,0.99999845
1,1,0.99999845
1,1,0.99999857
1,1,0.9999964
1,1,0.99999857
1,1,0.9999988
1,1,0.9999976
1,1,0.99999857
1,1,0.99999726
1,1,0.99999857
1,1,0.99999785
1,1,0.9999975
1,1,0.9999976
1,1,0.99999845
1,0,2.2677539e-06
1,1,0.9999988
0,0,3.5950034e-06
1,1,0.9999734
1,1,0.99999845
1,1,0.99999845
1,1,0.99998426
0,0,1.8605397e-06
1,1,0.99998546
0,0,3.7020773e-06
0,0,0.00011194477
1,1,0.999997
1,1,0.9999974
1,1,0.9999982
1,1,0.9999943
1,1,0.9999982
1,1,0.9999943
1,1,0.9999683
1,1,0.999998
0,1,0.99999726
1,1,0.9999589
1,1,0.9999982
1,1,0.9999982
1,1,0.99999857
1,1,0.9999982
1,1,0.99999857
1,1,0.9999981
1,1,0.99999857
0,0,0.19178137
1,1,0.99999774
1,1,0.9999987
1,1,0.9999976
1,1,0.99999845
1,1,0.99999857
0,0,2.2037063e-06
1,1,0.99999857
1,1,0.9999988
1,1,0.99999857
1,1,0.99999845
1,1,0.9999962
1,1,0.99999845
1,1,0.9999982
1,1,0.99999666
1,0,2.746893e-06
1,1,0.99999833
1,1,0.99999845
1,1,0.9999982
1,1,0.99999857
1,1,0.9999987
1,1,0.99999845
1,1,0.9999975
1,1,0.9999987
1,1,0.99999857
1,1,0.9999981
1,1,0.99999404
1,1,0.9999974
1,1,0.99999857
1,1,0.9999982
1,1,0.9999987
1,1,0.99999857
1,1,0.9999987
1,1,0.99999845
1,1,0.99999714
1,1,0.99999666
1,1,0.9999958
1,1,0.9999987
1,1,0.99999845
1,1,0.9999982
1,1,0.9999974
1,1,0.9999975
1,1,0.99992967
1,1,0.9999981
1,1,0.99999774
1,1,0.9999871
1,1,0.9999987
1,1,0.9999963
1,1,0.9999987
1,1,0.9999975
1,1,0.9999982
1,1,0.99999857
1,1,0.999998
1,1,0.9999981
1,1,0.99999774
1,1,0.99999833
1,1,0.9999982
1,1,0.99999595
1,1,0.9999981
1,1,0.999997
1,1,0.99998593
1,1,0.9999987
1,1,0.99999857
1,1,0.99999714
1,1,0.9999974
1,1,0.9898859
1,1,0.99999857
1,1,0.999997
1,1,0.99999857
1,1,0.9999949
1,1,0.99999833
1,1,0.9999981
1,1,0.99998236
1,1,0.9999982
1,1,0.99999857
1,1,0.9999987
1,1,0.99999833
0,0,3.6883266e-06
1,1,0.99999857
1,1,0.99999774
1,1,0.99999774
1,1,0.99999833
1,1,0.99999785
0,0,2.1907817e-06
0,0,5.40303e-05
1,1,0.9999981
0,0,3.140443e-06
1,1,0.99999785
1,1,0.99997973
1,1,0.99999845
1,1,0.99999857
1,1,0.9999987
1,1,0.9999987
1,0,3.7071507e-06
1,1,0.99999857
0,0,1.9959132e-06
1,1,0.9999918
1,1,0.999998
1,1,0.99999833
1,1,0.99999857
1,1,0.9999987
1,1,0.99999833
1,1,0.9999987
1,1,0.99999714
1,1,0.9999987
1,1,0.99999857
1,1,0.9999976
1,1,0.99454653
1,1,0.999998
1,1,0.99997795
1,1,0.99999774
1,1,0.9999981
0,1,0.9992066
1,1,0.99999785
1,1,0.9999987
1,1,0.99999833
1,1,0.9999982
1,1,0.99999785
1,1,0.9999932
0,1,0.99998474
1,1,0.99903905
1,1,0.9999838
1,1,0.9999982
1,1,0.9999981
1,1,0.9999982
1,1,0.99999857
1,1,0.99999833
1,1,0.99999857
1,1,0.99957126
1,1,0.9999975
1,1,0.9999975
1,1,0.999998
1,1,0.99999833
1,1,0.99999857
1,1,0.99999857
1,1,0.99999845
1,1,0.9999988
1,1,0.9999964
1,1,0.99999857
1,1,0.9999968
1,1,0.9997875
1,1,0.99999833
0,0,1.5414554e-06
1,1,0.99999404
1,1,0.99999845
0,1,0.99999464
1,1,0.99999785
1,1,0.9999982
0,1,0.99928683
1,1,0.99999344
0,1,0.9990926
1,1,0.9999987
1,1,0.9999982
1,1,0.9999933
1,1,0.99999845
1,1,0.9999987
1,1,0.999998
1,0,0.37152106
1,1,0.9999987
1,1,0.99999833
1,1,0.9999976
1,1,0.9999931
1,1,0.9999981
1,1,0.99999845
1,1,0.99999857
1,1,0.99997854
1,1,0.9999982
1,1,0.9999974
1,1,0.9999982
1,1,0.99999785
1,1,0.99999845
1,1,0.99999785
1,1,0.9999982
1,1,0.9999987
1,1,0.99999726
1,1,0.99999714
1,1,0.9999962
1,1,0.9999988
1,1,0.999995
1,1,0.9999707
1,1,0.99999845
1,1,0.9999975
1,1,0.9999976
1,1,0.99999595
0,0,3.0239248e-06
1,1,0.9999975
1,1,0.99999774
0,0,2.2132851e-06
1,1,0.9999981
1,1,0.99999845
1,1,0.99999833
1,1,0.99999845
1,1,0.99999857
1,1,0.999998
1,1,0.99999726
1,1,0.999998
0,0,1.8525174e-06
1,1,0.99999857
0,1,0.9998368
1,1,0.9999982
0,1,0.99998546
1,1,0.9999975
1,1,0.9999981
0,0,0.02385717
1,1,0.9999982
1,1,0.9999975
1,1,0.9999988
1,1,0.99987507
1,1,0.9999987
1,1,0.9999981
1,1,0.99999857
1,1,0.9999981
1,1,0.99999774
1,1,0.99999726
1,1,0.99999833
1,1,0.999998
1,1,0.9999982
1,1,0.99999833
1,1,0.9999982
1,1,0.99999857
1,1,0.99999833
0,1,0.9183259
1,1,0.99999845
1,1,0.99999833
1,1,0.9999987
0,0,1.6521385e-06
0,0,9.354576e-06
0,0,1.7913383e-06
1,1,0.99999845
1,1,0.9999987
1,1,0.9999987
1,1,0.9999982
1,1,0.99999845
1,1,0.5163378
0,0,0.002057079
1,1,0.9999976
1,1,0.9999987
1,1,0.999998
1,1,0.99999857
1,1,0.9994917
1,1,0.9999987
1,1,0.9999974
1,1,0.99999714
1,1,0.99999845
0,0,1.448348e-06
1,1,0.99999726
1,1,0.99999857
1,1,0.99999845
1,1,0.99999845
1,1,0.99999845
1,1,0.9999987
1,1,0.99999857
1,1,0.999998
0,0,3.2128046e-06
0,0,1.5163248e-06
1,1,0.99999785
1,1,0.99999857
0,0,3.582723e-06
1,1,0.9999975
1,1,0.9999987
1,1,0.9999982
1,1,0.99999785
1,1,0.9999968
0,0,3.4637133e-06
1,1,0.9999987
1,1,0.99999726
1,1,0.999998
1,1,0.9999976
1,1,0.9999987
1,1,0.99999785
1,1,0.99999726
1,1,0.9999933
1,1,0.9999981
1,1,0.9999987
1,1,0.999995
1,1,0.9999964
1,1,0.99999833
1,1,0.99999857
1,1,0.99999404
1,1,0.99999845
1,1,0.99999857
1,1,0.999998
1,1,0.99999857
1,1,0.9999933
1,1,0.99999833
1,1,0.99999857
1,1,0.99999833
1,1,0.99999857
0,0,3.5108515e-06
1,1,0.99999857
1,1,0.9999796
1,1,0.99999857
1,1,0.9999988
1,1,0.9999987
1,1,0.99999857
1,1,0.9999987
1,1,0.9999988
1,1,0.9999962
1,1,0.99999547
1,1,0.99999726
1,1,0.99999774
1,1,0.9999982
1,1,0.9999982
1,1,0.999998
0,1,0.99997234
1,1,0.99999785
1,1,0.9999987
1,1,0.9999981
1,1,0.9999919
1,1,0.99999785
0,1,0.9999726
1,1,0.99999833
1,1,0.99999857
1,1,0.99999857
1,1,0.9999975
1,1,0.9999981
0,1,0.9939885
1,1,0.99999845
1,1,0.99999833
1,1,0.9999933
1,1,0.9999974
0,0,1.8598566e-06
1,1,0.9999981
1,1,0.99999785
1,1,0.99999785
1,1,0.99999845
1,1,0.9999981
1,1,0.9999968
1,1,0.99999774
1,1,0.9999981
1,1,0.999998
1,1,0.99999225
1,1,0.99999785
1,1,0.99999845
1,1,0.9999982
0,0,1.8375545e-06
0,0,2.4362009e-05
1,1,0.99999857
1,1,0.9999987
1,1,0.99999774
1,1,0.9999987
1,1,0.9999864
1,1,0.99999833
1,1,0.99999857
1,1,0.9999982
1,1,0.9999927
1,1,0.99999857
1,1,0.99999857
1,1,0.9999987
1,1,0.99999833
1,1,0.99999785
1,1,0.99999774
1,1,0.9999987
1,1,0.9999981
1,1,0.9999975
1,1,0.9999981
1,1,0.9999981
1,1,0.99999857
1,1,0.9999987
1,1,0.999998
1,1,0.9999987
1,1,0.9999976
1,1,0.99999845
1,1,0.99999857
1,1,0.9999987
1,1,0.99999857
1,1,0.99999714
1,1,0.99999833
1,1,0.99999857
1,1,0.99999464
1,1,0.9999988
1,1,0.99999833
1,1,0.99997556
1,1,0.99999833
1,1,0.99999845
1,1,0.9999988
1,1,0.9999926
1,1,0.9999951
1,1,0.99999774
1,1,0.99999845
1,1,0.9999987
1,1,0.999998
0,1,0.9999958
1,1,0.99999845
1,0,0.00020225957
1,1,0.9999963
1,1,0.98858565
1,1,0.999998
1,1,0.9999987
1,1,0.9999981
1,1,0.9995571
1,1,0.9999982
1,1,0.99999845
1,1,0.99999845
1,1,0.99999774
1,1,0.9999987
1,1,0.9999974
1,1,0.9999987
0,1,0.64658695
0,1,0.9989046
1,1,0.999998
0,0,0.0006242257
1,1,0.9999969
1,1,0.9994692
1,1,0.9999981
1,0,5.6604495e-05
0,0,3.5298194e-06
1,1,0.999997
1,1,0.9999976
1,1,0.99999857
1,1,0.999998
1,1,0.9999925
1,1,0.99999833
1,1,0.99999833
1,1,0.9999981
1,1,0.9999963
1,1,0.9999987
0,0,0.0001484507
1,1,0.99999774
1,1,0.99999845
1,1,0.9999981
1,1,0.99999857
1,1,0.9999988
0,0,1.6638583e-06
1,1,0.99999714
1,1,0.99999857
1,1,0.9999459
0,0,2.4248111e-05
1,1,0.9999976
0,1,0.9999887
0,0,0.3533056
1,1,0.99999416
0,0,0.08617425
1,1,0.9999981
1,1,0.9999974
1,1,0.9999987
1,1,0.99999154
1,1,0.999998
1,1,0.99999857
1,1,0.9999988
1,1,0.9999974
1,1,0.99999845
1,1,0.9999987
1,1,0.9999981
1,1,0.999998
0,1,0.99983764
1,1,0.99999857
1,1,0.99999774
0,0,7.046583e-05
1,1,0.9999982
1,1,0.99999464
1,1,0.9999987
1,1,0.999998
1,1,0.9999982
0,0,3.1862824e-06
1,0,0.37642762
0,0,1.6593023e-05
1,1,0.9999988
1,1,0.999998
1,1,0.99999785
1,1,0.99999845
1,1,0.99999833
1,1,0.99999833
1,1,0.99999833
1,1,0.9999584
1,1,0.9999982
1,1,0.999998
1,1,0.9971589
1,1,0.99999547
0,0,2.6846458e-06
1,1,0.9999987
1,1,0.9999987
1,1,0.99999785
1,1,0.99999833
1,1,0.99999857
1,1,0.999997
1,1,0.9999689
1,1,0.99999833
1,1,0.9999975
1,1,0.99999726
0,0,5.762922e-06
1,1,0.99999845
1,1,0.99999845
1,1,0.99999833
1,1,0.99999714
0,0,2.6563032e-06
0,0,1.8416844e-06
1,1,0.9999981
1,1,0.99999547
1,1,0.99999857
1,1,0.99999857
1,1,0.9999981
1,1,0.9999987
0,0,1.778293e-06
0,1,0.9999981
1,1,0.9999981
1,1,0.99997425
1,1,0.9999987
1,1,0.99999726
1,1,0.9999838
0,0,3.0777842e-06
1,1,0.9999982
1,1,0.99999845
1,1,0.99999774
1,1,0.9999968
0,1,0.9999949
0,0,9.415831e-06
1,1,0.99999833
0,0,1.2825377e-06
1,1,0.9999987
1,1,0.99999833
1,1,0.9999974
1,1,0.99999845
1,1,0.9999883
1,0,1.0359805e-05
0,0,1.5717171e-06
1,1,0.999998
1,1,0.999998
1,1,0.999998
0,0,2.3097682e-06
1,1,0.9999957
1,1,0.9999982
1,1,0.9999975
1,1,0.99999857
1,1,0.9999815
0,0,7.809167e-06
1,1,0.9999982
1,1,0.99999857
1,1,0.999998
1,1,0.9999969
1,1,0.9999968
0,0,2.785048e-06
1,1,0.99999857
1,1,0.9999981
1,1,0.99999785
1,1,0.9999982
1,1,0.9999987
1,1,0.9999987
0,0,7.98404e-06
1,1,0.99998796
1,1,0.999997
1,1,0.99999857
1,1,0.99999094
1,1,0.9954106
1,1,0.9999509
1,1,0.9999981
1,1,0.99999857
1,1,0.9999987
1,1,0.99999845
0,0,9.5781106e-05
1,1,0.99999845
1,0,0.03932533
1,1,0.9999982
1,1,0.9999976
1,1,0.99999833
1,1,0.99999845
1,1,0.99999535
1,1,0.99999833
1,1,0.99999833
1,1,0.9999895
1,1,0.9999987
1,1,0.99999833
0,0,7.293511e-05
1,1,0.999998
1,1,0.9999987
1,1,0.999206
1,1,0.9999976
0,1,0.9999968
0,0,2.3211813e-05
1,1,0.99999857
1,1,0.9999976
0,0,4.8659304e-06
1,1,0.9999987
1,1,0.9999968
1,1,0.99999845
0,1,0.9999701
1,1,0.9999982
1,1,0.9999981
1,1,0.9999976
1,1,0.99999833
0,0,3.2445498e-06
1,1,0.9999987
1,1,0.99999833
1,1,0.9999987
1,1,0.9999987
0,1,0.99766856
1,1,0.99999857
1,1,0.9999981
0,0,7.093047e-05
1,1,0.9999306
1,1,0.99998367
0,1,0.9999032
0,0,7.5332973e-06
1,1,0.9999975
1,1,0.9999964
1,1,0.99999106
1,1,0.99999857
0,0,0.00011989912
1,1,0.9999987
0,0,1.8868728e-06
0,0,1.4948095e-06
1,1,0.9999981
0,0,1.5400154e-06
1,1,0.9999981
1,1,0.99999523
1,1,0.9999982
1,1,0.9996201
1,1,0.9999981
1,1,0.9999975
1,1,0.99999845
1,1,0.99999845
1,1,0.99999857
1,1,0.9999857
1,1,0.99999833
1,1,0.999998
0,0,1.4514703e-06
1,1,0.9999951
1,1,0.9999987
1,1,0.9999982
1,1,0.9999987
0,1,0.9999908
1,1,0.9992085
1,1,0.99999833
1,1,0.9999988
0,0,0.00038359757
1,1,0.99999785
1,1,0.99999845
1,1,0.9541465
1,1,0.99999845
1,1,0.99999785
1,1,0.9999987
1,1,0.9999982
0,0,0.0034165028
1,1,0.99999857
0,0,2.8362049e-06
1,1,0.9999981
1,1,0.9999976
1,1,0.999998
1,1,0.99999833
1,1,0.9999957
0,0,0.00021040226
0,0,0.0006184048
1,1,0.9999982
1,1,0.9999968
1,1,0.99999714
1,1,0.9999962
1,1,0.99999785
0,1,0.99999714
1,1,0.9999982
1,1,0.99999833
1,1,0.9999957
1,1,0.99999833
1,1,0.99999785
1,1,0.9999982
1,1,0.9999573
0,1,0.99991703
1,1,0.99999833
1,1,0.99999845
1,1,0.99999857
0,0,3.8482594e-05
1,1,0.9999981
1,1,0.9999981
1,1,0.9999974
0,0,2.1976998e-06
1,1,0.999998
1,1,0.9999981
1,0,3.9067204e-06
1,1,0.99999833
0,0,2.3306782e-06
1,1,0.99999785
1,1,0.99999785
1,1,0.99999845
1,1,0.99999833
1,1,0.99999857
1,0,6.0182615e-06
1,1,0.99999666
1,1,0.99999726
1,1,0.9999987
1,1,0.99999654
0,0,3.2336702e-06
1,1,0.9999982
1,1,0.9999987
1,1,0.999998
1,1,0.9999988
1,1,0.9999987
1,1,0.99999845
1,0,0.00090349844
1,0,2.0550271e-05
1,1,0.9999981
1,1,0.99999845
0,0,2.511302e-06
1,1,0.9999982
1,1,0.999998
1,0,0.09539641
0,0,1.1527365e-05
1,1,0.9999982
1,1,0.99999833
1,1,0.9999987
1,0,0.07168863
1,1,0.80572945
1,1,0.99999833
1,1,0.99999833
1,1,0.99999774
1,1,0.9999982
1,1,0.9999982
1,1,0.9999982
0,0,1.6283824e-05
1,1,0.99999833
1,1,0.9999987
1,1,0.9999982
1,1,0.9999981
1,1,0.99999857
1,1,0.9999958
1,1,0.99999833
1,0,0.0012829107
1,1,0.99999774
1,1,0.99999833
1,1,0.9999962
0,1,0.9999944
1,1,0.9999982
1,1,0.99999833
1,1,0.99999714
0,0,5.0494505e-06
1,1,0.99999833
0,0,3.1702907e-06
1,1,0.9999794
1,1,0.99999833
1,1,0.999998
1,1,0.99996877
0,1,0.99999774
1,1,0.999998
1,1,0.9999976
1,1,0.99999857
1,1,0.99999833
1,1,0.9999987
1,1,0.99999833
1,1,0.99999857
1,1,0.9999987
1,1,0.9999782
1,1,0.999997
0,0,0.0014012394
1,1,0.9999975
1,1,0.99999833
1,1,0.99999857
1,1,0.9999974
1,1,0.9999987
1,1,0.9999987
1,1,0.9999987
1,1,0.9999987
1,1,0.99999857
0,0,1.6188797e-06
1,1,0.99999845
1,1,0.999998
1,1,0.999997
1,0,0.00015139724
1,1,0.99999785
1,0,1.524247e-05
1,1,0.9999981
1,1,0.9999981
1,1,0.99999833
1,1,0.99999833
1,1,0.99999833
1,1,0.9999987
1,1,0.99999547
1,1,0.9999981
1,1,0.99999845
1,1,0.99999714
1,1,0.9999981
1,1,0.99999416
1,1,0.99999833
1,1,0.9999982
1,1,0.9999933
0,0,0.001232162
1,0,5.6237905e-06
1,1,0.999998
1,1,0.99999845
1,1,0.9999974
1,1,0.99999845
1,1,0.99999094
1,1,0.99999845
1,1,0.99999845
1,1,0.99999845
0,0,3.5942044e-06
1,1,0.99999857
1,0,4.4482233e-05
1,1,0.99999845
1,1,0.9999981
0,0,2.1752446e-06
1,1,0.99999845
1,1,0.99999785
1,1,0.99999714
1,0,1.7961374e-05
1,1,0.99999857
1,1,0.9999987
1,1,0.9999956
1,1,0.99999857
0,0,1.537641e-06
1,1,0.99999726
1,1,0.99999833
1,1,0.99999714
1,1,0.9999981
1,1,0.9999987
1,1,0.9999982
1,1,0.99999845
1,1,0.9999857
1,1,0.9999982
1,1,0.99999785
1,1,0.9999975
0,1,0.9998419
1,1,0.9999976
1,0,3.2551023e-05
1,1,0.9999982
0,0,1.5072275e-06
0,1,0.9999852
1,1,0.9999987
1,1,0.99999785
1,1,0.99998677
1,1,0.9848585
1,1,0.9999976
1,1,0.99999845
1,1,0.99999774
1,1,0.9999982
1,1,0.9999988
1,1,0.9999988
1,0,0.2640142
1,1,0.9999975
1,1,0.99999785
1,1,0.9999987
1,1,0.99999774
1,1,0.99999833
1,1,0.999998
0,0,0.4580468
1,1,0.99999857
1,1,0.9999976
1,1,0.99999714
1,1,0.9999988
1,1,0.999998
1,1,0.99999857
1,1,0.999985
1,1,0.99999785
1,1,0.99999785
1,1,0.9999981
0,1,0.99999297
0,0,2.0913617e-06
1,1,0.99999845
1,1,0.99999666
1,1,0.9999957
1,1,0.99999726
1,1,0.99999857
1,1,0.99999785
1,1,0.99999857
1,1,0.99999845
1,1,0.99999845
1,1,0.99999845
1,1,0.9999974
0,0,1.9131846e-06
1,1,0.9999981
1,1,0.9999987
1,1,0.9999982
1,1,0.9999858
1,1,0.99999785
1,1,0.9999492
1,1,0.9999976
1,1,0.99999857
1,1,0.9999987
1,1,0.9999982
1,0,0.010448399
0,0,3.1640627e-06
1,1,0.99999845
1,1,0.9999981
1,1,0.9999976
1,1,0.9999987
1,1,0.9999976
1,1,0.999997
1,1,0.99999714
0,0,0.05162776
0,0,2.734968e-06
1,1,0.99999845
0,0,2.8336096e-06
1,1,0.9998714
0,1,0.9999813
1,1,0.99999094
1,1,0.99999833
1,1,0.99999845
1,0,0.0016286077
0,0,1.5532993e-06
1,1,0.9999987
1,1,0.99999845
0,0,1.9221789e-06
0,0,1.7361302e-06
1,1,0.9999987
1,1,0.99999785
1,1,0.9999981
0,0,1.4355345e-06
1,1,0.99999857
1,1,0.9999987
1,1,0.99999404
1,1,0.9999988
1,1,0.99999833
1,1,0.9999981
1,1,0.99999845
1,1,0.99999714
1,1,0.99999535
1,1,0.9999988
0,0,1.3519789e-06
1,1,0.99999774
1,1,0.99999833
1,1,0.99999845
1,1,0.9999987
1,1,0.9999987
1,1,0.9999987
1,1,0.9999982
1,1,0.9999969
1,1,0.99999714
1,1,0.999998
0,0,2.7657215e-06
1,1,0.9999987
1,1,0.9999981
1,1,0.99999535
1,1,0.9999976
1,1,0.9999901
0,0,0.08335839
1,1,0.99999535
1,1,0.9999987
1,1,0.99999845
1,1,0.9999981
0,1,0.9999974
1,1,0.999997
1,1,0.9999814
1,1,0.9999981
1,1,0.99999833
1,1,0.9999982
1,1,0.99999785
1,1,0.99995935
0,1,0.9999784
1,1,0.99999475
1,1,0.99999857
1,1,0.9999982
1,1,0.9999982
1,1,0.9999981
1,1,0.999998
1,1,0.9999975
1,1,0.99999523
1,1,0.9975787
1,1,0.99999833
0,1,0.9999957
1,1,0.9907697
1,1,0.99999774
0,1,0.9999747
1,1,0.9999974
1,1,0.99999857
1,1,0.99999833
1,1,0.9999987
1,1,0.99999833
1,1,0.999998
1,1,0.99999356
1,1,0.9999944
0,0,1.0581243e-05
1,1,0.99999833
1,1,0.99999857
1,1,0.9999975
1,1,0.9999987
1,1,0.99999595
1,1,0.99999845
1,1,0.99999833
1,1,0.9999988
1,1,0.99999845
0,0,1.48742965e-05
0,0,0.00011068692
1,1,0.99999857
1,1,0.9999963
1,1,0.99999845
1,1,0.9999987
1,1,0.9999982
1,1,0.99999857
0,1,0.98978525
1,1,0.99999547
1,1,0.9999987
1,1,0.99999857
0,0,0.0014771944
1,1,0.9999851
1,1,0.99999857
1,1,0.9999982
1,1,0.9999981
1,1,0.99999726
1,1,0.999997
0,0,5.378387e-06
1,1,0.9999988
1,1,0.9999777
1,1,0.9999988
1,1,0.9999982
1,1,0.99999833
1,1,0.9999981
0,1,0.99999774
1,1,0.9999969
1,1,0.99999833
1,1,0.9999982
1,1,0.99999404
1,1,0.9999987
0,0,1.4901622e-06
1,1,0.9999976
1,1,0.99999774
1,1,0.99999774
1,1,0.99999785
1,1,0.9999981
1,1,0.99999845
1,1,0.999998
1,1,0.99982774
1,1,0.9999958
1,1,0.99999833
1,1,0.9999982
1,1,0.99999785
1,1,0.9999981
1,1,0.999997
1,1,0.9999974
1,1,0.9999987
1,1,0.99999785
1,1,0.99999774
1,1,0.99999857
1,1,0.999997
1,1,0.9999988
1,1,0.9999982
0,1,0.9999964
1,1,0.99999833
0,0,2.3570453e-06
1,1,0.9999988
1,1,0.99999845
1,1,0.9998677
1,1,0.9999976
1,1,0.99999833
0,0,1.4805419e-05
1,1,0.99998164
1,1,0.99983895
0,0,2.2680333e-05
1,1,0.9999982
1,1,0.9999988
0,1,0.9600686
1,1,0.99999857
1,1,0.99999857
1,1,0.99999774
1,1,0.99999845
1,1,0.99999857
1,1,0.999998
1,1,0.9999988
1,1,0.99999845
0,0,1.9439801e-06
1,0,2.7794084e-05
1,1,0.99999845
1,1,0.999995
0,0,4.429657e-05
1,1,0.9999987
1,1,0.99999845
1,1,0.9999987
0,0,1.9102147e-06
1,1,0.99999774
1,1,0.9999945
1,1,0.99999726
1,1,0.99999857
1,1,0.9999957
1,1,0.7988982
0,0,2.7519454e-06
1,1,0.99999607
1,1,0.9999945
1,1,0.99999726
1,0,2.1506037e-06
1,1,0.999998
1,1,0.9999987
1,1,0.99999857
1,1,0.9999976
1,1,0.99999785
1,1,0.9999982
1,1,0.999998
1,1,0.999998
1,1,0.99982697
1,1,0.9981665
1,1,0.9999982
1,1,0.9999076
1,1,0.99999857
1,1,0.99999464
1,1,0.999997
1,1,0.99999857
1,1,0.99999607
0,0,5.375309e-05
1,1,0.9999982
1,1,0.999998
1,1,0.9999982
0,0,5.871487e-06
1,1,0.99999857
1,1,0.9999987
1,1,0.9999933
1,1,0.99999857
1,1,0.99999845
1,1,0.95241374
1,1,0.9999987
1,1,0.99999845
1,1,0.9999982
1,1,0.99999845
1,1,0.9999974
1,1,0.99999833
1,1,0.8210668
1,1,0.99999833
1,1,0.99999774
0,0,5.583997e-06
1,1,0.9999982
1,1,0.9999981
1,1,0.9999974
0,0,0.0014837953
0,0,1.5406e-06
1,1,0.999998
0,0,8.425652e-06
1,1,0.99999845
1,1,0.99999523
0,1,0.99999356
1,1,0.99999833
1,1,0.99999845
0,0,1.5377626e-06
1,1,0.99999857
1,1,0.9999981
1,1,0.9999975
1,1,0.9999982
1,1,0.9999945
1,1,0.9999976
1,1,0.99999833
1,1,0.9999987
1,1,0.9999981
1,1,0.9999956
1,1,0.9999981
1,1,0.9999987
1,1,0.999998
0,0,1.7783169e-06
1,1,0.9999894
1,1,0.9999981
1,1,0.99999523
1,1,0.99999833
1,1,0.9999981
0,0,2.669542e-06
1,1,0.99999833
1,1,0.999987
1,1,0.9999976
1,1,0.99999845
0,1,0.9999951
0,1,0.99999154
1,1,0.9999987
1,1,0.99999845
1,1,0.9999962
1,1,0.9999981
0,0,1.7498586e-06
1,1,0.99999857
1,1,0.99999857
1,1,0.9999981
1,1,0.9999962
1,1,0.9999982
1,1,0.99999833
1,1,0.9999975
1,1,0.9999981
1,1,0.99999845
0,0,3.225176e-06
1,1,0.9999987
1,1,0.9999975
1,1,0.99999774
1,1,0.9999974
1,1,0.9999939
1,1,0.99999857
1,1,0.9999938
0,1,0.9999865
1,1,0.99999666
0,0,0.00014129558
1,1,0.99998975
1,1,0.99999654
1,1,0.9999982
1,1,0.9999951
1,1,0.9999958
1,1,0.99999833
1,1,0.99999857
1,1,0.99999833
1,1,0.9999982
0,0,2.0875377e-06
1,1,0.99999845
1,1,0.9999975
1,1,0.9999988
1,1,0.9999927
1,1,0.9999981
1,1,0.99999833
1,1,0.99999857
1,1,0.9999987
1,1,0.99999845
1,1,0.9999912
1,1,0.999998
1,1,0.9999987
0,1,0.99998033
1,1,0.9999982
1,1,0.9999987
1,1,0.9999975
1,1,0.99999547
1,1,0.99999833
1,1,0.99999845
1,1,0.99999785
1,1,0.9999981
1,1,0.999998
1,1,0.99999857
1,1,0.99999833
1,1,0.9999987
1,1,0.9999981
1,1,0.99999845
1,1,0.9999981
1,1,0.99999833
1,1,0.999998
1,1,0.9999987
0,0,1.4486409e-06
1,1,0.9999889
1,1,0.99999845
0,0,2.6728537e-06
1,1,0.9999974
0,0,2.239033e-06
1,1,0.999987
1,1,0.99999833
1,1,0.9999987
1,1,0.9999988
1,1,0.99999845
1,1,0.999998
0,0,8.030912e-06
1,1,0.99999845
1,1,0.99999785
1,0,0.1127126
1,1,0.999998
1,1,0.99999833
1,1,0.9999981
1,0,1.6425458e-06
1,1,0.99999785
1,1,0.99999785
1,1,0.9999988
1,1,0.99999845
1,1,0.999998
1,1,0.9999957
0,0,2.3777484e-06
1,1,0.99999547
0,0,4.5907873e-06
1,1,0.9999933
0,0,2.0074049e-06
1,1,0.9999987
1,1,0.99999774
1,1,0.99999845
1,1,0.999998
1,1,0.9999981
1,1,0.99999845
1,1,0.99999654
1,1,0.999998
1,1,0.9999976
1,1,0.9999882
1,1,0.99999845
1,1,0.9999962
1,1,0.99999833
1,1,0.99999845
1,1,0.999998
1,1,0.99999857
1,1,0.999998
1,1,0.99999857
1,1,0.99999845
0,0,2.986541e-06
1,0,1.2307843e-05
1,1,0.99999595
1,1,0.9999987
1,1,0.9999982
1,1,0.9999981
1,1,0.9999963
1,1,0.99999833
1,1,0.99999726
0,1,0.9999969
1,0,1.9355741e-06
1,1,0.9999987
1,1,0.9999956
1,1,0.999998
1,1,0.99999774
1,1,0.99999654
1,1,0.9999968
0,0,1.6043343e-06
1,1,0.99999726
1,1,0.99999535
0,0,0.00035613443
1,1,0.99999845
1,1,0.9999981
1,1,0.9999981
1,1,0.9999989
1,1,0.99999845
1,1,0.99999857
1,1,0.9999933
1,1,0.99999845
1,1,0.9999981
1,1,0.99999857
0,1,0.9684175
1,1,0.9999987
1,1,0.9999982
1,1,0.99999857
1,1,0.999998
1,1,0.99999833
1,1,0.99999785
1,1,0.9999982
1,1,0.9999982
1,1,0.99999857
1,1,0.9999976
1,1,0.99999857
1,1,0.99999857
1,1,0.9999981
1,1,0.9999976
1,1,0.99999857
1,1,0.99999833
1,1,0.99999857
0,1,0.99664104
1,1,0.99999845
1,1,0.9999981
0,0,2.110643e-06
0,0,2.57891e-06
1,1,0.9999987
1,1,0.99999785
1,1,0.9999981
1,1,0.99999285
0,0,2.2577995e-06
1,1,0.9999981
1,1,0.999998
1,1,0.9999976
1,1,0.99999833
1,1,0.9999987
1,1,0.9999976
0,0,4.8733195e-06
1,1,0.99999833
1,1,0.9999981
1,1,0.9999988
1,1,0.99999845
1,1,0.9999981
1,1,0.99999845
1,1,0.99999046
1,1,0.99996555
1,1,0.9999987
1,1,0.999998
1,1,0.99999774
1,1,0.99999857
1,1,0.99999785
1,1,0.9999976
1,0,1.4487303e-05
1,1,0.99999857
1,1,0.99999845
1,1,0.9995956
1,1,0.9999975
0,0,1.298738e-06
0,1,0.9999951
1,1,0.9999987
0,0,1.5456122e-05
1,1,0.9999987
1,1,0.99999857
0,0,1.4930271e-06
1,1,0.9999956
1,1,0.99999666
1,1,0.9999982
1,1,0.9999981
1,1,0.9999976
1,1,0.99999845
1,1,0.9999974
0,1,0.9999738
1,1,0.99999845
1,1,0.99999785
0,1,0.99999785
1,0,1.7725702e-06
1,1,0.999998
0,0,0.11791507
1,1,0.9999939
1,1,0.9999939
1,1,0.9999982
1,1,0.9999951
1,1,0.99999094
1,1,0.99999774
1,1,0.9999964
1,1,0.99999833
1,1,0.99999845
1,1,0.99999857
1,1,0.9999987
1,1,0.99999833
1,1,0.9999988
1,1,0.9999976
1,1,0.9999982
1,1,0.9999982
1,1,0.9999943
1,1,0.9999976
1,1,0.9999987
1,0,0.0026519909
1,1,0.9999988
1,1,0.99999845
1,1,0.99999857
1,1,0.99999857
1,1,0.99999845
1,1,0.99999666
1,1,0.99999785
0,1,0.71860623
1,1,0.99999845
1,1,0.9999982
1,1,0.999998
1,1,0.99999833
1,1,0.999997
1,1,0.999998
1,1,0.99999857
1,1,0.99999785
1,1,0.99999166
1,1,0.9999963
1,1,0.9999958
1,1,0.9999945
1,1,0.9999962
1,1,0.9999937
1,1,0.99999857
1,1,0.99999774
1,1,0.9999987
1,1,0.9999981
1,1,0.9999987
1,1,0.99999857
1,1,0.9999987
1,1,0.992935
1,1,0.99999857
1,1,0.9999987
1,0,0.00034959402
1,1,0.99999833
1,1,0.99999833
1,1,0.99999785
1,1,0.9999987
1,1,0.99999595
1,1,0.999995
1,1,0.99999857
0,0,2.1364312e-06
0,0,0.00014674215
1,1,0.99999833
1,1,0.9769909
0,0,2.719791e-06
1,1,0.99999845
0,0,2.093467e-06
1,1,0.9999975
1,1,0.999995
1,0,1.5655443e-05
1,1,0.99999356
1,1,0.9999956
1,1,0.99999857
1,1,0.9999974
0,0,2.998648e-06
1,1,0.9999913
1,1,0.99966466
1,1,0.9999957
1,1,0.9999988
0,1,0.9996082
0,0,2.8480824e-06
1,1,0.9999987
0,0,3.4905715e-05
1,1,0.99999845
1,1,0.9999975
1,1,0.99999845
1,1,0.9999981
1,0,5.8050528e-06
1,1,0.99999666
1,1,0.99999857
1,1,0.99999833
0,0,3.3942129e-06
1,1,0.99999845
1,1,0.9999988
1,1,0.99999833
1,1,0.9999988
1,1,0.99999857
1,1,0.9999987
1,1,0.9999987
1,1,0.9999982
1,1,0.9999982
1,1,0.999997
1,1,0.99999857
1,1,0.99999857
1,1,0.9999975
1,1,0.9999976
1,1,0.999998
1,1,0.9998605
1,1,0.999998
1,1,0.9999975
1,1,0.9999969
1,1,0.999998
1,1,0.99999845
1,1,0.99999845
1,1,0.99999845
1,1,0.9999981
1,1,0.999997
1,1,0.9999987
1,1,0.99999785
1,1,0.9999982
1,1,0.9999981
1,1,0.9999987
1,1,0.9999982
1,1,0.999997
0,0,0.40886432
1,1,0.9999987
1,1,0.9999981
1,1,0.99999857
1,1,0.99999547
1,1,0.99999833
0,1,0.99716836
1,1,0.99999774
1,1,0.9999982
1,1,0.99999857
0,1,0.959887
0,0,0.0002130884
0,1,0.9999877
1,1,0.99999857
1,1,0.99999833
0,1,0.9999603
1,1,0.99999857
1,1,0.9999981
1,1,0.999998
1,1,0.9999987
0,0,3.5093517e-06
1,1,0.99999833
1,1,0.9999982
1,1,0.99999833
1,1,0.99999857
1,0,5.176563e-05
1,0,1.2073474e-05
1,1,0.99999785
1,1,0.99999845
1,0,0.0005170472
1,1,0.99999845
1,1,0.99999785
1,1,0.9999974
1,1,0.99999833
1,1,0.9999987
1,1,0.9999987
1,1,0.9999982
1,1,0.99999857
1,1,0.99999714
1,1,0.9999987
1,1,0.99999857
1,1,0.9999963
1,1,0.9999987
1,1,0.9999981
1,1,0.99999845
1,1,0.9999987
1,1,0.99999857
1,1,0.9999846
0,0,2.420713e-06
1,1,0.9999982
0,0,4.981146e-06
1,1,0.9999956
0,0,1.5528906e-06
1,1,0.9999982
1,1,0.9999981
1,1,0.99999666
1,1,0.99999857
1,1,0.99999833
1,1,0.9999982
0,0,2.27467e-06
1,1,0.9999975
1,1,0.99999785
1,1,0.99999297
0,0,1.4928149e-06
1,1,0.99999833
1,1,0.9899065
1,1,0.9999951
1,1,0.9999969
1,1,0.99999785
1,1,0.99999833
1,1,0.9999958
1,1,0.9999987
1,1,0.99999833
0,0,3.2047503e-06
1,1,0.9999982
1,1,0.999998
1,1,0.9999981
1,1,0.999998
1,1,0.99999845
0,0,5.3486026e-05
1,1,0.9999964
1,1,0.9999976
1,1,0.9999988
1,1,0.9999907
1,1,0.99999857
1,1,0.9999964
0,1,0.99409145
1,1,0.99999464
1,1,0.9999982
1,1,0.9997696
1,1,0.99999833
0,0,0.041516792
1,1,0.9999987
1,1,0.99999785
1,1,0.99999857
0,0,2.116323e-06
1,1,0.9999987
1,1,0.9999981
1,0,0.00095180987
1,0,0.3527267
1,1,0.9999275
0,1,0.9999963
1,1,0.9999987
1,1,0.99999845
1,1,0.9999957
1,1,0.99999404
1,1,0.69386804
1,1,0.9999987
0,0,4.941106e-06
0,0,0.07671385
1,1,0.9999968
1,1,0.99999833
1,1,0.99999845
1,1,0.99998677
0,0,3.1375184e-06
1,1,0.9999981
1,1,0.9999976
1,1,0.999998
1,1,0.9999943
1,1,0.9995757
1,1,0.99999833
1,1,0.99999845
1,1,0.9999982
0,0,1.3502356e-06
1,1,0.99999833
1,1,0.9999988
1,1,0.9999969
1,1,0.99999845
1,1,0.99999857
1,1,0.9999976
1,1,0.9999981
1,1,0.9999982
0,0,2.697269e-06
1,1,0.99999356
1,1,0.99999857
1,1,0.99992836
1,1,0.9999988
1,1,0.9999987
1,1,0.9999987
1,1,0.9999821
0,0,2.369111e-06
0,0,3.4821946e-06
1,1,0.99999857
1,1,0.9999913
1,1,0.99999833
1,1,0.9999982
1,1,0.9999982
0,1,0.9859822
0,1,0.9999963
1,1,0.99999607
1,1,0.99999857
1,1,0.99999785
1,1,0.999998
1,1,0.99999785
1,1,0.88275844
1,1,0.99999654
1,1,0.99999857
1,1,0.99999857
1,1,0.99999845
0,0,1.2721487e-05
1,1,0.9999932
1,0,0.020595914
1,1,0.9999987
1,1,0.9999987
1,1,0.9999987
0,0,1.5033314e-06
1,1,0.9998252
1,1,0.99999845
1,1,0.999998
1,1,0.9999987
1,1,0.99999857
1,1,0.99999774
1,1,0.9999982
0,0,2.340704e-06
1,0,2.4050908e-06
1,1,0.99999845
1,1,0.99999845
1,1,0.9985226
0,0,8.543256e-05
1,1,0.9999325
1,1,0.99999845
1,1,0.99999475
1,1,0.99999845
1,1,0.9999975
1,1,0.9999981
1,1,0.99999774
1,1,0.9999988
1,1,0.99999845
0,0,6.4740548e-06
1,1,0.99999845
1,1,0.99999833
1,1,0.99999833
1,1,0.99999356
1,1,0.99999785
1,0,0.015825527
1,1,0.99999833
1,1,0.99999857
0,1,0.9665368
1,1,0.9999987
1,1,0.999998
1,1,0.99999845
1,1,0.99999774
1,1,0.9999083
1,1,0.9999573
1,1,0.9999987
1,1,0.9999982
1,1,0.9920827
1,1,0.99999774
1,1,0.99999845
1,1,0.99999833
1,1,0.99999857
1,1,0.99999845
1,1,0.99999857
1,1,0.9999958
1,1,0.99999785
1,1,0.9999988
1,1,0.99945825
1,1,0.99999833
1,1,0.99999845
1,0,0.41575956
1,1,0.999998
1,1,0.99999654
1,1,0.99999344
0,0,9.273248e-06
0,0,4.897728e-06
1,1,0.9999982
1,1,0.9999981
1,1,0.99999857
1,1,0.9999945
1,1,0.99999726
1,1,0.9999982
1,1,0.99999833
1,1,0.99999785
1,1,0.99999857
1,1,0.99999297
1,1,0.9999987
0,1,0.9999958
1,1,0.9999981
0,0,1.0628868e-05
1,1,0.99999857
1,1,0.99999833
1,1,0.99999833
1,1,0.9999975
1,1,0.9999968
1,1,0.99886984
1,1,0.999998
1,1,0.99999857
1,1,0.99999857
0,1,0.99999785
1,1,0.999998
1,1,0.9998318
1,1,0.9999987
1,1,0.9999975
0,0,1.5712818e-05
1,0,0.0013999102
1,1,0.9999987
1,0,2.249173e-06
1,1,0.99999845
1,1,0.99999857
1,1,0.9999981
1,1,0.99999857
1,1,0.9999969
1,1,0.999998
0,0,0.34048024
1,1,0.99999774
1,1,0.9999987
1,1,0.9999975
1,1,0.9999981
1,1,0.9999987
1,1,0.9999981
1,1,0.9999974
1,1,0.9999982
1,1,0.9999968
1,1,0.999997
1,1,0.99999785
1,1,0.9999968
1,1,0.99999833
0,0,4.02342e-06
1,1,0.99999666
1,1,0.9900637
1,1,0.99999857
1,1,0.9999982
1,1,0.9999988
1,1,0.99999845
1,1,0.999998
1,1,0.99999845
1,1,0.99947137
1,1,0.99999833
1,1,0.99999845
1,1,0.9999981
1,1,0.99999726
1,1,0.9999981
1,1,0.99999833
1,1,0.99999726
1,1,0.99999857
1,1,0.9999988
1,1,0.999998
1,1,0.9999982
1,1,0.99999595
1,1,0.9999981
1,1,0.9999969
1,1,0.99999833
1,1,0.9999981
1,1,0.9999976
1,1,0.999998
1,1,0.9999957
1,1,0.9999852
1,1,0.99999845
0,1,0.9999062
1,1,0.99999845
1,1,0.99999785
1,1,0.9999987
1,1,0.99999285
1,1,0.9999987
1,1,0.9999976
1,1,0.99999857
1,1,0.9999962
1,1,0.9999981
0,0,1.7399541e-06
1,1,0.99999785
0,0,3.498385e-06
1,1,0.9999982
1,1,0.9999982
1,1,0.9999987
1,1,0.99998295
1,1,0.9999975
1,1,0.9999987
1,1,0.9999987
1,1,0.9999988
1,1,0.999997
1,1,0.9999976
1,1,0.99999547
0,0,3.1546506e-06
1,1,0.9999964
1,1,0.99999845
1,1,0.9999982
1,1,0.9999987
1,1,0.9999069
1,1,0.9999968
1,1,0.9999976
1,1,0.999998
1,1,0.99999857
1,1,0.9999987
1,1,0.9999976
1,1,0.9999982
1,1,0.9999969
1,1,0.99999666
1,1,0.99999857
1,1,0.9968509
0,1,0.9731364
1,1,0.9999894
0,0,1.3808001e-05
1,1,0.9999981
1,1,0.9999988
1,1,0.99999845
0,1,0.9999758
1,1,0.99999857
1,1,0.9999981
1,1,0.9999534
1,1,0.9999957
1,1,0.9999987
1,1,0.9999969
1,1,0.99999833
0,1,0.9999964
0,0,7.816573e-06
0,0,2.1263531e-06
1,1,0.99999857
0,0,6.998033e-05
1,1,0.999997
1,1,0.99999857
1,1,0.99998546
1,1,0.9999987
1,0,7.1122454e-06
1,0,3.8678845e-06
1,1,0.99999714
1,1,0.99999845
1,1,0.99999833
1,1,0.9999988
0,1,0.99999166
1,1,0.9999981
1,1,0.99999833
1,1,0.99999857
1,1,0.9999975
1,1,0.9999969
1,1,0.99952674
1,1,0.999998
1,1,0.9999976
1,1,0.9999987
1,1,0.999962
1,1,0.9999938
1,1,0.9999987
0,0,3.121298e-06
1,1,0.9999976
1,1,0.99999833
1,1,0.9999987
1,1,0.9999974
1,1,0.9999987
1,1,0.99999857
0,0,3.6722552e-06
1,1,0.99999857
1,1,0.9999981
1,1,0.99999774
1,1,0.9999987
1,1,0.99999464
1,1,0.99999785
1,1,0.999998
1,1,0.9999964
1,1,0.99999857
0,0,2.2627485e-06
1,1,0.9996908
1,1,0.9999976
1,1,0.9999982
1,1,0.9999896
1,1,0.99999213
1,1,0.99999833
1,1,0.9045321
1,1,0.99999845
1,1,0.9999987
0,1,0.99999225
1,1,0.9999925
1,1,0.99999833
1,1,0.99999857
1,1,0.99999845
1,1,0.99999857
1,1,0.9999969
1,1,0.9999987
1,1,0.9999981
0,1,0.9819056
1,1,0.9999981
0,1,0.99999785
1,1,0.99999785
1,1,0.99999833
0,1,0.9993781
1,1,0.9999987
1,1,0.9999982
1,1,0.99999785
0,1,0.99986446
1,1,0.99999833
1,1,0.99999845
1,1,0.99999857
1,1,0.9999987
1,1,0.99999154
1,1,0.9999988
1,1,0.9999982
1,1,0.9999981
1,1,0.9999975
1,1,0.9999976
1,1,0.9999987
1,1,0.99999654
1,1,0.99999845
1,1,0.9999988
1,1,0.99999857
1,1,0.9999982
1,1,0.9999981
1,1,0.99999666
1,1,0.9999987
1,1,0.9999988
1,1,0.99999535
0,0,0.000114343624
1,1,0.99999833
1,1,0.9999865
0,0,1.9256087e-05
1,1,0.9999987
1,1,0.99999845
1,1,0.9999987
1,1,0.99999833
1,1,0.99999714
1,1,0.99336207
1,1,0.9999987
1,1,0.999997
1,1,0.99999857
1,1,0.99999833
1,1,0.99999845
1,0,9.568379e-05
0,0,4.0867176e-06
1,1,0.99999845
1,1,0.99999857
1,1,0.99999774
1,1,0.9999957
1,1,0.99999845
1,0,0.06929267
0,0,1.2314559e-05
1,1,0.99999774
1,1,0.99999845
1,1,0.99999833
1,1,0.99999845
1,1,0.99999845
1,1,0.99999857
1,1,0.99999774
1,1,0.9999927
1,1,0.9999974
1,1,0.999998
1,1,0.9999893
1,1,0.99999714
1,1,0.9999981
1,1,0.99971193
1,1,0.9999987
1,1,0.99999833
1,1,0.99998295
1,1,0.999998
1,1,0.99999857
1,1,0.99999845
1,1,0.99990034
1,1,0.999998
1,0,0.000100143436
0,0,0.007150206
1,1,0.999998
1,1,0.99999833
1,1,0.99999344
1,1,0.9999987
1,0,5.4335513e-05
1,1,0.9999987
1,1,0.99999714
1,1,0.99999774
1,1,0.99999857
1,1,0.9999982
1,1,0.99999857
1,1,0.9999982
1,1,0.9999982
1,1,0.9999951
1,1,0.99996614
0,0,3.8202966e-06
1,1,0.99999785
1,1,0.9999981
0,1,0.99818015
1,1,0.99999833
1,1,0.99999857
1,1,0.9999938
1,1,0.99999857
0,1,0.9999697
0,1,0.99999845
1,1,0.9999982
1,1,0.99999857
1,1,0.99999774
1,1,0.999998
1,1,0.9999987
1,1,0.99999857
1,1,0.999998
0,0,2.2877055e-06
1,1,0.9999987
1,1,0.9999938
1,1,0.9999987
1,1,0.9999982
1,1,0.99999785
1,1,0.99999845
1,1,0.99999845
1,1,0.9999981
1,1,0.99999857
1,1,0.9999981
1,1,0.99999714
1,1,0.9999981
1,1,0.9999988
0,1,0.9998739
0,1,0.9956514
1,1,0.9999987
0,0,2.4547799e-06
1,1,0.99999845
1,1,0.99999845
1,1,0.9999981
1,0,0.0666387
1,1,0.9999982
1,1,0.99999833
1,1,0.9999969
1,1,0.9999981
1,1,0.99999726
0,0,1.6214074e-06
1,1,0.9999976
1,1,0.9999976
1,1,0.999998
1,1,0.99999857
1,1,0.99999785
1,1,0.9999987
1,1,0.999998
1,1,0.99999845
1,1,0.99999857
1,1,0.99999833
1,1,0.999998
1,1,0.99999785
1,1,0.99999857
0,1,0.9816607
1,1,0.99999785
1,1,0.9999969
1,1,0.99999857
1,1,0.9999976
1,1,0.99999845
1,1,0.99999845
1,1,0.9999981
1,1,0.9999982
1,1,0.99999785
1,1,0.9999987
1,1,0.9999987
1,1,0.9999982
1,1,0.9999987
1,1,0.99999356
1,1,0.9999722
0,0,1.7675617e-06
1,1,0.9999969
1,1,0.99997044
1,1,0.9999976
1,1,0.9999944
1,1,0.99999857
0,0,1.4469979e-06
1,1,0.99999857
1,1,0.99999857
1,1,0.99999845
1,1,0.9999976
1,1,0.99999714
1,1,0.9999987
1,1,0.99999845
1,1,0.9999716
1,1,0.9999981
1,0,0.019853178
1,1,0.99999845
1,1,0.99999845
0,1,0.99961996
1,1,0.99999714
1,1,0.9999976
1,1,0.9999981
1,1,0.9999987
1,1,0.99999833
1,1,0.9999981
1,1,0.99999833
1,1,0.99999833
1,1,0.9999987
1,1,0.99999845
0,0,4.3703467e-06
1,1,0.9999975
1,1,0.9999975
1,1,0.9999974
1,1,0.9999982
1,1,0.99999857
1,1,0.9999982
1,1,0.99998915
1,1,0.999998
1,1,0.999998
0,0,4.203863e-05
1,1,0.99999845
1,1,0.999998
1,1,0.99999845
1,1,0.99999857
1,1,0.99999833
1,1,0.99998987
1,1,0.999998
1,1,0.99999857
1,1,0.999998
1,1,0.9999987
1,1,0.99999857
1,1,0.9999987
1,1,0.99999833
1,1,0.9999962
1,1,0.99999833
0,0,1.4914617e-06
1,1,0.99999845
1,1,0.99999833
1,1,0.9999988
0,0,4.9487076e-06
1,0,2.4655052e-05
1,1,0.9999982
1,1,0.999998
1,1,0.9999981
0,1,0.99999046
0,1,0.9999945
1,1,0.9999937
1,1,0.99999833
1,0,2.16854e-06
1,1,0.9999975
1,1,0.999998
1,1,0.9999987
1,1,0.99999857
1,1,0.9999982
1,1,0.99999774
1,1,0.9999963
1,1,0.99998355
1,1,0.9999987
1,1,0.9999982
1,1,0.99999416
1,1,0.99999845
1,0,4.5670768e-06
1,1,0.9999968
1,1,0.8990879
1,1,0.99999034
1,1,0.99999857
1,1,0.99999523
1,1,0.9999938
1,1,0.9999987
1,1,0.9999981
0,0,0.0060159895
1,1,0.9999968
1,1,0.9999987
1,1,0.9999907
1,1,0.99999845
1,1,0.99999845
1,1,0.9999956
1,1,0.99999547
1,1,0.99999595
1,1,0.9999931
1,1,0.99999857
1,1,0.9999976
0,0,1.2176721e-06
1,1,0.99999726
1,1,0.9999987
1,1,0.9999988
0,0,7.84805e-06
1,1,0.99999774
1,1,0.99999857
1,1,0.9999987
1,1,0.99999857
1,1,0.9999987
1,1,0.99999833
1,1,0.9999833
1,1,0.99999356
1,1,0.9999982
1,1,0.99999845
1,1,0.9999981
0,0,3.1777402e-06
1,1,0.9999734
1,1,0.99999845
1,1,0.99999845
1,0,2.043214e-06
0,0,3.662801e-06
1,1,0.99999785
1,1,0.9999981
1,1,0.99999857
1,1,0.9999987
1,1,0.99999845
1,1,0.999998
1,1,0.99741733
1,1,0.99999845
1,1,0.9999976
1,1,0.99999726
1,1,0.9999987
1,1,0.99999845
1,1,0.99999726
1,1,0.99999857
0,0,3.4215711e-06
1,1,0.99999845
1,1,0.99999833
0,1,0.6433943
1,1,0.9999987
1,1,0.9999982
1,1,0.99999714
1,1,0.9999982
1,1,0.9999957
1,1,0.99999857
1,1,0.9999989
1,1,0.9999447
1,1,0.9999957
1,1,0.9999981
1,1,0.99999714
1,1,0.99999857
1,1,0.99999833
1,1,0.99999833
0,1,0.99998796
1,1,0.99999833
1,1,0.99999726
1,1,0.99999785
1,1,0.99999857
1,1,0.9999963
0,0,1.5803986e-06
1,1,0.9999982
1,1,0.9999975
1,1,0.99999845
1,1,0.9999981
1,1,0.9999987
1,1,0.99999726
0,0,3.6573558e-05
0,1,0.9999813
1,1,0.9768256
1,1,0.99999785
1,1,0.9999987
1,1,0.99999845
1,1,0.99999774
0,0,1.8252935e-06
1,1,0.99999845
1,1,0.9999982
1,1,0.99999857
0,1,0.9999906
1,1,0.99999845
1,1,0.99999845
1,1,0.99999857
1,1,0.9999939
1,1,0.99999774
0,1,0.9999025
1,1,0.99999833
1,1,0.9999982
1,1,0.99999857
0,0,1.7854541e-06
0,0,3.6924288e-05
1,1,0.9999981
1,1,0.9999976
1,1,0.9999987
1,1,0.99999714
1,1,0.9999963
1,1,0.99999857
1,1,0.9999987
1,1,0.9999963
1,1,0.99999726
1,1,0.9999987
0,0,2.0128934e-06
1,1,0.99997365
1,1,0.99999833
1,1,0.9999987
1,1,0.9999987
1,1,0.9999982
1,1,0.99999774
0,0,2.9261882e-06
1,1,0.999998
1,1,0.9999982
1,1,0.9999976
1,1,0.99999833
1,1,0.99999833
1,1,0.99999857
1,1,0.999998
1,1,0.9999969
1,1,0.99999845
1,1,0.99999857
1,1,0.9999777
0,0,8.40308e-06
0,1,0.7488767
1,1,0.99999857
1,1,0.99999857
1,1,0.99999666
1,1,0.99999714
1,1,0.99999774
1,1,0.999997
1,1,0.99999845
1,1,0.999998
1,1,0.9999982
0,0,6.2966365e-06
1,1,0.99999785
0,0,1.390674e-06
1,1,0.99999833
1,1,0.98921585
1,1,0.99999845
1,0,8.438622e-05
1,1,0.99999845
1,1,0.97863114
1,1,0.9999988
1,1,0.99999833
1,1,0.99999857
1,1,0.99999857
0,0,0.30325875
0,0,0.0013633118
1,1,0.9999987
1,1,0.99999774
1,1,0.999998
1,1,0.9999976
1,1,0.9999981
1,1,0.999998
0,0,1.680813e-06
1,1,0.9999982
1,1,0.9999987
1,1,0.9999937
1,1,0.9999957
1,1,0.9993955
1,1,0.9999988
1,1,0.9999976
1,1,0.9999987
1,1,0.99999654
1,1,0.99999785
1,1,0.99997747
1,1,0.999998
0,0,2.0903048e-05
1,1,0.99999833
1,1,0.99999595
1,1,0.99999166
0,0,4.2821237e-05
1,1,0.999998
0,1,0.99998856
1,1,0.9999982
1,1,0.9999951
1,1,0.9999988
1,1,0.9999982
1,1,0.9999987
1,1,0.9999987
1,1,0.99999297
1,1,0.99999845
1,1,0.99999845
1,1,0.999997
1,1,0.9999974
1,1,0.99989665
0,0,2.1850603e-06
1,1,0.9999987
0,1,0.9999974
1,1,0.9999975
0,0,1.6336742e-05
1,1,0.9999974
1,1,0.9999809
1,1,0.9999987
0,1,0.9999976
1,0,6.312666e-06
1,1,0.9999987
1,1,0.9999887
0,0,2.126627e-06
1,1,0.99999857
1,1,0.99997246
1,1,0.9999969
1,1,0.9999871
0,0,1.8709628e-06
1,1,0.9999987
1,1,0.9999987
1,1,0.9999987
1,1,0.9999987
1,1,0.99999785
1,0,7.904452e-05
1,1,0.99999845
1,1,0.9999982
0,0,5.7884236e-06
1,1,0.99999857
1,0,1.7865322e-06
1,1,0.9999982
1,1,0.9999987
1,1,0.99999833
1,1,0.999998
1,1,0.9999981
1,1,0.9999981
1,1,0.9999981
1,1,0.99999857
1,1,0.9999962
1,1,0.9999987
1,1,0.99999857
1,1,0.9999957
1,1,0.99999857
1,1,0.9999968
0,1,0.9999969
1,1,0.9999958
1,1,0.99999774
1,1,0.99999857
0,1,0.8933664
1,1,0.9999982
1,1,0.99999833
1,1,0.99999785
1,1,0.9999981
1,1,0.99999857
0,1,0.99848676
1,1,0.99999833
1,1,0.99999845
1,1,0.9999987
1,1,0.99999714
0,0,6.1084015e-06
1,1,0.9999975
1,1,0.99999845
1,1,0.9999982
1,1,0.9999982
1,1,0.99999785
0,0,0.055486195
1,1,0.99999845
1,1,0.99999654
0,0,1.869832e-06
1,1,0.99999845
0,0,3.1327256e-06
1,1,0.99039334
1,1,0.99999833
1,1,0.9999981
1,1,0.99999845
1,1,0.99999785
1,1,0.999998
0,1,0.9999957
1,1,0.99999726
1,1,0.99726933
1,1,0.99999833
1,1,0.9999987
1,1,0.9817438
0,1,0.9999956
1,1,0.9999975
1,1,0.99999857
1,1,0.99995923
0,1,0.8597343
1,1,0.9999912
1,1,0.99999833
0,0,5.915302e-06
1,1,0.99999785
1,1,0.9999987
1,1,0.99999833
1,1,0.99999857
1,1,0.9999987
1,1,0.9999982
1,1,0.99999785
1,1,0.99999833
0,0,2.1169285e-06
1,1,0.9999896
1,1,0.9999987
1,1,0.9999987
1,1,0.99958676
0,0,0.115422025
1,1,0.999998
1,1,0.9998785
1,1,0.9999987
1,1,0.9999987
1,1,0.99999774
1,1,0.99870014
1,1,0.999998
1,1,0.99999845
1,1,0.99999166
1,1,0.99999857
1,1,0.9999987
1,1,0.99999213
1,1,0.999992
1,1,0.999998
0,0,0.00047973768
1,1,0.99999857
1,1,0.99999857
1,1,0.9999906
1,1,0.7455452
1,1,0.99999774
1,1,0.9999976
0,0,1.9632298e-06
1,1,0.99999857
1,1,0.99999857
1,1,0.9999981
1,1,0.9999981
1,1,0.999997
1,1,0.9999976
1,1,0.9999931
1,1,0.99999857
1,1,0.9998192
0,0,1.6026094e-06
1,1,0.9999987
1,1,0.9936113
1,1,0.99999595
1,1,0.99999845
1,1,0.999997
1,1,0.99999714
1,1,0.9999987
1,1,0.999998
0,0,0.0022832353
1,1,0.99999785
1,1,0.9999981
1,1,0.99999845
1,1,0.9999987
1,0,0.009974803
1,1,0.99999857
1,1,0.9999962
1,1,0.99893326
1,1,0.99999845
1,1,0.9999987
1,1,0.99999857
1,1,0.9999981
1,1,0.99999785
1,1,0.99999714
1,1,0.99999535
1,1,0.99999833
1,0,1.8575276e-05
1,0,0.000110289744
1,1,0.99999523
1,1,0.999997
1,1,0.9999981
1,0,2.3192108e-06
1,1,0.99999845
1,1,0.993346
1,1,0.999997
1,1,0.9999981
0,1,0.99999416
1,1,0.99999285
1,1,0.9999982
1,1,0.99999833
0,0,6.916936e-06
1,1,0.9999988
1,1,0.99999774
0,0,1.6850485e-06
1,1,0.9999964
1,1,0.9999974
1,1,0.9999987
0,0,2.5168112e-05
0,1,0.9999212
1,1,0.9999988
1,1,0.8483366
1,1,0.999997
1,1,0.9999976
1,1,0.99999833
1,1,0.99998605
1,1,0.9999988
1,1,0.9999987
1,0,1.7111305e-06
1,1,0.9999981
0,0,1.4525809e-06
0,1,0.9999976
1,1,0.99999845
1,1,0.99999833
1,1,0.99999785
1,1,0.99999845
1,1,0.99999833
1,1,0.9999976
1,1,0.9999975
0,1,0.999941
1,1,0.99999857
1,1,0.9999958
1,1,0.9999982
1,1,0.99999666
1,1,0.99999845
1,1,0.9999982
1,1,0.9999976
1,1,0.99999845
1,1,0.99999654
1,1,0.9999893
0,0,4.2752195e-06
1,1,0.9999988
0,0,0.00036561946
1,1,0.9999987
1,1,0.99999774
0,1,0.921191
1,1,0.9999976
1,1,0.99999774
1,1,0.9999975
1,1,0.99999857
1,1,0.999997
1,1,0.99999857
1,1,0.9999982
1,1,0.999998
1,1,0.9999976
1,1,0.99999785
1,1,0.99999833
1,1,0.9999975
1,1,0.999998
1,1,0.99999833
1,1,0.99999785
1,1,0.99999857
1,1,0.999998
1,1,0.9999987
1,1,0.9999981
0,1,0.9561567
1,1,0.9999981
1,1,0.99999857
0,1,0.79830873
1,1,0.999998
1,1,0.99999857
1,1,0.9999982
0,0,6.4681612e-06
1,1,0.9999988
1,1,0.99999774
1,1,0.99999833
0,0,0.0130737135
1,1,0.99999857
1,1,0.9999976
1,1,0.9999987
1,1,0.99999785
1,1,0.9999981
1,1,0.8160837
1,1,0.5881166
1,1,0.99999833
1,1,0.99999726
1,1,0.9999962
0,0,7.891942e-06
0,0,1.4716052e-06
1,1,0.99999857
1,1,0.99999857
1,1,0.99999845
1,1,0.99999714
1,1,0.999998
1,1,0.9999976
1,1,0.9999981
1,1,0.9999981
1,1,0.9999981
1,1,0.9999982
0,0,3.0689562e-06
0,1,0.99922526
1,1,0.7845598
0,1,0.9999982
1,1,0.999998
1,1,0.9999987
0,0,1.7158335e-06
1,1,0.99999845
1,1,0.9999945
1,1,0.9999981
1,1,0.9999982
0,0,2.3672771e-06
1,1,0.99999726
1,1,0.9999987
1,1,0.99999774
0,0,3.532318e-06
1,1,0.9999982
1,1,0.9999982
1,1,0.99999845
1,1,0.9999982
1,1,0.99999833
1,1,0.99999774
1,1,0.99999857
1,1,0.99999845
0,1,0.9851215
1,1,0.99999785
1,1,0.9999982
1,1,0.99999857
1,1,0.99999845
1,1,0.9999982
1,1,0.99999774
1,1,0.99999785
1,1,0.9999988
1,1,0.9999969
1,1,0.9999981
1,1,0.9999975
1,1,0.99999726
1,1,0.9999622
1,1,0.9999981
0,1,0.9999926
1,1,0.9999976
1,1,0.99999833
1,1,0.999997
0,1,0.99999714
1,1,0.99999833
1,1,0.9999976
0,1,0.9999944
1,1,0.9999975
1,1,0.999998
1,1,0.9999987
1,0,0.0007098117
1,1,0.99999857
1,1,0.99999845
1,1,0.9999987
1,1,0.99999845
0,0,6.0169164e-05
1,1,0.9999987
1,1,0.999997
1,1,0.99999475
1,1,0.99999774
1,1,0.99999833
1,1,0.99999845
0,1,0.9995524
0,0,0.00030484135
1,1,0.99999833
1,1,0.9999981
1,1,0.99999833
1,1,0.99999833
1,1,0.9999976
1,1,0.99999845
1,1,0.9999982
0,0,2.2570546e-06
0,1,0.9992933
0,1,0.99999595
1,1,0.99999833
0,0,2.1380597e-06
1,1,0.9999981
1,1,0.99999833
1,1,0.9999987
1,0,5.4341162e-05
1,1,0.99999833
0,0,2.0193077e-06
1,1,0.9999974
1,1,0.9999988
0,1,0.52319694
1,1,0.9999163
1,1,0.99999833
0,0,0.015151121
1,1,0.9999974
0,0,0.00016548432
1,1,0.9999981
1,1,0.99999857
1,1,0.99999833
1,1,0.9999981
1,1,0.99999857
1,1,0.999998
1,1,0.99996436
1,1,0.99999833
1,1,0.99997985
1,1,0.9999982
1,1,0.9999988
1,1,0.99999774
1,1,0.9975884
1,1,0.99999774
1,1,0.99999833
1,1,0.9999987
0,1,0.99525887
1,1,0.9999987
1,1,0.9999981
1,1,0.9999987
1,1,0.9999982
1,1,0.99999857
1,1,0.9999981
1,1,0.99999774
1,1,0.99880064
1,1,0.99999833
1,1,0.9999981
1,1,0.9999963
1,1,0.9999982
0,1,0.9999957
1,1,0.9999969
1,1,0.999998
1,1,0.9999982
0,0,1.3911812e-05
1,1,0.99999523
1,1,0.9999982
1,1,0.99999833
1,1,0.9999932
1,1,0.99999654
1,1,0.9999981
1,1,0.9999987
1,1,0.9999969
1,1,0.99999523
1,1,0.9999907
1,1,0.99998164
0,1,0.84889644
1,1,0.9999981
1,1,0.9999982
1,1,0.99999845
1,1,0.9999982
1,1,0.99999857
0,0,6.378558e-05
1,1,0.9999982
0,0,6.080226e-05
1,1,0.99999714
0,0,1.5883264e-06
1,1,0.9999987
1,1,0.99999774
1,1,0.99999785
1,1,0.99999845
1,1,0.9999987
0,1,0.66173625
1,1,0.99999774
1,1,0.9999982
1,1,0.99999857
1,1,0.9999981
1,1,0.99995625
1,1,0.9999974
1,1,0.99999857
1,1,0.99999857
1,1,0.999998
0,1,0.9999975
1,1,0.9999982
0,1,0.9999944
1,1,0.9999865
1,1,0.9999982
1,1,0.9999987
0,0,2.67607e-06
1,1,0.9999982
1,1,0.99999845
1,1,0.99999857
1,0,0.112230375
1,1,0.99999785
1,1,0.99999607
1,1,0.99999857
1,1,0.9999988
1,1,0.99999857
1,1,0.9999987
1,1,0.99999845
1,1,0.9999988
0,0,2.1482135e-06
1,1,0.9999938
1,1,0.9999981
1,1,0.99999774
1,1,0.9999927
1,1,0.99999857
1,1,0.99999726
1,1,0.9999987
1,1,0.99999833
1,1,0.99999833
1,1,0.99999666
1,1,0.9999987
1,1,0.99999416
1,1,0.99999654
1,1,0.999998
1,1,0.99999857
1,1,0.9999987
1,1,0.999992
0,0,1.4100422e-06
1,1,0.9999937
1,1,0.9999968
1,1,0.99999845
1,1,0.999998
1,1,0.99999845
1,1,0.9999981
1,1,0.99999833
1,0,4.498647e-06
1,1,0.99999857
1,0,2.6027033e-06
1,1,0.99999833
0,0,2.5114743e-06
1,1,0.99999845
1,1,0.99999857
1,1,0.99999857
1,1,0.99999833
1,1,0.9999958
1,1,0.9999975
1,1,0.99999845
1,1,0.99999785
1,1,0.9999975
1,1,0.9999963
1,1,0.9999987
1,1,0.99999845
1,1,0.99999857
1,1,0.9999988
1,1,0.9999957
0,0,1.6625861e-06
1,1,0.9999982
1,1,0.9999958
1,1,0.9999987
1,1,0.99999547
1,1,0.99999833
0,0,1.5687746e-06
0,0,2.1195547e-06
1,1,0.9999913
1,1,0.99999833
1,1,0.9999987
1,1,0.9999982
1,1,0.9999988
1,1,0.99999845
1,1,0.999998
1,1,0.9999982
1,1,0.9999981
0,0,1.5251672e-06
1,1,0.99999845
1,1,0.99999857
1,1,0.9999982
1,1,0.9999968
1,1,0.9999975
1,1,0.9999949
1,1,0.99999845
1,1,0.9999982
1,1,0.9999968
0,0,1.58791e-06
1,1,0.999998
1,1,0.99999845
1,1,0.9999976
1,1,0.999995
1,1,0.99999833
1,1,0.9999951
0,0,1.627311e-06
1,1,0.999998
1,1,0.99999833
1,1,0.99999845
1,1,0.99999857
1,1,0.99999785
1,1,0.99999595
1,1,0.99999833
1,1,0.999998
1,1,0.9999981
1,1,0.9999974
1,1,0.99999774
1,1,0.99999225
1,1,0.9999976
1,1,0.99999774
1,1,0.999998
1,1,0.99999833
1,1,0.9999976
1,1,0.99999845
1,1,0.99999845
0,0,3.935537e-06
1,1,0.9999827
1,1,0.9999988
1,0,0.00043632046
1,0,1.2964404e-05
1,1,0.99999833
1,1,0.9999976
1,1,0.99999833
1,1,0.99999833
1,1,0.9999969
1,1,0.99999845
1,1,0.99999166
1,1,0.99999857
1,1,0.9999974
1,1,0.99999774
1,1,0.9999951
1,1,0.999997
1,1,0.9999987
1,1,0.99999833
1,1,0.99999833
0,0,5.90228e-06
1,1,0.999998
1,1,0.9999026
0,1,0.99998105
1,1,0.99999845
1,1,0.99999774
1,1,0.9999981
1,1,0.99999845
1,1,0.999997
1,1,0.99999774
1,1,0.99999714
1,1,0.99999845
1,1,0.9999981
1,0,5.505585e-06
1,1,0.9999982
1,1,0.99999845
1,1,0.9999968
1,1,0.99999833
1,1,0.99999857
1,1,0.9999981
1,1,0.999998
1,1,0.9999988
1,1,0.99999833
0,1,0.99592113
1,1,0.9999981
1,1,0.9999974
1,1,0.99991226
1,1,0.99999857
1,0,2.5047482e-06
1,1,0.99999726
1,1,0.99999106
1,1,0.99999845
1,1,0.99999845
0,1,0.9080301
1,1,0.99999845
1,1,0.99999726
1,1,0.9999881
1,1,0.99999857
1,1,0.9999925
0,0,4.2183815e-06
1,1,0.9999976
1,1,0.9999981
1,1,0.9999988
1,1,0.9997284
1,1,0.99999857
1,1,0.99999845
1,1,0.99999833
1,0,0.00021877665
1,1,0.99999666
1,1,0.9999982
1,1,0.99999845
1,1,0.9999975
0,1,0.94393843
1,1,0.999998
0,0,2.086491e-06
1,1,0.9999982
1,1,0.99999416
1,1,0.99999857
0,1,0.999726
1,1,0.99999845
0,0,1.2901871e-05
0,0,3.547114e-06
1,1,0.99999607
1,1,0.99999857
1,1,0.9999814
0,0,4.754644e-06
0,1,0.9999739
0,0,0.00010947642
1,1,0.99999774
1,0,0.37911972
0,1,0.9999924
1,1,0.99999845
1,1,0.9999821
1,1,0.9999981
1,1,0.9999865
1,1,0.99999833
1,1,0.9999981
1,1,0.9999981
1,1,0.9999976
1,1,0.9999981
1,1,0.99999833
1,1,0.9999981
1,1,0.99999714
1,1,0.9999988
1,1,0.99999523
1,1,0.9999981
1,1,0.9999975
1,1,0.9999969
1,1,0.9999976
0,1,0.9999974
1,1,0.999998
1,1,0.9999987
1,1,0.99999845
1,1,0.9999987
1,1,0.99999857
1,1,0.99993336
0,0,1.6296997e-06
1,1,0.9999987
1,1,0.999997
1,1,0.99997485
0,0,7.119113e-06
0,0,1.3709507e-06
1,1,0.9999981
1,1,0.9999982
1,1,0.99999404
1,1,0.9999982
1,1,0.99999845
1,1,0.99999845
1,1,0.999998
1,1,0.9999987
0,1,0.50159
0,0,6.1374053e-06
1,1,0.99999833
1,1,0.99999726
1,1,0.99999774
1,1,0.99999774
1,1,0.99999833
1,1,0.9999982
1,1,0.9999982
1,1,0.9999987
1,1,0.9999894
1,1,0.99999774
1,1,0.99999845
1,1,0.9999958
1,1,0.99999833
1,1,0.9999982
1,1,0.9999987
1,1,0.99999475
1,1,0.99999845
1,1,0.9999976
1,1,0.99999714
1,1,0.99999857
0,1,0.99999535
1,1,0.99999774
1,1,0.9999976
1,1,0.99999857
1,1,0.99999845
1,1,0.9999939
1,1,0.9999956
1,1,0.9999987
1,1,0.999982
1,1,0.99999857
0,1,0.9999981
1,0,2.8359964e-05
1,1,0.99999785
0,0,6.0855796e-06
1,1,0.99999774
1,1,0.99999774
0,0,0.0018573613
1,1,0.99999785
1,1,0.99999774
1,1,0.99999833
1,1,0.9999987
1,1,0.9999974
0,0,5.1756153e-05
1,1,0.9999956
1,1,0.99999845
1,1,0.99999845
1,1,0.99999833
0,0,2.1707624e-06
1,1,0.999998
1,1,0.99999845
1,1,0.9999982
1,1,0.99999714
1,1,0.99999833
1,1,0.99999833
1,1,0.9999982
1,1,0.9999981
0,1,0.9995376
1,1,0.9999976
1,1,0.99998534
0,0,1.4756216e-06
1,1,0.99999845
1,0,0.017063664
1,0,0.00015303296
1,1,0.9999981
0,0,2.7265087e-05
0,0,4.565509e-06
1,1,0.99999857
1,1,0.99999845
0,0,1.8324655e-06
1,1,0.9999553
1,1,0.99999857
1,1,0.99999857
1,0,0.024041887
1,1,0.9999962
1,1,0.9999987
1,1,0.9999982
0,0,0.4234045
1,1,0.99999845
1,1,0.99999857
1,1,0.9999976
1,1,0.99999833
1,1,0.99999833
1,1,0.9999987
0,0,0.00015406369
1,1,0.99999726
1,1,0.99999845
1,1,0.99999833
0,0,2.0937982e-06
1,1,0.99999833
0,0,2.8833132e-05
1,1,0.9999976
1,1,0.99999833
1,1,0.99999845
1,1,0.99999857
1,1,0.99999857
1,1,0.99999845
0,0,1.6563665e-06
0,1,0.999936
0,0,5.4257675e-06
1,1,0.99999785
0,0,5.958514e-06
1,1,0.99999833
1,1,0.99999845
1,1,0.9999987
1,1,0.9999976
1,1,0.99999857
1,1,0.99999857
0,1,0.99989414
1,1,0.9999976
1,1,0.99999774
1,1,0.99999857
0,1,0.99999666
1,1,0.9999951
1,1,0.99999845
1,1,0.99999845
1,1,0.99999785
1,1,0.9999968
1,1,0.99999845
1,1,0.99999857
1,1,0.99999833
1,1,0.9999987
1,1,0.99999845
1,1,0.9999988
1,1,0.99999845
1,1,0.99999785
1,1,0.9999945
1,1,0.9999981
0,0,0.00092072977
1,1,0.99999845
1,1,0.9999976
1,1,0.99999774
1,1,0.99885786
1,1,0.9999957
1,1,0.9999982
1,1,0.9999987
0,1,0.99990237
1,1,0.999998
1,1,0.99999845
1,1,0.9999987
1,1,0.999998
0,0,2.059347e-06
1,1,0.9999969
1,1,0.99999857
0,1,0.9741669
1,1,0.9999987
1,1,0.999998
1,1,0.99999833
1,1,0.9999987
1,1,0.999998
1,1,0.99999666
1,1,0.9999987
1,1,0.99999857
1,1,0.99999833
1,1,0.99999535
1,1,0.9999975
0,1,0.9999291
1,1,0.99999845
1,1,0.99999833
0,1,0.9999757
1,1,0.9999968
1,1,0.99999845
1,1,0.9999981
1,1,0.99999774
1,1,0.99999845
1,1,0.99999845
1,1,0.99999785
1,1,0.9999937
1,1,0.99999774
1,1,0.9999981
1,0,4.368142e-06
1,1,0.99999833
1,1,0.99999857
1,1,0.99999857
1,1,0.99999833
1,1,0.9999987
1,1,0.999998
1,1,0.9999982
0,0,0.3482472
1,1,0.999997
0,1,0.98756814
1,1,0.99999857
1,0,2.5030051e-06
1,1,0.9999962
1,1,0.9999987
1,1,0.9999981
0,0,2.7428484e-06
1,1,0.9999982
0,1,0.99999666
1,1,0.9999658
1,1,0.9999989
1,1,0.99999845
1,1,0.9999981
1,1,0.99999857
1,1,0.9999981
1,1,0.99999833
1,1,0.9999982
1,1,0.99999845
1,1,0.99999845
1,1,0.9999982
1,1,0.99999785
1,1,0.9998585
1,1,0.9999987
1,1,0.9999981
1,1,0.9999988
1,1,0.9999981
1,1,0.999998
1,1,0.99999845
0,0,1.8674745e-06
1,1,0.9999981
1,1,0.99999833
1,1,0.999998
1,1,0.9999987
1,1,0.9999975
1,1,0.99999785
1,1,0.99999726
0,0,2.3146679e-06
1,1,0.9999969
1,1,0.99999785
1,1,0.99999785
1,1,0.999998
1,1,0.99999845
1,1,0.9999982
1,1,0.99999714
1,1,0.9999987
1,1,0.99999845
1,1,0.9999987
1,1,0.9999945
1,1,0.99999726
1,1,0.99355596
0,0,1.5481824e-06
1,1,0.9999987
1,1,0.9999962
1,1,0.9999987
1,1,0.9999981
0,0,1.0367287e-05
1,1,0.9999988
1,1,0.9999957
1,1,0.9999987
1,1,0.9999949
1,1,0.9999987
1,1,0.9999982
1,1,0.99999297
1,1,0.9999987
1,1,0.9999938
1,1,0.93285334
0,0,2.8444153e-06
0,0,2.7100762e-06
1,1,0.99999523
1,1,0.9999981
1,1,0.99998295
0,0,0.00065068563
1,1,0.999998
0,0,1.2493023e-06
0,1,0.9999901
1,1,0.9999974
0,1,0.9471884
1,1,0.99999845
1,1,0.99999845
1,1,0.99995244
1,1,0.99928707
1,1,0.9999987
1,1,0.9999974
1,0,0.4866759
1,1,0.99999845
1,1,0.99999595
1,1,0.99999845
0,0,1.7046026e-06
0,1,0.99995494
1,1,0.9999981
1,1,0.9999982
1,1,0.99999774
1,1,0.99999845
1,1,0.99999714
0,1,0.99999726
1,1,0.9999988
1,1,0.99999714
1,1,0.99999785
1,1,0.991487
1,1,0.99999857
1,1,0.99999857
1,1,0.9999982
1,1,0.9999949
1,1,0.99999845
1,1,0.99999785
1,1,0.99999857
0,0,4.7523504e-06
1,1,0.99999833
1,1,0.99999714
1,1,0.999998
1,1,0.9999982
1,1,0.9999987
0,1,0.9999784
1,1,0.9999982
0,0,9.373616e-05
1,1,0.9999975
1,1,0.99539524
1,1,0.99999857
1,0,2.2715441e-05
0,1,0.99999344
1,0,1.4154491e-05
1,1,0.9999987
1,1,0.9999988
1,1,0.99999833
0,0,6.0321643e-05
1,1,0.99999666
1,1,0.99999857
1,1,0.99968886
1,1,0.99999785
1,1,0.99999857
1,1,0.99999857
1,1,0.9999987
1,1,0.99999833
1,1,0.99999046
1,1,0.99999785
1,1,0.9999726
1,1,0.9999987
1,1,0.99999833
0,0,1.9302156e-06
0,0,2.3075334e-06
1,1,0.9999982
1,0,0.0018525944
1,1,0.9999988
0,0,3.932273e-06
0,1,0.9999939
0,0,6.5148697e-06
1,1,0.99999213
1,1,0.999997
1,1,0.99999833
1,1,0.9999951
1,1,0.9999522
1,1,0.9999976
1,1,0.9999981
0,1,0.82365245
1,1,0.9999976
1,1,0.99999726
0,0,2.8692407e-06
1,1,0.99999666
1,1,0.9999988
1,1,0.99999833
0,0,1.6567963e-06
1,1,0.99999404
1,1,0.9999981
1,1,0.9999976
1,1,0.99999785
0,1,0.99999607
1,1,0.99999845
0,1,0.9995938
1,1,0.9999981
1,1,0.9999988
1,1,0.99999857
1,1,0.99999833
1,1,0.99999833
0,0,2.9178148e-06
1,1,0.99999857
1,1,0.9999982
1,1,0.9999987
1,1,0.99999845
1,1,0.99999714
1,1,0.9869517
1,1,0.9999981
1,1,0.99999845
1,1,0.99998367
1,1,0.99999857
0,1,0.9833323
1,1,0.99999857
1,1,0.99999714
1,1,0.9999975
0,0,1.9456995e-06
0,0,1.5545174e-06
0,0,2.118431e-06
1,1,0.99999833
1,1,0.9999988
0,0,1.7938581e-06
1,1,0.9999924
1,1,0.9999976
1,1,0.99999535
1,1,0.99999845
1,1,0.9999982
1,1,0.9999988
1,1,0.99999845
1,1,0.9999981
1,1,0.99999833
1,1,0.99999714
0,0,1.9382137e-06
0,0,7.9015135e-06
1,1,0.9999981
1,1,0.9999968
1,1,0.999998
1,1,0.9999949
1,1,0.9999987
1,1,0.99999774
1,1,0.9999957
1,1,0.9999987
1,1,0.99999785
1,1,0.9999981
0,0,7.5864455e-06
0,0,0.004867598
1,1,0.9999987
1,1,0.9999981
1,1,0.99999845
1,1,0.99999833
1,1,0.99999785
0,0,0.014926865
1,1,0.99999857
1,1,0.99999845
1,0,0.00014546076
1,1,0.99996734
0,0,2.2193553e-06
0,1,0.9994356
1,1,0.99999726
0,0,1.97301e-06
1,1,0.99999845
1,1,0.999997
1,1,0.99999845
1,1,0.99999857
1,1,0.99999785
1,1,0.99999785
1,1,0.99999857
1,1,0.9999974
1,1,0.99999845
1,1,0.9999981
1,1,0.99999714
1,1,0.9987876
1,1,0.9999968
1,1,0.9999987
0,0,0.28187585
1,1,0.9999893
1,1,0.99999857
1,1,0.999997
1,1,0.99999726
1,1,0.99999857
1,1,0.9999988
1,0,2.3305105e-05
1,1,0.999998
1,1,0.99025106
1,1,0.99999833
1,1,0.9999974
1,1,0.9999981
1,1,0.99999833
1,1,0.9999982
1,1,0.99999654
1,1,0.99999774
0,0,2.6014925e-06
1,1,0.99999857
1,1,0.99999833
0,1,0.99999774
0,1,0.9709798
1,1,0.99999833
1,1,0.99999857
0,0,2.9977155e-06
0,0,0.008094783
1,1,0.99999785
1,1,0.9999788
1,1,0.9999969
1,1,0.99999857
1,1,0.9999975
1,1,0.9999962
0,1,0.999985
1,1,0.99999726
1,1,0.9999832
1,1,0.99999774
1,1,0.99999475
0,0,3.471458e-06
1,1,0.9999987
0,0,3.6239915e-05
0,1,0.99770147
1,1,0.99999774
1,1,0.9999982
1,1,0.99999857
0,1,0.99999547
1,1,0.9999982
1,1,0.9999969
1,1,0.9999987
1,0,4.9233968e-05
0,0,0.028669607
1,1,0.9999981
1,1,0.9999981
0,1,0.9999945
1,1,0.99999845
1,1,0.99999714
1,1,0.99999857
0,0,0.0008698422
1,0,7.586778e-05
1,1,0.9999987
1,1,0.99999857
0,0,0.15741277
1,1,0.99999774
1,1,0.9999987
1,1,0.99999833
1,1,0.99999607
0,1,0.9999956
1,1,0.9999987
1,1,0.99999857
1,1,0.999997
1,1,0.99999785
1,1,0.99999857
1,0,0.00029787127
1,1,0.99999857
1,1,0.9999913
1,1,0.9999975
1,1,0.99999857
1,1,0.99999845
1,1,0.99999845
1,1,0.9999987
1,1,0.9999969
0,0,3.39761e-06
1,1,0.99996245
1,1,0.99999785
1,1,0.99999857
1,1,0.99999857
1,0,0.35764623
1,1,0.9999975
1,1,0.9999982
1,1,0.99999785
1,1,0.9999974
1,1,0.9999943
1,1,0.999998
1,1,0.99999833
1,1,0.99999845
0,0,6.2705335e-06
1,1,0.9999968
1,1,0.999997
1,0,1.5095899e-05
0,0,0.00052504125
1,1,0.99999785
1,1,0.99999785
1,1,0.99999845
1,1,0.99999833
1,1,0.99999857
1,1,0.99999845
1,1,0.9999987
1,1,0.9999987
1,1,0.99999833
1,1,0.999998
1,1,0.99999833
1,1,0.99999774
1,1,0.9999987
0,1,0.5035562
1,1,0.9999974
1,1,0.99999857
1,0,3.2728333e-06
1,1,0.9999896
1,0,1.7395743e-05
1,1,0.99999726
1,1,0.9999976
1,1,0.9999987
1,1,0.9999982
1,1,0.9999956
1,1,0.99999845
1,1,0.99999833
1,1,0.9999982
1,1,0.99999845
1,1,0.9999975
1,1,0.99999845
1,1,0.9999976
1,1,0.99999833
1,1,0.99999785
1,1,0.9999964
1,1,0.9999958
1,1,0.99999774
1,1,0.99999833
1,1,0.9999981
1,1,0.9999981
1,1,0.9999968
1,1,0.9999988
1,1,0.99999845
0,0,4.587208e-06
1,1,0.99999833
1,1,0.9999987
0,0,3.051492e-06
1,1,0.9999987
1,1,0.9999981
0,0,2.2440545e-06
1,1,0.99999857
1,1,0.9999987
1,1,0.9999949
1,1,0.9999958
1,1,0.9999987
1,1,0.9999975
1,1,0.99999857
1,1,0.99996436
1,1,0.999998
1,1,0.9999943
1,1,0.99999833
1,1,0.9999975
1,1,0.99999714
1,1,0.9999982
1,1,0.9981293
1,1,0.9999976
1,1,0.99999845
1,1,0.99999833
1,1,0.9999987
1,1,0.99999845
1,1,0.99997044
1,1,0.93617195
0,1,0.99975747
1,1,0.99999845
1,1,0.9999987
1,1,0.9999976
1,1,0.9999981
1,0,0.00024355727
0,0,2.2864165e-06
0,0,2.9534026e-06
1,1,0.9999975
1,1,0.99999857
1,1,0.99999726
1,1,0.999995
1,0,0.001332265
1,1,0.9999988
1,1,0.99999774
1,1,0.99999845
0,1,0.99994993
1,1,0.99999833
1,1,0.99999833
1,1,0.99999857
0,0,2.0559113e-05
1,1,0.999997
1,1,0.99999774
1,1,0.9999987
1,1,0.9999958
1,1,0.9999987
1,1,0.99999833
1,1,0.99999857
1,1,0.9999982
0,0,0.14294592
1,0,0.0014775391
1,1,0.99999845
1,1,0.9999975
1,1,0.999998
1,1,0.99999833
1,1,0.9999982
1,0,1.0007517e-05
0,0,3.3740805e-06
1,0,0.29789725
1,1,0.9999981
1,1,0.9999939
1,1,0.99999857
1,1,0.999997
1,1,0.99999785
1,1,0.999998
1,1,0.9999981
0,0,0.001250681
1,1,0.99808806
1,1,0.9999982
1,1,0.9999987
1,1,0.9999982
1,1,0.99999857
0,0,0.0005465505
1,1,0.99999833
0,0,5.487458e-06
1,1,0.9999981
1,0,0.0001917744
1,1,0.99999845
1,1,0.99999523
1,1,0.9999981
1,1,0.9999987
1,1,0.9999963
1,1,0.9999987
1,1,0.9999982
1,1,0.9999976
0,0,4.887501e-06
1,1,0.99999845
1,1,0.9999939
1,1,0.9999957
1,1,0.99862707
0,0,3.362908e-06
1,1,0.9999987
1,1,0.9999968
1,1,0.99999857
1,1,0.9999988
1,1,0.999998
1,1,0.99999845
1,1,0.9999938
1,1,0.99999857
0,0,1.5282554e-06
1,1,0.99999785
1,1,0.9999981
1,1,0.99999833
1,1,0.9999969
1,1,0.99999857
0,0,2.1460844e-05
1,1,0.9999988
1,1,0.99999714
1,1,0.99999654
1,1,0.99877936
1,1,0.99999845
1,1,0.99998987
1,1,0.99999785
1,1,0.999997
1,1,0.99999833
1,1,0.99999845
0,0,1.7350576e-06
1,1,0.9999982
1,1,0.9999976
1,1,0.9999987
1,1,0.99999774
1,1,0.9999974
1,1,0.9999974
1,1,0.9999974
1,1,0.99996424
1,1,0.99999774
1,1,0.9999982
1,1,0.9999956
1,1,0.99999845
0,1,0.99995196
1,1,0.99999344
1,1,0.9999975
1,1,0.9999969
1,1,0.9999987
1,1,0.9999944
1,1,0.99999785
0,0,6.743683e-06
1,1,0.999998
1,1,0.9999987
1,1,0.99999833
1,1,0.99999857
0,0,4.616749e-06
1,1,0.99999857
1,1,0.99999857
1,1,0.99999654
1,1,0.9999951
1,1,0.9999964
1,1,0.99999785
1,1,0.99999833
1,1,0.99999774
0,1,0.98754406
1,1,0.99999833
1,1,0.9999987
1,1,0.9999982
1,1,0.9999987
1,1,0.9999976
0,0,0.00017526162
1,1,0.9999987
0,0,3.0441443e-06
1,1,0.9999831
1,1,0.9999945
0,0,1.5828406e-06
1,1,0.999998
1,1,0.99999833
1,1,0.9999988
1,1,0.99999857
1,1,0.9999913
1,1,0.99999857
0,0,8.12299e-06
1,1,0.9999982
0,1,0.99522287
1,1,0.9999974
1,1,0.9999987
1,1,0.9999987
1,1,0.9999981
1,1,0.9999982
0,0,1.2703338e-05
1,1,0.99999833
1,1,0.9999987
1,1,0.99999857
1,1,0.999997
1,1,0.9999987
0,0,1.5411291e-06
1,1,0.99999595
1,1,0.9999981
1,1,0.99999845
1,1,0.99999845
1,1,0.99999857
1,1,0.99999833
1,1,0.99999833
1,1,0.9999987
1,1,0.9999981
1,1,0.999998
1,1,0.9999385
1,1,0.9999585
1,1,0.99999774
1,1,0.99999845
0,0,0.003490232
1,1,0.9999949
1,1,0.9999976
1,1,0.999997
1,1,0.99999857
1,1,0.99999845
1,1,0.99999774
1,1,0.9999982
1,1,0.99999857
1,1,0.99999845
0,1,0.97069156
1,1,0.9999981
0,0,3.143943e-06
1,1,0.9999914
0,0,1.7174378e-06
1,1,0.9999982
1,1,0.9999852
0,0,4.096308e-06
1,1,0.999997
1,1,0.9999987
1,1,0.99999774
1,1,0.99999857
1,1,0.99999785
1,1,0.99999857
1,1,0.9999976
0,0,5.5060962e-05
1,1,0.99999833
1,1,0.99999774
1,1,0.9999981
0,0,4.4823646e-06
1,1,0.99999845
1,1,0.9999987
1,1,0.9999987
1,1,0.99999857
1,1,0.99998546
0,0,2.1127913e-05
1,1,0.99999857
1,1,0.99999857
1,1,0.9999969
1,1,0.99999857
1,1,0.9999982
1,1,0.99999857
1,1,0.9999969
1,1,0.9999982
0,1,0.9999938
1,1,0.9999982
1,1,0.99999857
1,1,0.99999845
1,1,0.99999845
1,1,0.9999976
1,1,0.999998
1,0,1.4533357e-05
1,1,0.9999901
0,0,1.558729e-06
1,1,0.99999857
1,1,0.99999833
1,1,0.999998
1,1,0.99999785
1,1,0.99999785
1,1,0.9999975
1,1,0.99999845
1,1,0.9999982
0,0,2.8288791e-06
1,1,0.9999976
1,1,0.99995303
1,1,0.99999833
1,0,0.00020130146
1,1,0.99995124
0,0,6.519575e-05
1,1,0.99997544
1,1,0.99999857
1,1,0.99999785
1,1,0.9999969
1,1,0.9999987
1,1,0.9999987
1,1,0.9999981
1,1,0.9999981
1,0,0.4621676
1,1,0.9999893
1,1,0.9999987
1,1,0.99999857
1,1,0.99999833
1,1,0.99999845
0,0,0.00014812547
1,1,0.9999981
0,1,0.9959502
0,0,1.5429703e-05
1,1,0.9999982
1,1,0.999998
1,1,0.9999982
1,1,0.99999833
1,1,0.9999633
1,1,0.9999981
0,1,0.99993944
1,1,0.99999774
0,0,2.4538003e-05
1,1,0.9999982
1,1,0.99999833
0,0,1.8249332e-06
1,1,0.99999857
1,1,0.9999976
1,1,0.99999666
0,0,3.5451287e-06
1,1,0.9999969
1,1,0.9999944
1,1,0.99994934
1,1,0.99999785
1,1,0.9999981
1,1,0.999998
1,1,0.9999981
1,1,0.9999981
0,1,0.99999034
1,1,0.999998
1,1,0.99999833
1,1,0.9999987
1,1,0.9999956
1,1,0.99999595
0,0,5.0269837e-06
0,1,0.98089737
1,1,0.9999982
1,1,0.99762684
1,1,0.999998
1,1,0.999998
1,1,0.9999988
1,1,0.99999833
1,1,0.99999774
1,1,0.99999857
1,0,6.389863e-05
1,1,0.99999845
1,1,0.99999845
0,0,2.6142458e-05
1,1,0.99999714
1,1,0.99999857
1,1,0.9999515
1,1,0.999997
1,1,0.99999666
1,1,0.99999654
1,1,0.9999962
1,1,0.99999833
1,1,0.999998
0,1,0.9999951
1,1,0.99999857
1,1,0.99999833
1,1,0.99999845
1,1,0.9999987
1,1,0.99999774
0,0,9.334142e-06
1,1,0.99999845
1,1,0.9999982
1,1,0.9999987
1,1,0.99999607
1,1,0.9999987
1,1,0.99999833
1,1,0.9999987
1,1,0.9999982
1,1,0.99999404
1,1,0.9999987
1,1,0.99999857
1,1,0.99999845
1,1,0.999998
1,1,0.9999987
0,0,4.2278098e-06
0,0,1.5810966e-06
1,1,0.99999833
1,1,0.9999976
1,1,0.9999902
1,1,0.9999988
1,1,0.99999845
1,1,0.99999654
1,1,0.9999919
1,1,0.9999987
1,1,0.99999833
1,1,0.99999774
1,1,0.9999982
1,1,0.9999051
0,0,2.5763682e-06
1,1,0.99999845
1,1,0.9999982
1,0,8.242389e-06
1,1,0.9999987
1,1,0.99999845
1,1,0.99999833
0,1,0.99999774
1,1,0.9717164
0,0,3.4064786e-05
1,1,0.9999981
1,1,0.9999974
1,1,0.99999833
1,1,0.9999957
0,0,1.4059924e-06
1,1,0.9999982
1,1,0.99999547
1,1,0.9999988
1,1,0.99999416
1,1,0.99999774
0,1,0.9999689
1,1,0.99999845
0,0,1.9852444e-06
1,0,0.028852653
1,1,0.5326769
1,1,0.99999774
1,1,0.9999988
1,1,0.9999987
1,1,0.99999833
1,1,0.99999833
1,1,0.9999927
0,0,2.7796723e-06
1,1,0.99999785
1,1,0.9999987
1,0,0.00014493216
1,1,0.99999833
0,1,0.97660327
1,1,0.9999982
1,1,0.9999975
1,1,0.99999833
1,1,0.9999981
1,1,0.9999827
1,0,0.00020198937
1,1,0.99999154
1,1,0.99999845
1,1,0.99999845
1,1,0.99799514
1,1,0.9999901
1,1,0.99999857
1,1,0.9999981
1,1,0.9999974
1,1,0.9999976
1,1,0.99999857
1,1,0.99999774
1,1,0.99999857
1,1,0.99999845
1,1,0.9999981
1,1,0.9999969
1,1,0.9999987
1,1,0.99999785
1,1,0.99999607
1,1,0.9999958
1,1,0.9999987
0,0,1.9210665e-06
1,1,0.99999845
0,1,0.99943084
1,1,0.99999845
1,1,0.99999595
1,1,0.9999987
1,1,0.999998
1,1,0.99999833
1,1,0.99999845
1,1,0.9999255
1,1,0.9999982
1,1,0.99999857
0,0,9.200968e-05
0,0,0.016492467
1,1,0.9999981
1,1,0.9999981
1,1,0.99999857
1,1,0.9999988
1,1,0.99999714
1,1,0.9999976
1,1,0.9999987
1,1,0.99999845
1,1,0.99999857
1,1,0.99999833
1,1,0.99999857
1,1,0.99999833
1,1,0.99999845
1,1,0.99999845
1,1,0.99999833
1,0,7.19956e-05
1,1,0.9999981
1,1,0.9999932
1,1,0.99999833
1,1,0.99999774
0,1,0.9999945
1,1,0.99999726
1,1,0.99999833
1,1,0.99999857
1,1,0.9999969
1,1,0.99998236
1,1,0.9999949
0,0,2.8446675e-06
0,1,0.873894
1,1,0.9999988
0,0,2.6292778e-06
1,1,0.99999607
1,1,0.99999845
1,1,0.9999987
0,0,1.1947467e-06
1,1,0.9999981
1,1,0.9999981
1,1,0.99999774
1,1,0.9999982
0,1,0.99997985
1,0,0.013257603
1,1,0.99999845
1,1,0.99999833
0,0,2.3335084e-05
0,0,6.676432e-05
1,1,0.9999976
1,1,0.9999968
1,1,0.9999987
1,1,0.9999981
1,1,0.9999975
0,0,0.09326486
1,1,0.99999833
1,0,1.8300467e-05
1,1,0.9999988
1,1,0.999998
1,1,0.9999987
0,0,1.3895047e-06
1,1,0.9999987
1,1,0.99999785
0,1,0.99998915
1,1,0.9999981
1,1,0.99999845
1,1,0.9999976
1,1,0.99999774
1,1,0.9999975
0,0,0.002370864
1,1,0.9999974
1,1,0.9999846
0,0,0.00031054032
1,1,0.99999774
1,1,0.99999714
1,1,0.99999857
1,1,0.9999981
1,1,0.9999987
1,1,0.99999845
1,1,0.9999976
1,1,0.99999666
1,1,0.999998
1,1,0.99999845
1,1,0.99999607
1,1,0.999998
1,1,0.99999785
1,1,0.999998
1,1,0.7713359
1,1,0.99999857
1,1,0.99999857
1,1,0.9999981
1,1,0.9999988
1,1,0.9999987
1,1,0.99999857
0,0,0.102376156
1,1,0.9999988
0,1,0.99998426
1,1,0.99999857
1,1,0.9999956
1,1,0.9999982
1,1,0.9999964
1,1,0.9999944
1,1,0.9999987
1,1,0.9999987
0,0,6.0238523e-05
1,1,0.99646014
0,1,0.99999726
1,1,0.999998
1,1,0.9999976
1,1,0.99989617
1,1,0.9999987
1,1,0.99999857
0,0,1.3588648e-06
1,1,0.9999987
1,1,0.9999988
1,1,0.99999857
1,1,0.9999912
1,1,0.99999857
1,1,0.99999845
1,1,0.99999475
1,1,0.9999987
1,1,0.99999833
1,1,0.99999774
1,1,0.9999981
0,0,1.5683056e-05
1,1,0.99999785
1,1,0.9999988
1,1,0.9999962
1,1,0.99999857
1,1,0.99999833
1,1,0.99999845
1,1,0.9999987
1,1,0.999992
1,1,0.99999785
1,1,0.99999785
1,1,0.9999987
1,1,0.99999833
1,1,0.999998
1,1,0.99999654
1,1,0.99999833
0,1,0.99999464
1,1,0.9999981
1,1,0.9999982
1,1,0.99999666
1,1,0.99999595
0,1,0.99999106
0,0,4.240655e-06
1,1,0.99999845
1,1,0.9999981
0,0,3.5317591e-06
1,1,0.99999845
1,1,0.9999968
1,1,0.9999982
1,1,0.9999976
1,1,0.99999857
1,1,0.9999987
1,1,0.99999857
1,1,0.9999969
1,1,0.9999981
0,0,0.00016362626
1,1,0.999998
1,1,0.999956
0,0,1.8173937e-06
1,1,0.99999666
1,1,0.9999987
1,1,0.9999974
1,1,0.9999968
1,1,0.9999951
1,1,0.99999833
1,1,0.9999981
1,1,0.9999987
1,1,0.99999845
0,1,0.9999943
1,1,0.999998
1,1,0.99999726
0,0,0.001524168
1,1,0.9999987
1,1,0.99999833
1,1,0.99999833
1,1,0.9999894
0,0,8.344265e-06
0,0,0.22530884
1,1,0.9999981
1,1,0.99999857
1,1,0.995567
1,0,4.5646643e-06
1,1,0.9999987
0,0,2.8786333e-06
0,0,3.952568e-06
1,1,0.99999845
1,1,0.9999982
1,1,0.9999987
1,1,0.9999974
1,1,0.9999968
1,1,0.9999987
1,1,0.9999927
1,1,0.99999785
1,1,0.9999671
0,1,0.999995
1,1,0.99999666
0,1,0.9997392
1,1,0.99999857
1,0,5.1071297e-06
1,1,0.9999988
0,1,0.999997
1,1,0.99999845
0,0,4.3014256e-06
1,1,0.99999833
1,1,0.99999845
0,0,1.837933e-06
1,1,0.99999833
1,1,0.99999845
1,1,0.99999845
1,0,2.6812838e-06
1,1,0.99999857
1,1,0.9999988
1,1,0.99999845
1,1,0.9999981
0,0,0.23688225
1,1,0.9999987
1,1,0.99999714
1,1,0.9999982
1,1,0.9999975
1,1,0.999998
1,1,0.9999963
0,0,1.6088885e-05
1,1,0.99999833
1,1,0.99999774
1,1,0.9999976
1,1,0.9999981
1,1,0.9999548
1,1,0.9999671
1,1,0.99999845
1,1,0.99999845
1,1,0.9831147
1,1,0.9999912
0,1,0.99998987
1,1,0.99999535
1,1,0.99999607
1,1,0.99998367
1,1,0.99999833
1,1,0.9999987
0,0,2.854998e-06
1,1,0.99997807
1,1,0.99999845
1,1,0.9999944
1,1,0.99999845
1,1,0.99999785
0,1,0.9999304
1,1,0.9999988
1,1,0.9999982
1,1,0.99998593
0,0,5.8513638e-06
1,1,0.9999962
1,1,0.999997
1,1,0.999998
1,1,0.9999981
1,1,0.9999975
1,1,0.99999785
1,1,0.9999976
1,1,0.99999845
1,1,0.99999774
1,1,0.99999833
1,1,0.9999987
0,0,1.2077101e-05
0,0,3.8541393e-06
1,1,0.9999913
1,1,0.99999857
0,1,0.81852794
0,0,6.4076617e-06
1,1,0.99999785
1,1,0.99999523
1,1,0.99999845
1,1,0.9999888
1,1,0.999998
1,1,0.9999988
0,1,0.9999968
1,1,0.9999933
1,1,0.9999975
1,1,0.99999857
0,0,1.8090261e-06
1,1,0.9999919
1,1,0.9999968
1,1,0.9999982
1,1,0.99999857
1,1,0.9999368
1,1,0.99999857
1,1,0.9999988
1,1,0.99999845
1,1,0.999995
1,1,0.99999857
1,1,0.9999982
0,0,0.21979356
1,1,0.9999982
1,0,6.500955e-06
1,1,0.99999774
1,1,0.99999833
1,1,0.99999857
1,1,0.9999945
1,1,0.9999975
1,1,0.9999982
1,1,0.9999914
1,1,0.9999987
1,1,0.9999987
1,1,0.9999988
1,1,0.9999974
1,1,0.999998
1,1,0.99999845
0,0,1.5584495e-06
1,1,0.999998
1,1,0.99999774
1,1,0.9999963
1,1,0.999998
1,1,0.99999726
0,1,0.99998164
1,1,0.999998
1,1,0.99988055
1,1,0.99999785
1,1,0.99999845
1,1,0.9999958
1,0,0.0004676926
0,1,0.9999887
1,1,0.99999774
0,0,2.5563872e-06
1,1,0.9999981
1,1,0.99999857
1,1,0.9999968
0,1,0.99994993
1,1,0.99999845
1,1,0.99999595
1,1,0.999998
0,1,0.9999976
1,1,0.9999975
1,1,0.9999987
1,1,0.99999845
1,1,0.99999857
1,1,0.99999845
1,1,0.99999845
1,1,0.99999845
1,1,0.99999666
1,1,0.9999982
1,1,0.9999851
1,1,0.99998164
0,0,2.0391687e-06
0,1,0.9999651
1,1,0.9999982
1,1,0.99999857
1,1,0.99999833
1,1,0.9999969
1,1,0.99999833
1,1,0.99999857
1,1,0.9999981
1,1,0.9999982
1,1,0.99999845
1,1,0.9999958
1,1,0.99999857
1,1,0.9999968
0,0,2.0433774e-06
1,1,0.9999974
1,1,0.9999981
1,1,0.99999833
1,1,0.9999981
0,0,5.3258086e-06
1,1,0.99999666
1,1,0.9999975
1,1,0.9999981
0,1,0.9869783
1,1,0.9999988
1,1,0.99999833
1,1,0.99999833
1,1,0.9999982
1,1,0.9999981
1,1,0.9952296
1,1,0.9999827
1,1,0.9999981
1,1,0.99999845
1,1,0.9999949
1,1,0.9999933
1,1,0.9999964
1,1,0.9999968
1,1,0.9999981
0,0,0.00043168888
1,1,0.99999714
1,1,0.9999987
1,1,0.9999937
1,1,0.9999987
1,1,0.9999988
0,0,1.361028e-06
1,1,0.99999845
0,1,0.9999957
1,1,0.9999975
1,1,0.9999981
0,0,1.7873033e-05
1,1,0.99999845
1,1,0.9999976
1,1,0.9999987
1,1,0.99999857
1,1,0.99999857
1,1,0.99999607
0,0,0.3987076
1,1,0.99999785
1,1,0.9999974
1,1,0.99999857
1,1,0.9999981
1,1,0.99999857
1,1,0.99999714
1,1,0.9999976
1,1,0.9999987
1,1,0.99999714
0,0,1.6088266e-06
1,1,0.99999845
1,1,0.9999969
0,0,2.1465096e-06
1,1,0.99999774
1,1,0.9999981
0,1,0.9999776
1,1,0.99999833
1,1,0.9999976
0,1,0.99828666
0,1,0.99967194
1,1,0.999998
1,1,0.9999988
1,1,0.9999975
1,1,0.99999785
1,1,0.9999964
1,1,0.9999987
1,1,0.9999976
1,1,0.99999785
0,1,0.99999845
1,1,0.9999937
0,1,0.9999918
1,1,0.9999938
1,0,1.2671518e-05
1,1,0.9999975
1,1,0.99999857
1,1,0.99999833
1,1,0.9999927
1,1,0.99999833
1,1,0.99999774
1,1,0.99999857
1,1,0.9999982
1,1,0.9999982
1,1,0.99998987
1,1,0.999998
1,1,0.99999845
1,1,0.99999857
1,1,0.99999785
1,1,0.9999826
1,1,0.99999857
1,1,0.9999987
1,1,0.9999987
0,0,1.7458281e-06
1,1,0.9999981
1,1,0.99999833
0,1,0.9992791
0,0,3.6685624e-06
1,0,0.11896874
1,1,0.99999833
1,1,0.99999857
1,1,0.9999981
1,0,2.0077605e-05
1,1,0.999997
0,0,0.00031221163
1,1,0.9999974
1,1,0.99999845
1,0,7.578686e-06
1,1,0.99999774
1,1,0.9999739
1,1,0.9999987
1,1,0.9999981
1,1,0.9999982
1,1,0.99999857
1,1,0.99998736
1,1,0.99999857
1,1,0.99999774
1,1,0.9999987
1,1,0.999982
1,1,0.9999987
1,1,0.9999975
0,1,0.9998902
1,1,0.99999857
0,0,2.4519911e-06
1,1,0.999998
1,1,0.99999845
1,1,0.99999857
1,1,0.99999845
1,1,0.9999975
1,1,0.8687791
1,1,0.9999981
0,1,0.99999595
1,1,0.9999975
1,0,0.22947316
1,0,5.482545e-05
1,1,0.999998
1,1,0.9999982
1,1,0.99999833
1,1,0.9999981
0,1,0.99997497
1,1,0.99999857
1,1,0.99999785
1,1,0.9999987
1,1,0.99999857
1,1,0.9999981
1,1,0.9999987
1,1,0.99999857
1,1,0.9999987
1,1,0.99999857
1,1,0.99999774
0,0,1.9179563e-06
1,0,1.9034145e-05
1,1,0.99999857
1,1,0.9999987
1,1,0.9999981
0,1,0.6952949
1,1,0.999997
0,1,0.9999808
1,1,0.99999833
1,1,0.99999845
0,1,0.99928707
1,1,0.9999987
1,1,0.99999833
1,1,0.9999981
1,1,0.99999857
1,1,0.99999845
1,1,0.999997
1,1,0.9999975
1,1,0.9999981
1,1,0.99999785
1,1,0.9999987
1,1,0.99999785
1,1,0.9999958
0,0,3.1495042e-06
1,1,0.99999845
1,1,0.99999774
0,0,1.6089708e-06
1,1,0.9999981
1,1,0.9999982
1,1,0.9999963
1,1,0.99999857
1,0,4.9312013e-05
0,1,0.99999607
1,1,0.99999845
1,1,0.99999845
1,1,0.99999857
1,1,0.99999833
1,1,0.9999982
1,1,0.99999666
0,1,0.9995939
0,0,1.844173e-06
1,1,0.99999714
1,1,0.99999857
1,1,0.9999949
1,1,0.99999845
1,1,0.99999785
1,1,0.99999857
1,1,0.99999845
1,1,0.9999974
0,1,0.9999528
0,0,4.864682e-06
1,1,0.99999857
1,1,0.99999666
1,1,0.99999857
1,1,0.9999987
1,1,0.9999987
1,1,0.9999914
1,1,0.99999857
1,1,0.99999547
1,0,0.056885403
0,0,1.4958689e-06
1,1,0.9999974
1,1,0.9999982
1,1,0.94858515
1,1,0.9999988
1,1,0.9999888
1,1,0.999998
1,1,0.99999833
1,1,0.9999981
1,1,0.99999845
1,1,0.99999845
1,1,0.9999938
1,1,0.9999982
1,1,0.99999845
1,1,0.9999982
1,1,0.99999654
1,1,0.9999981
1,1,0.99999845
1,1,0.99999344
0,1,0.9999974
1,0,8.645446e-06
1,1,0.9999987
1,1,0.9999987
1,1,0.9999976
1,1,0.9999982
1,1,0.99999845
1,0,0.00022210504
1,1,0.9999987
1,1,0.99999833
1,1,0.9999981
1,1,0.9999987
1,1,0.9999976
1,1,0.9999987
1,1,0.9999987
1,1,0.99999714
1,1,0.99999845
1,1,0.9999987
1,1,0.99999785
1,1,0.99999857
1,1,0.999997
1,1,0.999997
0,0,4.5401607e-06
1,1,0.99999833
1,1,0.99999774
0,1,0.99859446
0,1,0.99999833
1,1,0.9999987
1,1,0.99999774
1,1,0.9999987
1,1,0.9999931
0,0,1.950625e-06
1,1,0.99999833
1,0,0.48785087
1,1,0.99999845
1,1,0.9999987
1,1,0.99999845
1,1,0.9999982
1,1,0.99999833
1,1,0.9999968
1,1,0.99999833
1,1,0.99999845
1,1,0.99999833
0,1,0.99991965
1,1,0.999998
1,1,0.99999714
1,1,0.99999774
0,0,1.2896933e-06
1,1,0.99999785
1,1,0.99999666
1,1,0.9999987
1,1,0.99999857
1,1,0.9999982
1,1,0.9999987
0,0,8.937329e-05
1,1,0.999998
1,1,0.99999833
1,1,0.99999714
1,1,0.99999785
1,1,0.9999987
1,1,0.99999857
1,1,0.99999785
1,1,0.999998
1,1,0.9999976
1,1,0.99999845
0,0,2.3344041e-06
1,0,0.011504472
1,1,0.9999982
1,1,0.9999987
1,1,0.99999833
0,0,2.1767428e-06
1,1,0.9999987
1,1,0.9999987
1,1,0.9999969
1,1,0.9999987
0,1,0.9999981
1,1,0.9999982
1,1,0.9999969
1,1,0.99999714
1,1,0.99999845
1,1,0.9999987
1,1,0.9999982
1,1,0.99999845
0,0,6.612708e-06
1,1,0.99999833
0,0,6.5395643e-06
1,1,0.99999857
1,1,0.99999857
0,0,1.8637238e-06
1,1,0.99999833
1,1,0.99999774
0,1,0.98804295
1,1,0.9999988
1,1,0.99999833
1,1,0.9999982
1,1,0.9999956
1,1,0.9999975
1,1,0.9999982
1,1,0.99998283
1,1,0.99999845
1,1,0.9999982
1,1,0.9999981
1,1,0.999998
1,1,0.9999968
1,1,0.99999857
1,1,0.9999988
0,1,0.9340528
1,1,0.99999845
1,1,0.9999976
1,1,0.99999845
1,1,0.999998
0,0,0.0017860925
0,0,4.4433564e-05
1,1,0.999998
1,0,0.10510783
1,1,0.9999982
1,1,0.99999845
1,1,0.99999774
1,1,0.999997
1,1,0.99999726
1,1,0.99999857
1,1,0.9999981
1,1,0.9999949
1,1,0.7620466
1,1,0.99999654
1,1,0.99999774
1,1,0.98615533
1,1,0.9999982
1,1,0.99999833
1,1,0.99999845
1,1,0.99999845
1,1,0.9999982
1,1,0.99997294
1,1,0.9999981
0,0,6.2631584e-06
1,1,0.9999981
1,1,0.99999
1,1,0.99999785
1,1,0.99999857
0,0,3.3734627e-06
1,1,0.99999857
0,1,0.99999774
1,1,0.99999833
1,1,0.999995
1,1,0.99999785
1,1,0.99999785
1,1,0.9999976
1,1,0.99999833
0,0,3.1407337e-06
1,1,0.999998
1,1,0.9999982
1,1,0.9999938
0,0,3.931362e-06
1,1,0.9999958
1,1,0.9999987
0,0,1.5450702e-06
1,1,0.99999833
1,1,0.99999857
1,1,0.9999981
1,1,0.99999833
0,1,0.99999666
1,1,0.9995029
1,1,0.99999857
1,1,0.99999857
0,1,0.9999931
0,0,0.00018479074
0,0,2.4479348e-06
1,1,0.9999857
1,0,0.0005063967
0,0,1.6959954e-06
1,1,0.9999982
1,0,6.6005164e-06
1,1,0.999998
1,1,0.99999726
1,1,0.99999845
1,1,0.9999976
1,1,0.9999988
1,1,0.99999845
1,1,0.9993765
1,1,0.999998
1,1,0.50748056
1,1,0.9999987
0,1,0.99999833
1,1,0.99999857
1,1,0.99999833
1,1,0.9999982
1,1,0.9999938
1,1,0.99999857
1,1,0.99999845
1,1,0.999998
1,1,0.9999982
1,1,0.9999982
1,1,0.9999968
1,1,0.99999857
1,1,0.9999933
1,1,0.99999726
1,1,0.99999833
1,1,0.99999857
1,1,0.9999987
1,1,0.99999833
1,1,0.9999962
1,1,0.99999845
1,1,0.99999845
1,1,0.99999833
1,1,0.9999981
1,1,0.99999785
1,0,0.48695728
1,1,0.99999845
1,1,0.999998
1,1,0.99999833
1,1,0.9999976
1,1,0.9999926
1,1,0.99999845
1,1,0.9999927
1,1,0.9999969
1,1,0.99999857
1,1,0.99999774
1,1,0.99999845
0,0,2.3281991e-06
1,1,0.9999988
1,1,0.99999785
1,1,0.999997
0,0,5.856952e-06
1,1,0.9999982
1,0,0.0002020125
1,1,0.99999774
1,1,0.99999666
1,1,0.99997604
0,0,0.019842252
1,1,0.9999981
1,1,0.9999982
1,1,0.9999981
0,0,0.34752658
1,1,0.99999654
1,1,0.9999982
1,1,0.9999982
1,1,0.9999987
0,0,1.3899208e-06
1,1,0.9999981
1,1,0.99999845
1,1,0.9999845
1,1,0.99999774
1,1,0.99999845
1,1,0.9999975
1,1,0.99991286
1,1,0.9999982
1,1,0.9999975
1,1,0.99999857
1,1,0.9999982
1,1,0.999998
1,1,0.99999857
0,1,0.99999774
1,1,0.99999833
1,1,0.99999833
1,1,0.999997
1,1,0.99999845
1,1,0.9999975
0,1,0.99999416
1,1,0.9999962
1,1,0.99999726
1,1,0.99999845
1,1,0.9999974
1,1,0.99999845
1,1,0.9999982
1,1,0.99999833
1,1,0.99999785
1,1,0.99851865
1,1,0.99996805
1,1,0.99999833
1,1,0.99999785
1,1,0.9999949
1,0,1.7876802e-05
1,1,0.9999987
1,1,0.9999963
1,1,0.99999857
1,1,0.99999726
1,1,0.99999845
1,1,0.9999976
1,1,0.9999982
1,1,0.9999981
0,0,0.013952227
0,0,7.410446e-06
1,1,0.999998
1,1,0.9999974
1,1,0.99999774
1,1,0.988366
1,1,0.99993026
0,0,2.9180928e-06
1,1,0.99997437
0,0,4.9866358e-06
1,1,0.99999833
1,1,0.9999975
1,1,0.99999833
0,0,0.0001826905
0,0,3.1070751e-06
1,1,0.9999329
0,0,2.649639e-06
1,1,0.9999974
1,1,0.9999987
1,1,0.99999857
0,0,2.937456e-06
1,1,0.99999833
1,1,0.99999785
1,1,0.9999974
1,1,0.999998
1,1,0.9999987
1,1,0.9999988
1,1,0.9971353
1,1,0.99999857
1,1,0.9999988
1,1,0.9999968
1,1,0.9999981
1,1,0.9999864
1,1,0.9999982
1,0,2.7383765e-06
1,1,0.99999857
0,1,0.99998283
1,1,0.9999982
1,1,0.99999726
1,0,0.034526348
1,1,0.9999988
1,1,0.9999931
1,1,0.99999654
1,1,0.99999845
1,1,0.99999845
1,1,0.99999845
1,1,0.99999845
1,1,0.99999857
1,1,0.99999845
1,1,0.9999982
1,1,0.999998
0,1,0.99999785
1,1,0.99999857
1,1,0.99999857
1,1,0.99999845
1,1,0.99999833
1,1,0.9999976
1,1,0.99999785
1,1,0.9999957
1,1,0.9999987
0,0,0.034043133
1,1,0.99999857
1,1,0.99999523
1,1,0.99998784
1,1,0.9992694
1,1,0.99999857
1,1,0.9999981
1,1,0.9999982
0,0,1.0612835e-05
1,1,0.99999726
1,1,0.9999982
0,1,0.9993812
0,0,1.2195956e-06
1,1,0.99999857
0,0,4.1275225e-06
1,1,0.9999987
1,1,0.9999981
1,1,0.9999958
1,1,0.9999975
1,1,0.99999845
1,1,0.9999956
1,1,0.9999981
1,1,0.99999845
1,1,0.9999981
1,1,0.99999857
1,1,0.999997
1,1,0.99999845
1,1,0.99999845
1,1,0.99999845
1,1,0.9999987
1,1,0.99999785
1,1,0.99999785
0,0,1.7500255e-06
0,1,0.99998033
1,1,0.99999857
1,1,0.99999833
0,0,8.156352e-06
1,1,0.9999982
0,1,0.9986021
1,1,0.9999987
1,1,0.99999845
1,1,0.99999857
1,1,0.9999988
1,1,0.99999857
1,1,0.99999833
1,1,0.9999975
1,1,0.99999857
1,1,0.99999845
1,1,0.99999845
1,1,0.9999987
1,1,0.9999987
1,1,0.9999974
1,1,0.9999981
0,0,2.0991365e-06
1,1,0.99999845
0,1,0.9998179
1,1,0.9999857
0,0,1.400404e-06
0,0,1.7631388e-06
0,0,0.041056473
1,1,0.9999987
1,1,0.99999833
1,1,0.99999833
1,1,0.99999774
0,0,0.0016506134
1,1,0.9999988
1,1,0.9999981
1,1,0.9999975
1,1,0.9999976
1,1,0.9999987
0,1,0.7696856
1,1,0.99999845
1,1,0.9999988
1,1,0.99999845
1,1,0.99999857
1,1,0.9999982
1,1,0.99999845
1,1,0.9997756
0,1,0.9999745
0,1,0.9999442
1,1,0.9999987
0,1,0.99999475
1,1,0.99971074
1,1,0.9999782
1,1,0.9999944
1,1,0.9999964
1,1,0.9999975
1,1,0.99999857
1,1,0.9999987
1,1,0.9999982
1,1,0.9999987
1,1,0.9999982
0,0,1.7844599e-06
1,1,0.99999845
1,1,0.9999988
1,1,0.9728213
1,1,0.9999988
1,1,0.9999937
1,1,0.9999914
1,1,0.99999845
1,1,0.99972767
1,1,0.99999845
1,1,0.99999416
1,1,0.9999976
0,1,0.9999969
1,1,0.99999845
0,1,0.99999666
1,0,1.5380208e-06
1,1,0.99999607
1,1,0.9999974
1,1,0.99999857
1,1,0.999998
1,1,0.9999981
1,1,0.99999845
1,1,0.9999589
1,1,0.99999857
0,0,2.866142e-06
0,1,0.9999957
1,1,0.99999857
0,0,1.5299704e-06
1,1,0.9999975
1,1,0.99999857
1,1,0.99999845
1,1,0.9999981
1,1,0.99999857
1,1,0.9999988
0,1,0.99999344
1,1,0.99999833
1,1,0.999998
1,1,0.99999654
1,0,0.19389676
0,0,1.059152e-05
1,1,0.99999857
1,1,0.9996898
1,1,0.9999988
0,0,4.135576e-06
1,1,0.99999785
1,1,0.9999987
1,1,0.99999833
1,1,0.99998975
1,1,0.9999987
1,1,0.9999963
1,1,0.9999975
0,0,1.7684466e-05
1,1,0.9999987
0,0,1.7138285e-06
1,1,0.99999857
1,1,0.999997
1,1,0.9999981
1,1,0.999995
1,1,0.99999845
1,1,0.9999987
1,1,0.9999987
1,1,0.99999857
1,1,0.99999785
1,1,0.9999976
1,1,0.99999726
0,0,1.7908463e-06
1,1,0.99999845
0,0,1.982654e-05
1,1,0.99999857
0,0,6.387942e-06
1,0,1.5102289e-06
1,0,0.34520364
1,1,0.999995
1,1,0.9999987
1,1,0.999997
1,1,0.9999982
1,1,0.99999857
1,1,0.9999987
1,1,0.999998
1,1,0.9999976
1,1,0.999566
1,1,0.9999987
1,1,0.9999987
1,1,0.9999876
0,1,0.99996424
1,1,0.9999969
1,1,0.9999987
1,1,0.99999857
0,0,0.003978638
1,1,0.99804014
1,1,0.99999857
1,1,0.99999845
0,0,3.8039332e-06
1,0,2.046063e-05
1,1,0.9999969
0,0,0.043250304
1,1,0.99999857
1,1,0.99998474
1,1,0.999995
0,0,5.138367e-06
1,1,0.99991226
0,1,0.9999863
1,1,0.9999956
1,1,0.99999595
1,1,0.99999833
1,1,0.99999607
1,1,0.99999535
1,1,0.9999976
1,1,0.9999982
1,1,0.9999988
1,1,0.99999857
0,0,2.6059197e-06
1,1,0.99999726
1,1,0.99999857
1,1,0.999998
1,1,0.9999958
1,1,0.99999774
1,1,0.9999982
1,1,0.9999982
1,1,0.999998
1,1,0.9999976
1,1,0.9999982
1,1,0.99999666
1,1,0.99999833
1,1,0.99999845
0,1,0.9999951
0,0,3.105508e-06
1,1,0.9999982
1,1,0.99999547
1,1,0.9997421
1,1,0.99999845
1,1,0.99999857
1,1,0.99999785
1,1,0.9999969
1,1,0.9899629
1,1,0.9999981
1,1,0.99999845
1,1,0.9999982
0,1,0.9999927
1,1,0.99999857
1,1,0.9999987
1,1,0.99999845
1,1,0.99999833
1,1,0.99999833
1,1,0.99999833
1,1,0.99999845
1,1,0.99999845
1,1,0.99999857
1,1,0.99999857
1,1,0.9999987
0,0,0.15479162
1,1,0.9999982
1,0,0.005934736
1,1,0.99999833
1,1,0.9999981
1,1,0.9999459
1,1,0.99999857
1,1,0.9999974
0,1,0.9999838
1,1,0.9999982
1,1,0.999998
1,1,0.9998171
1,1,0.99999344
1,1,0.99999857
1,1,0.9999987
1,1,0.99999666
1,1,0.9999987
1,0,5.6817084e-05
1,1,0.99999845
0,0,2.1581995e-06
1,1,0.9999988
1,1,0.9999963
1,1,0.999998
1,1,0.99999654
1,1,0.9999981
1,1,0.9999982
1,1,0.99999857
1,1,0.99993384
1,1,0.9999987
1,1,0.9999987
0,0,6.3910984e-06
0,0,1.3872843e-06
0,1,0.9999949
1,1,0.99999833
1,1,0.99999845
1,1,0.9999987
1,1,0.9999975
1,1,0.99999833
1,1,0.99999785
1,1,0.99999774
1,1,0.999998
0,1,0.99999094
1,1,0.99999833
1,1,0.99999774
1,1,0.99999845
1,1,0.9999547
1,1,0.99999774
0,0,1.8551482e-06
1,1,0.99999845
0,1,0.9869299
1,1,0.9999988
1,1,0.9999981
1,1,0.9999974
1,1,0.9999982
1,1,0.9999987
1,1,0.99999857
1,1,0.9999988
1,1,0.99999833
1,1,0.9999987
0,0,1.8959713e-06
1,1,0.9999963
1,1,0.99999785
1,0,4.2950637e-06
1,1,0.9999907
1,1,0.99999833
1,1,0.999998
1,1,0.99999845
1,1,0.99999845
1,1,0.99999845
1,1,0.9999982
1,1,0.99999857
1,1,0.99998546
1,1,0.99999785
1,1,0.9093839
1,1,0.99999833
0,0,0.09575356
1,1,0.99999785
1,1,0.9999987
1,1,0.99999785
1,0,0.16091184
1,1,0.9999963
1,0,0.00010912747
1,1,0.99999654
0,1,0.9995623
1,0,8.562989e-06
1,1,0.9999975
1,1,0.99999845
0,0,3.972108e-06
0,0,2.5583146e-05
1,1,0.99999857
1,1,0.9999982
1,1,0.99999833
1,1,0.9999987
1,1,0.99999845
1,1,0.9999987
1,1,0.9999988
1,1,0.99999833
1,1,0.9999987
0,0,3.5884782e-06
1,1,0.99999833
1,1,0.9999981
1,1,0.99999666
1,1,0.9999982
1,1,0.99999833
1,1,0.999992
1,1,0.99999774
1,1,0.9999982
1,1,0.99999714
1,1,0.99999857
1,1,0.99999785
1,0,0.0036748617
1,1,0.9999988
1,1,0.9999981
1,1,0.99999857
1,1,0.99999845
1,1,0.9999987
1,1,0.99999726
1,1,0.99999774
0,0,1.0402277e-05
1,1,0.9999975
1,1,0.9999982
1,1,0.99999845
1,1,0.9999893
1,1,0.99999547
1,1,0.9999963
0,0,0.48143625
1,1,0.9999968
1,1,0.9999976
1,1,0.99999833
1,1,0.999997
1,1,0.99999785
1,1,0.99999833
0,0,1.7961416e-06
1,1,0.9993736
0,0,5.2078656e-05
1,1,0.99999833
1,1,0.99999845
1,1,0.99999857
0,0,1.1379409e-05
1,1,0.99999774
1,1,0.99999785
1,1,0.9999981
1,1,0.99999714
1,1,0.9999981
1,1,0.9999987
1,1,0.99999726
1,1,0.99999654
1,1,0.9999975
1,1,0.9999968
1,1,0.99999833
1,1,0.9999982
1,1,0.99999225
1,1,0.99999785
1,1,0.99999845
1,1,0.99999547
1,1,0.99999857
1,1,0.99999785
1,1,0.9999987
1,1,0.99999857
1,1,0.99999857
1,1,0.9999982
1,1,0.9999981
1,1,0.9999982
1,1,0.9999987
1,1,0.9999987
1,1,0.9999956
1,1,0.99999857
0,1,0.99996567
1,1,0.99999833
1,1,0.9999957
1,1,0.99999833
1,1,0.99999833
1,1,0.9999958
0,1,0.9999708
1,1,0.9999987
1,1,0.999998
1,1,0.9840194
1,1,0.9998728
1,0,1.4236937e-05
0,1,0.993266
1,1,0.99999833
1,1,0.9999981
1,1,0.99999845
1,1,0.99932253
1,0,7.0942256e-06
0,0,4.3873342e-06
1,1,0.99999857
1,1,0.99999726
1,1,0.9999945
1,1,0.99999654
1,1,0.9999987
1,1,0.9999982
1,1,0.9999856
1,1,0.99999845
1,1,0.99998796
1,1,0.99999774
1,1,0.9999976
1,1,0.99999785
1,1,0.9999982
1,1,0.9999981
1,1,0.99999833
1,1,0.99999774
1,1,0.99999857
1,1,0.9999975
1,1,0.9999982
1,1,0.99999404
1,1,0.9999988
1,1,0.9999981
1,1,0.99999833
1,1,0.99999857
1,1,0.9999987
1,1,0.99999833
1,1,0.99999845
1,1,0.9999944
1,1,0.9999372
1,1,0.9999987
1,1,0.99999857
1,1,0.999997
1,1,0.999998
1,1,0.99999774
1,1,0.99999714
1,1,0.9999987
1,1,0.9999962
1,1,0.99952984
1,1,0.99999857
1,1,0.99999833
1,1,0.99999845
1,1,0.9999931
1,1,0.99999785
1,1,0.99999857
1,1,0.9999956
1,1,0.9999987
0,0,1.7065641e-06
1,1,0.999998
1,1,0.9999815
1,1,0.9999987
1,1,0.9999968
0,0,0.00053555943
1,1,0.9999981
1,1,0.99999726
1,1,0.99999857
1,1,0.999998
1,1,0.999998
1,1,0.99999833
1,1,0.99999785
0,0,3.944592e-06
1,1,0.999998
0,1,0.8527387
1,1,0.9999988
1,1,0.99999833
1,1,0.99999857
1,1,0.9999924
1,1,0.99999857
1,1,0.9999988
1,1,0.9999987
1,1,0.99999857
1,1,0.99999833
1,1,0.9999976
1,1,0.9999672
1,1,0.99999833
1,1,0.99999833
1,1,0.99999857
1,1,0.99999845
1,1,0.9999933
1,1,0.99999833
0,0,4.150927e-06
1,1,0.99999595
1,1,0.99999857
1,1,0.98997927
1,1,0.99999845
0,1,0.99999094
1,1,0.9999982
1,1,0.9999987
1,1,0.9999987
1,1,0.99999845
1,1,0.99999833
1,1,0.99999774
0,0,9.674696e-06
1,1,0.99173707
1,1,0.99999845
1,1,0.99999857
1,1,0.9999988
1,0,2.2377394e-06
1,1,0.99999857
1,1,0.9999914
1,1,0.9999982
1,1,0.99999833
1,1,0.999998
0,1,0.9999957
1,1,0.99999845
1,1,0.99999785
1,1,0.9999987
1,1,0.99999774
0,0,2.3419252e-06
1,1,0.99999785
1,1,0.99999774
1,1,0.99999845
1,1,0.9999987
1,1,0.99999833
1,1,0.99999833
0,0,2.4877177e-06
1,1,0.99999857
1,1,0.9999982
1,1,0.99999833
1,1,0.9999976
1,1,0.999998
1,1,0.99999774
1,0,2.294234e-06
1,1,0.9999982
1,1,0.9999987
1,1,0.99999857
1,1,0.99999297
0,1,0.6256595
1,1,0.9999976
1,1,0.99994636
0,0,1.8973712e-06
1,1,0.9999981
0,0,7.285365e-05
0,1,0.9999807
0,0,2.2591908e-06
1,1,0.9999964
0,0,1.7670543e-06
1,1,0.99999845
1,1,0.99999857
1,1,0.9999988
1,1,0.9999982
1,1,0.9999982
1,1,0.9999964
1,1,0.999998
1,1,0.9999988
1,1,0.9999987
1,1,0.99999845
0,1,0.99999416
1,1,0.9999976
1,1,0.9999987
1,1,0.9999982
1,1,0.99999857
1,1,0.9999982
1,1,0.9999987
0,0,2.0214945e-06
1,1,0.9999981
1,1,0.9999988
1,1,0.99999857
0,0,2.6401124e-06
1,1,0.99998987
0,1,0.99999034
1,1,0.9999968
1,1,0.99999726
1,1,0.9999987
1,1,0.99999833
1,1,0.9999988
1,1,0.99999845
1,1,0.99999857
1,1,0.99999666
1,1,0.99999857
1,1,0.99999845
1,1,0.999998
1,1,0.99999857
1,1,0.9999981
1,1,0.9999982
0,1,0.9999845
0,0,1.907084e-06
1,1,0.99999845
1,1,0.99999857
1,1,0.9999982
1,1,0.99999774
1,1,0.99999857
0,1,0.96496814
1,1,0.99999857
0,0,1.7987053e-05
1,1,0.9999981
1,0,6.1896008e-06
0,1,0.5934433
0,0,0.4868759
1,1,0.99999833
0,1,0.99698526
1,1,0.99999833
1,1,0.99999666
1,1,0.9999974
1,1,0.9999988
1,1,0.99999845
0,0,0.002502749
1,1,0.9999981
1,1,0.9999981
1,1,0.9999982
0,0,2.1004923e-06
1,1,0.9999987
1,1,0.99999833
1,1,0.99998
1,1,0.9999974
1,1,0.99999845
0,0,8.332956e-05
0,1,0.9999908
0,0,2.286689e-06
1,1,0.99999595
1,1,0.999997
0,1,0.9964065
1,1,0.9999987
1,1,0.99999857
1,1,0.99999845
1,1,0.99997616
1,1,0.99999845
1,1,0.999998
1,1,0.99999833
1,1,0.99999845
1,1,0.9999981
0,0,0.00032442846
1,1,0.99999833
1,1,0.9999951
1,1,0.99999845
1,1,0.99999857
1,1,0.99999845
1,1,0.9999987
1,1,0.9999987
1,1,0.9999938
0,0,0.0004896181
1,1,0.9999975
1,1,0.9999987
1,1,0.99999833
1,1,0.99999833
1,1,0.99999774
1,1,0.99999845
1,1,0.99999833
1,1,0.99888533
1,1,0.9999968
1,1,0.9999974
1,1,0.9999987
1,1,0.99999833
0,0,1.7076386e-06
1,1,0.99999857
0,1,0.99999535
1,1,0.9999914
1,1,0.999997
1,1,0.9999987
1,1,0.99999774
1,1,0.9999926
1,1,0.9999982
1,1,0.99999833
1,1,0.9999982
1,1,0.99999857
0,0,9.0761905e-06
1,1,0.999997
1,1,0.99999845
1,1,0.99999785
1,1,0.9999987
1,1,0.99999714
1,1,0.99999833
1,1,0.99999845
1,1,0.99999857
0,0,2.7895433e-06
1,1,0.99999785
0,0,1.413415e-05
1,1,0.99999857
1,1,0.99999845
1,0,2.0975838e-06
1,1,0.99999774
1,0,0.0022815368
1,1,0.99999857
1,1,0.99999726
0,0,0.0017052249
1,1,0.99998057
1,1,0.99999833
1,1,0.99999845
1,1,0.99999833
1,1,0.99999774
0,0,1.5618285e-06
0,1,0.9998592
1,1,0.9999958
1,1,0.9999981
1,1,0.99999774
1,1,0.99998736
1,1,0.9999981
1,1,0.9999988
1,0,1.4081907e-05
1,1,0.99999857
0,1,0.7013773
1,1,0.9999987
1,1,0.9999987
1,1,0.99999857
1,1,0.99999857
1,1,0.9999974
1,1,0.9999987
1,1,0.99999857
0,0,5.535863e-06
1,1,0.9999325
1,1,0.9999988
1,1,0.99999785
1,1,0.99999857
1,1,0.99999845
1,1,0.99999785
1,1,0.9999982
1,1,0.9999974
1,1,0.99999785
1,1,0.9999987
0,1,0.9999919
1,1,0.9999987
1,1,0.9999975
0,0,2.4315507e-06
0,0,3.0790407e-06
0,0,6.0395455e-06
1,1,0.9999987
1,1,0.99999845
1,1,0.9999968
1,0,8.915409e-05
1,1,0.99999774
1,1,0.9999956
1,1,0.99999857
0,1,0.9986646
1,1,0.99999833
1,1,0.9999981
1,1,0.9998888
0,1,0.5351216
1,1,0.9999981
1,1,0.999966
1,1,0.9999988
1,1,0.99999774
1,1,0.9999901
1,1,0.9999987
1,1,0.99999416
1,1,0.9999988
1,1,0.99984956
1,1,0.99999857
1,1,0.9999974
1,1,0.9999566
1,1,0.99999654
0,0,1.656627e-05
0,0,1.8217457e-06
0,1,0.99999845
1,1,0.9999608
1,1,0.9999987
1,1,0.9999697
1,1,0.9999987
1,1,0.99999857
1,1,0.99994564
1,0,0.07404559
1,1,0.9999982
1,1,0.99999833
1,1,0.99999845
1,1,0.9999987
1,1,0.99999833
1,1,0.9999988
1,1,0.99999845
1,0,0.09333835
1,1,0.9999982
1,1,0.99999857
0,0,1.2976378e-05
1,1,0.99999845
1,1,0.99999833
1,1,0.99999857
1,1,0.99999833
1,1,0.999998
1,1,0.99999785
1,1,0.9999962
1,1,0.99999833
1,1,0.99999845
1,1,0.9999969
1,1,0.9999199
0,0,2.0976079e-06
1,1,0.9999981
1,1,0.999997
1,1,0.9999987
1,1,0.99999845
1,1,0.99999857
1,1,0.999992
1,1,0.9999962
1,1,0.999997
1,1,0.9999987
1,1,0.99999774
1,1,0.9999987
1,1,0.99999857
1,1,0.9999981
1,1,0.9999981
1,1,0.99999845
1,1,0.9999981
1,1,0.99999785
0,0,2.2220875e-06
1,1,0.9999981
1,1,0.9999988
0,0,1.7469956e-05
1,1,0.99999785
1,1,0.9999982
1,1,0.9999987
1,1,0.99999774
0,0,2.091256e-06
1,1,0.9999974
1,1,0.9977381
1,1,0.9999976
1,1,0.9999988
1,1,0.9999988
1,0,0.17804648
1,1,0.99999845
1,1,0.9999982
1,1,0.99999857
0,0,1.66284e-06
1,1,0.99999857
0,0,2.139557e-06
1,0,6.22551e-05
1,1,0.99999714
1,1,0.99999857
1,1,0.99999857
1,1,0.9999981
1,1,0.9999707
0,0,2.4283954e-05
1,1,0.9999987
1,1,0.9999981
1,1,0.99999833
1,1,0.999998
1,1,0.98679626
1,1,0.99999774
1,1,0.9999981
0,0,2.8200227e-06
0,0,1.9867555e-05
1,1,0.999997
1,1,0.9999981
1,0,3.29831e-06
0,0,0.022274582
1,1,0.9999982
1,1,0.9999969
1,1,0.9999987
1,1,0.999998
1,1,0.9999982
1,1,0.99999845
1,1,0.99999785
1,1,0.99999857
1,1,0.9999981
0,0,0.006257665
1,1,0.9999976
0,1,0.99998724
1,1,0.9999976
1,1,0.99999845
1,1,0.99999785
1,1,0.99999714
1,1,0.99999774
1,1,0.9999987
1,1,0.9989724
1,1,0.99999833
1,1,0.9999987
1,1,0.99999857
1,1,0.9999981
1,1,0.99999857
1,1,0.99999833
1,1,0.9999963
1,1,0.99999785
0,0,5.085148e-06
1,1,0.99999857
1,0,5.673441e-06
1,1,0.99999785
0,1,0.99993825
0,0,1.8837335e-06
1,1,0.9999981
0,0,3.3816057e-06
0,0,0.0143771125
1,1,0.99999845
1,1,0.99999857
1,1,0.999998
1,1,0.99999857
0,0,1.4215216e-06
1,1,0.9999956
1,1,0.9999938
1,1,0.9999951
0,1,0.6924472
1,1,0.9999957
1,1,0.99998975
1,1,0.9999988
1,1,0.99999833
1,1,0.9999949
1,0,3.122733e-06
1,1,0.99999785
0,1,0.9999932
1,1,0.999998
1,1,0.99999833
1,1,0.9999981
1,1,0.99999845
0,0,0.0037957788
1,1,0.99999595
1,1,0.99999845
0,0,3.2348669e-06
1,1,0.9999987
1,1,0.99999845
0,0,0.004567156
1,1,0.999998
1,1,0.9999975
1,1,0.99999464
1,1,0.9999976
0,0,2.3693278e-06
1,1,0.9999963
1,1,0.99999857
1,1,0.9999987
1,1,0.99999845
1,1,0.99999833
1,0,1.1767371e-05
1,1,0.9999924
1,1,0.99999857
1,1,0.9999982
0,0,1.6008543e-06
1,1,0.9999987
0,0,1.6640995e-06
1,1,0.9999982
1,1,0.999998
1,1,0.7952562
1,1,0.9999949
1,1,0.99999845
1,0,0.09563014
1,1,0.9999962
0,0,2.8004079e-06
1,1,0.9999982
1,1,0.99999857
1,1,0.9999927
1,1,0.9999981
1,1,0.9999976
0,0,3.5363796e-06
1,1,0.99999857
1,1,0.9999981
1,1,0.99999774
0,0,3.0210078e-06
1,1,0.99999666
1,1,0.9999964
1,1,0.99999845
1,1,0.99999845
1,1,0.9999987
1,1,0.9999987
1,1,0.9620336
1,1,0.9999976
1,1,0.9999597
0,0,1.5333226e-05
1,1,0.999998
1,1,0.99999857
1,1,0.99999857
0,0,1.2813646e-05
1,1,0.9999969
1,1,0.9999988
1,1,0.99999726
0,0,3.1688207e-05
1,1,0.99999845
1,1,0.999998
1,1,0.9999987
1,1,0.99999845
1,1,0.99999833
1,1,0.99999475
1,1,0.99998844
1,1,0.9999974
1,1,0.99999857
1,1,0.9999943
0,0,5.061146e-06
1,1,0.9999982
1,1,0.9999982
1,0,0.0035833928
1,1,0.9999982
0,1,0.75494903
0,1,0.9999635
1,1,0.99999857
1,1,0.99999714
1,1,0.9999987
1,1,0.9999988
1,1,0.9999981
1,1,0.99999785
1,0,0.00016844929
1,1,0.999998
1,1,0.99999535
1,1,0.9999931
1,1,0.99999845
1,1,0.9999981
1,1,0.999998
1,1,0.99997556
0,1,0.8141826
1,1,0.99999845
1,1,0.9999975
1,1,0.9999981
1,1,0.99993026
1,1,0.9999864
1,1,0.99999857
1,1,0.9999987
1,1,0.9999988
1,1,0.9999987
1,1,0.99999845
0,0,1.0282677e-05
1,1,0.99999857
1,1,0.9999987
1,1,0.99995565
1,1,0.99999845
1,1,0.99999857
1,1,0.9999982
1,1,0.99999845
1,1,0.99999774
1,1,0.99999857
1,1,0.99999857
1,1,0.99999857
1,1,0.99999857
1,1,0.99999785
1,1,0.99999416
1,1,0.999998
1,1,0.99999726
1,1,0.9999956
1,1,0.9999529
1,1,0.9999982
1,1,0.99999714
0,1,0.99993265
0,0,1.7926438e-06
1,1,0.999928
1,1,0.999997
1,1,0.99999833
1,1,0.9999988
1,1,0.99999857
0,0,0.00038595562
1,1,0.9999975
0,0,2.033374e-06
1,1,0.99999857
0,1,0.9999895
0,1,0.99998605
1,1,0.99999857
1,1,0.99999833
1,1,0.99999726
1,1,0.99999833
1,1,0.99999774
1,1,0.9999987
1,1,0.99999845
0,0,7.2077723e-06
0,0,0.029153893
1,1,0.9999987
1,1,0.99999857
1,1,0.99999857
1,1,0.99999857
1,1,0.9999981
1,1,0.99999785
0,0,2.7139013e-05
1,1,0.9999944
0,0,5.7292755e-06
0,0,3.867235e-05
0,0,0.00043739486
1,1,0.9999981
1,1,0.9999987
1,1,0.99999535
1,1,0.99717295
1,1,0.9999981
1,1,0.999998
1,1,0.99999
1,1,0.9999988
1,1,0.99999857
0,1,0.99611473
1,1,0.9999974
1,1,0.999998
1,1,0.9999969
1,1,0.99999654
1,1,0.99999833
1,1,0.99999845
1,1,0.9999962
1,1,0.99999607
1,1,0.9999769
1,1,0.9999988
1,1,0.99999845
1,1,0.9999982
1,1,0.9999976
0,0,8.050472e-06
1,1,0.99999845
1,1,0.9999987
0,0,1.3642639e-06
1,1,0.99999833
1,1,0.99999845
1,0,0.0054427483
1,1,0.9999602
1,1,0.99999845
0,0,6.295424e-06
1,1,0.9999987
1,1,0.9999969
1,1,0.99999857
1,1,0.9990239
1,1,0.9999968
1,1,0.999997
1,1,0.99999833
1,1,0.99999785
0,0,0.05505173
1,1,0.9999976
1,1,0.99999845
1,1,0.99999845
0,0,1.6384703e-06
1,1,0.99999726
1,1,0.99999595
1,1,0.9999981
1,1,0.99999666
1,1,0.9999981
1,1,0.99999726
1,1,0.999998
0,1,0.9990471
1,0,8.8419874e-05
1,0,6.1356322e-06
1,1,0.99999845
1,1,0.9999976
1,1,0.9999988
1,1,0.9999976
0,0,3.8678216e-05
1,1,0.99999833
1,1,0.9996087
1,1,0.99999857
0,0,2.8454371e-05
1,1,0.9999988
1,1,0.9999982
1,1,0.99999857
1,1,0.99999845
1,1,0.99999857
0,1,0.9791853
1,1,0.99999845
1,1,0.99999857
1,1,0.99999785
1,1,0.9999988
1,1,0.99999845
1,1,0.99999857
0,0,5.1563522e-05
1,1,0.9999981
0,0,0.003404649
1,1,0.99999845
1,1,0.999998
1,1,0.99999774
1,1,0.9999981
1,1,0.99999833
1,1,0.99999845
1,1,0.999998
1,1,0.9999982
1,1,0.9999982
1,1,0.9999906
0,0,1.7024515e-06
1,1,0.99999845
1,1,0.99999845
1,1,0.9999962
1,1,0.9999981
1,1,0.99999714
1,1,0.99999785
1,1,0.99999833
1,1,0.99999845
0,0,3.6221106e-06
1,1,0.9999975
0,1,0.99984705
1,1,0.99999845
1,1,0.999998
1,1,0.9999969
1,1,0.99999833
1,1,0.9999976
1,1,0.99999845
1,0,7.1357266e-05
1,1,0.99999774
1,1,0.999998
1,1,0.9999969
1,1,0.9999974
1,1,0.99999857
1,1,0.99999845
1,1,0.99999857
1,1,0.9999976
0,0,1.9052189e-06
1,1,0.9999987
1,1,0.99999523
1,1,0.9999987
1,0,0.00070744543
0,0,0.0032716775
1,1,0.9999982
1,1,0.99999857
1,1,0.99999857
0,0,0.0029009902
1,1,0.99999845
1,1,0.99999833
1,1,0.99999857
1,1,0.9999987
1,1,0.99999785
1,0,1.3917698e-06
1,1,0.99999857
1,1,0.99999785
1,1,0.999997
1,1,0.9999987
1,1,0.9999987
1,1,0.99999833
1,1,0.9999957
1,1,0.9999975
1,1,0.99999845
1,1,0.99999833
1,1,0.99999857
1,1,0.99999845
1,1,0.99999833
1,1,0.99999833
1,1,0.99999857
1,1,0.9999976
0,0,0.0019668085
0,1,0.9999975
1,1,0.9999958
0,1,0.9999968
1,1,0.9999982
1,1,0.99999845
1,1,0.99999833
1,1,0.9999981
1,1,0.9999982
1,1,0.999998
1,1,0.99999845
1,1,0.99999845
1,1,0.9999982
1,1,0.999998
1,0,1.4332023e-05
1,1,0.99999845
0,0,3.2914036e-06
