y_true,y_pred,y_prob
1,1,0.9999976
1,1,0.9999976
1,1,0.99999416
1,1,0.99999726
1,1,0.99999857
1,1,0.9999981
0,0,1.0765635e-06
1,1,0.9999969
1,1,0.9999968
1,0,0.00020052753
1,1,0.9999956
1,1,0.99999774
1,1,0.9999968
1,1,0.9999981
1,1,0.99999714
1,1,0.9999964
1,1,0.9999968
0,0,0.00025451428
1,1,0.99999774
0,0,2.1228287e-05
1,1,0.999998
1,1,0.99999845
1,1,0.99954873
0,0,2.6467346e-06
1,1,0.9999987
0,0,1.4163685e-06
1,1,0.99999774
1,1,0.99999166
1,1,0.9999976
0,0,1.1835334e-06
1,1,0.99999833
1,1,0.99999833
1,1,0.9999951
1,1,0.99999857
1,1,0.99999857
0,0,0.040425513
1,1,0.99999857
1,1,0.9999982
0,0,0.018811597
1,1,0.9999981
1,1,0.99999857
1,1,0.9999981
1,1,0.99999726
1,1,0.99999845
1,1,0.99999666
1,1,0.9922198
1,1,0.9999982
0,1,0.9998779
1,1,0.9999808
1,1,0.9999981
1,1,0.999997
1,1,0.9999975
1,1,0.99999714
1,1,0.9999951
1,1,0.9999976
0,0,1.544525e-06
1,1,0.99999845
1,1,0.99999774
1,1,0.9999987
1,1,0.9999958
1,1,0.9999974
1,1,0.99999833
1,1,0.999997
0,0,2.2160518e-06
0,1,0.99994004
1,1,0.9999987
1,1,0.9999918
1,1,0.9999987
1,1,0.999998
1,1,0.9999969
1,1,0.99999845
1,1,0.99999774
1,1,0.9999974
0,0,1.0659e-06
1,1,0.99999225
1,1,0.9999976
1,1,0.9999975
1,0,2.5337442e-06
1,1,0.99999833
1,1,0.999998
1,1,0.99999857
1,1,0.9999976
1,1,0.99999595
1,1,0.99999845
1,1,0.99999475
1,1,0.9999974
1,1,0.99999416
1,1,0.99999833
1,1,0.99999845
0,0,9.795243e-07
1,1,0.9999777
0,0,2.2206514e-06
0,0,1.8992469e-06
1,1,0.9999975
0,0,1.3210887e-06
1,1,0.99999726
1,1,0.99999046
1,1,0.999997
1,1,0.99999857
1,1,0.99999857
1,1,0.9999987
0,0,7.5623634e-06
1,1,0.99999857
1,1,0.99999845
1,1,0.9999982
0,0,0.00017143467
1,1,0.99996245
1,1,0.99999774
1,1,0.99999607
1,1,0.99999726
1,1,0.96010673
1,1,0.9999968
1,1,0.999998
1,1,0.9999982
1,1,0.99966156
0,0,1.7983391e-06
0,0,2.048212e-06
1,1,0.999997
1,1,0.99999726
1,1,0.99999857
1,1,0.9999291
1,1,0.9999925
1,1,0.99999785
1,1,0.99999785
1,1,0.99999774
1,1,0.99999857
1,1,0.99999845
1,1,0.9999982
1,1,0.99999785
1,1,0.9999968
1,1,0.99999475
1,1,0.9999981
1,1,0.999998
1,1,0.99999845
1,1,0.99999344
1,1,0.99999726
1,1,0.9999988
1,1,0.9999974
1,1,0.9999975
1,0,2.255164e-05
1,1,0.99999857
1,1,0.99999654
0,0,1.0442753e-06
1,1,0.99999785
0,1,0.99973065
1,1,0.9999964
1,1,0.99999845
1,1,0.99999785
0,0,2.616795e-06
1,1,0.99999857
1,1,0.9999982
1,1,0.9997688
0,0,1.1448095e-06
0,0,1.7757816e-06
0,1,0.9776213
1,1,0.999997
1,1,0.99999774
1,1,0.9999012
1,1,0.9999951
1,1,0.9999974
1,1,0.99999857
1,1,0.99999034
1,1,0.999998
1,1,0.999998
1,1,0.9999987
0,0,1.6567014e-06
1,1,0.9999975
0,0,1.0866019e-06
1,1,0.999877
1,1,0.99999833
1,1,0.999998
1,1,0.9999981
1,1,0.9999808
1,1,0.99999857
1,1,0.999998
1,1,0.99999785
1,1,0.9999951
1,1,0.99999785
1,1,0.99999845
0,1,0.9999931
1,1,0.99999774
1,1,0.9999982
1,1,0.9999931
1,1,0.99999595
1,0,0.0023853374
1,1,0.99999714
1,1,0.99921465
1,1,0.9999975
0,1,0.7960092
1,1,0.9999976
1,1,0.9999982
1,1,0.9999987
1,1,0.9999974
1,1,0.99999726
1,0,0.38847998
1,1,0.99999535
1,1,0.99999845
1,1,0.99999857
1,1,0.99999785
1,1,0.9999975
1,1,0.999992
1,1,0.999997
1,1,0.99999857
1,1,0.9999981
1,1,0.99994564
1,1,0.9999987
1,1,0.99999523
1,1,0.9999981
1,1,0.9999987
1,1,0.9999969
1,1,0.9999963
0,1,0.9999969
1,1,0.9999974
1,1,0.99999833
1,1,0.99999833
1,1,0.99999857
1,1,0.9999974
1,1,0.9999976
1,1,0.99999774
0,1,0.99998856
1,1,0.9999981
0,0,1.9149918e-06
0,0,1.146678e-06
1,1,0.9999982
1,1,0.9999988
1,1,0.9999964
1,1,0.99999774
1,1,0.9999974
1,1,0.9999981
1,1,0.99999785
1,1,0.99999595
1,1,0.8979935
1,1,0.9999975
1,1,0.999998
0,0,1.2260666e-06
1,0,0.00212936
1,1,0.99999845
1,1,0.99999857
1,1,0.9998254
1,1,0.99999845
1,1,0.9999981
1,1,0.99998844
1,1,0.9999956
1,1,0.9999975
1,0,2.5054483e-06
1,1,0.99999857
1,1,0.99999785
1,1,0.99999726
1,1,0.9999701
1,1,0.99999845
1,1,0.9999976
1,1,0.9999962
1,1,0.999997
1,1,0.9999987
1,1,0.99999833
0,0,1.1641624e-06
1,1,0.99999464
1,1,0.99999714
1,0,0.0017601623
0,0,4.708057e-06
1,1,0.99999833
1,1,0.9999976
1,1,0.99999857
0,1,0.99999774
1,1,0.9999974
1,1,0.9999982
1,1,0.9999982
1,1,0.99999833
1,1,0.99999833
1,1,0.9999982
1,1,0.9999366
1,1,0.9999987
1,1,0.9999987
1,1,0.9999975
1,1,0.99999535
1,1,0.9999969
1,1,0.9999968
1,1,0.99999726
1,1,0.9999982
1,1,0.99995136
1,1,0.9553624
1,1,0.999998
0,1,0.97935814
1,1,0.99999785
0,1,0.9990569
1,1,0.999998
1,1,0.99999845
1,1,0.99999833
0,1,0.99999547
0,0,0.0066115675
1,0,0.37376553
1,1,0.99999857
0,0,1.3773077e-06
1,1,0.99999785
1,1,0.99999845
1,1,0.99999857
1,1,0.9999949
1,1,0.99999845
0,0,4.172832e-06
1,1,0.9999974
1,1,0.9999976
1,1,0.9999975
1,1,0.9999974
1,1,0.99999833
1,1,0.99999833
1,1,0.9999968
1,1,0.9999944
1,1,0.99999845
1,1,0.9997917
1,1,0.9999982
1,1,0.99999845
1,1,0.99999857
1,1,0.999998
1,1,0.9993783
0,1,0.8442906
0,0,1.3728884e-06
1,1,0.9999981
1,1,0.99999833
1,1,0.9999975
0,1,0.99997854
0,0,3.7383546e-05
1,1,0.99999833
1,1,0.99999857
0,0,1.8694523e-06
1,1,0.9884319
1,1,0.99999726
1,1,0.9999987
1,1,0.99999833
1,1,0.9999982
1,1,0.99999845
1,1,0.99999833
1,1,0.99999845
1,1,0.999997
1,0,0.17481796
1,1,0.99999726
1,1,0.99999785
0,0,0.03013315
0,0,2.3807572e-06
1,1,0.999987
1,1,0.99999666
1,1,0.9999989
1,1,0.8847955
0,1,0.999846
1,1,0.99999785
1,1,0.99999857
0,1,0.9999943
1,1,0.99999774
1,1,0.99999845
1,1,0.9999987
1,1,0.9999938
1,1,0.99999607
1,1,0.9999987
1,1,0.99999833
1,1,0.9999981
0,0,0.07714984
1,1,0.9999969
1,1,0.9999982
1,1,0.99997735
1,1,0.9999975
1,1,0.99999833
0,0,9.3487006e-07
1,1,0.99999857
1,1,0.99999785
1,1,0.99974626
1,1,0.9999902
0,0,1.2501819e-06
1,1,0.9999254
1,1,0.9999937
1,1,0.99999726
0,0,5.618419e-06
0,1,0.999997
1,0,0.031714026
1,1,0.9999987
0,0,0.22640176
1,1,0.99999833
1,1,0.9999981
1,1,0.99999857
1,1,0.99999785
1,1,0.99999833
1,1,0.99999833
1,1,0.9999975
1,1,0.99999845
1,1,0.99995494
1,1,0.99999785
1,1,0.99999845
1,1,0.9999982
1,1,0.9999956
1,1,0.99999833
1,1,0.99999845
1,1,0.99999774
1,1,0.9999963
0,1,0.78579307
1,1,0.9999976
1,1,0.999997
1,1,0.9999981
1,1,0.99999666
1,1,0.9999956
1,1,0.99999774
1,1,0.99999857
1,1,0.9999969
0,0,0.0015287437
1,1,0.99999833
1,1,0.9999982
1,1,0.99999785
1,1,0.9999987
1,1,0.999998
1,0,9.879954e-06
1,1,0.99999845
1,1,0.99999857
1,1,0.999998
0,1,0.99998283
1,1,0.99999833
0,1,0.99998367
1,1,0.9999982
0,0,1.7184011e-06
1,1,0.99990547
1,1,0.9999982
1,1,0.9999968
1,1,0.9999976
1,1,0.9999969
1,1,0.99999845
1,1,0.99999785
1,1,0.9999982
1,1,0.99999833
1,1,0.9999931
1,1,0.99999857
1,1,0.99998987
1,1,0.9999962
1,1,0.9999795
1,1,0.9999931
1,1,0.99999845
1,1,0.99999774
1,1,0.99999833
1,1,0.999998
1,1,0.9999981
1,1,0.9999969
0,1,0.999998
0,0,1.1566461e-06
1,1,0.99992704
1,1,0.99999857
1,1,0.999998
1,1,0.9999893
1,1,0.9999976
1,1,0.99999785
1,1,0.99999857
1,1,0.99999845
1,1,0.9999982
1,1,0.9999987
1,1,0.9999975
1,1,0.99999464
1,1,0.99999845
1,1,0.999998
1,1,0.99999833
1,1,0.9999987
1,1,0.99999857
1,1,0.99999726
1,1,0.99999726
1,1,0.9999869
1,1,0.99999857
1,1,0.99999774
1,1,0.99897254
1,1,0.99999845
0,1,0.999985
1,1,0.9999908
1,1,0.99999
1,1,0.99999857
1,1,0.99999857
1,1,0.9999987
1,1,0.9999969
1,1,0.9999924
1,1,0.9999629
1,1,0.9999982
0,1,0.9999914
1,1,0.9999976
1,1,0.9999987
0,0,2.0331941e-05
1,1,0.99999845
1,1,0.99999857
1,1,0.9999907
1,1,0.99999714
1,1,0.99999464
1,1,0.99999654
1,1,0.99999785
1,1,0.99984705
1,1,0.99999654
1,1,0.9999982
1,1,0.9999982
1,1,0.99999845
1,1,0.99995613
1,1,0.9999939
1,1,0.99999595
1,1,0.9999988
1,1,0.9999975
1,1,0.99999356
0,1,0.9952081
1,0,2.2775482e-06
1,1,0.9999988
1,1,0.9999987
1,1,0.9999982
1,1,0.9999982
1,1,0.99999857
0,1,0.9999943
1,1,0.9999987
1,1,0.99999785
0,0,1.0138882e-06
1,1,0.9999958
1,1,0.9999976
1,1,0.99140257
0,0,1.2392208e-06
1,1,0.9998549
1,1,0.99999833
1,1,0.999998
1,1,0.99999857
1,1,0.99999845
1,1,0.9999964
1,0,3.7164427e-06
1,1,0.99999535
1,1,0.99999785
1,1,0.9999902
1,1,0.9999981
1,1,0.99999785
1,1,0.9999919
1,1,0.9999962
1,1,0.99999845
1,1,0.9999964
1,1,0.99999833
1,1,0.99999845
1,1,0.99999833
0,1,0.9999964
1,1,0.99998844
1,0,0.4132275
1,1,0.9999976
1,1,0.99999726
1,1,0.9999832
1,1,0.99999845
1,1,0.99999845
1,1,0.9999956
1,1,0.99999857
1,1,0.99999833
0,0,1.2305636e-05
1,1,0.9999982
1,0,1.9329786e-06
1,1,0.99999607
0,1,0.99998593
1,1,0.99999833
1,1,0.9999982
0,0,9.488887e-07
1,1,0.99999654
1,1,0.9999987
1,1,0.9999937
0,1,0.999995
1,1,0.99999833
1,1,0.9999976
1,1,0.99999833
1,1,0.9999958
1,1,0.9999982
1,1,0.99999833
0,0,1.6232826e-06
1,1,0.99999845
0,0,1.1374593e-06
0,1,0.9999105
1,1,0.9999982
1,1,0.9999975
1,1,0.999928
1,1,0.9999945
0,0,0.0015571794
1,1,0.9999987
1,0,0.0011284611
1,1,0.9999974
1,1,0.99999547
1,1,0.99999774
1,1,0.9999981
1,1,0.99999833
0,0,1.0150444e-06
1,1,0.9999981
1,1,0.9999987
1,1,0.99999857
1,1,0.9999914
1,1,0.9999826
1,1,0.9999975
1,1,0.99999535
1,1,0.9988035
1,1,0.9999939
0,0,5.0847743e-06
0,0,1.6314183e-05
1,1,0.99999523
1,1,0.9999975
0,0,7.7998703e-07
1,1,0.9999981
0,0,1.1907588e-06
0,0,1.137596e-06
0,0,1.7595241e-06
1,1,0.9999075
0,0,0.0002447312
0,0,1.0974452e-06
1,1,0.9999945
1,1,0.99999785
0,1,0.99999046
1,1,0.9999987
0,0,0.003991461
0,0,4.9833366e-06
1,1,0.999998
1,1,0.99999714
1,1,0.99999845
1,1,0.9999925
1,1,0.9999981
1,1,0.9999944
1,1,0.9999976
1,1,0.99999785
1,1,0.9999975
1,1,0.99999857
1,1,0.999998
1,1,0.9999951
1,1,0.9999976
1,1,0.99999845
1,1,0.9999982
1,1,0.99999857
1,1,0.99999857
0,0,2.0564758e-06
1,1,0.99999833
1,1,0.9999964
1,1,0.9999951
1,1,0.99999857
1,1,0.999998
1,1,0.999998
1,1,0.9999981
1,0,0.00013066547
0,0,1.2667123e-06
1,1,0.9999974
1,1,0.99999833
1,1,0.999997
1,1,0.9999943
1,1,0.9999982
1,1,0.999997
0,0,3.5236715e-06
1,1,0.99999774
1,1,0.99999595
1,1,0.9999981
1,1,0.9999975
1,1,0.9999976
1,1,0.999998
1,1,0.999998
1,1,0.9999982
1,1,0.9999982
1,1,0.99999714
1,1,0.99999154
1,1,0.99999726
1,1,0.999997
1,1,0.99985087
1,1,0.9999975
1,1,0.9999988
1,1,0.99999726
1,1,0.99999833
1,1,0.9999981
1,1,0.99999857
1,1,0.99999726
1,1,0.99999833
1,1,0.99999535
1,0,0.0004887118
1,1,0.9999974
1,1,0.9999987
1,1,0.9999987
1,1,0.99999714
0,0,6.5018166e-06
1,1,0.999998
1,1,0.9999974
1,1,0.99999774
0,0,1.3401816e-06
1,1,0.99893767
1,1,0.99999833
1,1,0.9999987
0,0,2.7206027e-06
0,0,0.0006621885
1,1,0.99999547
1,1,0.9999981
1,1,0.99999726
0,0,1.0495108e-06
1,0,3.86072e-06
1,1,0.9999933
1,1,0.99999833
1,0,0.37364885
1,1,0.99999607
1,1,0.99999857
1,1,0.99999833
1,1,0.99999547
0,1,0.9999832
0,1,0.999997
1,1,0.99999535
1,1,0.9999964
1,1,0.99999845
0,0,1.0047069e-06
1,1,0.99999774
1,1,0.9999938
1,1,0.99999714
1,1,0.9999968
1,1,0.99999845
1,1,0.99999785
1,1,0.9999913
1,1,0.9999982
1,1,0.99981123
1,1,0.9999969
1,1,0.99999845
1,1,0.9999974
1,1,0.99999666
1,1,0.99999714
0,1,0.99999726
1,1,0.9999981
1,1,0.99999833
1,1,0.99999774
1,1,0.9999987
1,1,0.99999785
0,1,0.99934465
1,1,0.9999981
1,1,0.99999845
1,1,0.9999987
1,1,0.99999726
1,1,0.9999982
1,1,0.99999857
1,1,0.99999785
1,1,0.9999981
1,1,0.9999732
1,1,0.99999857
1,1,0.99999857
1,1,0.99999785
1,1,0.99999666
1,1,0.9999982
1,1,0.99999833
1,1,0.99999857
0,1,0.8871291
1,1,0.99999774
1,1,0.9999964
1,1,0.99999213
1,1,0.99999845
1,1,0.9999957
1,1,0.99999714
1,1,0.9999982
1,1,0.9999976
1,1,0.9999975
1,1,0.9997205
1,1,0.99999774
1,1,0.99999845
1,1,0.99999845
1,1,0.9999918
1,0,8.1901335e-06
1,1,0.99967194
1,1,0.9999988
1,1,0.9999964
1,1,0.9999982
0,1,0.55460495
1,1,0.99999416
1,1,0.99999726
1,1,0.99999833
1,1,0.99999845
1,0,3.431689e-05
1,1,0.999998
1,1,0.999998
1,1,0.9999968
1,1,0.9999541
1,1,0.999998
1,1,0.9999982
1,1,0.9999981
1,1,0.99999845
1,1,0.99999774
0,0,2.8359452e-06
1,1,0.99999833
0,0,2.0017349e-06
1,1,0.9999802
1,1,0.99999845
1,1,0.99999607
1,1,0.99999845
1,1,0.9999981
0,0,1.8874559e-06
1,1,0.9999981
1,1,0.9999976
1,1,0.9999981
1,1,0.9999975
1,1,0.9999989
1,1,0.99999464
1,1,0.99999833
1,1,0.9999982
1,1,0.9999982
1,1,0.9999975
1,1,0.9999956
1,1,0.99999857
1,1,0.99999774
1,1,0.99999774
1,1,0.99999785
1,1,0.9999981
1,1,0.9999981
1,1,0.9999981
1,1,0.9999987
1,1,0.99999774
1,1,0.9999982
1,1,0.9999988
1,1,0.9999932
0,1,0.5191079
1,1,0.99999857
0,0,1.2650463e-06
1,1,0.9999968
1,1,0.9999982
1,1,0.99999833
1,1,0.99999845
1,1,0.9999963
1,1,0.94478405
0,0,2.1079895e-06
0,0,1.2860247e-06
1,1,0.9999982
0,1,0.7778265
0,0,2.2725537e-06
1,1,0.9999982
1,1,0.9999968
1,1,0.9999981
1,1,0.9999982
1,1,0.9999981
1,1,0.9999933
1,1,0.9999975
1,1,0.99999666
1,1,0.99999857
1,1,0.9999887
1,1,0.9999981
1,1,0.99999785
1,1,0.89896315
1,1,0.999998
0,0,4.2946867e-06
1,1,0.9999939
1,1,0.9999982
1,1,0.99999833
1,1,0.99999726
1,1,0.9999982
0,1,0.9999664
1,1,0.9999987
1,1,0.9999982
1,1,0.9999943
1,1,0.9999459
1,1,0.99999774
1,1,0.9999957
1,1,0.9999982
1,1,0.99999595
0,0,0.0007336679
1,1,0.9999968
1,1,0.9996704
1,1,0.9999982
1,1,0.99999845
0,0,4.9443956e-05
1,1,0.99999785
1,1,0.99999666
1,1,0.9999981
1,1,0.9999974
1,1,0.9999963
1,1,0.9999981
1,0,3.3940837e-06
1,1,0.9999974
1,1,0.9999988
1,1,0.99999857
1,1,0.99995506
1,1,0.99999666
1,1,0.99997544
1,1,0.9999975
1,1,0.99999845
0,0,5.381286e-06
1,1,0.99999857
1,1,0.99999857
0,0,0.05683807
1,1,0.9999956
1,1,0.99999845
1,1,0.9999981
1,1,0.99999833
1,1,0.9999969
0,0,1.4390464e-06
1,1,0.9999981
1,1,0.9999981
1,1,0.9998374
1,1,0.999997
1,1,0.9999975
1,1,0.99999833
1,1,0.9999981
1,1,0.99999857
1,1,0.9999987
1,1,0.9999987
1,1,0.9999981
1,1,0.99999833
1,1,0.9999982
1,1,0.9999982
1,1,0.99999845
1,1,0.99999833
1,1,0.999998
1,1,0.99999714
1,1,0.9999056
1,1,0.97106487
1,1,0.9999957
1,1,0.99999785
0,0,3.8244394e-05
1,1,0.9999951
1,1,0.99999774
1,1,0.9999982
1,1,0.9999981
1,1,0.9999981
0,0,1.785638e-06
1,1,0.99999845
1,1,0.9999982
1,1,0.970587
0,0,1.6726372e-06
1,1,0.99999666
1,1,0.99999833
1,1,0.9999951
1,1,0.999998
1,1,0.99999654
0,0,1.5493726e-05
1,1,0.9999975
1,1,0.99999857
1,1,0.99999833
1,1,0.999995
1,1,0.9999987
1,1,0.99999356
1,1,0.9999882
1,1,0.99999857
1,1,0.99999714
1,1,0.99999857
1,1,0.99999845
1,1,0.99999416
1,1,0.9999962
1,1,0.9999981
1,1,0.9999949
1,1,0.99999714
1,1,0.9999981
0,0,0.00050094
1,1,0.99999833
1,1,0.99999666
1,1,0.99999785
1,1,0.99999857
1,1,0.9999602
1,1,0.99999785
0,1,0.5239874
0,0,2.9296727e-05
1,1,0.9999963
1,0,8.385487e-05
1,1,0.99999714
0,1,0.9999963
1,1,0.99999714
1,1,0.99999833
1,0,0.015308784
1,1,0.999998
1,1,0.99999654
1,1,0.99999833
1,1,0.99999607
1,1,0.99957186
1,1,0.99999774
1,1,0.9999987
1,1,0.99992263
1,1,0.57263076
1,1,0.9999845
1,1,0.9999974
0,0,1.2883552e-05
1,1,0.99999475
1,1,0.99999654
1,1,0.99999833
1,1,0.99999845
1,1,0.99999833
0,0,1.1881825e-06
1,1,0.99999833
1,1,0.9999981
1,1,0.99999785
0,0,1.457842e-06
1,1,0.9999987
1,1,0.999997
1,1,0.9999988
0,0,1.4934571e-06
0,0,1.2042057e-06
1,1,0.99999845
0,0,1.2018273e-06
1,1,0.99999285
1,1,0.9999975
1,1,0.999998
1,1,0.9999963
1,1,0.99999845
1,1,0.9999975
1,1,0.9999987
1,1,0.99997246
1,1,0.999995
0,0,1.5561504e-06
1,1,0.99999833
1,1,0.9999988
1,1,0.97472066
1,1,0.9999981
1,1,0.99999833
1,0,1.1648021e-06
1,1,0.9999982
0,1,0.999948
1,1,0.99999785
1,1,0.9999981
1,1,0.99999654
1,0,0.4101161
1,1,0.99999857
1,1,0.9999981
1,1,0.99999857
1,1,0.9999982
1,1,0.99999833
1,0,2.357036e-06
1,1,0.999998
1,1,0.9999976
1,0,0.008314419
1,1,0.9999987
1,1,0.9999924
1,1,0.9976713
1,1,0.999997
0,1,0.9999745
1,1,0.99999833
1,1,0.9999981
1,1,0.9999969
0,1,0.9999944
1,1,0.99999666
1,1,0.9999987
1,0,0.23769762
1,1,0.99994326
1,1,0.99999833
1,1,0.999998
0,0,1.2070249e-06
1,1,0.999998
1,1,0.9999987
1,1,0.9999982
1,1,0.99999845
1,1,0.9999974
1,1,0.99999833
1,1,0.9999957
1,1,0.999998
1,1,0.9999958
1,1,0.99999416
1,1,0.9999964
1,1,0.99999785
1,1,0.99998796
1,1,0.99999607
1,0,3.0305477e-05
1,1,0.999998
1,1,0.99982697
1,1,0.999998
1,0,0.07578457
1,1,0.99925023
0,0,1.0867739e-06
1,1,0.99999774
1,1,0.9999968
1,1,0.9999963
1,1,0.99999785
1,1,0.99999774
0,1,0.9999956
1,1,0.9999963
1,1,0.9999964
1,0,1.3407877e-06
1,1,0.9997987
1,0,0.17325962
1,1,0.999998
1,1,0.99998546
1,1,0.999997
1,1,0.9958079
1,1,0.999998
1,1,0.9999964
1,1,0.9999976
1,1,0.99999774
1,1,0.99999833
1,1,0.9999987
0,1,0.99833614
0,0,0.053960465
1,1,0.999998
1,1,0.9999987
0,0,2.6989113e-05
1,1,0.9999981
1,1,0.99999595
1,1,0.9999976
0,1,0.99999774
1,1,0.9999763
1,1,0.99999726
1,1,0.99999833
1,1,0.99999845
1,1,0.99999833
1,1,0.99999833
1,1,0.999985
1,1,0.9999988
0,0,6.9516677e-06
1,1,0.9999857
1,1,0.99999845
1,1,0.999998
1,1,0.9999976
1,0,3.7867476e-06
1,1,0.9999987
1,1,0.99999344
1,1,0.9999976
1,1,0.99999845
0,0,1.5826504e-06
1,1,0.99999785
0,0,1.1505907e-06
1,1,0.99999833
0,1,0.99999654
0,0,1.2250217e-06
1,1,0.99999714
1,0,6.0580687e-06
1,1,0.9999988
1,1,0.99999714
1,1,0.99999833
1,1,0.9999982
0,1,0.9999956
1,0,3.5743478e-06
1,1,0.999997
1,1,0.9999975
1,1,0.99999857
1,1,0.99999845
1,1,0.99999857
1,1,0.99999857
0,1,0.923672
0,0,1.1614518e-05
1,1,0.9999982
0,0,2.1814228e-06
1,1,0.9999958
1,1,0.99999774
1,1,0.9999982
1,1,0.999998
1,1,0.99999666
1,1,0.9999975
1,1,0.99999785
1,1,0.9999981
1,1,0.99999666
1,1,0.99999714
0,0,1.0762268e-06
1,1,0.999997
1,1,0.99999845
1,1,0.9999745
1,1,0.86386025
1,1,0.9999982
1,1,0.99999666
1,1,0.99999297
1,1,0.9999976
1,1,0.8538355
1,1,0.999997
1,1,0.9999988
1,1,0.999998
1,1,0.9999975
1,1,0.9999981
0,0,1.1637968e-05
1,1,0.9777919
1,1,0.999998
1,1,0.999997
1,1,0.99999857
1,1,0.9999963
1,1,0.9999981
1,1,0.99999785
1,1,0.99999857
0,0,0.014985088
0,0,3.0780777e-06
1,1,0.99999857
1,1,0.9999974
1,1,0.9999951
0,0,2.3861352e-05
1,1,0.99948174
1,1,0.99999774
1,1,0.99999857
1,1,0.99998474
1,0,0.0015269245
1,0,6.515224e-05
1,1,0.9999981
1,1,0.99999833
1,1,0.9999975
1,1,0.99999833
1,1,0.9999982
0,0,1.7172774e-06
1,1,0.99999833
1,1,0.99999654
1,1,0.9999975
1,1,0.9999975
1,1,0.9999931
1,1,0.9999969
1,1,0.9999933
0,0,1.1739311e-06
1,1,0.9999987
1,1,0.9998927
1,1,0.99999833
1,1,0.99999774
1,1,0.99999857
0,0,0.001090056
1,1,0.99999714
1,1,0.9999964
1,0,7.923819e-06
1,1,0.9999925
1,1,0.9999982
1,1,0.99999595
0,0,9.574078e-07
0,1,0.999997
1,1,0.9999981
1,1,0.99999726
1,1,0.9999963
1,1,0.9999976
1,1,0.99999785
1,0,0.3357178
1,1,0.9999974
1,1,0.9999976
1,1,0.9999931
1,1,0.9999958
1,1,0.99999714
1,1,0.9999981
1,1,0.9999436
1,1,0.9999298
0,0,0.00015576625
1,1,0.99999547
1,1,0.9999682
1,1,0.99999607
1,0,6.166834e-06
1,1,0.99999654
1,1,0.99999845
1,1,0.9999927
1,1,0.99999857
1,1,0.9999944
1,1,0.9999988
1,1,0.9999988
1,1,0.9999975
1,1,0.999998
1,1,0.9999963
1,1,0.99999833
1,1,0.99999726
1,1,0.99999595
1,1,0.99999857
1,0,3.672465e-05
1,1,0.9999962
1,1,0.99999857
1,1,0.99999845
1,1,0.99999714
1,1,0.99999845
1,1,0.99966586
1,1,0.9999988
0,0,4.630581e-06
1,1,0.99985707
1,1,0.9999981
1,1,0.878397
1,1,0.99999857
1,1,0.99818736
1,1,0.9999901
1,1,0.99999845
1,1,0.9999982
1,1,0.999961
0,0,5.9789204e-06
1,1,0.9998816
1,1,0.9999987
1,1,0.99999845
1,1,0.99999845
0,1,0.99990714
1,1,0.9999981
1,1,0.99999833
1,1,0.9999975
1,1,0.99979347
1,1,0.9999987
1,1,0.99999845
0,1,0.9999969
1,1,0.99999774
1,1,0.9999974
1,1,0.9999981
1,1,0.9999893
0,0,2.2653163e-05
1,0,0.18046792
1,1,0.9945426
1,1,0.99999785
0,0,1.230849e-06
1,1,0.9999902
1,1,0.9999982
1,1,0.9999981
0,0,3.8100904e-06
0,0,5.977991e-06
1,1,0.9999987
1,1,0.99999857
0,0,1.2153577e-05
1,0,0.197259
1,1,0.99999714
1,1,0.9999981
0,0,2.1509632e-05
1,1,0.99999785
1,0,2.0119407e-05
1,1,0.9999981
0,0,1.2446193e-06
1,1,0.9999981
0,0,1.1597131e-05
1,1,0.999997
1,1,0.9999976
1,1,0.9999982
1,1,0.9999987
1,1,0.99999857
1,1,0.9999982
1,1,0.99999833
1,1,0.99999774
1,0,3.2608789e-06
1,1,0.9999981
0,1,0.99996924
0,0,1.5129563e-06
0,1,0.9979346
1,0,1.7647523e-06
1,1,0.9999882
1,1,0.99999845
1,1,0.99999714
1,1,0.99994516
1,0,2.1299375e-06
1,1,0.9999976
0,0,0.0013431886
1,1,0.99999726
1,1,0.99998355
1,1,0.99999833
1,1,0.9999987
1,1,0.99999857
1,1,0.99999857
0,1,0.69839674
1,1,0.99999607
0,0,0.43607715
1,1,0.99988174
1,1,0.990283
0,0,2.8255517e-06
1,1,0.99999845
1,1,0.9999987
1,1,0.99999845
1,1,0.99999523
1,1,0.9999987
1,1,0.99999833
1,1,0.9999187
1,1,0.99994636
1,1,0.9999982
1,1,0.9999981
1,1,0.99999833
0,0,3.9077563e-06
1,1,0.9999988
1,1,0.9999976
1,1,0.9969854
1,1,0.9999987
1,1,0.9999982
1,1,0.9999982
1,0,0.16722248
1,1,0.9999974
1,1,0.99999845
0,0,0.41100124
1,1,0.9999988
0,1,0.998816
0,0,1.4832024e-06
1,1,0.999997
1,1,0.99999464
1,1,0.99999845
1,0,7.314689e-06
1,1,0.9999895
1,1,0.9999974
1,0,7.2120034e-05
1,1,0.9999981
1,1,0.99999714
1,1,0.9999932
0,0,2.425723e-06
1,1,0.99999785
1,1,0.9999987
0,1,0.988818
1,1,0.99999785
1,1,0.99999833
0,1,0.9999716
1,1,0.99999857
1,1,0.9999987
1,1,0.99999666
1,1,0.9999981
1,0,6.798619e-05
1,1,0.99999845
1,1,0.9999976
1,1,0.99999774
1,1,0.9999956
1,1,0.9999962
1,1,0.9999974
1,1,0.9999969
1,1,0.9999988
1,1,0.9999981
1,1,0.9999931
1,1,0.9433855
1,1,0.99999726
1,0,0.00018048468
1,1,0.99999857
1,1,0.9999976
1,1,0.9999987
1,1,0.9999962
1,1,0.99999416
1,1,0.9999976
0,0,0.0005765189
1,1,0.99999845
1,1,0.9999982
0,0,3.004304e-06
1,1,0.9999981
1,1,0.9999987
1,1,0.99999845
0,0,1.2400118e-06
1,1,0.99999726
1,1,0.9999976
1,1,0.9999987
1,1,0.99999857
0,0,0.00012576491
1,1,0.99999845
1,1,0.99999785
1,1,0.9999949
1,1,0.99999857
1,0,0.00074262574
1,1,0.9999968
1,1,0.9999982
1,1,0.9999305
1,1,0.99999714
1,1,0.99999464
0,1,0.9999964
1,1,0.99999774
1,1,0.99999857
1,1,0.99999774
1,1,0.99999547
1,1,0.9999958
0,0,9.76129e-07
1,1,0.9999981
1,1,0.9999958
1,1,0.9999982
0,0,4.2842557e-06
1,1,0.99996364
1,1,0.9999982
1,1,0.99998796
1,1,0.9999976
1,1,0.9999958
1,1,0.9999938
1,1,0.99999857
1,1,0.99999785
1,1,0.9999987
0,1,0.99999726
0,0,7.2437006e-06
1,1,0.99307775
1,1,0.99999666
1,1,0.9999925
0,1,0.9999907
1,1,0.9999976
1,1,0.99999857
1,1,0.99997306
1,1,0.99999785
0,0,9.4959125e-07
1,1,0.9999976
1,1,0.5595268
1,1,0.9999931
0,0,2.2180013e-06
1,1,0.9997019
1,1,0.9999982
1,1,0.9999964
1,1,0.9999988
1,1,0.9999982
1,1,0.9999974
0,1,0.999718
1,1,0.99999845
1,1,0.99999714
1,1,0.9999988
1,1,0.99999845
1,1,0.99999833
1,1,0.99999726
1,1,0.99999857
1,1,0.99999726
1,1,0.9999969
1,0,5.2037376e-06
1,1,0.9997968
1,1,0.999943
1,1,0.9999982
1,1,0.99999845
1,1,0.9999968
1,1,0.99999833
0,0,1.1186335e-05
1,1,0.99999833
1,1,0.9999963
1,1,0.99999464
1,1,0.99999833
1,1,0.99999774
1,1,0.9999846
0,0,1.2886508e-06
1,1,0.99999225
1,1,0.99999833
1,1,0.9999982
1,1,0.99999845
1,1,0.9999957
1,1,0.9989673
1,1,0.999998
1,1,0.99999857
1,1,0.5576633
1,1,0.999998
1,1,0.99999857
1,1,0.99999595
1,1,0.99999785
1,1,0.9999981
1,1,0.9999982
1,1,0.99999726
1,1,0.99999857
1,1,0.9999956
1,1,0.999998
1,1,0.99999845
1,1,0.9999982
0,1,0.9999832
1,1,0.9999981
1,1,0.99999726
1,1,0.9999931
1,1,0.99999344
1,1,0.9999987
1,1,0.9999975
1,1,0.9999975
1,1,0.9999981
1,1,0.99999654
1,1,0.9999981
1,1,0.99321294
1,1,0.99999774
1,1,0.99999774
1,1,0.99999654
1,1,0.99999654
1,1,0.9999975
1,1,0.999995
1,1,0.99999666
1,1,0.9999988
1,1,0.99999714
1,1,0.99999785
1,1,0.9999974
1,1,0.99999833
1,1,0.99999785
1,1,0.9999981
1,1,0.9999957
1,1,0.999985
1,1,0.99999785
1,1,0.99999857
1,1,0.99999094
1,1,0.9999981
1,1,0.9999927
1,1,0.9999908
1,1,0.99999845
1,1,0.99999774
1,1,0.9999968
1,1,0.99999857
1,1,0.999998
1,1,0.999998
1,1,0.99999857
1,1,0.9999975
1,1,0.99999714
1,1,0.9999987
1,1,0.999997
1,1,0.9999975
1,0,1.6969079e-06
1,1,0.99999595
1,1,0.9999981
1,1,0.999997
1,1,0.99998343
1,1,0.99999535
0,0,1.3882941e-06
1,1,0.99999595
1,1,0.9999974
1,1,0.99999845
1,1,0.99999714
1,1,0.99999845
1,1,0.99999666
1,1,0.99999857
1,1,0.999998
0,0,3.4003524e-06
1,1,0.99999857
1,1,0.999998
1,1,0.99999857
1,0,0.003462976
1,0,2.8852e-05
1,1,0.68083113
1,1,0.9999964
1,1,0.99999845
1,0,3.2465184e-06
1,1,0.99999714
1,1,0.9999963
1,1,0.99999595
1,1,0.9999987
1,1,0.999998
1,1,0.9999958
1,1,0.9999937
1,1,0.9999982
1,1,0.9999987
1,1,0.9999981
1,1,0.9997255
0,1,0.99995506
1,1,0.9999981
1,1,0.99999833
1,0,1.2153077e-06
1,1,0.9999981
1,1,0.9999969
1,0,0.0023796558
1,1,0.99999785
1,1,0.9973572
1,1,0.99999523
1,1,0.9999969
1,1,0.9999981
1,1,0.99999857
1,1,0.99999857
1,1,0.9999938
1,1,0.9999976
1,1,0.9999987
1,1,0.99999845
1,1,0.99999046
1,1,0.99999845
1,1,0.9999963
1,1,0.99999857
1,1,0.999998
1,1,0.9999974
1,1,0.9999982
0,0,1.596474e-06
1,1,0.99999833
0,0,1.9739473e-06
1,1,0.9999981
1,1,0.9999964
1,1,0.99999845
1,1,0.99823284
1,1,0.99999833
1,1,0.99999857
1,1,0.9999964
0,0,9.932403e-07
1,1,0.99489707
1,1,0.99999714
1,1,0.999998
1,1,0.9999987
1,1,0.99999833
1,1,0.9999913
1,1,0.99999845
1,1,0.9999982
1,1,0.9999974
1,1,0.99998736
1,1,0.9999981
1,1,0.9999988
1,1,0.99999774
1,1,0.9999982
1,1,0.999998
1,1,0.9999981
1,1,0.9999982
1,1,0.9999982
1,1,0.99999726
1,1,0.9999969
1,1,0.9999987
0,0,1.037435e-05
1,1,0.9999981
1,1,0.99999046
1,1,0.99999297
1,1,0.99999785
1,1,0.99999774
1,1,0.99999857
1,1,0.9999982
1,1,0.99999833
1,1,0.9999982
1,1,0.9999131
1,1,0.99999774
1,1,0.9999976
0,0,9.213555e-07
1,1,0.99992895
0,0,7.4374348e-06
1,1,0.99999726
1,1,0.99999774
1,1,0.99983096
1,1,0.9999846
1,1,0.999998
1,1,0.9999981
1,1,0.99998426
1,1,0.999995
1,1,0.99999833
1,1,0.9999982
1,1,0.99996674
1,1,0.9999374
0,0,1.9632241e-06
1,1,0.99999833
1,1,0.9999987
1,0,0.030959334
1,1,0.99997866
0,1,0.9999982
1,1,0.9998117
1,1,0.99999845
0,0,1.3271032e-06
1,1,0.99999774
1,1,0.9999975
1,1,0.9999981
0,0,0.00848213
0,0,1.2607165e-06
1,1,0.9998708
1,1,0.9999969
1,1,0.9999987
0,0,0.00019102123
1,1,0.99999833
1,1,0.9999982
1,1,0.9999981
1,1,0.9999968
1,1,0.999998
1,1,0.99994946
1,1,0.9999939
1,1,0.9999957
1,1,0.9999982
1,1,0.9936051
1,0,0.00010248517
1,1,0.9999987
1,1,0.9997218
1,1,0.99999726
0,0,3.6211438e-06
1,1,0.99999785
1,1,0.99999726
1,1,0.99999595
1,1,0.99999833
1,1,0.9999975
1,1,0.9999976
1,1,0.999998
0,0,1.0098961e-06
1,1,0.9999949
1,1,0.9999665
1,1,0.99999833
1,1,0.99999845
0,0,1.2208046e-06
1,1,0.999998
1,0,1.1408488e-06
1,1,0.99999833
0,0,3.4597677e-05
1,1,0.8519348
1,1,0.9040064
1,0,1.3787113e-06
1,1,0.9999976
1,1,0.99999857
0,0,1.0275031e-06
1,1,0.99999857
1,1,0.9999938
1,1,0.99999774
1,1,0.999998
1,1,0.99999785
1,1,0.99999845
1,1,0.99999845
0,0,3.344192e-06
1,1,0.99999726
1,1,0.999982
1,1,0.9999951
1,1,0.9999987
1,1,0.99999845
1,1,0.9999951
1,1,0.99999464
1,1,0.99999785
1,0,0.2640886
1,0,0.00013961372
0,1,0.999181
1,1,0.9999975
1,1,0.9999988
1,1,0.9999969
0,0,1.347881e-06
1,1,0.9999987
1,1,0.99999774
1,1,0.9999974
1,1,0.999998
1,1,0.9999974
1,1,0.9999981
1,1,0.99999857
1,1,0.9999982
1,1,0.9999982
1,1,0.99808794
0,0,4.968649e-06
1,1,0.99999857
1,1,0.9999982
1,1,0.9999987
1,1,0.9999958
1,1,0.9999987
1,1,0.9999938
1,1,0.9999981
0,0,1.2724416e-06
1,1,0.99999857
1,1,0.9999957
0,0,2.3864263e-06
1,1,0.9999976
1,1,0.99999845
0,0,1.0015269e-06
1,1,0.99999857
1,1,0.9999964
0,0,0.21359073
1,1,0.9999987
1,1,0.9999981
1,1,0.9999969
1,1,0.9999982
0,0,0.0012030676
1,1,0.99999833
0,1,0.9860584
1,1,0.9999963
1,1,0.9999976
1,1,0.99999726
1,1,0.9999981
1,1,0.9999889
1,1,0.99999857
1,1,0.9999981
0,0,0.00021148332
1,1,0.99999785
0,1,0.9999479
1,1,0.9999975
1,1,0.9999981
1,1,0.9999976
1,1,0.99999845
1,1,0.999998
1,1,0.99999785
1,1,0.99999714
1,1,0.99999845
1,1,0.99999785
1,1,0.9999974
0,0,9.127379e-05
1,1,0.9999976
1,1,0.99999857
1,1,0.9999982
1,1,0.99999607
1,1,0.99999547
1,1,0.99998784
0,1,0.9999944
1,1,0.99999774
1,1,0.9999982
1,1,0.9999964
0,0,5.672597e-05
1,1,0.999998
1,1,0.9999976
0,1,0.99998593
1,1,0.99999833
1,1,0.99999857
1,1,0.9999981
1,1,0.9999987
1,1,0.99999833
1,1,0.9999665
0,1,0.99998116
1,1,0.9999962
1,1,0.999998
1,1,0.9999969
1,1,0.99999857
1,1,0.9999932
1,1,0.9999988
1,1,0.9999975
1,1,0.999997
1,1,0.99999774
1,1,0.99999785
1,1,0.99999785
0,0,1.721034e-05
1,1,0.999998
1,1,0.99856645
1,1,0.9999982
1,1,0.9999982
1,0,5.9957815e-06
1,1,0.999998
1,1,0.9999957
1,1,0.9999981
1,1,0.99999857
1,1,0.9999974
1,1,0.99999845
1,1,0.99999845
1,1,0.99999595
1,1,0.99999833
1,1,0.9999988
1,1,0.99995506
1,1,0.999997
1,1,0.99999785
1,1,0.9999968
1,1,0.9999945
1,1,0.99697185
1,1,0.99999833
1,1,0.99999833
1,1,0.9999982
0,0,1.719393e-06
1,1,0.9999982
1,1,0.99999774
1,1,0.99999857
0,0,0.056667924
1,1,0.99150145
1,1,0.99999845
1,1,0.9999974
1,1,0.99999845
1,1,0.99999845
0,1,0.99443275
0,0,4.7122926e-06
1,1,0.99999857
1,1,0.99999845
1,1,0.99999595
1,1,0.99999833
1,1,0.99999857
1,1,0.9999987
1,1,0.99999714
1,1,0.9999938
1,1,0.99999785
1,0,1.8580519e-06
1,1,0.99999785
1,1,0.9989857
1,1,0.9999927
0,0,2.4157432e-06
1,1,0.9999981
1,1,0.9999974
1,1,0.9999974
1,1,0.9999782
1,1,0.9999974
1,1,0.99999547
1,1,0.95449317
1,1,0.99999726
1,1,0.9999968
1,1,0.99999833
0,1,0.99998033
1,1,0.99999857
1,1,0.9999988
1,1,0.99999726
1,1,0.9999982
0,0,0.03643005
1,1,0.99999857
1,1,0.99960274
1,1,0.9999981
1,1,0.99999666
1,1,0.99999833
1,1,0.9999981
1,1,0.999998
1,1,0.9999968
1,1,0.9999858
1,1,0.9999982
1,1,0.99999845
1,1,0.99999845
1,1,0.9999982
1,0,0.023524135
1,1,0.9999956
1,1,0.9999987
1,1,0.9999981
1,1,0.99999666
1,1,0.9999981
1,0,0.0111204665
1,1,0.9999975
1,1,0.9999968
1,1,0.999998
1,1,0.99999833
0,0,0.40406585
1,1,0.9999981
1,1,0.99999774
1,1,0.9999987
1,1,0.99999785
1,1,0.99999845
0,0,1.0874135e-06
1,1,0.9999968
1,1,0.9999981
1,1,0.9999975
0,1,0.9999894
0,0,0.001734558
1,1,0.9999976
0,0,1.1028189e-06
1,1,0.99971086
1,1,0.9999982
1,1,0.99999857
0,1,0.9999912
1,1,0.9999982
1,1,0.99999845
1,1,0.9999931
0,0,1.0639501e-06
0,0,2.5747174e-06
1,1,0.999998
1,1,0.99999595
1,1,0.99999726
1,1,0.99999833
1,1,0.99999845
1,1,0.9999981
1,1,0.99999785
1,1,0.99999857
1,1,0.999995
1,1,0.99999845
1,1,0.99999857
1,1,0.99999774
1,1,0.999998
1,1,0.9999968
1,1,0.9999982
0,0,1.3574983e-06
0,0,1.366256e-06
1,1,0.9997795
1,1,0.99999726
1,1,0.99999857
1,1,0.99999785
1,0,2.8582751e-06
1,1,0.9999968
1,1,0.9999982
0,1,0.99858344
1,1,0.9999976
1,1,0.99999833
1,1,0.9999987
1,1,0.9999285
1,1,0.9999987
1,1,0.9999982
1,0,0.27890247
1,1,0.999998
1,1,0.9999944
1,1,0.99999726
1,1,0.99999607
0,1,0.9990416
1,1,0.99985385
0,0,1.6957245e-05
0,0,0.000120080826
1,1,0.9999975
1,1,0.9999976
1,1,0.9999943
1,1,0.999998
1,1,0.99999845
1,1,0.999998
1,1,0.99999785
0,0,1.9834467e-06
1,1,0.9999976
1,1,0.9999975
0,1,0.99015766
1,1,0.99999475
1,1,0.99999857
0,0,1.9768295e-06
1,1,0.9999956
1,1,0.99999845
1,1,0.99999857
1,1,0.99999785
1,1,0.999998
1,1,0.9999964
1,1,0.9999982
1,1,0.99956375
0,1,0.99997103
1,1,0.99999833
0,0,1.639122e-06
1,1,0.999998
1,1,0.99999404
1,1,0.9999963
1,0,0.0038739298
1,1,0.9999962
1,1,0.9999331
0,0,7.031318e-05
1,1,0.99999857
1,1,0.999998
1,1,0.9999987
1,1,0.99999595
1,1,0.9999981
0,0,5.8782884e-06
1,0,0.024209982
1,1,0.99999845
1,1,0.99999845
1,1,0.99999726
1,1,0.99999785
1,1,0.9999976
1,1,0.99999833
0,1,0.999982
1,1,0.99999833
0,0,0.027688975
1,1,0.9999969
0,0,3.0460606e-06
1,1,0.99999857
1,1,0.9883782
1,1,0.99999785
1,1,0.9999981
1,1,0.99999726
1,1,0.99997914
1,1,0.99999845
1,1,0.6075303
1,1,0.9999988
1,1,0.99982136
1,1,0.93150574
1,1,0.9999981
1,1,0.99999785
1,1,0.99999833
1,1,0.99999774
1,1,0.9999987
1,1,0.99999845
1,1,0.999997
1,1,0.9999981
1,0,0.00028870662
1,1,0.9999974
1,1,0.99999857
1,1,0.9885577
1,1,0.9999987
1,1,0.9999976
1,1,0.9999982
1,1,0.99999833
1,1,0.9999684
1,0,0.0003965981
1,1,0.99993813
1,1,0.999998
1,1,0.9959007
1,1,0.9857863
0,0,1.5172477e-06
1,1,0.99999607
1,1,0.9999987
1,1,0.99994457
1,1,0.9999976
1,1,0.9999982
1,1,0.99999714
1,1,0.9999987
1,0,0.043841
0,0,3.75801e-06
1,1,0.99999857
1,1,0.99999833
1,1,0.95558745
1,1,0.99999726
1,1,0.99999833
1,1,0.99999833
1,1,0.99996316
1,1,0.99999833
1,1,0.999997
1,1,0.99999654
1,1,0.9999968
1,1,0.99999785
1,1,0.99999833
1,1,0.999998
1,1,0.999998
1,1,0.9999974
1,1,0.99999833
1,1,0.99999774
1,1,0.99999034
1,1,0.9999925
1,1,0.9999962
1,1,0.99999774
1,1,0.999998
0,0,1.6994798e-06
1,1,0.9999956
0,0,0.10674897
1,1,0.99999833
1,1,0.99999857
1,1,0.9999982
1,1,0.9999987
0,0,0.0001795148
0,0,0.0025740357
1,1,0.9999981
1,1,0.99999666
1,1,0.99999857
1,1,0.99999535
1,1,0.99999833
1,1,0.9999976
1,1,0.9860204
1,1,0.99999845
1,1,0.9999968
1,1,0.999997
1,0,2.176691e-06
1,1,0.98856086
1,0,0.4697591
1,1,0.9999987
0,0,1.2967421e-05
0,1,0.9999676
1,1,0.99999845
1,1,0.99999654
0,1,0.9992022
1,1,0.99999845
1,1,0.99999654
1,1,0.99999714
1,1,0.9999988
1,1,0.99999845
1,1,0.99999833
1,1,0.9999801
1,1,0.999998
1,1,0.9999975
1,1,0.9999974
1,1,0.99999785
1,1,0.999998
1,1,0.99999774
1,1,0.9999924
1,1,0.9999616
1,1,0.9999976
1,1,0.9999981
1,1,0.99999785
0,0,1.3173873e-06
1,1,0.99999857
1,1,0.99999213
1,1,0.9999982
1,1,0.99999726
1,1,0.99999416
1,1,0.9999964
1,1,0.9855025
1,1,0.99999857
1,1,0.99189925
1,0,1.2124241e-06
1,1,0.99999654
1,0,1.0007268e-06
1,1,0.999998
1,1,0.9999963
0,0,2.4800001e-06
1,1,0.9999976
1,1,0.99999845
1,1,0.999998
1,1,0.99999785
1,1,0.99999857
0,0,1.4548684e-06
1,1,0.9999974
0,0,1.355064e-06
1,1,0.99999833
0,0,1.8816185e-06
0,0,1.0510785e-06
1,1,0.9999876
1,1,0.9999938
1,1,0.9999982
1,1,0.99999845
1,1,0.99999774
1,1,0.9999974
1,1,0.99999714
1,1,0.9999975
1,1,0.9999982
1,1,0.9999871
1,1,0.99998534
1,0,0.00020744748
1,1,0.99999774
1,1,0.9999982
1,1,0.9999982
1,1,0.99999845
0,0,1.1866074e-06
1,1,0.99999654
1,1,0.99999845
1,1,0.9999974
0,0,7.534397e-06
1,1,0.99999845
1,1,0.999998
1,1,0.9999988
1,1,0.99999857
1,1,0.99999833
1,1,0.99999857
1,1,0.99999547
1,1,0.9999988
1,1,0.99999833
1,1,0.99999833
0,0,0.0008066392
0,0,3.8455408e-05
1,0,5.1703573e-06
1,1,0.9999821
1,1,0.9999975
1,1,0.9999988
1,1,0.99999833
1,1,0.99999845
0,0,1.0624009e-06
0,0,1.3386386e-06
0,0,2.1790755e-05
1,1,0.9999964
1,1,0.9999981
1,1,0.99999785
1,1,0.9999956
1,1,0.99999857
1,1,0.99999595
1,0,0.40155944
1,1,0.99999785
1,1,0.9999987
1,1,0.9999956
1,1,0.9999987
1,1,0.9999975
1,1,0.9999987
1,1,0.999998
1,1,0.99999714
1,1,0.9999943
1,1,0.99999774
1,1,0.9999976
1,1,0.99996686
1,1,0.99999833
1,1,0.999997
1,1,0.9960821
1,1,0.99999535
1,0,1.9878607e-06
1,1,0.99976903
1,1,0.9999987
1,0,0.041766208
1,1,0.9999814
1,1,0.9999982
1,1,0.99999774
1,1,0.9999975
1,1,0.99999774
1,1,0.99999845
1,1,0.9999968
1,1,0.999998
0,1,0.99998856
1,1,0.99999857
1,1,0.99999857
1,1,0.9999939
1,1,0.99999833
0,0,1.694706e-05
1,0,6.341557e-06
1,1,0.99999833
1,1,0.99999785
1,1,0.99999845
1,1,0.99999857
0,0,1.150141e-06
1,1,0.99999714
0,1,0.99980766
1,1,0.999998
1,1,0.9999981
1,1,0.999998
0,0,3.359427e-06
1,1,0.99999833
0,0,2.101813e-06
1,1,0.99999857
1,1,0.99999464
1,1,0.9999982
1,1,0.9999982
1,1,0.9999982
1,1,0.99999833
1,1,0.9999982
1,1,0.999997
1,1,0.99999833
1,1,0.9999919
1,1,0.9999225
1,1,0.9999944
1,1,0.99999833
1,0,0.0011632075
1,1,0.99999833
1,1,0.99999857
0,1,0.9999881
1,1,0.99999857
1,1,0.99999785
1,1,0.9999982
1,1,0.99999857
1,1,0.99999845
1,1,0.99999845
1,1,0.99999607
1,1,0.99646866
1,1,0.99999845
1,1,0.9999982
0,1,0.99929535
1,1,0.9999981
1,1,0.99999845
1,0,0.00042568753
1,1,0.99998605
1,1,0.9999969
1,1,0.9999975
1,1,0.99999785
1,1,0.9999969
1,1,0.9999976
1,1,0.9999969
1,1,0.9999987
1,1,0.999995
1,1,0.99999857
1,0,2.5568464e-05
1,1,0.9993649
1,1,0.99999666
1,1,0.99999857
1,1,0.99999833
1,1,0.9999974
0,0,8.703641e-07
0,0,6.8521217e-06
1,1,0.99999523
1,1,0.99999726
0,1,0.99999607
1,1,0.9999987
1,1,0.99999857
1,1,0.9999981
1,1,0.99951196
1,0,2.056925e-06
1,1,0.999998
1,1,0.9999969
0,1,0.7594202
1,1,0.9999982
1,1,0.99921966
0,1,0.99968386
1,1,0.99999785
1,1,0.99999845
1,0,0.0035476307
1,1,0.99999857
1,1,0.9999976
0,1,0.9999914
1,1,0.99999785
1,1,0.99999857
1,1,0.9999981
1,1,0.9999964
1,1,0.99999833
1,1,0.99997854
1,1,0.9999976
1,1,0.9999981
1,1,0.9999987
1,1,0.99999774
1,1,0.99999523
1,1,0.99999416
1,1,0.999998
1,1,0.999998
1,1,0.9999982
1,1,0.99933296
1,0,2.0160498e-06
1,1,0.9999975
1,1,0.99999774
0,0,4.258466e-06
1,1,0.9999728
1,1,0.9999969
1,0,0.4151435
1,1,0.99999857
1,1,0.9993042
1,1,0.999998
1,1,0.99999845
1,1,0.99999857
1,1,0.99999833
1,1,0.99999654
1,1,0.99999857
1,1,0.99999774
1,1,0.99999785
1,1,0.99999833
1,1,0.99999845
1,1,0.9999968
0,0,1.910142e-06
0,0,1.3371241e-06
1,1,0.99999785
1,1,0.99999845
1,1,0.9999975
1,1,0.99993885
1,1,0.99999726
1,1,0.99999785
1,1,0.9999975
1,1,0.99974805
1,1,0.9999987
1,1,0.99999785
1,1,0.99999833
1,1,0.9999964
1,1,0.9999982
1,0,0.29909885
1,1,0.9999976
1,0,6.2998144e-05
1,1,0.9999987
1,1,0.999997
1,1,0.9999982
1,1,0.9999981
0,0,1.1365735e-06
0,0,5.8319206e-06
1,1,0.9999981
1,1,0.99999607
1,1,0.99999726
0,0,1.4833169e-06
1,0,3.852379e-05
0,1,0.9914942
1,1,0.999998
1,1,0.99999404
1,1,0.99999654
1,1,0.9999962
1,1,0.9999982
1,1,0.9999981
1,1,0.9999975
1,1,0.99999726
1,1,0.9999982
1,0,9.9691e-06
1,1,0.99761057
1,1,0.9999988
1,1,0.99999857
1,1,0.99999833
1,1,0.99999726
1,1,0.9999976
1,1,0.9999975
0,0,9.035193e-06
1,1,0.9999242
1,1,0.99999666
1,1,0.999998
1,1,0.999998
1,1,0.9999982
1,1,0.9999975
1,1,0.9999933
0,0,1.5138597e-06
1,1,0.9999982
1,1,0.9999969
1,1,0.9995436
1,1,0.9999981
1,1,0.9999945
1,1,0.999992
1,1,0.99999845
1,1,0.9999963
1,1,0.9999974
0,0,0.002024094
0,0,2.761831e-06
1,1,0.99999857
1,1,0.99999857
1,1,0.9999291
1,1,0.99998426
1,1,0.99998486
1,1,0.99999833
1,1,0.99999833
1,1,0.99999607
1,1,0.9999981
0,0,8.740751e-06
1,1,0.9999976
1,1,0.99999833
1,1,0.999992
1,1,0.9994161
1,1,0.999997
1,1,0.9999981
1,1,0.9999981
1,0,0.11726309
1,1,0.9999957
1,1,0.99995255
1,1,0.9999974
1,1,0.99999845
1,1,0.99999535
1,1,0.999998
1,1,0.9999981
1,1,0.99999845
1,1,0.9999975
0,0,3.2095707e-06
1,1,0.99999845
1,1,0.9999982
1,1,0.99999785
1,1,0.9999987
1,0,7.954293e-06
0,0,1.6569935e-05
1,1,0.99999845
0,0,1.2954636e-06
0,0,1.3982715e-06
0,1,0.99999547
1,1,0.9999988
1,1,0.99999714
1,1,0.9999896
1,1,0.9999411
1,1,0.9999981
1,1,0.99999774
0,0,0.33318898
1,1,0.9999974
0,0,1.420222e-06
1,1,0.9999987
1,1,0.99999464
1,1,0.99999654
1,1,0.999998
1,1,0.99999833
1,1,0.999998
1,1,0.999998
1,1,0.9999988
1,1,0.9999987
0,0,3.0130897e-05
1,1,0.99999845
1,1,0.99999785
1,1,0.9999926
1,1,0.9999987
0,0,5.4053207e-06
1,1,0.9999882
1,1,0.9999962
1,1,0.9999964
1,1,0.99999845
1,1,0.99999845
0,0,1.926317e-06
1,1,0.99999535
1,1,0.9999968
1,1,0.99999833
1,1,0.9999974
1,1,0.9999987
1,1,0.9999981
1,1,0.99999845
1,1,0.999998
1,1,0.99999785
1,1,0.9999982
1,1,0.9999981
1,1,0.99999833
1,1,0.999997
1,1,0.99999845
1,1,0.9999987
1,1,0.99999774
1,1,0.99999785
1,1,0.99999666
1,1,0.99999857
1,1,0.9999976
1,1,0.99999523
1,1,0.9999969
1,1,0.99999845
1,0,1.3386858e-06
1,1,0.99999857
0,0,4.430685e-06
1,1,0.99795496
1,1,0.99999833
1,1,0.9999974
1,1,0.9999713
0,0,1.3993107e-06
1,1,0.999843
0,0,1.2573319e-06
0,0,2.6592916e-06
1,1,0.99999607
1,1,0.9999968
1,1,0.9999982
1,1,0.99999356
1,1,0.9999975
1,1,0.9999826
1,1,0.99995136
1,1,0.9999976
0,1,0.99999356
1,1,0.9847632
1,1,0.9999981
1,1,0.9999976
1,1,0.9999982
1,1,0.9999976
1,1,0.99999833
1,1,0.9999969
1,1,0.99999845
0,0,0.00020048203
1,1,0.99999774
1,1,0.99999833
1,1,0.9999974
1,1,0.99999833
1,1,0.9999982
0,0,1.4686946e-06
1,1,0.99999833
1,1,0.9999988
1,1,0.99999857
1,1,0.9999982
1,1,0.99999404
1,1,0.999998
1,1,0.9999981
1,1,0.9999927
1,0,2.5996471e-06
1,1,0.99999833
1,1,0.9999981
1,1,0.999998
1,1,0.99999857
1,1,0.99999857
1,1,0.99999857
1,1,0.99999714
1,1,0.99999845
1,1,0.9999981
1,1,0.99999785
1,1,0.9999956
1,1,0.9999975
1,1,0.9999982
1,1,0.99999774
1,1,0.99999857
1,1,0.9999982
1,1,0.9999987
1,1,0.99999774
1,1,0.9999962
1,1,0.9999974
1,1,0.9999962
1,1,0.9999981
1,1,0.9999982
1,1,0.99999774
1,1,0.9999968
1,1,0.99999726
1,1,0.9997683
1,1,0.999997
1,1,0.9999964
1,1,0.9999832
1,1,0.99999833
1,1,0.9999956
1,1,0.99999857
1,1,0.9999968
1,1,0.99999714
1,1,0.9999987
1,1,0.9999969
1,1,0.99999714
1,1,0.99999714
1,1,0.99999833
1,1,0.99999785
1,1,0.9999944
1,1,0.99999845
1,1,0.999997
1,1,0.999959
1,1,0.99999845
1,1,0.9999987
1,1,0.999995
1,1,0.99999523
1,0,0.0125955725
1,1,0.99999845
1,1,0.9999949
1,1,0.9999982
1,1,0.99998057
1,1,0.99999714
1,1,0.9999964
1,1,0.99998736
1,1,0.999998
1,1,0.99999857
1,1,0.99999845
1,1,0.9999981
0,0,1.9560289e-06
1,1,0.99999833
1,1,0.99999654
1,1,0.9999943
1,1,0.9999982
1,1,0.999997
0,0,1.6554253e-06
0,0,0.0041189664
1,1,0.9999968
0,0,1.5811071e-06
1,1,0.99999714
1,1,0.99953127
1,1,0.99999774
1,1,0.99999857
1,1,0.99999857
1,1,0.99999857
1,0,2.0813716e-06
1,1,0.99999845
0,0,1.1309004e-06
1,1,0.99996936
1,1,0.9999976
1,1,0.9999981
1,1,0.99999857
1,1,0.9999982
1,1,0.999998
1,1,0.99999845
1,1,0.9999976
1,1,0.99999833
1,1,0.99999845
1,1,0.99999714
1,0,0.036254723
1,1,0.99999785
1,1,0.99983835
1,1,0.99999464
1,1,0.9999969
0,1,0.82943356
1,1,0.99999154
1,1,0.9999987
1,1,0.99999726
1,1,0.99999774
1,1,0.9999939
1,1,0.9999567
0,1,0.99552286
1,0,0.31727484
1,0,0.004743831
1,1,0.9999982
1,1,0.999992
1,1,0.999998
1,1,0.99999833
1,1,0.999998
1,1,0.9999987
1,1,0.9998123
1,1,0.99999547
1,1,0.999997
1,1,0.9999975
1,1,0.999998
1,1,0.9999975
1,1,0.99999833
1,1,0.999998
1,1,0.99999857
1,1,0.9999962
1,1,0.99999845
1,1,0.999995
1,1,0.9987997
1,1,0.9999982
0,0,1.3421616e-06
1,1,0.9999466
1,1,0.99999845
0,1,0.9999509
1,1,0.9999969
1,1,0.99999714
0,0,5.9143596e-05
1,1,0.9999945
0,0,0.00012140473
1,1,0.9999987
1,1,0.99999726
1,1,0.99981993
1,1,0.99999833
1,1,0.9999988
1,1,0.9999976
1,0,0.00018353642
1,1,0.99999833
1,1,0.99999833
1,1,0.9999957
1,1,0.9999827
1,1,0.99999774
1,1,0.9999981
1,1,0.9999987
1,1,0.99999464
1,1,0.99999785
1,1,0.999997
1,1,0.9999981
1,1,0.9999976
1,1,0.99999833
1,1,0.9999908
1,1,0.9999974
1,1,0.9999987
1,1,0.9999975
1,1,0.99999666
1,1,0.9999956
1,1,0.9999987
1,1,0.9999902
1,1,0.79446477
1,1,0.9999981
1,1,0.9999976
1,1,0.9999975
1,1,0.9999945
0,0,1.0933355e-06
1,1,0.9999976
1,1,0.99999785
0,0,1.6180616e-06
1,1,0.9999981
1,1,0.999998
1,1,0.99999845
1,1,0.9999982
1,1,0.99999833
1,1,0.99999785
1,1,0.9999969
1,1,0.99999833
0,0,1.338576e-06
1,1,0.99999845
0,1,0.89468086
1,1,0.99999774
0,1,0.9996916
1,1,0.99999666
1,1,0.99999714
0,1,0.53073835
1,1,0.999998
1,1,0.99999464
1,1,0.99999857
1,1,0.9913647
1,1,0.99999857
1,1,0.999998
1,1,0.99999845
1,1,0.9999981
1,1,0.9999976
1,1,0.9999956
1,1,0.99999785
1,1,0.99999726
1,1,0.9999974
1,1,0.99999845
1,1,0.99999785
1,1,0.99999845
1,1,0.9999976
0,0,0.013313474
1,1,0.9999981
1,1,0.99999774
1,1,0.99999857
0,0,1.0300796e-06
0,1,0.86109746
0,0,1.0010084e-06
1,1,0.9999982
1,1,0.99999845
1,1,0.99999857
1,1,0.99999857
1,1,0.9999982
1,0,0.11673746
0,0,0.0002611709
1,1,0.9999974
1,1,0.9999987
1,1,0.99999714
1,1,0.99999833
1,1,0.9956689
1,1,0.99999845
1,1,0.99999523
1,1,0.9999974
1,1,0.99999833
0,0,1.0175623e-06
1,1,0.9999969
1,1,0.99999857
1,1,0.99999774
1,1,0.99999845
1,1,0.99999845
1,1,0.99999857
1,1,0.99999845
1,1,0.99999714
0,0,2.0547036e-06
0,0,9.866656e-07
1,1,0.9999976
1,1,0.99999857
0,0,1.6433668e-06
1,1,0.99999714
1,1,0.99999845
1,1,0.99999833
1,1,0.99999523
1,1,0.99998903
0,0,1.6620503e-06
1,1,0.99999857
1,1,0.99999475
1,1,0.9999976
1,1,0.99999034
1,1,0.99999845
1,1,0.99999666
1,1,0.9999958
1,1,0.94569534
1,1,0.9999976
1,1,0.99999857
1,1,0.9998981
1,1,0.9999963
1,1,0.9999982
1,1,0.9999981
1,1,0.99999535
1,1,0.99999833
1,1,0.99999833
1,1,0.99999785
1,1,0.99999845
1,1,0.9991066
1,1,0.99999774
1,1,0.99999857
1,1,0.9999981
1,1,0.99999833
0,0,1.1986143e-06
1,1,0.99999857
1,1,0.9999777
1,1,0.9999981
1,1,0.9999987
1,1,0.99999845
1,1,0.99999845
1,1,0.99999845
1,1,0.9999988
1,1,0.9999912
1,1,0.99998164
1,1,0.9999914
1,1,0.999997
1,1,0.999998
1,1,0.99999845
1,1,0.9999981
0,1,0.92969334
1,1,0.99999774
1,1,0.9999987
1,1,0.999997
1,1,0.99997926
1,1,0.99999774
0,1,0.8583937
1,1,0.99999774
1,1,0.99999857
1,1,0.9999981
1,1,0.99999774
1,1,0.999997
0,0,0.00037825655
1,1,0.99999845
1,1,0.99999845
1,1,0.99999416
1,1,0.99999523
0,0,2.3579626e-06
1,1,0.9999976
1,1,0.99999785
1,1,0.9999957
1,1,0.99999845
1,1,0.9999975
1,1,0.9999963
1,1,0.9999975
1,1,0.99999833
1,1,0.99999785
1,1,0.9999912
1,1,0.9999976
1,1,0.99999833
1,1,0.99999833
0,0,1.0391352e-06
0,0,0.0007201946
1,1,0.99999857
1,1,0.99999857
1,1,0.9999974
1,1,0.9999987
1,1,0.99956805
1,1,0.9999982
1,1,0.9999981
1,1,0.9999981
1,1,0.9999931
1,1,0.9999987
1,1,0.99999785
1,1,0.9999987
1,1,0.99999726
1,1,0.9999938
1,1,0.99999714
1,1,0.99999833
1,1,0.99999774
1,1,0.99999726
1,1,0.99999774
1,1,0.9999975
1,1,0.99999833
1,1,0.99999857
1,1,0.9999975
1,1,0.9999988
1,1,0.99999416
1,1,0.9999981
1,1,0.99999833
1,1,0.99999857
1,1,0.99999845
1,1,0.99999666
1,1,0.99999845
1,1,0.9999981
1,1,0.9999821
1,1,0.99999857
1,1,0.99999833
1,1,0.9999864
1,1,0.9999982
1,1,0.9999987
1,1,0.9999988
1,1,0.99999285
1,1,0.99999475
1,1,0.9999933
1,1,0.9999982
1,1,0.99999857
1,1,0.99999785
0,1,0.99999154
1,1,0.9999982
1,0,2.8959696e-06
1,1,0.9151661
1,0,0.23919505
1,1,0.99999774
1,1,0.9999987
1,1,0.99999785
1,0,0.0011599268
1,1,0.9999981
1,1,0.99999845
1,1,0.99999833
1,1,0.9999881
1,1,0.99999857
1,1,0.99999654
1,1,0.9999987
0,0,0.20706269
0,1,0.9982699
1,1,0.999998
0,0,0.00017854621
1,1,0.99999607
1,1,0.998541
1,1,0.99999774
1,0,3.8942517e-06
0,0,3.4704253e-06
1,1,0.9999918
1,1,0.99999774
1,1,0.9999982
1,1,0.9999976
1,1,0.9999714
1,1,0.99999833
1,1,0.9999969
1,1,0.9999981
1,1,0.9999956
1,1,0.9999987
0,0,1.1817626e-06
1,1,0.9999975
1,1,0.9999981
1,1,0.999998
1,1,0.9999982
1,1,0.9999987
0,0,1.0004386e-06
1,1,0.99999464
1,1,0.99999833
1,0,0.40483907
0,0,1.2952363e-06
1,1,0.9999958
0,1,0.9999738
0,1,0.9701588
1,1,0.9999397
0,0,1.4887652e-05
1,1,0.99999774
1,1,0.999997
1,1,0.99999857
1,1,0.9999908
1,1,0.99999726
1,1,0.99999845
1,1,0.99999857
1,1,0.9999943
1,1,0.9999982
1,1,0.9999987
1,1,0.99999654
1,1,0.9999933
0,0,1.546137e-05
1,1,0.9999987
1,1,0.9999976
0,0,0.00010705312
1,1,0.99999714
1,1,0.85419524
1,1,0.99999857
1,1,0.9999974
1,1,0.99999774
0,0,1.4930072e-06
1,0,1.9229423e-05
0,0,5.863195e-05
1,1,0.9999988
1,1,0.9999975
1,1,0.9999974
1,1,0.9999982
1,1,0.9999981
1,1,0.9999981
1,1,0.9999976
1,1,0.9892754
1,1,0.9999981
1,1,0.99999523
1,1,0.779345
1,1,0.9999963
0,0,1.4994897e-06
1,1,0.9999987
1,1,0.99999857
1,1,0.99999654
1,1,0.99999857
1,1,0.99999845
1,1,0.99999523
1,1,0.9628808
1,1,0.999998
1,1,0.999997
1,1,0.99999475
0,0,2.9190726e-06
1,1,0.9999981
1,1,0.99999833
1,1,0.9999982
1,1,0.9999958
0,0,1.303703e-06
0,0,1.687583e-06
1,1,0.9999982
1,1,0.999992
1,1,0.9999982
1,1,0.9999987
1,1,0.9999925
1,1,0.9999987
0,0,1.17135e-06
0,1,0.99999714
1,1,0.9999976
1,1,0.99960595
1,1,0.9999987
1,1,0.99999654
1,1,0.9999733
0,0,3.2907005e-06
1,1,0.9999981
1,1,0.99999845
1,1,0.99999726
1,1,0.9999833
0,1,0.99999547
0,0,8.002335e-06
1,1,0.99999833
0,0,8.2727416e-07
1,1,0.99999845
1,1,0.9999982
1,1,0.99999046
1,1,0.9999987
1,1,0.99998856
1,0,0.0013629476
0,0,8.8443466e-07
1,1,0.99999726
1,1,0.9999976
1,1,0.9999969
0,0,1.4305858e-06
1,1,0.99999154
1,1,0.999998
1,1,0.9999975
1,1,0.99999785
1,1,0.9998934
0,1,0.996558
1,1,0.9999981
1,1,0.99999857
1,1,0.9999963
1,1,0.9999962
1,1,0.99999404
0,0,1.3265995e-06
1,1,0.99999833
1,1,0.9999976
1,1,0.9999968
1,1,0.9999981
1,1,0.9999982
1,1,0.99999845
0,0,2.9025557e-06
1,1,0.99995875
1,1,0.99999654
1,1,0.99999857
1,1,0.99998426
1,0,1.9453213e-05
1,1,0.99836296
1,1,0.99999726
1,1,0.99999845
1,1,0.9999987
1,1,0.99999845
0,0,0.0001341226
1,1,0.9999957
1,0,0.00579425
1,1,0.99999833
1,1,0.9999968
1,1,0.9999982
1,1,0.9999981
1,1,0.99999106
1,1,0.99999774
1,1,0.999998
1,1,0.9999831
1,1,0.9999987
1,1,0.99999845
0,0,8.603853e-06
1,1,0.999998
1,1,0.9999987
1,1,0.84818095
1,1,0.9999919
0,1,0.99999344
0,0,2.9876415e-05
1,1,0.99999845
1,1,0.99999714
0,0,1.678191e-06
1,1,0.9999987
1,1,0.99999547
1,1,0.9999981
0,0,0.004183082
1,1,0.99999845
1,1,0.99999714
1,1,0.9999976
1,1,0.99999833
0,0,1.9032449e-06
1,1,0.99999857
1,1,0.99999833
1,1,0.99999845
1,1,0.99999857
0,0,0.00014336332
1,1,0.99999833
1,1,0.9999975
0,0,0.0019569744
1,1,0.96152866
1,1,0.6635633
0,1,0.99996316
0,0,1.9076842e-06
1,1,0.9999964
1,1,0.9999945
1,1,0.99996936
1,1,0.999998
0,0,3.9938614e-06
1,1,0.9999981
0,0,3.813926e-06
0,0,1.2321432e-06
1,1,0.99999774
0,0,9.807571e-07
1,1,0.9999982
1,1,0.99999034
1,1,0.9999974
1,1,0.99716955
1,1,0.999998
1,1,0.9999968
1,1,0.99999833
1,1,0.999998
1,1,0.99999833
1,1,0.99999046
1,1,0.999998
1,1,0.9999969
0,0,9.656358e-07
1,1,0.9999943
1,1,0.9999987
1,1,0.999997
1,1,0.9999981
0,1,0.9999757
1,0,1.5084272e-05
1,1,0.9999982
1,1,0.9999987
0,0,3.3603303e-06
1,1,0.99999714
1,1,0.9999976
1,0,3.9304934e-05
1,1,0.99999785
1,1,0.99999714
1,1,0.9999987
1,1,0.99999666
0,0,0.00015771184
1,1,0.99999833
0,0,1.8566915e-06
1,1,0.9999976
1,1,0.99999714
1,1,0.99999726
1,1,0.99999845
1,1,0.9999938
0,0,3.7110203e-06
0,0,2.7420941e-05
1,1,0.9999975
1,1,0.9999964
1,1,0.99999523
1,1,0.9999758
1,1,0.9999975
0,1,0.99999714
1,1,0.9999974
1,1,0.99999785
1,1,0.9999963
1,1,0.9999976
1,1,0.9999975
1,1,0.99999774
1,1,0.9999951
0,1,0.9964694
1,1,0.999998
1,1,0.999998
1,1,0.9999987
0,0,0.00048706582
1,1,0.9999976
1,1,0.99999774
1,1,0.9999944
0,0,1.2610882e-06
1,1,0.999997
1,1,0.9999969
1,0,2.1544238e-06
1,1,0.9999981
0,0,2.3226738e-05
1,1,0.9999974
1,1,0.9999951
1,1,0.999998
1,1,0.999998
1,1,0.99999845
1,0,3.097723e-06
1,1,0.999995
1,1,0.99999607
1,1,0.99999857
1,1,0.9999951
0,0,0.00023021855
1,1,0.9999974
1,1,0.99999845
1,1,0.99999785
1,1,0.99999774
1,1,0.99999857
1,1,0.9999982
1,0,1.9713532e-05
1,0,1.8724248e-06
1,1,0.9999982
1,1,0.99999833
0,0,9.457899e-07
1,1,0.9999974
1,1,0.9999975
1,0,3.9951712e-05
0,0,5.31189e-06
1,1,0.9999975
1,1,0.9999982
1,1,0.99999857
1,0,0.012433173
1,0,0.00010116862
1,1,0.999998
1,1,0.9999982
1,1,0.99999034
1,1,0.9999982
1,1,0.999997
1,1,0.99999774
0,0,8.73161e-06
1,1,0.9999982
1,1,0.9999987
1,1,0.9999975
1,1,0.99999774
1,1,0.99999845
1,1,0.99999595
1,1,0.9999982
1,0,1.434972e-05
1,1,0.9999974
1,1,0.99999774
1,1,0.999995
0,1,0.9999864
1,1,0.99999774
1,1,0.99999845
1,1,0.9999968
0,0,8.949199e-06
1,1,0.99999833
0,0,5.2206733e-06
1,1,0.99996376
1,1,0.99999833
1,1,0.999998
1,0,1.8123951e-06
0,1,0.9999975
1,1,0.9999734
1,1,0.9999969
1,1,0.99999857
1,1,0.999998
1,1,0.99999857
1,1,0.9999976
1,1,0.9999982
1,1,0.99999857
1,1,0.99949706
1,1,0.99999106
0,1,0.99632
1,1,0.9999956
1,1,0.999998
1,1,0.999998
1,1,0.9999969
1,1,0.9999987
1,1,0.99999857
1,1,0.9999987
1,1,0.9999987
1,1,0.99999857
0,0,9.724245e-07
1,1,0.9999982
1,1,0.9999974
1,1,0.99998844
1,0,1.873443e-06
1,1,0.99999785
1,0,0.00019475073
1,1,0.9999982
1,1,0.99999774
1,1,0.9999982
1,1,0.9999982
1,1,0.9999981
1,1,0.99999857
1,1,0.9999945
1,1,0.999998
1,1,0.9999981
1,1,0.9999964
1,1,0.9999982
1,1,0.9999894
1,1,0.99999833
1,1,0.99999774
1,1,0.9999951
0,0,5.5106142e-05
1,0,4.517805e-06
1,1,0.99999607
1,1,0.99999845
1,1,0.99997103
1,1,0.99999833
1,1,0.99999225
1,1,0.9999981
1,1,0.99999845
1,1,0.99999845
0,0,3.788951e-06
1,1,0.9999981
1,0,1.0482432e-05
1,1,0.9999982
1,1,0.9999982
0,0,1.2142813e-06
1,1,0.99999833
1,1,0.9999975
1,1,0.9999906
1,0,4.845407e-06
1,1,0.99999666
1,1,0.99999857
1,1,0.9999938
1,1,0.99999833
0,0,8.7434915e-07
1,1,0.9999956
1,1,0.9999981
1,1,0.9999963
1,1,0.9999981
1,1,0.99999857
1,1,0.9999968
1,1,0.9999982
1,0,0.0015842794
1,1,0.9999974
1,1,0.9999968
1,1,0.99998987
0,1,0.9987606
1,1,0.9999969
1,0,6.5025115e-06
1,1,0.9999982
0,0,9.623382e-07
0,1,0.8842239
1,1,0.99999857
1,1,0.9999969
1,1,0.9999938
1,0,7.871857e-06
1,1,0.9999975
1,1,0.99999785
1,1,0.99999774
1,1,0.99999785
1,1,0.99999857
1,1,0.9999988
1,0,3.1048005e-06
1,1,0.99999666
1,1,0.99999785
1,1,0.99999845
1,1,0.9999976
1,1,0.9999981
1,1,0.9999976
0,0,0.00043416503
1,1,0.99999845
1,1,0.99999785
1,1,0.99999654
1,1,0.9999987
1,1,0.9999981
1,1,0.99999857
1,1,0.99988425
1,1,0.99999785
1,1,0.99997425
1,1,0.9999981
0,1,0.999985
0,0,1.030679e-06
1,1,0.99999416
1,1,0.99999523
1,1,0.9996923
1,1,0.9999938
1,1,0.9999987
1,1,0.99999714
1,1,0.99999857
1,1,0.99999774
1,1,0.99999833
1,1,0.99999654
1,1,0.99999726
0,0,1.1588024e-06
1,1,0.99999774
1,1,0.99999857
1,1,0.99999785
1,0,0.00083464436
1,1,0.99999666
1,0,0.067108616
1,1,0.99999034
1,1,0.9999982
1,1,0.9999988
1,1,0.999998
1,0,0.0017663159
0,0,1.5036469e-06
1,1,0.99999845
1,1,0.9999982
1,1,0.99999666
1,1,0.99999857
1,1,0.99999666
1,1,0.99999666
1,1,0.99999654
0,0,0.021900626
0,0,3.1294082e-06
1,1,0.9999981
0,0,1.1530469e-06
1,0,0.2704872
0,0,0.22784713
1,1,0.9999924
1,1,0.99999845
1,1,0.99999774
1,0,1.722572e-06
0,0,1.0061086e-06
1,1,0.9999987
1,1,0.99999595
0,0,1.4063705e-06
0,0,1.0234913e-06
1,1,0.99999845
1,1,0.99999726
1,1,0.9999981
0,0,1.0649936e-06
1,1,0.99999845
1,1,0.99999845
1,1,0.9999932
1,1,0.99999857
1,1,0.99999774
1,1,0.99999785
1,1,0.99999774
1,1,0.99999344
1,1,0.99997723
1,1,0.9999988
0,0,9.75807e-07
1,1,0.99999416
1,1,0.9999982
1,1,0.99999845
1,1,0.9999987
1,1,0.9999987
1,1,0.99999857
1,1,0.9999981
1,1,0.99999666
1,1,0.9999962
1,1,0.99999166
0,0,1.3076476e-06
1,1,0.99999785
1,1,0.999998
1,1,0.99999404
1,1,0.9999969
1,1,0.9999621
0,0,0.021306733
1,1,0.9999932
1,1,0.9999987
1,1,0.9999982
1,1,0.9999974
0,1,0.999997
1,1,0.9999956
1,1,0.9999902
1,1,0.9999964
1,1,0.9999962
1,1,0.99999785
1,1,0.9999968
1,1,0.9999937
0,1,0.9999306
1,1,0.9998543
1,1,0.99999833
1,1,0.99999785
1,1,0.9999974
1,1,0.99999785
1,1,0.9999976
1,1,0.999997
1,1,0.99999475
1,1,0.9585838
1,1,0.99999833
0,1,0.99999034
1,1,0.8603575
1,1,0.999998
0,1,0.99995065
1,1,0.9999968
1,1,0.99999833
1,1,0.9999981
1,1,0.99999857
1,1,0.99999845
1,1,0.9999974
1,1,0.9999958
1,1,0.9999939
0,0,2.6478733e-06
1,1,0.999998
1,1,0.99999845
1,1,0.9999933
1,1,0.99999857
1,1,0.99999523
1,1,0.99999857
1,1,0.9999981
1,1,0.9999988
1,1,0.9999981
0,0,7.1279715e-06
0,0,1.00484185e-05
1,1,0.99999785
1,1,0.9999931
1,1,0.9999982
1,1,0.9999987
1,1,0.999998
1,1,0.99999857
0,1,0.9946654
1,1,0.9999728
1,1,0.9999987
1,1,0.99999833
0,0,3.1133188e-06
1,1,0.99990773
1,1,0.9999982
1,1,0.9999981
1,1,0.99999774
1,1,0.99999607
1,1,0.99999285
0,0,3.3171075e-06
1,1,0.9999988
1,1,0.9998292
1,1,0.99999857
1,1,0.99999833
1,1,0.9999974
1,1,0.9999974
0,1,0.99999774
1,1,0.9999956
1,1,0.9999982
1,1,0.9999974
1,1,0.999987
1,1,0.9999981
0,0,1.3864656e-06
1,1,0.9999975
1,1,0.9999974
1,1,0.9999976
1,1,0.99999774
1,1,0.99999833
1,1,0.9999981
1,1,0.9999957
1,1,0.99969625
1,1,0.9999945
1,1,0.9999982
1,1,0.9999982
1,1,0.99999774
1,1,0.99999774
1,1,0.9999912
1,1,0.9999976
1,1,0.99999845
1,1,0.9999981
1,1,0.99999774
1,1,0.9999981
1,1,0.9999964
1,1,0.9999988
1,1,0.9999982
0,1,0.9995602
1,1,0.9999981
0,0,1.0850484e-06
1,1,0.9999988
1,1,0.9999976
1,1,0.9994704
1,1,0.99999607
1,1,0.99999833
0,0,1.3805677e-06
1,1,0.9998424
1,0,1.5977266e-05
0,0,7.0062833e-06
1,1,0.9999964
1,1,0.9999987
0,0,0.02417183
1,1,0.99999845
1,1,0.99999833
1,1,0.9999962
1,1,0.99999833
1,1,0.99999845
1,1,0.9999974
1,1,0.99999857
1,1,0.999998
0,0,9.100675e-07
1,0,6.914121e-05
1,1,0.999998
1,1,0.99999213
0,0,3.8040707e-06
1,1,0.99999845
1,1,0.99999833
1,1,0.9999987
0,0,1.0728083e-06
1,1,0.99999774
1,1,0.99978787
1,1,0.9999876
1,1,0.99999845
1,1,0.9999943
1,1,0.9333317
0,0,1.6886391e-06
1,1,0.99999523
1,1,0.9999927
1,1,0.99999666
1,0,1.3516399e-06
1,1,0.9999975
1,1,0.99999845
1,1,0.99999833
1,1,0.99999595
1,1,0.999998
1,1,0.99999785
1,1,0.9999975
1,1,0.999998
1,1,0.9999267
1,0,0.054073106
1,1,0.9999927
1,1,0.9725313
1,1,0.99999774
1,1,0.9999957
1,1,0.9999949
1,1,0.999998
1,1,0.99998724
0,0,7.957738e-06
1,1,0.99999714
1,1,0.99999833
1,1,0.99999845
0,0,2.9359296e-06
1,1,0.99999857
1,1,0.99999845
1,1,0.99958175
1,1,0.9999976
1,1,0.99999833
1,0,2.303782e-05
1,1,0.9999988
1,1,0.99999857
1,1,0.99999833
1,1,0.9999982
1,1,0.999997
1,1,0.9999982
1,1,0.97575676
1,1,0.999998
1,1,0.9999974
0,0,1.6835e-06
1,1,0.9999963
1,1,0.9999974
1,1,0.9999976
0,0,1.4023422e-05
0,0,1.1931094e-06
1,1,0.9999969
0,0,4.8002967e-06
1,1,0.99999833
1,1,0.9999939
0,1,0.99997747
1,1,0.9999981
1,1,0.9999981
0,0,1.1022418e-06
1,1,0.99999833
1,1,0.99999785
1,1,0.9999964
1,1,0.999998
1,1,0.9999864
1,1,0.9999974
1,1,0.99999785
1,1,0.9999987
1,1,0.9999958
1,1,0.99999535
1,1,0.9999976
1,1,0.99999845
1,1,0.9999981
0,0,1.4216354e-06
1,1,0.9999924
1,1,0.9999976
1,1,0.99996114
1,1,0.99999785
1,1,0.9999974
0,0,1.2715246e-06
1,1,0.9999976
1,1,0.9999782
1,1,0.9999969
1,1,0.999998
0,1,0.9999957
0,1,0.9999702
1,1,0.9999987
1,1,0.9999981
1,1,0.99999714
1,1,0.99999714
0,0,2.413917e-06
1,1,0.99999833
1,1,0.99999845
1,1,0.99999774
1,1,0.99999297
1,1,0.99999785
1,1,0.99999785
1,1,0.999997
1,1,0.9999962
1,1,0.99999833
0,0,1.636295e-06
1,1,0.9999987
1,1,0.9999958
1,1,0.9999976
1,1,0.99999654
1,1,0.99999547
1,1,0.999998
1,1,0.9999832
0,1,0.9999902
1,1,0.999995
0,0,0.13775018
1,0,0.0018591171
1,1,0.99999726
1,1,0.9999981
1,1,0.9999856
1,1,0.99999595
1,1,0.999998
1,1,0.99999857
1,1,0.9999982
1,1,0.9999974
0,0,8.9906183e-07
1,1,0.99999833
1,1,0.9999958
1,1,0.9999987
1,1,0.99997795
1,1,0.9999982
1,1,0.9999976
1,1,0.9999987
1,1,0.9999987
1,1,0.99999857
1,1,0.9999881
1,1,0.9999981
1,1,0.99999833
0,1,0.9999658
1,1,0.9999943
1,1,0.99999857
1,1,0.99999595
1,1,0.9999945
1,1,0.99999833
1,1,0.999998
1,1,0.99999607
1,1,0.99999726
1,1,0.99999666
1,1,0.99999857
1,1,0.99999833
1,1,0.9999988
1,1,0.99999785
1,1,0.999998
1,1,0.99999845
1,1,0.99999833
1,1,0.999997
1,1,0.99999857
0,0,9.098367e-07
1,1,0.99995923
1,1,0.99999714
0,0,1.7569586e-06
1,1,0.999997
0,0,1.6099498e-06
1,1,0.99986994
1,1,0.99999845
1,1,0.99999845
1,1,0.9999987
1,1,0.9999981
1,1,0.99999726
0,0,2.8825098e-06
1,1,0.99999833
1,1,0.9999975
1,0,7.604437e-05
1,1,0.9999974
1,1,0.99999714
1,1,0.999998
1,0,9.792068e-07
1,1,0.9999974
1,1,0.99999774
1,1,0.99999857
1,1,0.9999976
1,1,0.99999726
1,1,0.999992
0,0,1.6921954e-06
1,1,0.9999908
0,0,1.8428369e-06
1,1,0.9999939
0,0,1.0800435e-06
1,1,0.99999857
1,1,0.99999726
1,1,0.99999785
1,1,0.9999974
1,1,0.999998
1,1,0.9999982
1,1,0.9999918
1,1,0.99999785
1,1,0.99999404
1,1,0.9999789
1,1,0.9999981
1,1,0.9999974
1,1,0.99999833
1,1,0.99999833
1,1,0.999995
1,1,0.99999857
1,1,0.9999981
1,1,0.99999833
1,1,0.99999845
0,0,2.4469732e-06
1,0,4.639979e-06
1,1,0.99999666
1,1,0.9999988
1,1,0.999998
1,1,0.99999833
1,1,0.9999945
1,1,0.9999981
1,1,0.999998
0,1,0.9999958
1,0,1.1634255e-06
1,1,0.9999987
1,1,0.9999932
1,1,0.9999976
1,1,0.9999974
1,1,0.99999154
1,1,0.99999547
0,0,1.2703149e-06
1,1,0.9999943
1,1,0.9999933
0,0,1.5072078e-05
1,1,0.9999981
1,1,0.9999976
1,1,0.9999881
1,1,0.9999987
1,1,0.9999987
1,1,0.99999845
1,0,0.0044451244
1,1,0.9999976
1,1,0.99999785
1,1,0.99999857
0,1,0.60097486
1,1,0.9999987
1,1,0.99999785
1,1,0.99999833
1,1,0.9999962
1,1,0.9999976
1,1,0.99999774
1,1,0.9999976
1,1,0.999998
1,1,0.99999845
1,1,0.99999714
1,1,0.99999833
1,1,0.99999845
1,1,0.999998
1,1,0.9999721
1,1,0.99999833
1,1,0.99999774
1,1,0.99999833
0,0,4.4691176e-05
1,1,0.9999982
1,1,0.99999833
0,0,2.7216279e-06
0,0,1.4752079e-06
1,1,0.99999857
1,1,0.99999726
1,1,0.9999975
1,1,0.9999907
0,0,9.488178e-06
1,1,0.9999975
1,1,0.99999726
1,1,0.99998426
1,1,0.999998
1,1,0.9999987
1,1,0.99999726
0,0,1.417997e-06
1,1,0.9999981
1,1,0.9999976
1,1,0.9999988
1,1,0.99999833
1,1,0.999998
1,1,0.99999833
1,1,0.999995
1,1,0.9935249
1,1,0.99999845
1,1,0.9999981
1,1,0.9999974
1,1,0.99999845
1,1,0.9999976
1,1,0.99999523
1,0,1.7077109e-05
1,1,0.99999845
1,1,0.9999976
1,1,0.874939
1,1,0.99999726
0,0,8.7169235e-07
0,1,0.99998283
1,1,0.99999857
0,0,3.0343476e-06
1,1,0.99999845
1,1,0.99999833
0,0,9.536552e-07
1,1,0.99999344
1,1,0.9999937
1,1,0.99999833
1,1,0.9999939
1,1,0.99999726
1,1,0.9999982
1,1,0.9999957
0,1,0.9996829
1,1,0.99999833
1,1,0.9999976
0,1,0.99999535
1,0,1.6306558e-06
1,1,0.9999957
0,0,1.0544847e-05
1,1,0.9980805
1,1,0.99999106
1,1,0.9999981
1,1,0.99993587
1,1,0.99974734
1,1,0.99999535
1,1,0.9999968
1,1,0.99999845
1,1,0.99999857
1,1,0.9999982
1,1,0.9999987
1,1,0.9999982
1,1,0.9999988
1,1,0.9999974
1,1,0.99999607
1,1,0.99999833
1,1,0.99999404
1,1,0.99999607
1,1,0.99999857
1,0,0.00025064804
1,1,0.9999988
1,1,0.9999982
1,1,0.99999845
1,1,0.99999845
1,1,0.9999982
1,1,0.9999968
1,1,0.9999945
0,0,8.8324734e-05
1,1,0.999998
1,1,0.99999785
1,1,0.9999976
1,1,0.9999975
1,1,0.99999535
1,1,0.99999535
1,1,0.99999857
1,1,0.9999976
1,1,0.99985075
1,1,0.9999957
1,1,0.9997354
1,1,0.99995184
1,1,0.9999944
1,1,0.9999962
1,1,0.9999987
1,1,0.99999774
1,1,0.99999857
1,1,0.999998
1,1,0.9999988
1,1,0.9999982
1,1,0.99999857
1,1,0.99953353
1,1,0.9999982
1,1,0.9999987
1,0,0.0030702003
1,1,0.99999785
1,1,0.99999833
1,1,0.99999833
1,1,0.99999833
1,1,0.9999956
1,1,0.99998856
1,1,0.999998
0,0,1.1503483e-06
0,0,1.0283334e-05
1,1,0.9999981
1,0,0.0010072499
0,0,1.6695263e-06
1,1,0.99999785
0,0,2.3472626e-06
1,1,0.9999974
1,1,0.99999297
1,0,1.3187298e-05
1,1,0.9999795
1,1,0.9999937
1,1,0.99999833
1,1,0.99999714
0,0,2.166911e-06
1,1,0.99998415
1,1,0.99992955
1,1,0.99999046
1,1,0.9999987
0,1,0.99990404
0,0,1.5238165e-06
1,1,0.9999987
0,0,1.0679273e-05
1,1,0.99999833
1,1,0.9999974
1,1,0.999998
1,1,0.99999094
1,0,2.3870614e-05
1,1,0.99999595
1,1,0.99999845
1,1,0.99999833
0,0,2.216443e-06
1,1,0.99999833
1,1,0.9999987
1,1,0.99999833
1,1,0.9999988
1,1,0.99999857
1,1,0.99999857
1,1,0.99999845
1,1,0.99999774
1,1,0.9999982
1,1,0.9999969
1,1,0.9999982
1,1,0.99999845
1,1,0.99999535
1,1,0.99999607
1,1,0.9999981
1,1,0.99997556
1,1,0.99999726
1,1,0.9999969
1,1,0.9999974
1,1,0.999997
1,1,0.99999845
1,1,0.99999845
1,1,0.99999833
1,1,0.9999982
1,1,0.99999654
1,1,0.99999857
1,1,0.999998
1,1,0.9999982
1,1,0.99999833
1,1,0.9999987
1,1,0.999998
1,1,0.99999654
0,0,1.2234607e-05
1,1,0.9999987
1,1,0.99999714
1,1,0.9999982
1,1,0.99999595
1,1,0.999998
0,0,0.023477351
1,1,0.99999726
1,1,0.99999785
1,1,0.99999845
0,0,0.006152004
0,0,0.00013186608
0,1,0.99868494
1,1,0.99999857
1,1,0.99999714
0,1,0.99990714
1,1,0.9999987
1,1,0.9999974
1,1,0.99999714
1,1,0.9999987
0,0,1.6605294e-06
1,1,0.9999881
1,1,0.999998
1,1,0.99999785
1,1,0.99999845
1,0,0.0008949187
1,0,5.1667203e-06
1,1,0.99999726
1,1,0.99999833
1,0,9.4597824e-05
1,1,0.999997
1,1,0.99999726
1,1,0.9999956
1,1,0.9999981
1,1,0.99999833
1,1,0.99999833
1,1,0.99999726
1,1,0.99999845
1,1,0.9999969
1,1,0.99999857
1,1,0.99999845
1,1,0.9999776
1,1,0.99999845
1,1,0.99999774
1,1,0.99999774
1,1,0.99999845
1,1,0.99999833
1,1,0.99996305
0,0,3.1514871e-06
1,1,0.99999785
0,0,2.87102e-06
1,1,0.99999595
0,0,9.920116e-07
1,1,0.9999982
1,1,0.99999785
1,1,0.9999974
1,1,0.999998
1,1,0.99999845
1,1,0.9999981
0,0,1.4333949e-06
1,1,0.99999726
1,1,0.9999976
1,1,0.99999046
0,0,8.5963603e-07
1,1,0.99999833
1,0,2.142087e-05
1,1,0.99998975
1,1,0.99999595
1,1,0.99999774
1,1,0.99999785
1,1,0.9998424
1,1,0.99999833
1,1,0.999997
0,0,1.0412284e-06
1,1,0.99999774
1,1,0.9999982
1,1,0.999998
1,1,0.9999964
1,1,0.9999981
0,0,0.0001348213
1,1,0.99999475
1,1,0.99999547
1,1,0.9999987
1,1,0.999982
1,1,0.99999845
1,1,0.9999932
0,1,0.8737451
1,1,0.99999225
1,1,0.99999774
1,0,0.0018480074
1,1,0.99999774
0,0,3.469223e-05
1,1,0.9999982
1,1,0.999998
1,1,0.99999845
0,0,1.1790271e-06
1,1,0.9999987
1,1,0.99999833
1,0,3.9150138e-05
1,0,1.2385554e-05
1,1,0.87196356
0,1,0.9999949
1,1,0.99999857
1,1,0.99999845
1,1,0.9999914
1,1,0.9999968
1,0,0.17498489
1,1,0.9999987
0,0,1.7584304e-06
0,0,0.009021716
1,1,0.9999964
1,1,0.99999785
1,1,0.99999845
1,1,0.99999034
0,0,1.4120054e-06
1,1,0.99999774
1,1,0.9999974
1,1,0.9999968
1,1,0.99999225
1,1,0.9999696
1,1,0.9999981
1,1,0.9999982
1,1,0.9999883
0,0,9.186252e-07
1,1,0.9999982
1,1,0.99999857
1,1,0.9999962
1,1,0.99999833
1,1,0.99999857
1,1,0.9999788
1,1,0.9999975
1,1,0.99999845
0,0,1.8461526e-06
1,1,0.9999708
1,1,0.99999845
1,1,0.80853635
1,1,0.99999833
1,1,0.9999987
1,1,0.9999987
1,1,0.9999616
0,0,1.3328438e-06
0,0,1.3814937e-06
1,1,0.999998
1,1,0.9997851
1,1,0.99999475
1,1,0.99999774
1,1,0.99999785
0,1,0.99964917
0,1,0.99999297
1,1,0.9999962
1,1,0.99999845
1,1,0.9999974
1,1,0.9999981
1,1,0.99999714
1,1,0.9857817
1,1,0.99996364
1,1,0.99999845
1,1,0.99999833
1,1,0.9999975
0,0,3.609621e-06
1,1,0.99999535
1,1,0.979571
1,1,0.99999845
1,1,0.99999833
1,1,0.99999845
0,0,1.209139e-06
1,0,0.10151525
1,1,0.99999833
1,1,0.9999969
1,1,0.99999833
1,1,0.999998
1,1,0.99984014
1,1,0.9999981
0,0,1.063125e-05
1,0,1.1603738e-06
1,1,0.9999982
1,1,0.9999982
1,1,0.989428
0,0,0.0013255539
1,1,0.9999691
1,1,0.9999982
1,1,0.999995
1,1,0.9999981
1,1,0.9999969
1,1,0.9999981
1,1,0.99999666
1,1,0.9999988
1,1,0.99999833
0,0,3.1487473e-06
1,1,0.99999833
1,1,0.99999833
1,1,0.99999785
1,1,0.99998236
1,1,0.99999654
1,0,0.0029201077
1,1,0.999998
1,1,0.99999785
0,0,0.0020877
1,1,0.99999833
1,1,0.99999714
1,1,0.99999833
1,1,0.9999974
1,0,1.392243e-05
1,1,0.99827075
1,1,0.9999987
1,1,0.9999945
1,1,0.99688053
1,1,0.99999774
1,1,0.9999982
1,1,0.9999975
1,1,0.99999845
1,1,0.99999774
1,1,0.9999987
1,1,0.9999913
1,1,0.9999974
1,1,0.9999987
1,1,0.83948714
1,1,0.9999976
1,1,0.99999833
1,0,3.7045902e-05
1,1,0.9999981
1,1,0.9999958
1,1,0.9999857
0,0,5.326937e-06
0,0,1.8232358e-05
1,1,0.99999785
1,1,0.99999785
1,1,0.99999857
1,1,0.999987
1,1,0.9999968
1,1,0.9999982
1,1,0.99999774
1,1,0.999997
1,1,0.99999845
1,1,0.9999707
1,1,0.9999987
0,1,0.9999932
1,1,0.999995
0,0,3.458013e-06
1,1,0.99999833
1,1,0.99999833
1,1,0.99999785
1,1,0.9999976
1,1,0.9999945
1,0,8.595405e-06
1,1,0.99999595
1,1,0.99999833
1,1,0.9999982
0,1,0.9999975
1,1,0.9999814
1,1,0.99875474
1,1,0.99999845
1,1,0.9999974
0,0,2.6883122e-06
1,1,0.90285945
1,1,0.99999845
1,0,1.4052899e-06
1,1,0.99999833
1,1,0.99999857
1,1,0.9999976
1,1,0.99999845
1,1,0.9999877
1,1,0.99999726
0,1,0.9999747
1,1,0.9999925
1,1,0.9999987
1,1,0.99999404
1,1,0.9999976
1,1,0.99999857
1,1,0.9999982
1,1,0.9999962
1,1,0.999998
1,1,0.9999956
1,1,0.9999957
1,1,0.9999975
1,1,0.9999976
1,1,0.999998
0,0,2.1659068e-06
1,1,0.9999925
1,1,0.9919299
1,1,0.99999857
1,1,0.99999785
1,1,0.9999988
1,1,0.9999969
1,1,0.99999774
1,1,0.99999845
1,0,0.04127796
1,1,0.999998
1,1,0.9999981
1,1,0.999998
1,1,0.99999666
1,1,0.9999974
1,1,0.9999982
1,1,0.9999957
1,1,0.9999976
1,1,0.9999989
1,1,0.99999774
1,1,0.99999785
1,1,0.9999932
1,1,0.9999982
1,1,0.99999654
1,1,0.9999976
1,1,0.999998
1,1,0.99999774
1,1,0.9999981
1,1,0.9998466
1,1,0.99998975
1,1,0.9999982
0,1,0.9998147
1,1,0.99999833
1,1,0.99999726
1,1,0.9999988
1,1,0.99999213
1,1,0.99999845
1,1,0.9999939
1,1,0.99999857
1,1,0.9999447
1,1,0.9999974
0,0,1.557316e-06
1,1,0.999998
0,0,1.0407608e-06
1,1,0.99999774
1,1,0.99999833
1,1,0.99999833
1,1,0.9979317
1,1,0.99999654
1,1,0.99999857
1,1,0.9999987
1,1,0.9999988
1,1,0.99999595
1,1,0.999997
1,1,0.99999464
0,0,1.4466832e-06
1,1,0.99998736
1,1,0.9999982
1,1,0.99999774
1,1,0.99999857
1,1,0.99988973
1,1,0.9999968
1,1,0.99999416
1,1,0.99999774
1,1,0.99999845
1,1,0.9999987
1,1,0.99999714
1,1,0.9999981
1,1,0.99999547
1,1,0.9999969
1,1,0.9999976
1,0,0.029873969
0,1,0.99995184
1,1,0.99996006
0,0,7.245622e-06
1,1,0.9999975
1,1,0.9999987
1,1,0.9999982
0,1,0.99997735
1,1,0.99999857
1,1,0.99999845
1,1,0.99998784
1,1,0.99999547
1,1,0.99999833
1,1,0.999984
1,1,0.99999774
0,1,0.9999962
0,0,3.0715637e-05
0,0,1.838445e-06
1,1,0.99999833
0,0,2.8465074e-06
1,1,0.9999964
1,1,0.9999987
1,1,0.9999852
1,1,0.99999845
1,0,6.8016902e-06
1,0,4.5295737e-06
1,1,0.99999714
1,1,0.9999976
1,1,0.9999981
1,1,0.99999857
0,1,0.9999919
1,1,0.999998
1,1,0.99999774
1,1,0.99999833
1,1,0.99999774
1,1,0.9999969
1,1,0.9462331
1,1,0.999998
1,1,0.99999785
1,1,0.99999845
1,0,0.48830554
1,1,0.9999926
1,1,0.99999857
0,0,1.6075811e-06
1,1,0.99999785
1,1,0.9999981
1,1,0.99999845
1,1,0.99999595
1,1,0.9999982
1,1,0.99999857
0,0,1.0955713e-06
1,1,0.99999845
1,1,0.9999968
1,1,0.9999976
1,1,0.99999857
1,1,0.9998518
1,1,0.999997
1,1,0.9999949
1,1,0.99999607
1,1,0.99999845
0,0,1.8054981e-06
1,1,0.9999875
1,1,0.9999975
1,1,0.99999785
1,1,0.9999931
1,1,0.99998343
1,1,0.99999774
1,1,0.9913498
1,1,0.999998
1,1,0.9999987
0,1,0.9999938
1,1,0.99999154
1,1,0.99999714
1,1,0.9999987
1,1,0.9999981
1,1,0.99999845
1,1,0.9999962
1,1,0.99999845
1,1,0.9999981
0,0,0.16928709
1,1,0.999998
0,1,0.9999976
1,1,0.9999976
1,1,0.999998
0,0,0.00010335195
1,1,0.99999857
1,1,0.9999981
1,1,0.9999975
0,1,0.99999404
1,1,0.99999845
1,1,0.99999785
1,1,0.99999857
1,1,0.9999987
1,1,0.999869
1,1,0.9999988
1,1,0.999998
1,1,0.99999714
1,1,0.9999956
1,1,0.99999726
1,1,0.9999987
1,1,0.99998224
1,1,0.99999833
1,1,0.9999987
1,1,0.99999845
1,1,0.9999982
1,1,0.99999774
1,1,0.99999416
1,1,0.99999857
1,1,0.9999987
1,1,0.999985
0,0,3.7395883e-05
1,1,0.999998
1,1,0.9999429
0,0,8.693391e-06
1,1,0.99999833
1,1,0.999998
1,1,0.9999987
1,1,0.99999774
1,1,0.99999344
1,0,0.04265644
1,1,0.9999987
1,1,0.99999344
1,1,0.99999845
1,1,0.99999833
1,1,0.99999833
1,0,0.0034135233
0,0,2.293864e-06
1,1,0.99999845
1,1,0.99999845
1,1,0.9999565
1,1,0.9999956
1,1,0.9999981
1,0,0.00020893727
0,0,9.185796e-07
1,1,0.99999726
1,1,0.99999595
1,1,0.99999714
1,1,0.99999857
1,1,0.99999845
1,1,0.99999857
1,1,0.99999523
1,1,0.99999595
1,1,0.99999535
1,1,0.99999726
1,1,0.9993845
1,1,0.9999931
1,1,0.999998
1,1,0.99852765
1,1,0.9999987
1,1,0.99999595
1,1,0.99988735
1,1,0.9999981
1,1,0.99999845
1,1,0.99999833
1,0,0.002770196
1,1,0.9999976
1,0,0.00010853583
0,1,0.9478324
1,1,0.99999774
1,1,0.999998
1,1,0.99999523
1,1,0.9999987
1,0,7.238335e-06
1,1,0.99999833
1,1,0.99999714
1,1,0.9999976
1,1,0.9999981
1,1,0.999998
1,1,0.99999845
1,1,0.9999982
1,1,0.9999981
1,1,0.99998736
1,1,0.8848491
0,0,1.4725373e-06
1,1,0.999998
1,1,0.99999785
0,0,0.0012285841
1,1,0.999998
1,1,0.99999845
1,1,0.9999856
1,1,0.9999987
0,1,0.99986243
0,1,0.9999974
1,1,0.9999975
1,1,0.9999982
1,1,0.9999963
1,1,0.9999975
1,1,0.99999845
1,1,0.99999833
1,1,0.99999774
0,0,1.9497286e-06
1,1,0.99999857
1,1,0.99998987
1,1,0.99999857
1,1,0.99999785
1,1,0.99999785
1,1,0.9999982
1,1,0.99999857
1,1,0.999998
1,1,0.99999833
1,1,0.9999974
1,1,0.999997
1,1,0.9999981
1,1,0.9999988
0,1,0.99995506
0,1,0.99908555
1,1,0.99999857
0,0,9.3300054e-07
1,1,0.99999845
1,1,0.99999833
1,1,0.9999981
1,0,0.00011254522
1,1,0.9999982
1,1,0.9999981
1,1,0.9999932
1,1,0.9999982
1,1,0.9999933
0,0,1.1654688e-06
1,1,0.99999607
1,1,0.99999714
1,1,0.99999785
1,1,0.99999845
1,1,0.9999976
1,1,0.99999845
1,1,0.99999774
1,1,0.99999845
1,1,0.99999845
1,1,0.9999982
1,1,0.999998
1,1,0.9999974
1,1,0.99999857
0,1,0.9101531
1,1,0.99999654
1,1,0.9999957
1,1,0.99999833
1,1,0.9999969
1,1,0.99999845
1,1,0.999998
1,1,0.9999974
1,1,0.99999785
1,1,0.9999951
1,1,0.99999857
1,1,0.99999833
1,1,0.9999981
1,1,0.99999857
1,1,0.99999535
1,1,0.99928087
0,0,9.83829e-07
1,1,0.99999547
1,1,0.99997675
1,1,0.9999963
1,1,0.9999856
1,1,0.99999845
0,0,9.929505e-07
1,1,0.99999857
1,1,0.9999982
1,1,0.9999981
1,1,0.999998
1,1,0.99999404
1,1,0.9999988
1,1,0.9999982
1,1,0.99999285
1,1,0.99999774
1,0,1.5666406e-05
1,1,0.9999981
1,1,0.99999845
0,1,0.99995327
1,1,0.9999969
1,1,0.9999939
1,1,0.9999975
1,1,0.99999857
1,1,0.999998
1,1,0.9999974
1,1,0.999998
1,1,0.9999981
1,1,0.9999987
1,1,0.9999976
0,0,1.4408192e-06
1,1,0.9999974
1,1,0.9999981
1,1,0.99999654
1,1,0.9999976
1,1,0.9999982
1,1,0.99999785
1,1,0.9669079
1,1,0.99999726
1,1,0.999997
0,0,1.2452873e-05
1,1,0.99999833
1,1,0.99999774
1,1,0.9999976
1,1,0.99999833
1,1,0.9999982
1,1,0.9999875
1,1,0.9999975
1,1,0.99999833
1,1,0.9999975
1,1,0.99999845
1,1,0.99999845
1,1,0.9999987
1,1,0.9999981
1,1,0.9999925
1,1,0.9999981
0,0,9.2630864e-07
1,1,0.99999833
1,1,0.9999976
1,1,0.9999987
0,0,2.9347345e-06
1,0,0.00037423082
1,1,0.99999726
1,1,0.999998
1,1,0.9999981
0,1,0.9999901
0,1,0.9999957
1,1,0.999995
1,1,0.99999774
1,0,3.0498861e-06
1,1,0.99999654
1,1,0.9999975
1,1,0.9999988
1,1,0.99999833
1,1,0.9999981
1,1,0.99999607
1,1,0.9999938
1,1,0.9997489
1,1,0.9999987
1,1,0.99999774
1,1,0.99998355
1,1,0.99999833
1,0,2.8471102e-06
1,1,0.999995
1,0,0.29695183
1,1,0.9989311
1,1,0.99999833
1,1,0.9999945
1,1,0.99998295
1,1,0.9999988
1,1,0.99999785
0,0,0.0011731142
1,1,0.99999094
1,1,0.99999845
1,1,0.89411265
1,1,0.999997
1,1,0.999998
1,1,0.99999213
1,1,0.99999297
1,1,0.9999852
1,1,0.99998903
1,1,0.99999833
1,1,0.9999969
0,0,8.693612e-07
1,1,0.9999968
1,1,0.99999857
1,1,0.9999987
0,0,2.8280833e-06
1,1,0.9999974
1,1,0.99999845
1,1,0.99999845
1,1,0.9999982
1,1,0.99999833
1,1,0.9999976
1,0,0.4660544
1,1,0.99999535
1,1,0.9999982
1,1,0.99999833
1,1,0.9999981
0,0,9.890208e-07
1,1,0.9999893
1,1,0.99999833
1,1,0.99999845
1,0,1.3646178e-06
0,0,3.992194e-06
1,1,0.9999974
1,1,0.99999714
1,1,0.9999981
1,1,0.99999857
1,1,0.99999833
1,1,0.99999774
1,0,0.0016754759
1,1,0.9999982
1,1,0.9999974
1,1,0.99999726
1,1,0.99999857
1,1,0.99999833
1,1,0.9999956
1,1,0.99999833
0,0,1.6419851e-06
1,1,0.9999982
1,1,0.9999982
0,0,0.010009238
1,1,0.9999987
1,1,0.9999982
1,1,0.99999356
1,1,0.9999976
1,1,0.9999933
1,1,0.99999845
1,1,0.9999988
1,1,0.99994564
1,1,0.9999906
1,1,0.999998
1,1,0.9999831
1,1,0.9999982
1,1,0.99999607
1,1,0.999998
0,1,0.9999567
1,1,0.99999833
1,1,0.99999774
1,1,0.99999785
1,1,0.99999845
1,1,0.99999666
0,0,9.016206e-07
1,1,0.9999981
1,1,0.99999654
1,1,0.9999981
1,1,0.99999666
1,1,0.9999987
1,1,0.9999951
0,0,4.476047e-06
0,1,0.99996614
1,1,0.99852246
1,1,0.9999981
1,1,0.99999833
1,1,0.99999845
1,1,0.99999726
0,0,1.1182325e-06
1,1,0.99999845
1,1,0.9999975
1,1,0.9999975
0,1,0.99989784
1,1,0.9999982
1,1,0.99999845
1,1,0.99999833
1,1,0.99950504
1,1,0.9999962
0,1,0.97675556
1,1,0.999998
1,1,0.9999981
1,1,0.99999857
0,0,1.9654046e-06
0,0,2.3860805e-06
1,1,0.9999976
1,1,0.99999714
1,1,0.9999988
1,1,0.9999957
1,1,0.9999958
1,1,0.9999981
1,1,0.99999845
1,1,0.99999297
1,1,0.9999964
1,1,0.99999857
0,0,1.174668e-06
1,1,0.99996114
1,1,0.99999785
1,1,0.9999982
1,1,0.99999845
1,1,0.9999981
1,1,0.9999975
0,0,1.725423e-06
1,1,0.99999774
1,1,0.9999975
1,1,0.99999774
1,1,0.9999937
1,1,0.99999833
1,1,0.9999987
1,1,0.9999969
1,1,0.9999975
1,1,0.99999833
1,1,0.99999857
1,1,0.9988175
0,0,2.6138869e-05
0,1,0.82254004
1,1,0.99999833
1,1,0.99999714
1,1,0.9999964
1,1,0.999995
1,1,0.9999963
1,1,0.99999666
1,1,0.9999981
1,1,0.9999964
1,1,0.9999968
0,0,2.5361883e-06
1,1,0.9999974
0,0,1.0476829e-06
1,1,0.9999982
1,0,0.3236202
1,1,0.9999981
1,0,7.241007e-06
1,1,0.99999845
1,1,0.99971694
1,1,0.9999987
1,1,0.99999833
1,1,0.99999845
1,1,0.99999845
0,1,0.730876
0,0,1.5473466e-05
1,1,0.9999982
1,1,0.999997
1,1,0.9999982
1,1,0.9999585
1,1,0.9999975
1,1,0.99999774
0,0,1.3130388e-06
1,1,0.99999845
1,1,0.9999982
1,1,0.99999213
1,1,0.98717505
1,0,0.0053047775
1,1,0.99999857
1,1,0.9999968
1,1,0.99999857
1,1,0.9999895
1,1,0.9999968
1,1,0.9986594
1,1,0.99999785
0,0,1.2183062e-06
1,1,0.9999981
1,1,0.9999932
1,1,0.999992
0,0,8.015915e-06
1,1,0.99999714
0,1,0.99995697
1,1,0.9999981
1,1,0.9999945
1,1,0.9999987
1,1,0.999998
1,1,0.9999987
1,1,0.9999987
1,1,0.9827036
1,1,0.99999833
1,1,0.99999833
1,1,0.99999607
1,1,0.9999963
1,0,0.0013540663
0,0,1.1269942e-06
1,1,0.9999987
0,1,0.99999297
1,1,0.99999666
0,0,2.3160371e-06
1,1,0.99999464
1,1,0.99998987
1,1,0.99999845
0,1,0.9999963
1,0,0.00038086143
1,1,0.99999833
1,1,0.9999895
0,0,2.2869378e-06
1,1,0.99999845
1,1,0.75101787
1,1,0.9999957
1,0,0.22567153
0,0,1.1734319e-06
1,1,0.9999987
1,1,0.99999833
1,1,0.99999845
1,1,0.99999845
1,1,0.999998
1,0,2.9465573e-05
1,1,0.99999857
1,1,0.999998
0,0,2.5610968e-06
1,1,0.99999833
1,0,9.495895e-07
1,1,0.9999982
1,1,0.99999857
1,1,0.999998
1,1,0.9999968
1,1,0.99999774
1,1,0.9999974
1,1,0.9999982
1,1,0.9999975
1,1,0.9999957
1,1,0.99999857
1,1,0.99999833
1,1,0.99999213
1,1,0.99999833
1,1,0.9999913
0,0,0.13677971
1,1,0.9999882
1,1,0.99999416
1,1,0.99999833
0,0,1.3962493e-05
1,1,0.9999976
1,1,0.99999785
1,1,0.9999981
1,1,0.9999975
1,1,0.99999833
0,1,0.99979216
1,1,0.999998
1,1,0.99999774
1,1,0.9999987
1,1,0.9999945
0,0,1.8222653e-06
1,1,0.99999714
1,1,0.99999833
1,1,0.99999726
1,1,0.9999962
1,1,0.99999666
0,0,0.0007238477
1,1,0.99999833
1,1,0.99999654
0,0,1.4007006e-06
1,1,0.99999774
0,0,1.662862e-06
1,1,0.9098281
1,1,0.999998
1,1,0.9999981
1,1,0.99999845
1,1,0.99999726
1,1,0.9999981
0,0,0.021633755
1,1,0.9999982
1,1,0.9998154
1,1,0.99999774
1,1,0.99999833
1,1,0.85925335
0,1,0.99999464
1,1,0.999997
1,1,0.9999982
1,1,0.99980205
0,0,0.046834715
1,1,0.99983895
1,1,0.99999774
0,0,2.2747176e-06
1,1,0.9999976
1,1,0.9999988
1,1,0.99999785
1,1,0.99999833
1,1,0.99999857
1,1,0.999998
1,1,0.9999975
1,1,0.99999595
0,0,1.3344705e-06
1,1,0.9999715
1,1,0.99999785
1,1,0.99999857
1,0,0.0007493908
0,0,6.8234162e-06
1,1,0.9999981
1,0,5.3952367e-06
1,1,0.99999857
1,1,0.99999857
1,1,0.999998
1,1,0.58146113
1,1,0.9999981
1,1,0.99999833
1,1,0.9999956
1,1,0.99999833
1,1,0.99999845
1,1,0.9999895
1,1,0.99999404
1,1,0.9999969
0,0,3.4434186e-05
1,1,0.99999857
1,1,0.99999845
1,1,0.999967
1,1,0.971244
1,1,0.9999962
1,1,0.9999974
0,0,2.600324e-06
1,1,0.99999833
1,1,0.99999845
1,1,0.9999975
1,1,0.99999726
1,1,0.9999963
1,1,0.9999949
1,1,0.9662158
1,1,0.999998
1,0,0.0002528269
0,0,1.0846181e-06
1,1,0.99999857
1,1,0.9989685
1,1,0.99999654
1,1,0.99999833
1,1,0.9999938
1,1,0.99999595
1,1,0.99999857
1,1,0.99999774
0,0,0.045886666
1,1,0.99999785
1,1,0.9999981
1,1,0.9999981
1,1,0.9999981
1,0,0.00076809427
1,1,0.9999981
1,1,0.99999404
1,1,0.5543302
1,1,0.99999785
1,1,0.9999987
1,1,0.9999976
1,1,0.99999785
1,1,0.9999976
1,1,0.99999595
1,1,0.9999926
1,1,0.99999857
1,0,3.827557e-06
1,0,7.0651004e-06
1,1,0.9999964
1,1,0.99999726
1,1,0.999998
1,0,5.108357e-06
1,1,0.99999833
1,0,0.0608812
1,1,0.9999975
1,1,0.9999982
0,1,0.9999865
1,1,0.9998597
1,1,0.99999774
1,1,0.9999976
0,0,0.00016419798
1,1,0.9999987
1,1,0.9999976
0,0,9.327425e-07
1,1,0.999985
1,1,0.99998784
1,1,0.9999987
0,0,3.1552643e-06
0,1,0.9998965
1,1,0.9999987
1,0,0.00044074908
1,1,0.99999714
1,1,0.99999607
1,1,0.9999982
1,1,0.9999771
1,1,0.9999989
1,1,0.9999987
1,0,1.3172478e-06
1,1,0.9999981
0,0,1.0020639e-06
0,1,0.9999957
1,1,0.99999857
1,1,0.99999833
1,1,0.9999968
1,1,0.9999982
1,1,0.99999833
1,1,0.9999968
1,1,0.99999344
0,1,0.9998223
1,1,0.99999857
1,1,0.999995
1,1,0.9999975
1,1,0.9999908
1,1,0.9999981
1,1,0.99999833
1,1,0.9999974
1,1,0.99999774
1,1,0.9999976
1,1,0.99998975
0,0,3.049322e-06
1,1,0.9999988
0,0,3.9664374e-05
1,1,0.9999987
1,1,0.99999595
0,1,0.9999547
1,1,0.9999976
1,1,0.99999654
1,1,0.9999975
1,1,0.9999981
1,1,0.999997
1,1,0.99999857
1,1,0.9999981
1,1,0.99999666
1,1,0.9999964
1,1,0.9999975
1,1,0.9999982
1,1,0.99999595
1,1,0.999998
1,1,0.99999774
1,1,0.999998
1,1,0.99999845
1,1,0.9999981
1,1,0.99999845
1,1,0.9999968
0,1,0.9990595
1,1,0.99999714
1,1,0.99999845
0,0,0.0011612987
1,1,0.9999974
1,1,0.99999845
1,1,0.999998
0,0,1.610088e-06
1,1,0.9999988
1,1,0.9999893
1,1,0.99999833
0,0,1.2855262e-05
1,1,0.99999833
1,1,0.9999964
1,1,0.9999981
1,1,0.99999714
1,1,0.99999774
1,1,0.9071526
1,0,7.834978e-06
1,1,0.9999982
1,1,0.9999968
1,1,0.99999475
0,0,4.259892e-06
0,0,1.0860776e-06
1,1,0.9999981
1,1,0.99999857
1,1,0.99999857
1,1,0.999997
1,1,0.9999975
1,1,0.9999974
1,1,0.99999714
1,1,0.9999981
1,1,0.999998
1,1,0.9999982
0,0,1.9145007e-06
0,1,0.99999285
1,0,0.0043259696
0,1,0.9999976
1,1,0.99999774
1,1,0.99999857
0,0,9.561851e-07
1,1,0.9999981
1,1,0.99999166
1,1,0.9999969
1,1,0.9999982
0,0,1.1526687e-06
1,1,0.99999607
1,1,0.9999988
1,1,0.9999969
0,0,2.0002844e-06
1,1,0.99999785
1,1,0.9999982
1,1,0.9999981
1,1,0.9999981
1,1,0.99999833
1,1,0.99999666
1,1,0.99999833
1,1,0.99999833
0,1,0.8261562
1,1,0.9999969
1,1,0.9999982
1,1,0.99999845
1,1,0.99999833
1,1,0.999998
1,1,0.999998
1,1,0.99999464
1,1,0.99999857
1,1,0.9999968
1,1,0.99999785
1,1,0.9999968
1,1,0.99999726
1,1,0.99995005
1,1,0.999998
0,1,0.99987423
1,1,0.99999774
1,1,0.9999982
1,1,0.99999535
0,1,0.9999932
1,1,0.9999981
1,1,0.9999949
0,1,0.999979
1,1,0.99999666
1,1,0.9999975
1,1,0.99999845
1,0,2.9299413e-06
1,1,0.99999857
1,1,0.999998
1,1,0.9999982
1,1,0.99999833
0,0,1.7092654e-05
1,1,0.99999833
1,1,0.99999726
1,1,0.99999034
1,1,0.9999974
1,1,0.99999654
1,1,0.99999833
0,1,0.7994378
0,0,1.8258703e-05
1,1,0.999998
1,1,0.9999976
1,1,0.999998
1,1,0.9999982
1,1,0.9999975
1,1,0.99999845
1,1,0.9999975
0,0,1.4786772e-06
0,1,0.999907
0,1,0.99999523
1,1,0.9999981
0,0,1.5548628e-06
1,1,0.999998
1,1,0.99999845
1,1,0.99999857
1,0,9.23125e-06
1,1,0.9999976
0,0,1.5765283e-06
1,1,0.9999969
1,1,0.99999845
0,0,0.016452126
1,1,0.9999863
1,1,0.9999981
0,0,1.1339565e-05
1,1,0.99999785
0,0,2.0258717e-06
1,1,0.9999969
1,1,0.99999845
1,1,0.99999833
1,1,0.999998
1,1,0.9999982
1,1,0.9999974
1,1,0.997209
1,1,0.9999969
1,1,0.99997365
1,1,0.9999974
1,1,0.9999988
1,1,0.999998
1,1,0.9996499
1,1,0.99999607
1,1,0.999998
1,1,0.9999987
0,1,0.9998136
1,1,0.99999857
1,1,0.99999714
1,1,0.99999833
1,1,0.99999785
1,1,0.99999845
1,1,0.9999982
1,1,0.99999726
1,1,0.9999454
1,1,0.99999845
1,1,0.99999833
1,1,0.9999938
1,1,0.9999949
0,1,0.9962282
1,1,0.99999595
1,1,0.99999774
1,1,0.9999974
0,1,0.59452397
1,1,0.9999962
1,1,0.9999976
1,1,0.99999774
1,1,0.9999552
1,1,0.9999968
1,1,0.9999976
1,1,0.99999857
1,1,0.9999964
1,1,0.99999535
1,1,0.9998894
1,1,0.9999869
0,0,0.0020914536
1,1,0.99999785
1,1,0.999998
1,1,0.9999981
1,1,0.9999982
1,1,0.9999987
0,0,6.3944512e-06
1,1,0.9999982
0,0,4.830136e-06
1,1,0.99999726
0,0,1.2123675e-06
1,1,0.99999857
1,1,0.9999982
1,1,0.9999943
1,1,0.99999845
1,1,0.99999857
0,0,0.00016049898
1,1,0.99999785
1,1,0.999998
1,1,0.99999785
1,1,0.99999833
1,1,0.99801636
1,1,0.99999774
1,1,0.9999982
1,1,0.99999857
1,1,0.99999535
0,1,0.9999926
1,1,0.99999774
0,1,0.99999595
1,1,0.99942434
1,1,0.999998
1,1,0.99999833
0,0,2.1118108e-06
1,1,0.9999968
1,1,0.99999845
1,1,0.99999833
1,1,0.9983072
1,1,0.9999981
1,1,0.99999404
1,1,0.9999982
1,1,0.9999988
1,1,0.9999982
1,1,0.99999833
1,1,0.99999857
1,1,0.9999988
0,0,1.6045025e-06
1,1,0.9999912
1,1,0.9999974
1,1,0.9999975
1,1,0.99998534
1,1,0.9999981
1,1,0.9961383
1,1,0.99999857
1,1,0.9999974
1,1,0.99999774
1,1,0.9999963
1,1,0.99999845
1,1,0.99999046
1,1,0.99999213
1,1,0.9999976
1,1,0.99999857
1,1,0.99999833
1,1,0.9999757
0,0,1.0497212e-06
1,1,0.9999958
1,1,0.9999968
1,1,0.9999981
1,1,0.99999714
1,1,0.999998
1,1,0.99999785
1,1,0.99999833
1,0,9.453117e-06
1,1,0.99999774
1,0,1.1524379e-06
1,1,0.999998
0,0,1.4326953e-06
1,1,0.99999845
1,1,0.99999845
1,1,0.99999833
1,1,0.9999975
1,1,0.9999943
1,1,0.9999974
1,1,0.99999833
1,1,0.9999975
1,1,0.9999957
1,1,0.999995
1,1,0.99999845
1,1,0.999998
1,1,0.99999857
1,1,0.9999987
1,1,0.9999949
0,0,1.1618179e-06
1,1,0.999997
1,1,0.99999225
1,1,0.99999857
1,1,0.9999913
1,1,0.9999982
0,0,9.282223e-07
0,0,1.1425681e-06
1,1,0.99998224
1,1,0.99999833
1,1,0.99999845
1,1,0.9999982
1,1,0.9999988
1,1,0.9999982
1,1,0.99999654
1,1,0.9999982
1,1,0.99999714
0,0,1.1690889e-06
1,1,0.999998
1,1,0.99999833
1,1,0.9999982
1,1,0.99999666
1,1,0.99999607
1,1,0.9999956
1,1,0.999998
1,1,0.999998
1,1,0.99999774
0,0,1.5492207e-06
1,1,0.9999976
1,1,0.99999857
1,1,0.99999714
1,1,0.9999933
1,1,0.999998
1,1,0.9999957
0,0,1.8670435e-06
1,1,0.99999785
1,1,0.9999976
1,1,0.9999981
1,1,0.9999987
1,1,0.99999774
1,1,0.99999
1,1,0.9999981
1,1,0.999997
1,1,0.99999607
1,1,0.9999975
1,1,0.9999976
1,1,0.99999416
1,1,0.9999963
1,1,0.9999974
1,1,0.9999963
1,1,0.9999982
1,1,0.9999975
1,1,0.9999981
1,1,0.99999666
0,0,2.3770274e-06
1,1,0.999627
1,1,0.99999857
1,0,3.1645173e-05
1,0,0.00010104251
1,1,0.99999833
1,1,0.99999726
1,1,0.999998
1,1,0.9999975
1,1,0.9365254
1,1,0.99999845
1,1,0.9999876
1,1,0.99999833
1,1,0.999997
1,1,0.9999925
1,1,0.9999912
1,1,0.9999957
1,1,0.99999857
1,1,0.9999982
1,1,0.9999962
0,0,0.0002267671
1,1,0.999998
1,1,0.9977822
0,1,0.9949791
1,1,0.9999981
1,1,0.9999982
1,1,0.99999666
1,1,0.99999845
1,1,0.99999666
1,1,0.99999785
1,1,0.99999714
1,1,0.99999785
1,1,0.9999963
1,0,5.025325e-06
1,1,0.9999981
1,1,0.99999833
1,1,0.99999094
1,1,0.99999774
1,1,0.99999857
1,1,0.9999974
1,1,0.9999951
1,1,0.99999857
1,1,0.9999981
0,0,2.6658972e-05
1,1,0.9999982
1,1,0.9999974
1,1,0.88246787
1,1,0.99999833
1,0,4.996728e-06
1,1,0.9999882
1,1,0.99997926
1,1,0.999998
1,1,0.999998
0,1,0.74020636
1,1,0.9999982
1,1,0.99999714
1,1,0.9594916
1,1,0.99999857
1,1,0.9999902
0,0,1.7208316e-06
1,1,0.9999949
1,1,0.9999975
1,1,0.9999987
1,1,0.99810684
1,1,0.99999857
1,1,0.99999857
1,1,0.99999595
1,0,0.00010280152
1,1,0.9999907
1,1,0.99999714
1,1,0.9999975
1,1,0.99999714
0,0,1.3049248e-05
1,1,0.9999975
0,0,2.2150948e-06
1,1,0.9999982
1,1,0.99999094
1,1,0.99999857
0,1,0.99670804
1,1,0.99999833
0,0,5.5148295e-05
0,0,7.034295e-06
1,1,0.9999949
1,1,0.9999982
1,1,0.99975544
0,0,3.823267e-06
0,1,0.99988854
0,0,6.817107e-06
1,1,0.9999931
1,0,0.0017614522
0,1,0.99999547
1,1,0.99999857
1,1,0.99998724
1,1,0.99999666
1,1,0.9999951
1,1,0.999998
1,1,0.9999968
1,1,0.9999968
1,1,0.99999654
1,1,0.99999785
1,1,0.9999968
1,1,0.9999969
1,1,0.9999943
1,1,0.99999857
1,1,0.99999297
1,1,0.9999976
1,1,0.9999969
1,1,0.9999969
1,1,0.99999595
0,1,0.99979776
1,1,0.99999344
1,1,0.99999845
1,1,0.99999857
1,1,0.99999857
1,1,0.99999845
1,1,0.98538613
0,0,1.1786886e-06
1,1,0.99999857
1,1,0.9999918
1,1,0.999985
0,0,4.578161e-06
0,0,1.0602894e-06
1,1,0.99999774
1,1,0.9999982
1,1,0.9999937
1,1,0.9999969
1,1,0.99999845
1,1,0.9999982
1,1,0.9999975
1,1,0.9999987
0,0,2.8121163e-05
0,0,2.596248e-06
1,1,0.99999774
1,1,0.999997
1,1,0.9999976
1,1,0.9999968
1,1,0.99999774
1,1,0.9999981
1,1,0.9999975
1,1,0.99999857
1,1,0.9999695
1,1,0.99999595
1,1,0.9999981
1,1,0.9999939
1,1,0.9999982
1,1,0.99999833
1,1,0.99999857
1,1,0.9999852
1,1,0.99999833
1,1,0.99999774
1,1,0.99999595
1,1,0.99999857
0,1,0.96073747
1,1,0.9999969
1,1,0.9999975
1,1,0.99999857
1,1,0.99999845
1,1,0.9999875
1,1,0.99998605
1,1,0.9999987
1,1,0.9999819
1,1,0.99999857
0,1,0.9999981
1,0,0.000976136
1,1,0.99999654
0,0,2.1307583e-06
1,1,0.99999475
1,1,0.9999969
0,0,9.063086e-06
1,1,0.99999523
1,1,0.99999785
1,1,0.99999833
1,1,0.9999981
1,1,0.99999726
0,0,3.1830892e-05
1,1,0.9999943
1,1,0.999998
1,1,0.999998
1,1,0.9999982
0,0,1.8983051e-06
1,1,0.9999974
1,1,0.999998
1,1,0.9999981
1,1,0.9999956
1,1,0.9999981
1,1,0.99999774
1,1,0.999998
1,1,0.9999969
0,1,0.998367
1,1,0.9999975
1,1,0.9978119
0,0,8.928764e-07
1,1,0.9999981
1,1,0.9999517
1,0,8.012109e-06
1,1,0.9999975
0,0,5.3287422e-05
0,0,1.2435586e-06
1,1,0.99999857
1,1,0.99999833
0,0,2.2778024e-06
1,1,0.99960667
1,1,0.99999845
1,1,0.999998
1,0,0.008853295
1,1,0.9999944
1,1,0.9999982
1,1,0.99999785
0,0,2.2412462e-06
1,1,0.99999833
1,1,0.9999981
1,1,0.99999666
1,1,0.9999981
1,1,0.99999785
1,1,0.99999833
0,0,0.00017987701
1,1,0.99999714
1,1,0.9999982
1,1,0.999998
0,0,2.2111037e-06
1,1,0.9999982
0,0,3.663423e-06
1,1,0.9999949
1,1,0.99999785
1,1,0.99999833
1,1,0.99999833
1,1,0.99999845
1,1,0.9999981
0,0,1.0431764e-06
0,1,0.9995517
0,0,5.5684422e-06
1,1,0.999998
0,0,4.906545e-06
1,1,0.99999833
1,1,0.9999981
1,1,0.9999987
1,1,0.9999918
1,1,0.9999982
1,1,0.99999785
0,1,0.99999404
1,1,0.99999714
1,1,0.9999962
1,1,0.99999833
0,1,0.99998987
1,1,0.99999654
1,1,0.99999845
1,1,0.999998
1,1,0.9999975
1,1,0.9999939
1,1,0.9999974
1,1,0.9999982
1,1,0.999998
1,1,0.99999845
1,1,0.99999857
1,1,0.99999857
1,1,0.999998
1,1,0.99999654
1,1,0.9999924
1,1,0.999998
0,0,0.00032545382
1,1,0.999998
1,1,0.99999785
1,1,0.99999714
1,1,0.7278347
1,1,0.99999297
1,1,0.9999982
1,1,0.99999857
0,1,0.9999517
1,1,0.99999607
1,1,0.99999833
1,1,0.99999833
1,1,0.99999785
0,0,1.0105879e-06
1,1,0.99999213
1,1,0.99999845
0,1,0.9997458
1,1,0.99999857
1,1,0.999998
1,1,0.999998
1,1,0.99999857
1,1,0.999998
1,1,0.999995
1,1,0.9999987
1,1,0.99999857
1,1,0.9999982
1,1,0.99999285
1,1,0.9999962
0,1,0.99726355
1,1,0.999998
1,1,0.9999981
0,1,0.99975234
1,1,0.9999945
1,1,0.99999774
1,1,0.999998
1,1,0.99999774
1,1,0.99999785
1,1,0.99999785
1,1,0.999997
1,1,0.9999802
1,1,0.9999963
1,1,0.99999785
1,0,2.7364838e-06
1,1,0.9999982
1,1,0.99999845
1,1,0.99999845
1,1,0.99999666
1,1,0.99999857
1,1,0.9999974
1,1,0.9999981
0,0,0.13015004
1,1,0.99999654
0,0,0.00012484679
1,1,0.99999845
1,0,3.853698e-06
1,1,0.99999213
1,1,0.99999857
1,1,0.99999774
0,0,1.3300858e-06
1,1,0.99999774
0,1,0.9999908
1,1,0.9998996
1,1,0.9999989
1,1,0.9999982
1,1,0.99999785
1,1,0.9999982
1,1,0.9999981
1,1,0.9999981
1,1,0.9999969
1,1,0.99999845
1,1,0.99999833
1,1,0.9999982
1,1,0.9999981
1,0,0.0074947663
1,1,0.99999833
1,1,0.99999774
1,1,0.9999987
1,1,0.999997
1,1,0.9999964
1,1,0.99999833
0,0,1.5180987e-06
1,1,0.9999964
1,1,0.999998
1,1,0.9999981
1,1,0.99999833
1,1,0.9999974
1,1,0.99999726
1,1,0.9999975
0,0,1.8082483e-06
1,1,0.9999938
1,1,0.99999726
1,1,0.99999785
1,1,0.99999785
1,1,0.9999974
1,1,0.999998
1,1,0.9999968
1,1,0.99999845
1,1,0.99999845
1,1,0.99999857
1,0,0.034212727
1,1,0.9999974
1,0,0.008696245
0,0,8.7687846e-07
1,1,0.99999857
1,1,0.9999969
1,1,0.99999857
1,1,0.99999666
0,0,4.3508844e-06
1,1,0.9999987
1,1,0.99998975
1,1,0.99999845
1,1,0.9999924
1,1,0.9999987
1,1,0.99999654
1,1,0.99999297
1,1,0.99999845
1,1,0.99998915
1,1,0.8951072
0,0,1.3074158e-06
0,0,1.4164415e-06
1,1,0.9999927
1,1,0.99999774
1,0,5.969452e-05
0,0,2.8599918e-05
1,1,0.9999969
0,0,8.6695684e-07
0,1,0.9999931
1,1,0.9999976
0,1,0.9906328
1,1,0.99999857
1,1,0.9999981
1,1,0.9999597
1,1,0.89403147
1,1,0.9999987
1,1,0.9999975
1,0,2.5487482e-06
1,1,0.99999833
1,1,0.9999951
1,1,0.99999833
0,0,1.1421062e-06
0,1,0.99959177
1,1,0.99999785
1,1,0.9999981
1,1,0.99999774
1,1,0.9999982
1,1,0.9999958
0,1,0.9999974
1,1,0.99999857
1,1,0.9997073
1,1,0.9999974
1,1,0.9933078
1,1,0.99999845
1,1,0.99999833
1,1,0.9999975
1,1,0.99999607
1,1,0.99999833
1,1,0.999998
1,1,0.99999833
0,0,8.2207385e-05
1,1,0.9999969
1,1,0.9999908
1,1,0.99999726
1,1,0.99999774
1,1,0.99999857
0,0,0.051250875
1,1,0.999998
0,0,0.0009221016
1,1,0.9999957
1,1,0.99996305
1,1,0.999998
1,0,1.6266567e-05
0,0,8.66833e-05
1,0,0.00027467927
1,1,0.99999857
1,1,0.9999987
1,1,0.9999982
0,1,0.98359597
1,1,0.99999523
1,1,0.9999982
1,1,0.98431087
1,1,0.9999975
1,1,0.99999845
1,1,0.99999833
1,1,0.9999987
1,1,0.99999607
1,1,0.99898094
1,1,0.99999774
1,1,0.99997354
1,1,0.99999845
1,1,0.99999785
0,0,1.2076594e-06
0,0,2.110949e-06
1,1,0.999998
1,0,0.00023177656
1,1,0.99999857
0,0,1.3502098e-06
0,1,0.9999937
0,0,1.4692677e-06
1,1,0.99995697
1,1,0.99999607
1,1,0.9999982
1,1,0.99519664
1,1,0.9986388
1,1,0.9999968
1,1,0.9999976
0,0,2.6086598e-06
1,1,0.9999974
1,1,0.99999714
0,0,1.4529966e-06
1,1,0.9999968
1,1,0.9999988
1,1,0.9999981
0,0,1.0610097e-06
1,1,0.9999951
1,1,0.999998
1,1,0.99999416
1,1,0.9999976
0,1,0.99999464
1,1,0.99999833
0,0,0.40091726
1,1,0.99999774
1,1,0.9999987
1,1,0.99999857
1,1,0.9999974
1,1,0.9999975
0,0,1.331332e-06
1,1,0.99999833
1,1,0.999998
1,1,0.9999987
1,1,0.99999785
1,1,0.99999714
1,0,0.002424837
1,1,0.99999774
1,1,0.99999857
1,1,0.9995542
1,1,0.99999857
0,1,0.9585298
1,1,0.99999833
1,1,0.9999975
1,1,0.9999958
0,0,1.5050815e-06
0,0,9.5067315e-07
0,0,1.2732804e-06
1,1,0.9999982
1,1,0.9999988
0,0,1.5649326e-06
1,1,0.9999653
1,1,0.99999344
1,1,0.9999887
1,1,0.99999833
1,1,0.9999976
1,1,0.9999988
1,1,0.9999981
1,1,0.9999962
1,1,0.9999975
1,1,0.9999975
0,0,1.0405504e-06
0,0,0.015082358
1,1,0.999998
1,1,0.9999968
1,1,0.9999937
1,1,0.9999827
1,1,0.99999857
1,1,0.9999976
1,1,0.9999968
1,1,0.99999833
1,1,0.99999726
1,1,0.999998
0,0,1.7150678e-06
0,0,0.0009864394
1,1,0.9999987
1,1,0.999998
1,1,0.9999982
1,1,0.9999982
1,1,0.999998
0,0,0.015380954
1,1,0.9999987
1,1,0.9999981
1,0,3.05059e-06
1,1,0.99997365
0,0,1.0663271e-06
0,1,0.95232594
1,1,0.9999976
0,0,1.1736255e-06
1,1,0.99999833
1,1,0.99999654
1,1,0.9999982
1,1,0.9999982
1,1,0.9999975
1,1,0.9999974
1,1,0.99999857
1,1,0.99999714
1,1,0.999998
1,1,0.9999981
1,1,0.99999547
1,1,0.9707465
1,1,0.99999475
1,1,0.99999857
0,0,1.0569695e-05
1,1,0.9999856
1,1,0.99999785
1,1,0.99999154
1,1,0.999998
1,1,0.99999857
1,1,0.9999987
1,0,5.3720858e-05
1,1,0.99999774
1,1,0.9999769
1,1,0.999998
1,1,0.9999974
1,1,0.9999976
1,1,0.9999981
1,1,0.9999974
1,1,0.9999951
1,1,0.9999975
0,0,1.2169825e-06
1,1,0.99999857
1,1,0.99999785
0,1,0.9999968
0,0,0.022962613
1,1,0.99999833
1,1,0.999998
0,0,1.5056385e-06
0,0,0.00034448438
1,1,0.99999714
1,1,0.9999138
1,1,0.99999475
1,1,0.99999845
1,1,0.99996936
1,1,0.9999931
0,1,0.9999887
1,1,0.99999523
1,1,0.9999893
1,1,0.99999654
1,1,0.99999404
0,0,3.2300918e-06
1,1,0.99999857
0,0,0.00016092346
0,0,0.0062520183
1,1,0.999998
1,1,0.999998
1,1,0.9999987
0,1,0.99999714
1,1,0.9999981
1,1,0.9999944
1,1,0.99999857
1,0,3.0854078e-06
0,0,0.05726843
1,1,0.99999785
1,1,0.999998
0,1,0.99999285
1,1,0.99999833
1,1,0.9999956
1,1,0.99999845
0,0,3.9459014e-06
1,0,1.516886e-06
1,1,0.99999845
1,1,0.99999857
0,0,6.3592925e-05
1,1,0.9999975
1,1,0.9999987
1,1,0.99999654
1,1,0.99999523
0,1,0.99999666
1,1,0.9999987
1,1,0.9999981
1,1,0.9999974
1,1,0.999998
1,1,0.99999857
1,0,0.00020805758
1,1,0.99999857
1,1,0.99999404
1,1,0.9999958
1,1,0.999998
1,1,0.99999714
1,1,0.9999981
1,1,0.99999857
1,1,0.9999974
0,0,2.0006107e-06
1,1,0.96984935
1,1,0.999998
1,1,0.9999981
1,1,0.99999857
1,0,0.005008426
1,1,0.9999969
1,1,0.99999774
1,1,0.9999981
1,1,0.9999968
1,1,0.9999937
1,1,0.9999974
1,1,0.9999962
1,1,0.9999982
0,0,1.7936393e-06
1,1,0.9999927
1,1,0.99999654
1,0,4.747929e-06
0,0,0.0002082362
1,1,0.9999975
1,1,0.99999714
1,1,0.9999976
1,1,0.999998
1,1,0.99999833
1,1,0.999998
1,1,0.99999845
1,1,0.9999987
1,1,0.99999785
1,1,0.9999964
1,1,0.99999857
1,1,0.99999785
1,1,0.99999857
0,0,0.22512762
1,1,0.99999535
1,1,0.99999857
1,0,1.3373817e-06
1,0,0.04923053
1,0,2.9147106e-06
1,1,0.9999969
1,1,0.99999714
1,1,0.99999857
1,1,0.9999982
1,1,0.99999297
1,1,0.9999982
1,1,0.9999982
1,1,0.9999981
1,1,0.99999857
1,1,0.9999975
1,1,0.9999981
1,1,0.99999726
1,1,0.99999785
1,1,0.9999976
1,1,0.99998915
1,1,0.999997
1,1,0.99999774
1,1,0.99999785
1,1,0.99999785
1,1,0.9999982
1,1,0.9999958
1,1,0.99999857
1,1,0.9999976
0,0,1.9357865e-06
1,1,0.999998
1,1,0.99999845
0,0,1.4081152e-06
1,1,0.99999857
1,1,0.99999535
0,0,1.139055e-06
1,1,0.9999982
1,1,0.9999987
1,1,0.9999957
1,1,0.9999945
1,1,0.9999987
1,1,0.9999919
1,1,0.99999833
1,1,0.99993217
1,1,0.99999595
1,1,0.9999902
1,1,0.99999774
1,1,0.99999607
1,1,0.9999939
1,1,0.999998
1,0,0.3371826
1,1,0.99999654
1,1,0.99999833
1,1,0.9999982
1,1,0.99999833
1,1,0.99999785
1,1,0.9969639
1,0,4.3035225e-06
0,1,0.9991702
1,1,0.99999845
1,1,0.99999845
1,1,0.9999976
1,1,0.9999969
1,1,0.9996364
0,0,1.373394e-06
0,0,1.4555886e-06
1,1,0.99999607
1,1,0.99999845
1,1,0.99999666
1,1,0.9999957
1,0,1.773583e-06
1,1,0.9999987
1,1,0.99999726
1,1,0.999998
0,1,0.9999894
1,1,0.9999982
1,1,0.99999833
1,1,0.99999845
0,0,8.066712e-06
1,1,0.99999547
1,1,0.999997
1,1,0.9999987
1,1,0.99999404
1,1,0.9999987
1,1,0.9999982
1,1,0.99999845
1,1,0.999998
0,0,0.00012933783
1,0,5.3090034e-06
1,1,0.99999845
1,1,0.99999523
1,1,0.99999785
1,1,0.99999845
1,1,0.99999785
1,0,2.5360093e-06
0,0,1.3129222e-06
1,0,0.0015642034
1,1,0.99999726
1,1,0.99996436
1,1,0.9999981
1,1,0.9999938
1,1,0.99999404
1,1,0.9999962
1,1,0.99999726
0,0,0.00012801417
1,0,0.00012817638
1,1,0.9999976
1,1,0.99999857
1,1,0.9999981
1,1,0.99999845
0,0,1.3867102e-06
1,1,0.99999845
0,0,3.8887365e-06
1,1,0.99999726
1,0,1.8311119e-05
1,1,0.9999976
1,1,0.9998994
1,1,0.9999982
1,1,0.99999857
1,1,0.9999944
1,1,0.99999857
1,1,0.9999974
1,1,0.9999976
0,0,1.7786153e-06
1,1,0.99999833
1,1,0.99999547
1,1,0.9999088
1,0,0.17241633
0,0,1.6046358e-06
1,1,0.99999857
1,1,0.99999344
1,1,0.9999982
1,1,0.9999987
1,1,0.99999726
1,1,0.9999981
1,1,0.999962
1,1,0.9999982
0,0,1.0313536e-06
1,1,0.99999726
1,1,0.999997
1,1,0.9999981
1,1,0.99999285
1,1,0.99999785
0,0,1.5522227e-06
1,1,0.9999988
1,1,0.99999654
1,1,0.99999404
1,1,0.9760307
1,1,0.99999833
1,1,0.9999949
1,1,0.9999976
1,1,0.99999654
1,1,0.99999785
1,1,0.9999982
0,0,1.0465295e-06
1,1,0.99999785
1,1,0.999997
1,1,0.99999845
1,1,0.99999726
1,1,0.99999535
1,1,0.99999774
1,1,0.9999969
1,0,0.21276778
1,1,0.99999774
1,1,0.9999975
1,0,0.050264597
1,1,0.9999982
0,1,0.9999907
1,1,0.99958736
1,1,0.99999666
1,1,0.9999964
1,1,0.9999987
1,1,0.9999933
1,1,0.999998
0,0,4.429916e-06
1,1,0.9999969
1,1,0.9999989
1,1,0.9999976
1,1,0.99999833
0,0,1.2081662e-06
1,1,0.99999845
1,1,0.999998
1,1,0.99999154
1,1,0.9999901
1,1,0.9999814
1,1,0.9999974
1,1,0.9999981
1,1,0.9999962
0,1,0.8382852
1,1,0.999998
1,1,0.99999833
1,1,0.9999982
1,1,0.9999987
1,1,0.9999958
0,0,1.2298386e-05
1,1,0.99999857
0,0,1.147899e-06
1,1,0.9998635
1,1,0.99999154
0,0,1.1099623e-06
1,1,0.9999968
1,1,0.99999845
1,1,0.9999987
1,1,0.99999833
1,1,0.9999882
1,1,0.9999982
0,0,2.7383321e-06
1,1,0.9999969
0,1,0.98279405
1,1,0.99999654
1,1,0.99999845
1,1,0.99999857
1,1,0.999997
1,1,0.9999982
0,0,0.00032895038
1,1,0.99999785
1,1,0.99999845
1,1,0.9999982
1,1,0.99999654
1,1,0.99999857
0,0,1.0364295e-06
1,1,0.99999523
1,1,0.99999785
1,1,0.9999981
1,1,0.99999833
1,1,0.9999981
1,1,0.9999975
1,1,0.99999774
1,1,0.9999987
1,1,0.99999833
1,1,0.99999785
1,0,0.02979773
1,1,0.99614173
1,1,0.99999714
1,1,0.9999981
0,0,1.197752e-05
1,1,0.9999969
1,1,0.99999285
1,1,0.9999956
1,1,0.9999982
1,1,0.99999845
1,1,0.9999976
1,1,0.9999975
1,1,0.99999845
1,1,0.999998
0,0,0.43680665
1,1,0.99999785
0,0,2.6396744e-06
1,1,0.9999697
0,0,1.103021e-06
1,1,0.9999981
1,1,0.9999894
0,0,4.1560643e-06
1,1,0.9999974
1,1,0.99999845
1,1,0.99999785
1,1,0.9999982
1,1,0.99999785
1,1,0.99999857
1,1,0.99999666
0,0,1.7705524e-05
1,1,0.9999962
1,1,0.9999976
1,1,0.99999774
0,0,5.283128e-05
1,1,0.9999987
1,1,0.99999845
1,1,0.99999833
1,1,0.99999833
1,1,0.9999778
0,0,2.6219108e-05
1,1,0.99999845
1,1,0.99999833
1,1,0.99999166
1,1,0.99999833
1,1,0.9999976
1,1,0.9999988
1,1,0.9999933
1,1,0.9999981
0,1,0.99999297
1,1,0.9999976
1,1,0.99999857
1,1,0.9999981
1,1,0.9999982
1,1,0.9999951
1,1,0.99999774
1,0,7.1342283e-06
1,1,0.99998486
0,0,1.0194856e-06
1,1,0.99999833
1,1,0.9999976
1,1,0.9999969
1,1,0.99996984
1,1,0.99999475
1,1,0.99999726
1,1,0.99999833
1,1,0.9999981
0,0,1.5637452e-06
1,1,0.999997
1,1,0.9992872
1,1,0.9999982
1,1,0.99949706
1,0,0.0012420506
0,0,2.9276455e-06
1,1,0.99997175
1,1,0.99999845
1,1,0.99999726
1,1,0.99999714
1,1,0.99999857
1,1,0.99999833
1,1,0.9999981
1,1,0.99999774
1,1,0.99983287
1,1,0.99999034
1,1,0.99999845
1,1,0.99999857
1,1,0.9999981
1,1,0.99999845
0,1,0.9960891
1,1,0.99999666
0,0,0.00016390579
0,0,2.7761703e-06
1,1,0.99999666
1,1,0.9999962
1,1,0.99999785
1,1,0.9999981
1,1,0.97618836
1,1,0.9999981
0,1,0.999833
1,1,0.99999785
0,0,2.5214766e-05
1,1,0.999998
1,1,0.999998
0,0,1.0227927e-06
1,1,0.9999982
1,1,0.9999968
1,1,0.99999595
0,0,2.6667633e-06
1,1,0.99999595
1,1,0.99992204
1,1,0.9999869
1,1,0.99999666
1,1,0.99999774
1,1,0.99999774
1,1,0.999997
1,1,0.9999963
0,1,0.9997706
1,1,0.99999785
1,1,0.99999845
1,1,0.99999857
1,1,0.9999945
1,1,0.99999726
0,0,4.3997866e-06
0,0,0.002308914
1,1,0.999998
1,0,5.048516e-06
1,1,0.9999981
1,1,0.9999981
1,1,0.9999988
1,1,0.99999833
1,1,0.9999976
1,1,0.99999833
1,0,0.00014644889
1,1,0.9999987
1,1,0.9999982
0,0,0.015614717
1,1,0.99999774
1,1,0.99999833
1,0,0.22861847
1,1,0.99999607
1,1,0.9999914
1,1,0.9969217
1,1,0.9999852
1,1,0.9999981
1,1,0.9999975
0,1,0.6809405
1,1,0.99999857
1,1,0.9999981
1,1,0.9999982
1,1,0.99999845
1,1,0.99999774
0,0,3.3331562e-06
1,1,0.99999833
1,1,0.99999785
1,1,0.9999987
1,1,0.99999523
1,1,0.99999857
1,1,0.9999981
1,1,0.9999988
1,1,0.99999654
1,0,0.14333293
1,1,0.9999987
1,1,0.99999833
1,1,0.99999833
1,1,0.999997
1,1,0.99999845
0,0,3.1436343e-06
0,0,1.1583472e-06
1,1,0.9999982
1,1,0.9999647
1,1,0.99997175
1,1,0.9999987
1,1,0.9999982
1,1,0.9999918
1,1,0.9999937
1,1,0.99999833
1,1,0.9999982
1,1,0.9999974
1,1,0.999998
1,1,0.99991214
0,0,1.4669547e-06
1,1,0.99999845
1,1,0.99999714
1,0,4.2928114e-06
1,1,0.99999845
1,1,0.999998
1,1,0.999998
0,1,0.99999774
1,1,0.7873796
0,0,8.33647e-06
1,1,0.9999982
1,1,0.9999962
1,1,0.9999982
1,1,0.99999344
0,0,1.1620948e-06
1,1,0.9999975
1,1,0.9999974
1,1,0.9999988
1,1,0.99997365
1,1,0.99999785
0,1,0.9995029
1,1,0.99999857
0,0,1.282791e-06
1,0,0.0012069806
1,0,0.018983833
1,1,0.9999933
1,1,0.99999857
1,1,0.99999857
1,1,0.9999982
1,1,0.999998
1,1,0.9500985
0,0,9.73524e-07
1,1,0.99999607
1,1,0.9999988
1,0,0.08581581
1,1,0.9999976
0,0,0.0085790055
1,1,0.9999982
1,1,0.9999956
1,1,0.99999845
1,1,0.999998
1,1,0.9999503
1,0,3.1203697e-05
1,1,0.9999869
1,1,0.9999981
1,1,0.9999982
1,0,0.0004050977
1,1,0.99999595
1,1,0.9999981
1,1,0.9999981
1,1,0.99999595
1,1,0.9999968
1,1,0.99999857
1,1,0.9999974
1,1,0.9999982
1,1,0.99999845
1,1,0.99998164
1,1,0.99999285
1,1,0.9999987
1,1,0.9999982
1,1,0.99999547
1,1,0.999997
1,1,0.99999857
0,0,1.6848862e-06
1,1,0.99999833
0,0,0.39168814
1,1,0.99999833
1,1,0.999987
1,1,0.99999857
1,1,0.99999535
1,1,0.9999982
1,1,0.99999833
1,1,0.9508597
1,1,0.9999964
1,1,0.99999857
0,1,0.99979335
0,0,1.3440762e-05
1,1,0.99999785
1,1,0.9999976
1,1,0.99999845
1,1,0.9999987
1,1,0.9999939
1,1,0.99999714
1,1,0.9999987
1,1,0.99999845
1,1,0.99999833
1,1,0.99999833
1,1,0.99999845
1,1,0.99999833
1,1,0.99999857
1,1,0.9999981
1,1,0.9999982
1,0,0.0011649582
1,1,0.9999974
1,1,0.99995303
1,1,0.999998
1,1,0.99999785
0,1,0.9998331
1,1,0.99999774
1,1,0.9999981
1,1,0.99999845
1,1,0.99999774
1,1,0.9996742
1,1,0.9999758
0,0,1.3148418e-06
0,0,0.000120206954
1,1,0.9999987
0,0,5.647018e-06
1,1,0.99999106
1,1,0.99999857
1,1,0.9999988
0,0,8.469861e-07
1,1,0.99999785
1,1,0.9999976
1,1,0.99999785
1,1,0.999998
0,0,0.004531326
1,0,0.0076659974
1,1,0.99999785
1,1,0.99999845
0,0,1.9831818e-06
0,0,3.3417566e-06
1,1,0.9999975
1,1,0.99999607
1,1,0.9999987
1,1,0.999998
1,1,0.9999944
0,1,0.99837315
1,1,0.9999976
1,0,1.997989e-06
1,1,0.99999845
1,1,0.9999969
1,1,0.99999845
0,0,8.378644e-07
1,1,0.99999857
1,1,0.99999607
0,1,0.6321544
1,1,0.999998
1,1,0.99999833
1,1,0.9999976
1,1,0.99999774
1,1,0.99999714
0,0,2.1043294e-05
1,1,0.9999969
1,1,0.9999559
0,0,0.00044991117
1,1,0.99999714
1,1,0.9999968
1,1,0.99999833
1,1,0.9999976
1,1,0.99999833
1,1,0.9999987
1,1,0.99999774
1,1,0.99999666
1,1,0.9999974
1,1,0.99999845
1,1,0.9999604
1,1,0.9999976
1,1,0.99999774
1,1,0.999998
1,0,0.014899336
1,1,0.99999845
1,1,0.99999833
1,1,0.9999962
1,1,0.9999987
1,1,0.99999857
1,1,0.99999833
0,0,0.0003117212
1,1,0.9999987
0,1,0.99998283
1,1,0.99999845
1,1,0.9999963
1,1,0.999998
1,1,0.9999908
1,1,0.99998224
1,1,0.9999987
1,1,0.99999857
0,0,0.0008338109
1,1,0.99987566
0,1,0.9999926
1,1,0.9999981
1,1,0.9999926
1,0,8.120333e-06
1,1,0.99999845
1,1,0.99999833
0,0,7.9278544e-07
1,1,0.9999987
1,1,0.9999988
1,1,0.9999987
1,1,0.99998486
1,1,0.99999845
1,1,0.9999981
1,1,0.9999939
1,1,0.99999857
1,1,0.999997
1,1,0.999997
1,1,0.99999785
0,0,3.2778265e-05
1,1,0.99999714
1,1,0.9999988
1,1,0.9999925
1,1,0.99999857
1,1,0.9999982
1,1,0.9999982
1,1,0.9999982
1,1,0.99999094
1,1,0.9999976
1,1,0.99999714
1,1,0.9999987
1,1,0.9999981
1,1,0.9999975
1,1,0.99999464
1,1,0.999997
0,1,0.9999732
1,1,0.9999982
1,1,0.9999982
1,1,0.99999714
1,1,0.9999807
0,0,0.00017012398
0,0,1.9206377e-06
1,1,0.999998
1,1,0.9999974
0,0,1.2404435e-06
1,1,0.99999833
1,1,0.9999969
1,1,0.9999958
1,1,0.999998
1,1,0.9999987
1,1,0.9999987
1,1,0.99999845
1,1,0.99999547
1,1,0.999998
0,0,4.80892e-06
1,1,0.9999981
1,1,0.9999199
0,0,1.2441683e-06
1,1,0.9999881
1,1,0.99999857
1,1,0.9999969
1,1,0.99999106
1,1,0.99996495
1,1,0.99999845
1,1,0.9999969
1,1,0.9999988
1,1,0.999998
0,1,0.99999213
1,1,0.99999714
1,1,0.9999963
0,0,3.1238799e-06
1,1,0.9999987
1,1,0.99999845
1,1,0.99999833
1,1,0.9999244
0,0,3.5900869e-06
0,0,2.1985128e-05
1,1,0.99999785
1,1,0.99999845
1,1,0.9996896
1,0,3.742581e-06
1,1,0.99999857
0,0,1.4204618e-06
0,0,1.3722496e-06
1,1,0.99999845
1,1,0.9999982
1,1,0.99999833
1,1,0.99999714
1,1,0.99999547
1,1,0.99999845
1,1,0.9999963
1,1,0.9999976
1,1,0.9998791
0,1,0.9999951
1,1,0.999997
0,0,0.12432944
1,1,0.99999845
1,0,4.7592807e-06
1,1,0.9999987
0,1,0.99999607
1,1,0.9999975
0,0,0.00016247577
1,1,0.9999982
1,1,0.99999845
0,0,1.0802133e-06
1,1,0.99999726
1,1,0.9999982
1,1,0.99999845
1,0,1.1153121e-06
1,1,0.99999857
1,1,0.9999988
1,1,0.99999845
1,1,0.9999981
0,0,0.00907496
1,1,0.99999857
1,1,0.9999964
1,1,0.9999982
1,1,0.9999975
1,1,0.99999654
1,1,0.999995
0,0,2.6702244e-06
1,1,0.9999969
1,1,0.99999547
1,1,0.9999962
1,1,0.9999907
1,1,0.99911696
1,1,0.99993765
1,1,0.999998
1,1,0.99999833
1,1,0.9541691
1,1,0.99999166
0,1,0.99998844
1,1,0.999966
1,1,0.9999944
1,1,0.9786896
1,1,0.99999845
1,1,0.99999857
0,0,1.5788048e-06
1,1,0.99884355
1,1,0.9999981
1,1,0.99995315
1,1,0.9999982
1,1,0.99999654
0,1,0.9993793
1,1,0.99999857
1,1,0.9999982
1,1,0.99998665
0,0,4.4373746e-06
1,1,0.9999958
1,1,0.9999957
1,1,0.99999726
1,1,0.999998
1,1,0.9999975
1,1,0.9999964
1,1,0.9999962
1,1,0.99999785
1,1,0.9999974
1,1,0.99999833
1,1,0.99999845
0,0,1.1790039e-05
0,0,2.1303172e-06
1,1,0.99996233
1,1,0.99999845
0,0,9.029767e-06
0,0,2.7566157e-06
1,1,0.9999976
1,1,0.9999956
1,1,0.99999833
1,1,0.9999926
1,1,0.99999774
1,1,0.9999987
0,1,0.9999962
1,0,0.30345178
1,1,0.99999475
1,1,0.99999845
0,0,1.1400505e-06
1,1,0.9999926
1,1,0.9999963
1,1,0.9999982
1,1,0.99999845
1,1,0.9999666
1,1,0.9999982
1,1,0.9999988
1,1,0.999998
1,1,0.99999595
1,1,0.9999982
1,1,0.9999982
0,0,0.00034656504
1,1,0.99999774
1,0,5.183775e-05
1,1,0.99999726
1,1,0.99999833
1,1,0.99999833
1,1,0.9999956
1,1,0.99999726
1,1,0.9999975
1,1,0.9999939
1,1,0.9999987
1,1,0.99999857
1,1,0.9999987
1,1,0.99999464
1,1,0.9999981
1,1,0.99999833
0,0,9.5304875e-07
1,1,0.99999774
1,1,0.9999428
1,1,0.99998915
1,1,0.9999949
1,1,0.9999964
0,1,0.9994172
1,1,0.99999654
1,1,0.9958664
1,1,0.99999774
1,1,0.9999982
1,1,0.99999034
1,0,6.392939e-06
0,1,0.9999548
1,1,0.999997
0,0,9.456293e-07
1,1,0.9999975
1,1,0.99999833
1,1,0.9999957
0,1,0.95245105
1,1,0.9999976
1,1,0.9999945
1,1,0.9999982
0,1,0.99572706
1,1,0.99999464
1,1,0.9999987
1,1,0.99999785
1,1,0.9999982
1,1,0.99999833
1,1,0.99999845
1,1,0.999998
1,1,0.9999974
1,1,0.99999785
1,1,0.9999932
1,1,0.99994624
0,0,1.4125321e-06
0,1,0.99998844
1,1,0.999998
1,1,0.99999857
1,1,0.999998
1,1,0.99999344
1,1,0.99999833
1,1,0.99999857
1,1,0.9999981
1,1,0.99999726
1,1,0.99999833
1,1,0.99999535
1,1,0.99999845
1,1,0.9999969
0,0,3.4216623e-06
1,1,0.99999654
1,1,0.9999981
1,1,0.9999982
1,1,0.999998
0,0,2.7313995e-06
1,1,0.9999958
1,1,0.9999976
1,1,0.9999975
0,0,0.4555195
1,1,0.9999988
1,1,0.9999981
1,1,0.999997
1,1,0.999998
1,1,0.99999774
1,1,0.99993694
1,1,0.99996924
1,1,0.9999976
1,1,0.999998
1,1,0.99999714
1,1,0.9999001
1,1,0.9999949
1,1,0.999992
1,1,0.9999975
0,1,0.9937948
1,1,0.9999932
1,1,0.99999857
1,1,0.99998856
1,1,0.9999987
1,1,0.99999857
0,0,8.8050444e-07
1,1,0.9999982
0,1,0.9999647
1,1,0.9999974
1,1,0.999998
0,0,1.3210899e-06
1,1,0.99999833
1,1,0.9999975
1,1,0.99999857
1,1,0.9999974
1,1,0.99999845
1,1,0.99999416
0,0,0.00036757637
1,1,0.99999666
1,1,0.9999863
1,1,0.99999845
1,1,0.9999981
1,1,0.99999857
1,1,0.9999974
1,1,0.9999932
1,1,0.9999987
1,1,0.99983037
0,0,1.0598769e-06
1,1,0.99999774
1,1,0.9999951
0,0,1.6559559e-06
1,1,0.9999963
1,1,0.9999976
0,1,0.99903274
1,1,0.9999976
1,1,0.99999714
0,0,0.41664416
0,1,0.9923046
1,1,0.99999774
1,1,0.9999987
1,1,0.9999975
1,1,0.9999976
1,1,0.9999968
1,1,0.99999857
1,1,0.9999975
1,1,0.9999962
0,1,0.99999714
1,1,0.9999926
0,1,0.9956969
1,1,0.99999
1,0,2.790283e-06
1,1,0.99999654
1,1,0.99999833
1,1,0.9999982
1,1,0.99999654
1,1,0.9999981
1,1,0.99999774
1,1,0.99999857
1,1,0.999998
1,1,0.99999785
1,1,0.9999918
1,1,0.9999976
1,1,0.9999982
1,1,0.99999845
1,1,0.99999714
1,1,0.96338415
1,1,0.99999857
1,1,0.99999857
1,1,0.9999987
0,0,9.654028e-07
1,1,0.9999975
1,1,0.99999833
0,0,0.0036338507
0,0,2.2419815e-06
1,0,0.00047547644
1,1,0.99999774
1,1,0.99999833
1,1,0.999998
1,0,1.8344399e-05
1,1,0.9999968
0,0,0.00016082852
1,1,0.99999654
1,1,0.99999774
1,0,8.556932e-06
1,1,0.99999535
1,1,0.99996996
1,1,0.99999857
1,1,0.9999981
1,1,0.99999774
1,1,0.99999833
1,1,0.9999621
1,1,0.9999982
1,1,0.99999785
1,1,0.9999987
1,1,0.9999527
1,1,0.99999833
1,1,0.9999974
0,0,8.3551466e-05
1,1,0.99999857
0,0,2.9059542e-05
1,1,0.999997
1,1,0.99999833
1,1,0.99999785
1,1,0.9999982
1,1,0.99999654
1,0,0.0009054401
1,1,0.999998
0,1,0.9999914
1,1,0.99999774
1,1,0.95108384
1,0,4.054068e-06
1,1,0.9999975
1,1,0.99999845
1,1,0.9999982
1,1,0.9999976
0,1,0.9999156
1,1,0.99999833
1,1,0.99999714
1,1,0.99999857
1,1,0.99999845
1,1,0.9999981
1,1,0.99999833
1,1,0.99999845
1,1,0.9999982
1,1,0.99999845
1,1,0.999997
0,0,2.4553653e-06
1,1,0.61329037
1,1,0.9999981
1,1,0.99999857
1,1,0.99999785
0,0,0.00019461672
1,1,0.99999523
0,1,0.99896324
1,1,0.9999982
1,1,0.9999976
0,0,6.746615e-05
1,1,0.99999857
1,1,0.9999975
1,1,0.99999785
1,1,0.9999982
1,1,0.99999774
1,1,0.9999976
1,1,0.9999927
1,1,0.9999975
1,1,0.99999666
1,1,0.99999845
1,1,0.99999714
1,1,0.99803036
0,0,9.809128e-06
1,1,0.9999982
1,1,0.9999976
0,0,1.0254014e-06
1,1,0.99999774
1,1,0.99999785
1,1,0.9999962
1,1,0.99999845
1,0,4.8962665e-06
0,1,0.99999356
1,1,0.99999845
1,1,0.9999975
1,1,0.9999982
1,1,0.99999833
1,1,0.9999975
1,1,0.9999951
0,0,9.126369e-05
0,0,9.955371e-07
1,1,0.9999957
1,1,0.9999976
1,1,0.9996346
1,1,0.99999774
1,1,0.9999976
1,1,0.99999857
1,1,0.9999982
1,1,0.99999785
0,1,0.9996107
0,0,2.1564672e-06
1,1,0.99999833
1,1,0.99998856
1,1,0.99999845
1,1,0.9999987
1,1,0.9999987
1,1,0.99993896
1,1,0.9999982
1,1,0.9999951
1,0,2.646013e-06
0,0,1.0601459e-06
1,1,0.9999975
1,1,0.99999785
1,0,1.241294e-05
1,1,0.9999988
1,1,0.99845946
1,1,0.9999975
1,1,0.9999981
1,1,0.99999785
1,1,0.99999845
1,1,0.9999982
1,1,0.9999467
1,1,0.99999774
1,1,0.99999845
1,1,0.999997
1,1,0.99999654
1,1,0.9999975
1,1,0.99999857
1,1,0.9474
0,1,0.99999607
1,0,3.1313607e-06
1,1,0.9999981
1,1,0.9999987
1,1,0.99999595
1,1,0.9999957
1,1,0.99999833
1,0,3.6005754e-06
1,1,0.99999833
1,1,0.9999981
1,1,0.9999974
1,1,0.99999845
1,1,0.9999962
1,1,0.9999987
1,1,0.99999857
1,1,0.9999951
1,1,0.99999845
1,1,0.9999987
1,1,0.99999714
1,1,0.9999981
1,1,0.9999957
1,1,0.9999963
0,0,1.366574e-06
1,1,0.9999975
1,1,0.9999974
0,0,0.10255143
0,1,0.9999976
1,1,0.99999833
1,1,0.9999981
1,1,0.99999857
1,1,0.9996736
0,0,1.142361e-06
1,1,0.99999833
1,0,0.0035728288
1,1,0.999998
1,1,0.99999857
1,1,0.9999937
1,1,0.999998
1,1,0.99999785
1,1,0.99999595
1,1,0.99999774
1,1,0.999998
1,1,0.99999714
0,1,0.9995751
1,1,0.9999974
1,1,0.9999939
1,1,0.9999981
0,0,2.6165608e-06
1,1,0.9999974
1,1,0.9999964
1,1,0.99999833
1,1,0.9999981
1,1,0.9999981
1,1,0.99999845
0,0,0.003253863
1,1,0.9999976
1,1,0.999998
1,1,0.9999962
1,1,0.99999785
1,1,0.99999845
1,1,0.999998
1,1,0.99999774
1,1,0.99999654
1,1,0.9999956
1,1,0.9999982
0,0,1.3687743e-06
1,0,0.00018239931
1,1,0.99999714
1,1,0.99999857
1,1,0.99999833
0,0,1.1553992e-06
1,1,0.9999987
1,1,0.9999987
1,1,0.9999963
1,1,0.9999987
0,1,0.9999974
1,1,0.99999785
1,1,0.99999666
1,1,0.9999949
1,1,0.99999833
1,1,0.99999857
1,1,0.99999785
1,1,0.9999982
0,0,2.244429e-06
1,1,0.999998
0,0,1.9040564e-06
1,1,0.99999857
1,1,0.9999987
0,0,1.6260374e-06
1,1,0.9999981
1,1,0.99999666
0,1,0.98721397
1,1,0.99999857
1,1,0.9999981
1,1,0.999998
1,1,0.99999666
1,1,0.9999975
1,1,0.99999785
1,1,0.9999316
1,1,0.99999833
1,1,0.9999981
1,1,0.99999774
1,1,0.99999595
1,1,0.9999957
1,1,0.99999833
1,1,0.9999988
0,1,0.9929738
1,1,0.999998
1,1,0.99999714
1,1,0.9999982
1,1,0.9999963
0,0,0.0013553022
0,0,4.475918e-06
1,1,0.9999962
1,0,0.00093425787
1,1,0.9999981
1,1,0.99999833
1,1,0.9999963
1,1,0.9999963
1,1,0.999972
1,1,0.99999845
1,1,0.9999981
1,1,0.9999919
1,1,0.62850237
1,1,0.99999714
1,1,0.99999607
1,0,0.08887147
1,1,0.999998
1,1,0.99999774
1,1,0.99999833
1,1,0.9999981
1,1,0.9999968
1,1,0.999731
1,1,0.999998
0,0,1.879617e-06
1,1,0.9999975
1,1,0.9999523
1,1,0.99999774
1,1,0.99999857
0,0,2.4410521e-05
1,1,0.99999833
0,1,0.9999974
1,1,0.99999845
1,1,0.99998736
1,1,0.999997
1,1,0.99999726
1,1,0.9999949
1,1,0.9999982
0,0,3.07223e-06
1,1,0.99999774
1,1,0.9999981
1,1,0.9999938
0,0,2.3222342e-06
1,1,0.9999882
1,1,0.9999987
0,0,1.0332338e-06
1,1,0.999998
1,1,0.9999987
1,1,0.9999976
1,1,0.9999982
0,1,0.999987
1,1,0.9990545
1,1,0.99999857
1,1,0.99999845
0,1,0.99995315
0,0,1.9770087e-06
0,0,2.0040766e-06
1,1,0.9999881
1,0,0.11689655
0,0,1.6211677e-06
1,1,0.9999981
1,0,8.692595e-06
1,1,0.9999976
1,1,0.9999964
1,1,0.9999981
1,1,0.99999714
1,1,0.9999987
1,1,0.9999976
1,1,0.84840494
1,1,0.99999714
1,0,1.9834863e-06
1,1,0.9999981
0,1,0.99999833
1,1,0.9999982
1,1,0.99999726
1,1,0.99999785
1,1,0.99997294
1,1,0.99999845
1,1,0.9999981
1,1,0.9999964
1,1,0.9999981
1,1,0.9999976
1,1,0.99999535
1,1,0.99999845
1,1,0.99999654
1,1,0.99999726
1,1,0.9999982
1,1,0.99999833
1,1,0.99999857
1,1,0.99999833
1,1,0.999997
1,1,0.99999845
1,1,0.99999845
1,1,0.99999714
1,1,0.9999969
1,1,0.9999976
1,1,0.9998982
1,1,0.9999981
1,1,0.9999975
1,1,0.99999785
1,1,0.9999875
1,1,0.99994993
1,1,0.9999981
1,1,0.9999471
1,1,0.9999931
1,1,0.999998
1,1,0.9999974
1,1,0.9999982
0,0,1.2211318e-06
1,1,0.9999982
1,1,0.9999975
1,1,0.9999975
0,0,2.1626065e-06
1,1,0.999998
1,0,0.22550867
1,1,0.99999774
1,1,0.99999297
1,1,0.99976605
0,0,0.09219408
1,1,0.99999666
1,1,0.99999785
1,1,0.999998
0,0,0.00074269145
1,1,0.9999932
1,1,0.9999976
1,1,0.99999785
1,1,0.99999785
0,0,1.1196347e-06
1,1,0.9999974
1,1,0.9999982
1,1,0.9999721
1,1,0.99999475
1,1,0.99999845
1,1,0.99999666
1,0,5.589186e-06
1,1,0.9999975
1,1,0.9999976
1,1,0.99999845
1,1,0.999998
1,1,0.9999975
1,1,0.99999845
0,1,0.99999785
1,1,0.9999982
1,1,0.9999981
1,1,0.99998426
1,1,0.99999785
1,1,0.99999714
0,1,0.99998546
1,1,0.9999951
1,1,0.9999956
1,1,0.9999981
1,1,0.99999714
1,1,0.9999975
1,1,0.99999785
1,1,0.99999833
1,1,0.9999975
1,1,0.9954455
1,1,0.99988496
1,1,0.9999982
1,1,0.999998
1,1,0.9999918
1,0,5.5072915e-06
1,1,0.99999857
1,1,0.999997
1,1,0.99999845
1,1,0.99999475
1,1,0.9999981
1,1,0.99999595
1,1,0.999998
1,1,0.999998
0,0,6.713108e-06
0,0,1.41789715e-05
1,1,0.999998
1,1,0.99999726
1,1,0.99999726
1,0,2.6644737e-05
1,1,0.99431866
0,0,4.430372e-06
1,1,0.9999862
0,0,2.564259e-06
1,1,0.99999774
1,1,0.9999945
1,1,0.99999785
0,0,4.736135e-06
0,0,1.1030925e-06
1,1,0.9999367
0,0,2.1625178e-06
1,1,0.99999726
1,1,0.99999845
1,1,0.99999845
0,0,1.7673947e-06
1,1,0.99999845
1,1,0.99999666
1,1,0.99999595
1,1,0.99999726
1,1,0.99999845
1,1,0.9999988
1,0,0.08841963
1,1,0.99999833
1,1,0.9999988
1,1,0.99999654
1,1,0.99999774
1,1,0.9999938
1,1,0.99999785
1,0,2.1468395e-06
1,1,0.9999982
0,1,0.99997926
1,1,0.9999976
1,1,0.9999969
1,1,0.99172664
1,1,0.9999988
1,1,0.99998534
1,1,0.999985
1,1,0.99999833
1,1,0.9999976
1,1,0.999998
1,1,0.9999975
1,1,0.99999833
1,1,0.99999774
1,1,0.9999975
1,1,0.9999981
0,1,0.99999654
1,1,0.99999857
1,1,0.99999845
1,1,0.999998
1,1,0.9999982
1,1,0.99999654
1,1,0.99999785
1,1,0.99998784
1,1,0.99999845
0,0,6.927189e-05
1,1,0.9999982
1,1,0.9999827
1,1,0.9999937
1,1,0.81272024
1,1,0.99999845
1,1,0.99999785
1,1,0.99999726
0,0,1.4271859e-06
1,1,0.99999416
1,1,0.9999969
0,0,0.00015278801
0,0,7.872937e-07
1,1,0.9999982
0,0,1.8105328e-06
1,1,0.9999989
1,1,0.9999981
1,1,0.9999975
1,1,0.9999974
1,1,0.99999833
1,1,0.9999912
1,1,0.99999785
1,1,0.99999833
1,1,0.9999969
1,1,0.99999857
1,1,0.99999666
1,1,0.99999785
1,1,0.9999976
1,1,0.99999833
1,1,0.99999857
1,1,0.99999714
1,1,0.9999974
0,0,1.1863245e-06
0,0,0.00019510071
1,1,0.9999981
1,1,0.9999981
0,0,0.0001732685
1,1,0.9999982
0,1,0.9987729
1,1,0.99999857
1,1,0.9999982
1,1,0.99999833
1,1,0.99999857
1,1,0.9999982
1,1,0.9999981
1,1,0.99999547
1,1,0.99999785
1,1,0.9999981
1,1,0.99999666
1,1,0.99999857
1,1,0.99999845
1,1,0.9999974
1,1,0.999998
0,0,9.868642e-07
1,1,0.99999785
0,1,0.9999664
1,1,0.99998355
0,0,1.004019e-06
0,0,1.6799556e-06
0,0,0.015214507
1,1,0.99999833
1,1,0.9999981
1,1,0.999998
1,1,0.999997
0,0,2.5309741e-06
1,1,0.99999845
1,1,0.9999982
1,1,0.9999975
1,1,0.99999666
1,1,0.9999987
0,0,1.4064822e-05
1,1,0.9999982
1,1,0.99999857
1,1,0.9999981
1,1,0.99999857
1,1,0.9999975
1,1,0.9999982
1,1,0.8127188
0,1,0.8445254
0,0,0.0009306637
1,1,0.99999857
0,1,0.9999907
1,1,0.99997115
1,1,0.79061174
1,1,0.9999944
1,1,0.9999944
1,1,0.99999654
1,1,0.99999857
1,1,0.99999845
1,1,0.9999976
1,1,0.99999857
1,1,0.9999982
0,0,6.650571e-06
1,1,0.99999833
1,1,0.9999987
1,1,0.99985313
1,1,0.99999845
1,1,0.99998534
1,1,0.99999285
1,1,0.9999981
1,1,0.9999001
1,1,0.99999833
1,1,0.99998033
1,1,0.999995
0,1,0.99999464
1,1,0.99999833
0,1,0.99999654
1,0,1.091908e-06
1,1,0.99999523
1,1,0.99999774
1,1,0.9999976
1,1,0.99999774
1,1,0.9999982
1,1,0.999998
1,1,0.9992305
1,1,0.99999774
0,0,3.6205636e-06
0,1,0.99999523
1,1,0.99999774
0,0,1.5776399e-06
1,1,0.99999535
1,1,0.9999981
1,1,0.9999981
1,1,0.99999833
1,1,0.9999982
1,1,0.9999987
0,1,0.9999926
1,1,0.9999981
1,1,0.999998
1,1,0.99999726
1,0,0.19667599
0,0,0.00742619
1,1,0.99999857
1,1,0.99945754
1,1,0.9999987
0,0,2.4852375e-06
1,1,0.999997
1,1,0.9999988
1,0,0.4060725
1,1,0.99998903
1,1,0.9999981
1,1,0.9999969
1,1,0.99999595
0,0,2.1332917e-06
1,1,0.9999987
0,0,1.0873669e-06
1,1,0.99999833
1,1,0.99999654
1,1,0.9999981
1,1,0.9999752
1,1,0.99999845
1,1,0.99999845
1,1,0.99999857
1,1,0.99999845
1,1,0.999997
1,1,0.99999785
1,1,0.99999595
0,0,1.0206471e-06
1,1,0.9999981
0,1,0.99731183
1,1,0.9999981
0,0,7.604836e-05
1,0,2.4980354e-06
1,0,0.00027011914
1,1,0.99985087
1,1,0.99999845
1,1,0.99999416
1,1,0.99999774
1,1,0.99999857
1,1,0.99999833
1,1,0.999998
1,1,0.9999974
1,0,0.4896965
1,1,0.9999987
1,1,0.9999987
1,1,0.99998486
0,1,0.9823506
1,1,0.99999046
1,1,0.9999987
1,1,0.99999666
0,0,5.30005e-06
1,1,0.97381634
1,1,0.99999845
1,1,0.9999981
0,0,3.7490613e-06
1,0,9.459573e-06
1,1,0.9999964
0,1,0.99416673
1,1,0.99999833
1,1,0.9999647
1,1,0.9999943
0,0,2.3343887e-06
1,1,0.9999702
0,1,0.9999924
1,1,0.9999938
1,1,0.9999975
1,1,0.9999981
1,1,0.9999871
1,1,0.9999937
1,1,0.99999666
1,1,0.9999982
1,1,0.9999987
1,1,0.99999845
0,0,1.2565313e-06
1,1,0.9999956
1,1,0.99999833
1,1,0.9999975
1,1,0.99999416
1,1,0.9999957
1,1,0.9999976
1,1,0.99999833
1,1,0.99999774
1,1,0.99999535
1,1,0.99999833
1,1,0.9999943
1,1,0.99999833
1,1,0.9999982
0,1,0.99996436
0,0,1.4045825e-06
1,1,0.99999785
1,1,0.99995613
1,1,0.9999771
1,1,0.99999845
1,1,0.999998
1,1,0.999997
1,1,0.99999154
1,1,0.9987484
1,1,0.9999982
1,1,0.9999981
1,1,0.99999785
0,1,0.9999645
1,1,0.9999982
1,1,0.9999987
1,1,0.9999968
1,1,0.9999976
1,1,0.9999974
1,1,0.999998
1,1,0.9999981
1,1,0.99999845
1,1,0.99999845
1,1,0.99999857
1,1,0.9999987
0,1,0.99963975
1,1,0.999998
1,0,6.567066e-05
1,1,0.999998
1,1,0.9999982
1,1,0.99928266
1,1,0.999998
1,1,0.99999666
0,1,0.9999678
1,1,0.9999982
1,1,0.99999714
1,1,0.9869401
1,1,0.9999808
1,1,0.999998
1,1,0.99999857
1,1,0.99991786
1,1,0.99999857
1,0,2.5386824e-05
1,1,0.99999833
0,0,1.1704199e-06
1,1,0.9999988
1,1,0.9999943
1,1,0.99999714
1,1,0.9999925
1,1,0.9999981
1,1,0.99999726
1,1,0.9999976
1,1,0.9820955
1,1,0.9999981
1,1,0.99999857
0,0,2.277948e-06
0,0,8.5237303e-07
0,1,0.99997044
1,1,0.9999956
1,1,0.99999857
1,1,0.99999845
1,1,0.999998
1,1,0.9999981
1,1,0.9999976
1,1,0.99999785
1,1,0.9999976
0,1,0.99999154
1,1,0.9999981
1,1,0.9999968
1,1,0.9999981
1,1,0.9999931
1,1,0.99999595
0,0,1.0661847e-06
1,1,0.99999785
0,0,2.6733773e-05
1,1,0.9999987
1,1,0.9999981
1,1,0.99999475
1,1,0.9999982
1,1,0.9999982
1,1,0.999998
1,1,0.9999987
1,1,0.99999726
1,1,0.99999774
0,0,9.25618e-07
1,1,0.9999949
1,1,0.99999774
1,0,1.1401919e-06
1,1,0.99999285
1,1,0.99999833
1,1,0.9999968
1,1,0.9999981
1,1,0.9999968
1,1,0.99999857
1,1,0.9999981
1,1,0.99999845
1,1,0.99998283
1,1,0.9999975
1,1,0.78372765
1,1,0.9999975
0,0,0.06254426
1,1,0.9999975
1,1,0.99999857
1,1,0.99999774
1,0,6.886741e-05
1,1,0.99999547
1,0,1.1236717e-05
1,1,0.9999963
0,1,0.9545152
1,0,2.9651655e-06
1,1,0.9999969
1,1,0.9999981
0,0,1.1387464e-05
0,0,2.7455962e-06
1,1,0.99999833
1,1,0.9999981
1,1,0.99999845
1,1,0.9999982
1,1,0.9999982
1,1,0.9999988
1,1,0.9999987
1,1,0.99999845
1,1,0.99999857
0,0,3.9927763e-06
1,1,0.9999982
1,1,0.99999714
1,1,0.9999957
1,1,0.99999774
1,1,0.99999785
1,1,0.9999391
1,1,0.9999969
1,1,0.9999976
1,1,0.99999714
1,1,0.9999982
1,1,0.999998
1,1,0.99834037
1,1,0.9999988
1,1,0.99999654
1,1,0.99999845
1,1,0.99999785
1,1,0.9999988
1,1,0.99999416
1,1,0.9999976
0,0,9.464729e-05
1,1,0.9999962
1,1,0.9999981
1,1,0.9999982
1,1,0.9999763
1,1,0.99999094
1,1,0.9999908
0,1,0.99999404
1,1,0.99999714
1,1,0.9999968
1,1,0.9999974
1,1,0.99998784
1,1,0.9999968
1,1,0.9999981
0,0,1.0589343e-06
1,1,0.9983907
0,0,4.1225576e-06
1,1,0.9999981
1,1,0.99999833
1,1,0.99999845
0,0,3.200807e-06
1,1,0.99999726
1,1,0.9999974
1,1,0.9999975
1,1,0.9999862
1,1,0.9999975
1,1,0.99999845
1,1,0.99999535
1,1,0.99999535
1,1,0.9999969
1,1,0.9999962
1,1,0.9999982
1,1,0.9999981
1,1,0.9999957
1,1,0.99998295
1,1,0.9999982
1,0,7.0194e-05
1,1,0.9999981
1,1,0.99999785
1,1,0.99999857
1,1,0.99999774
1,1,0.99999785
1,1,0.999998
1,1,0.9999968
1,1,0.9999982
1,1,0.99999857
1,1,0.99999845
1,1,0.9999957
1,1,0.99999833
0,1,0.9997495
1,1,0.99999833
1,1,0.99999595
1,1,0.99999785
1,1,0.9999974
1,1,0.99999464
0,0,0.06929329
1,1,0.99999845
1,1,0.999997
1,1,0.9979266
1,1,0.9846727
1,0,5.6073923e-06
0,0,0.0018745335
1,1,0.99999785
1,1,0.999997
1,1,0.99999857
1,1,0.99976546
1,0,1.9316525e-05
0,0,1.7609376e-06
1,1,0.99999845
1,1,0.9999968
1,1,0.9999949
1,1,0.9999951
1,1,0.99999857
1,1,0.999997
1,1,0.99998236
1,1,0.9999969
1,1,0.999992
1,1,0.99999785
1,1,0.99999726
1,1,0.9999976
1,1,0.9999981
1,1,0.99999785
1,1,0.9999964
1,1,0.9999975
1,1,0.9999982
1,1,0.9999968
1,1,0.99999774
1,1,0.99999666
1,1,0.9999987
1,1,0.99999785
1,1,0.999998
1,1,0.99999845
1,1,0.99999845
1,1,0.99999785
1,1,0.9999976
1,1,0.99999726
1,1,0.87564206
1,1,0.9999987
1,1,0.99999857
1,1,0.99999475
1,1,0.9999976
1,1,0.9999957
1,1,0.999997
1,1,0.9999982
1,1,0.9999964
1,1,0.99770314
1,1,0.99999845
1,1,0.9999976
1,1,0.9999981
1,1,0.99999344
1,1,0.9999956
1,1,0.99999857
1,1,0.9999945
1,1,0.9999988
0,0,3.904344e-06
1,1,0.99999774
1,1,0.99997544
1,1,0.9999987
1,1,0.999997
0,0,0.00048227268
1,1,0.9999974
1,1,0.9986753
1,1,0.99999857
1,1,0.9999777
1,1,0.99999785
1,1,0.99999833
1,1,0.999998
0,0,2.654447e-06
1,1,0.9999981
0,0,0.00010752373
1,1,0.99999833
1,1,0.999998
1,1,0.99999845
1,1,0.99928325
1,1,0.9999974
1,1,0.9999987
1,1,0.99999857
1,1,0.9999982
1,1,0.9999981
1,1,0.999997
1,1,0.7846461
1,1,0.9999975
1,1,0.99999774
1,1,0.9999987
1,1,0.99999833
1,1,0.99989974
1,1,0.9999981
0,0,1.4629856e-06
1,1,0.9999826
1,1,0.99999845
1,0,0.00039585924
1,1,0.9999981
0,1,0.9999634
1,1,0.999998
1,1,0.99999845
1,1,0.9999987
1,1,0.99999833
1,1,0.9999982
1,1,0.9999975
0,0,8.210052e-06
1,0,0.37943354
1,1,0.9999969
1,1,0.99999833
1,1,0.99999857
1,0,1.4513402e-06
1,1,0.9999982
1,1,0.9999949
1,1,0.9999976
1,1,0.99999845
1,1,0.99999785
0,1,0.9999654
1,1,0.9999976
1,1,0.99999785
1,1,0.99999857
1,1,0.9999974
0,0,1.4330943e-06
1,1,0.9999981
1,1,0.9999975
1,1,0.9999981
1,1,0.99999857
1,1,0.9999976
1,1,0.9999976
0,0,2.75434e-06
1,1,0.99999833
1,1,0.99999785
1,1,0.9999982
1,1,0.9999962
1,1,0.99999654
1,1,0.9999957
1,0,1.3748721e-06
1,1,0.9999981
1,1,0.9999982
1,1,0.99999833
1,1,0.9999654
0,0,0.00016042951
1,1,0.999995
1,1,0.999814
0,0,2.5655627e-06
1,1,0.999997
0,0,4.1117287e-06
0,1,0.9999931
0,0,1.4566509e-06
1,1,0.99999106
0,0,1.0643794e-06
1,1,0.99999845
1,1,0.9999981
1,1,0.99999857
1,1,0.99999714
1,1,0.9999982
1,1,0.9999957
1,1,0.99999666
1,1,0.99999845
1,1,0.99999845
1,1,0.99999857
0,1,0.99999106
1,1,0.9999962
1,1,0.9999987
1,1,0.9999976
1,1,0.9999982
1,1,0.9999969
1,1,0.99999857
0,0,1.5138482e-06
1,1,0.9999974
1,1,0.9999987
1,1,0.99999845
0,0,1.3714254e-06
1,1,0.9999896
0,1,0.98440254
1,1,0.9999963
1,1,0.99999607
1,1,0.99999857
1,1,0.99999774
1,1,0.99999857
1,1,0.99999833
1,1,0.99999845
1,1,0.999997
1,1,0.99999857
1,1,0.9999981
1,1,0.9999976
1,1,0.99999845
1,1,0.9999927
1,1,0.99999785
0,1,0.99951196
0,0,1.0510173e-06
1,1,0.9999981
1,1,0.99999857
1,1,0.9999982
1,1,0.9999968
1,1,0.999998
0,1,0.9462776
1,1,0.99999845
0,0,2.1298927e-06
1,1,0.99999785
1,1,0.99960726
0,0,0.0037367886
0,0,2.5142464e-05
1,1,0.999998
0,1,0.99795985
1,1,0.9999975
1,1,0.9999895
1,1,0.9999968
1,1,0.9999987
1,1,0.99999845
0,0,1.1587092e-05
1,1,0.99999833
1,1,0.99999774
1,1,0.9999976
0,0,1.4504492e-06
1,1,0.99999857
1,1,0.99999845
1,1,0.99999034
1,1,0.9999974
1,1,0.99999774
0,0,3.2735043e-06
0,1,0.9975298
0,0,1.4413276e-06
1,1,0.999985
1,1,0.9999943
0,0,0.00048629276
1,1,0.99999845
1,1,0.9999982
1,1,0.99999833
1,1,0.99782014
1,1,0.99999833
1,1,0.9999975
1,1,0.9999982
1,1,0.99999845
1,1,0.9999962
0,0,2.9839161e-06
1,1,0.999998
1,1,0.99999297
1,1,0.99999785
1,1,0.99999833
1,1,0.9999981
1,1,0.99999857
1,1,0.99999845
1,1,0.9999926
0,1,0.99545044
1,1,0.9999975
1,1,0.99999857
1,1,0.999998
1,1,0.999998
1,1,0.999997
1,1,0.9999982
1,1,0.99999785
1,0,3.3265828e-06
1,1,0.99999607
1,1,0.99999654
1,1,0.9999987
1,1,0.9999982
0,0,1.1745269e-06
1,1,0.99999845
0,1,0.99999535
1,1,0.99999523
1,1,0.9999963
1,1,0.99999845
1,1,0.99999666
1,1,0.99999106
1,1,0.99999714
1,1,0.9999981
1,1,0.9999981
1,1,0.99999845
0,0,1.6217816e-06
1,1,0.9999968
1,1,0.999998
1,1,0.99999714
1,1,0.99999845
1,1,0.99999154
1,1,0.99999845
1,1,0.9999982
1,1,0.99999857
0,0,1.9738736e-06
1,1,0.999997
0,0,1.8727159e-06
1,1,0.999998
1,1,0.999998
1,0,1.1537069e-06
1,1,0.9999976
1,0,5.3201664e-05
1,1,0.999998
1,1,0.99999654
0,0,1.7423885e-05
1,1,0.99991095
1,1,0.999998
1,1,0.9999927
1,1,0.9999981
1,1,0.99999714
0,0,9.340983e-07
0,0,1.3730869e-05
1,1,0.99997926
1,1,0.9999968
1,1,0.99999785
1,0,0.03622197
1,1,0.9999975
1,1,0.9999987
1,0,5.5833207e-06
1,1,0.9999982
0,0,3.0618874e-06
1,1,0.99999857
1,1,0.9999982
1,1,0.99999785
1,1,0.9999981
1,1,0.99999666
1,1,0.9999987
1,1,0.99999833
0,0,2.254026e-06
1,1,0.99998
1,1,0.9999988
1,1,0.9999969
1,1,0.9999982
1,1,0.99999845
1,1,0.9999939
1,1,0.99999774
1,1,0.9999956
1,1,0.99999785
1,1,0.99999857
0,1,0.99998605
1,1,0.9999981
1,1,0.99999654
0,0,1.7001249e-06
0,0,9.1931915e-06
0,0,8.914156e-06
1,1,0.99999785
1,1,0.99999857
1,1,0.9999889
1,0,8.561045e-06
1,1,0.99999774
1,1,0.99999607
1,1,0.99999857
0,1,0.8289209
1,1,0.99999774
1,1,0.9999968
1,0,0.33380422
0,0,2.8479457e-05
1,1,0.9999976
1,1,0.98924935
1,1,0.9999987
1,1,0.9999975
1,1,0.99999094
1,1,0.99999845
1,1,0.9999794
1,1,0.9999987
1,1,0.9989813
1,1,0.99999785
1,1,0.9999589
1,1,0.9999676
1,1,0.9999968
0,0,3.8445876e-05
0,0,1.0579502e-06
0,1,0.999998
1,0,0.0001725699
1,1,0.99999857
1,1,0.99995184
1,1,0.99999857
1,1,0.99999845
1,1,0.99995756
1,0,0.0001543513
1,1,0.9999976
1,1,0.99999785
1,1,0.9999982
1,1,0.9999988
1,1,0.999998
1,1,0.99999857
1,1,0.9999982
1,0,2.942497e-06
1,1,0.99999714
1,1,0.99999857
0,0,3.9770243e-06
1,1,0.9999982
1,1,0.9999981
1,1,0.99999833
1,1,0.9999981
1,1,0.999998
1,1,0.99999785
1,1,0.9999964
1,1,0.9999975
1,1,0.99999845
1,1,0.9999969
1,1,0.99998176
0,0,1.6887196e-06
1,1,0.99999774
1,1,0.9999943
1,1,0.99999845
1,1,0.999998
1,1,0.9999974
1,1,0.99998856
1,1,0.99999344
1,1,0.9999939
1,1,0.9999987
1,1,0.9999963
1,1,0.99999833
1,1,0.99999845
1,1,0.9999976
1,1,0.99999785
1,1,0.9999982
1,1,0.9999975
1,1,0.9999976
0,0,2.4114088e-06
1,1,0.9999976
1,1,0.9999987
0,0,3.067101e-06
1,1,0.999997
1,1,0.999998
1,1,0.99999845
1,1,0.9999976
0,0,1.3806086e-06
1,1,0.99999714
1,1,0.99960977
1,1,0.9999957
1,1,0.9999988
1,1,0.9999988
1,0,1.0638654e-05
1,1,0.9999981
1,1,0.999998
1,1,0.9999982
0,0,1.6881786e-06
1,1,0.9999982
0,0,1.1766671e-06
1,0,1.756989e-05
1,1,0.99999464
1,1,0.99999845
1,1,0.99999833
1,1,0.99999726
1,1,0.999841
0,0,1.7705005e-06
1,1,0.99999845
1,1,0.99999774
1,1,0.99999845
1,1,0.99999785
1,0,0.0076672095
1,1,0.99999774
1,1,0.99999726
0,0,1.3752222e-06
0,1,0.96809834
1,1,0.99999714
1,1,0.9999981
1,0,1.6434547e-06
0,0,0.0004361761
1,1,0.99999785
1,1,0.99998975
1,1,0.99999857
1,1,0.999997
1,1,0.9999869
1,1,0.99999785
1,1,0.9999975
1,1,0.999998
1,1,0.99999785
0,0,8.574214e-05
1,1,0.99999225
0,1,0.9993574
1,1,0.99999666
1,1,0.99999785
1,1,0.999998
1,1,0.9999931
1,1,0.99999714
1,1,0.99999857
1,1,0.97851825
1,1,0.999998
1,1,0.99999833
1,1,0.99999833
1,1,0.999998
1,1,0.9999981
1,1,0.9999981
1,1,0.9999938
1,1,0.99999774
0,0,1.7874031e-06
1,1,0.99999833
1,0,2.04011e-06
1,1,0.99999785
0,1,0.9999608
0,0,1.1073338e-06
1,1,0.99999785
0,0,2.1406324e-06
0,0,2.4639012e-06
1,1,0.99999833
1,1,0.99999833
1,1,0.9999968
1,1,0.99999845
0,0,1.0320836e-06
1,1,0.99999547
1,1,0.9999963
1,1,0.9999958
0,0,0.26949745
1,1,0.9999943
1,1,0.99999297
1,1,0.9999987
1,1,0.999998
1,1,0.9999882
1,0,1.6980508e-06
1,1,0.9999975
0,1,0.97005594
1,1,0.9999976
1,1,0.99999785
1,1,0.99999726
1,1,0.9999981
0,0,1.6032667e-06
1,1,0.9999944
1,1,0.99999845
0,0,1.9199567e-06
1,1,0.99999845
1,1,0.99999845
0,0,3.6465804e-05
1,1,0.9999974
1,1,0.99999714
1,1,0.9999808
1,1,0.999997
0,0,2.3484158e-06
1,1,0.99999213
1,1,0.99999857
1,1,0.9999988
1,1,0.99999833
1,1,0.99999774
1,0,1.7122503e-06
1,1,0.999941
1,1,0.99999845
1,1,0.999998
0,0,9.152593e-07
1,1,0.99999845
0,0,1.4587599e-06
1,1,0.9999976
1,1,0.9999975
1,0,0.0066802055
1,1,0.9999956
1,1,0.9999976
1,1,0.8153762
1,1,0.99998605
0,0,1.6933303e-06
1,1,0.99999833
1,1,0.99999833
1,1,0.99999416
1,1,0.999998
1,1,0.99999547
0,0,4.0281657e-06
1,1,0.99999845
1,1,0.99999595
1,1,0.999997
0,0,5.7388124e-06
1,1,0.99999404
1,1,0.9999956
1,1,0.99999845
1,1,0.99999833
1,1,0.99999833
1,1,0.9999987
1,1,0.9848512
1,1,0.99999654
1,1,0.99535936
0,0,4.9398805e-05
1,1,0.9999975
1,1,0.9999982
1,1,0.9999976
0,0,3.5650849e-06
1,1,0.9999887
1,1,0.9999987
1,1,0.9999937
0,1,0.9997018
1,1,0.999997
1,1,0.99999785
1,1,0.99999845
1,1,0.99999785
1,1,0.99999785
1,1,0.99999475
1,1,0.9999826
1,1,0.99999714
1,1,0.99999833
1,1,0.99998796
0,0,5.205773e-06
1,1,0.99999785
1,1,0.99999774
1,1,0.7839955
1,1,0.9999982
0,1,0.9865437
0,1,0.8813951
1,1,0.99999833
1,1,0.99999547
1,1,0.9999987
1,1,0.9999988
1,1,0.9999968
1,1,0.99999654
1,0,9.0400545e-06
1,1,0.99999785
1,1,0.99999464
1,1,0.9985227
1,1,0.99999833
1,1,0.9999981
1,1,0.9999976
1,1,0.9999827
0,0,0.0005859269
1,1,0.99999857
1,1,0.99999726
1,1,0.999998
1,1,0.9999008
1,1,0.99999225
1,1,0.99999857
1,1,0.99999833
1,1,0.9999988
1,1,0.99999857
1,1,0.9999981
0,0,9.525895e-06
1,1,0.99999845
1,1,0.9999987
1,1,0.999923
1,1,0.99999857
1,1,0.99999845
1,1,0.99999833
1,1,0.99999833
1,1,0.9999975
1,1,0.99999845
1,1,0.9999982
1,1,0.99999857
1,1,0.99999857
1,1,0.999997
1,1,0.99996185
1,1,0.9999981
1,1,0.99999166
1,1,0.9999958
1,1,0.99986136
1,1,0.99999774
1,1,0.999995
0,0,0.005526282
0,0,1.2054305e-06
1,1,0.9476116
1,1,0.99999714
1,1,0.99999774
1,1,0.9999987
1,1,0.99999857
0,1,0.99950254
1,1,0.99999774
0,0,1.5301542e-06
1,1,0.99999857
0,1,0.99999166
0,1,0.9999857
1,1,0.99999845
1,1,0.99999833
1,1,0.999997
1,1,0.9999981
1,1,0.9999964
1,1,0.9999987
1,1,0.99999845
0,0,8.8886037e-07
0,0,0.0008579166
1,1,0.99999845
1,1,0.99999845
1,1,0.9999981
1,1,0.99999726
1,1,0.999997
1,1,0.99999774
0,0,4.6757464e-06
1,1,0.999908
0,0,2.4296546e-06
0,0,7.985175e-05
0,0,1.6386235e-05
1,1,0.9999976
1,1,0.9999987
1,1,0.99999213
1,0,6.208542e-05
1,1,0.9999974
1,1,0.9999974
1,1,0.9994481
1,1,0.9999987
1,1,0.99999845
0,1,0.5461839
1,1,0.9999964
1,1,0.9999975
1,1,0.99999654
1,1,0.9999716
1,1,0.99999833
1,1,0.99999845
1,1,0.99999535
1,1,0.9999862
1,1,0.9999161
1,1,0.9999989
1,1,0.9999982
1,1,0.9999975
1,1,0.999998
0,0,2.7480182e-05
1,1,0.9999981
1,1,0.99999845
0,0,1.0199855e-06
1,1,0.99999845
1,1,0.99999833
1,0,1.0563961e-05
1,1,0.999944
1,1,0.99999774
0,0,1.9742183e-06
1,1,0.99999833
1,1,0.99999213
1,1,0.99999845
1,1,0.5515375
1,1,0.9999951
1,1,0.99999666
1,1,0.99999833
1,1,0.999998
0,1,0.9993118
1,1,0.99999726
1,1,0.999998
1,1,0.99999833
0,0,1.1475203e-06
1,1,0.99999726
1,1,0.9999949
1,1,0.99999726
1,1,0.99998975
1,1,0.999995
1,1,0.9999951
1,1,0.99999344
0,1,0.9996394
1,0,9.968319e-06
1,0,5.3641006e-06
1,1,0.9999964
1,1,0.9999975
1,1,0.9999987
1,1,0.9999968
0,1,0.9984675
1,1,0.9999981
1,1,0.9664973
1,1,0.99999833
0,0,0.00046391538
1,1,0.99999857
1,1,0.999997
1,1,0.99999833
1,1,0.99999833
1,1,0.99999833
0,0,1.626359e-05
1,1,0.9999982
1,1,0.99999845
1,1,0.9999964
1,1,0.99999857
1,1,0.9999981
1,1,0.99999833
0,0,7.55705e-06
1,1,0.999998
0,0,0.0013715938
1,1,0.999998
1,1,0.9999975
1,1,0.9999964
1,1,0.9999981
1,1,0.99999785
1,1,0.99999833
1,1,0.9999976
1,1,0.9999981
1,1,0.9999976
1,1,0.8635642
0,0,9.5527e-07
1,1,0.99999833
1,1,0.999998
1,1,0.9999943
1,1,0.9999981
1,1,0.99999154
1,1,0.99999726
1,1,0.99999785
1,1,0.99999833
0,0,1.6472001e-06
1,1,0.999998
0,1,0.99629873
1,1,0.9999981
1,1,0.99999666
1,1,0.9999956
1,1,0.9999982
1,1,0.99999774
1,1,0.99999785
1,0,0.0037215885
1,1,0.99999785
1,1,0.99999785
1,1,0.99999535
1,1,0.99999726
1,1,0.99999845
1,1,0.9999982
1,1,0.9999981
1,1,0.9999981
0,0,1.305507e-06
1,1,0.9999987
1,1,0.9999963
1,1,0.99999833
1,0,0.009319134
0,0,0.0105380975
1,1,0.99999774
1,1,0.99999857
1,1,0.99999845
0,0,2.2974365e-05
1,1,0.9999981
1,1,0.99999785
1,1,0.99999833
1,1,0.9999982
1,1,0.9999974
1,0,2.4268245e-06
1,1,0.99999857
1,1,0.99999785
1,1,0.99999464
1,1,0.99999833
1,1,0.99999857
1,1,0.9999981
1,1,0.9987729
1,1,0.9999933
1,1,0.9999976
1,1,0.9999981
1,1,0.99999833
1,1,0.99999774
1,1,0.9999981
1,1,0.9999981
1,1,0.99999845
1,1,0.9999976
0,0,3.118692e-05
0,1,0.99999726
1,1,0.99991333
0,1,0.9999964
1,1,0.999998
1,1,0.99999857
1,1,0.9999974
1,1,0.99999785
1,1,0.999997
1,1,0.99999774
1,1,0.9999982
1,1,0.999998
1,1,0.9999981
1,1,0.9999974
1,0,9.0731e-06
1,1,0.99999845
0,0,1.4554055e-06
