y_true,y_pred,y_prob
1,1,0.9999989
1,1,0.99999917
1,1,0.9999989
1,1,0.99999857
1,1,0.9999993
1,1,0.9999989
0,0,2.0117093e-06
1,1,0.9999988
1,1,0.9999982
1,0,7.236692e-06
1,1,0.99999845
1,1,0.9999989
1,1,0.99999857
1,1,0.9999989
1,1,0.9999989
1,1,0.9999987
1,1,0.9999989
0,0,1.1102597e-05
1,1,0.99999917
0,0,0.00073427823
1,1,0.99999917
1,1,0.99999917
1,1,0.99992585
0,0,2.484408e-06
1,1,0.99999917
0,0,1.6495534e-06
1,1,0.9999989
1,1,0.99999726
1,1,0.99999917
0,0,1.5248706e-06
1,1,0.9999993
1,1,0.99999905
1,1,0.9999988
1,1,0.99999917
1,1,0.99999917
0,1,0.99889934
1,1,0.99999905
1,1,0.99999905
0,0,7.211289e-05
1,1,0.99999905
1,1,0.9999993
1,1,0.99999905
1,1,0.9999988
1,1,0.9999989
1,1,0.99999845
1,1,0.99997747
1,1,0.99999917
0,1,0.99668926
1,1,0.9999869
1,1,0.99999917
1,1,0.9999988
1,1,0.9999988
1,1,0.9999982
1,1,0.99999833
1,1,0.9999989
0,0,1.219349e-06
1,1,0.9999993
1,1,0.99999845
1,1,0.9999993
1,1,0.9999987
1,1,0.99999905
1,1,0.99999905
1,1,0.9999981
0,0,1.1036817e-06
0,1,0.99981374
1,1,0.99999917
1,1,0.99999785
1,1,0.9999993
1,1,0.99999905
1,1,0.9999988
1,1,0.99999917
1,1,0.9999988
1,1,0.9999989
0,0,1.2272423e-06
1,1,0.9999988
1,1,0.9999963
1,1,0.99999905
1,0,1.732133e-06
1,1,0.99999917
1,1,0.99999905
1,1,0.99999905
1,1,0.99999857
1,1,0.99999857
1,1,0.9999993
1,1,0.9999981
1,1,0.99999905
1,1,0.999997
1,1,0.9999988
1,1,0.99999917
0,0,1.0217398e-06
1,1,0.99999523
0,0,2.3630187e-06
0,0,1.4335918e-06
1,1,0.9999981
0,0,1.5486844e-06
1,1,0.99999905
1,1,0.9999958
1,1,0.9999989
1,1,0.99999917
1,1,0.99999917
1,1,0.99999917
0,0,1.6501734e-06
1,1,0.9999993
1,1,0.9999993
1,1,0.99999917
0,0,5.155616e-06
1,1,0.9999963
1,1,0.99999905
1,1,0.9999989
1,1,0.9999987
1,1,0.9999889
1,1,0.9999987
1,1,0.99999905
1,1,0.9999989
1,1,0.9999417
0,0,2.0686753e-06
0,0,1.5199573e-06
1,1,0.99999785
1,1,0.99999905
1,1,0.99999917
1,1,0.99999857
1,1,0.99999833
1,1,0.99999857
1,1,0.9999987
1,1,0.99999917
1,1,0.99999917
1,1,0.9999993
1,1,0.9999993
1,1,0.99999917
1,1,0.9999981
1,1,0.99997556
1,1,0.99999917
1,1,0.99999917
1,1,0.99999917
1,1,0.9999989
1,1,0.9999987
1,1,0.99999917
1,1,0.99999857
1,1,0.9999988
1,0,1.3305273e-05
1,1,0.9999993
1,1,0.9999988
0,0,1.890147e-06
1,1,0.9999989
0,0,3.9016002e-05
1,1,0.9999989
1,1,0.99999905
1,1,0.99999917
0,0,2.2931447e-06
1,1,0.99999917
1,1,0.99999917
1,1,0.99999845
0,0,1.2922603e-06
0,0,1.4363891e-06
0,1,0.9997998
1,1,0.99999857
1,1,0.9999987
1,1,0.9997212
1,1,0.99999714
1,1,0.9999987
1,1,0.99999917
1,1,0.9999989
1,1,0.99999905
1,1,0.99999917
1,1,0.99999917
0,0,1.6955734e-06
1,1,0.99999857
0,0,9.595148e-07
1,1,0.9999857
1,1,0.99999905
1,1,0.99999905
1,1,0.99999857
1,1,0.99999666
1,1,0.99999917
1,1,0.9999989
1,1,0.9999988
1,1,0.9999988
1,1,0.9999987
1,1,0.9999993
0,1,0.99999774
1,1,0.9999989
1,1,0.99999905
1,1,0.9999975
1,1,0.9999987
1,1,0.99980956
1,1,0.99999905
1,1,0.99998975
1,1,0.9999989
0,1,0.99989307
1,1,0.9999989
1,1,0.99999905
1,1,0.99999917
1,1,0.9999987
1,1,0.99999845
1,1,0.9999894
1,1,0.999998
1,1,0.99999917
1,1,0.99999917
1,1,0.99999917
1,1,0.9999969
1,1,0.9999989
1,1,0.99999917
1,1,0.99999917
1,1,0.99999905
1,1,0.9999769
1,1,0.9999993
1,1,0.9999982
1,1,0.99999905
1,1,0.9999993
1,1,0.9999988
1,1,0.9999988
0,1,0.9999783
1,1,0.99999917
1,1,0.99999917
1,1,0.9999988
1,1,0.99999917
1,1,0.99999917
1,1,0.99999845
1,1,0.99999905
0,1,0.999998
1,1,0.99999905
0,0,2.621831e-06
0,0,1.3852774e-06
1,1,0.99999917
1,1,0.9999993
1,1,0.99999833
1,1,0.99999845
1,1,0.99999917
1,1,0.9999989
1,1,0.99999917
1,1,0.9999981
1,1,0.99066275
1,1,0.9999989
1,1,0.99999905
0,0,1.9006457e-06
1,0,0.00039372122
1,1,0.9999993
1,1,0.9999993
1,1,0.9998677
1,1,0.99999905
1,1,0.99999905
1,1,0.9999933
1,1,0.9999988
1,1,0.99999917
1,0,2.4947954e-05
1,1,0.99999917
1,1,0.99999917
1,1,0.9999989
1,1,0.9999989
1,1,0.9999989
1,1,0.99999905
1,1,0.9999988
1,1,0.9999989
1,1,0.99999917
1,1,0.99999905
0,0,1.3187562e-06
1,1,0.9999968
1,1,0.9999993
1,1,0.99957925
0,0,2.3310583e-06
1,1,0.99999917
1,1,0.99999905
1,1,0.99999905
0,1,0.9999975
1,1,0.9999988
1,1,0.99999905
1,1,0.99999917
1,1,0.99999905
1,1,0.99999905
1,1,0.99999917
1,1,0.99999785
1,1,0.9999993
1,1,0.99999917
1,1,0.9999981
1,1,0.9999951
1,1,0.9999989
1,1,0.9999987
1,1,0.9999987
1,1,0.99999905
1,1,0.9999951
1,0,0.11019846
1,1,0.99999917
0,0,2.4124809e-06
1,1,0.99999905
0,1,0.9999943
1,1,0.9999989
1,1,0.99999905
1,1,0.99999905
0,1,0.99999297
0,0,0.035826705
1,1,0.95144695
1,1,0.99999917
0,0,2.0839498e-06
1,1,0.9999989
1,1,0.99999917
1,1,0.99999905
1,1,0.999995
1,1,0.99999917
0,0,7.2183857e-06
1,1,0.9999988
1,1,0.99999726
1,1,0.9999989
1,1,0.9999989
1,1,0.99999905
1,1,0.9999989
1,1,0.9999988
1,1,0.99999726
1,1,0.99999917
1,1,0.99999607
1,1,0.99999917
1,1,0.99999905
1,1,0.99999917
1,1,0.9999987
1,1,0.99998057
0,1,0.9999646
0,0,1.6838374e-06
1,1,0.9999989
1,1,0.99999905
1,1,0.9999988
0,1,0.9999933
0,0,0.0003662748
1,1,0.99999917
1,1,0.9999993
0,0,1.6648742e-06
1,0,0.016256224
1,1,0.9999981
1,1,0.99999917
1,1,0.99999917
1,1,0.9999989
1,1,0.99999917
1,1,0.99999905
1,1,0.9999993
1,1,0.99999785
1,1,0.99998844
1,1,0.99999905
1,1,0.9999989
0,1,0.99927145
0,0,2.3593331e-05
1,1,0.9999883
1,1,0.9999988
1,1,0.9999993
1,1,0.96693313
0,0,0.028077861
1,1,0.99999905
1,1,0.99999905
0,1,0.9999876
1,1,0.99999774
1,1,0.9999993
1,1,0.99999917
1,1,0.99999845
1,1,0.99999845
1,1,0.9999993
1,1,0.9999988
1,1,0.99999917
0,1,0.5159096
1,1,0.9999989
1,1,0.99999905
1,1,0.99997854
1,1,0.9999989
1,1,0.99999905
0,0,9.947115e-07
1,1,0.99999917
1,1,0.99999774
1,1,0.99999225
1,1,0.99999416
0,0,1.2892863e-06
1,1,0.9999865
1,1,0.9999987
1,1,0.99999785
0,0,0.00013744045
0,1,0.9999982
1,1,0.9999896
1,1,0.99999917
0,0,2.674754e-05
1,1,0.99999905
1,1,0.99999905
1,1,0.9999993
1,1,0.99999917
1,1,0.99999905
1,1,0.99999917
1,1,0.9999988
1,1,0.9999993
1,1,0.99999464
1,1,0.9999989
1,1,0.9999993
1,1,0.99999905
1,1,0.9999962
1,1,0.99999905
1,1,0.99999905
1,1,0.99999905
1,1,0.9999988
0,1,0.9988697
1,1,0.9999988
1,1,0.99999917
1,1,0.99999917
1,1,0.9999987
1,1,0.9999989
1,1,0.99999845
1,1,0.9999993
1,1,0.99999917
0,0,0.00053069973
1,1,0.9999993
1,1,0.9999988
1,1,0.99999905
1,1,0.99999917
1,1,0.9999989
1,0,1.7185377e-05
1,1,0.99999917
1,1,0.99999917
1,1,0.9999975
0,1,0.99999654
1,1,0.9999989
0,1,0.99999166
1,1,0.99999917
0,0,2.5078891e-06
1,1,0.99995637
1,1,0.99999917
1,1,0.99999845
1,1,0.99999905
1,1,0.99999857
1,1,0.99999905
1,1,0.9999989
1,1,0.99999905
1,1,0.99999917
1,1,0.9999987
1,1,0.9999993
1,1,0.9999906
1,1,0.9999989
1,1,0.999998
1,1,0.99999726
1,1,0.99999905
1,1,0.99999905
1,1,0.99999905
1,1,0.9999989
1,1,0.99999905
1,1,0.9999987
0,1,0.9999987
0,0,1.1184521e-06
1,1,0.999998
1,1,0.99999905
1,1,0.99999905
1,1,0.99999654
1,1,0.99999905
1,1,0.9999989
1,1,0.99999917
1,1,0.99999905
1,1,0.99999905
1,1,0.9999993
1,1,0.99999857
1,1,0.9999964
1,1,0.99999917
1,1,0.99999905
1,1,0.9999993
1,1,0.99999917
1,1,0.99999917
1,1,0.99999905
1,1,0.99999905
1,1,0.99999356
1,1,0.99999917
1,1,0.9999989
1,1,0.99999154
1,1,0.99999917
0,1,0.999997
1,1,0.99999714
1,1,0.9999621
1,1,0.99999917
1,1,0.99999917
1,1,0.99999917
1,1,0.99999833
1,1,0.999998
1,1,0.99995875
1,1,0.99999917
0,1,0.9999981
1,1,0.9999993
1,1,0.9999993
0,0,0.00012550686
1,1,0.9999993
1,1,0.99999917
1,1,0.9999951
1,1,0.99999654
1,1,0.9999981
1,1,0.9999981
1,1,0.9999988
1,1,0.9999982
1,1,0.9999989
1,1,0.99999917
1,1,0.9999993
1,1,0.99999905
1,1,0.99998224
1,1,0.999998
1,1,0.9999974
1,1,0.9999993
1,1,0.9999989
1,1,0.9999969
0,0,0.0125249475
1,0,2.3123293e-06
1,1,0.99999917
1,1,0.99999917
1,1,0.99999905
1,1,0.99999917
1,1,0.9999993
0,1,0.9999907
1,1,0.99999917
1,1,0.99999833
0,0,1.0017399e-06
1,1,0.99999833
1,1,0.9999988
1,1,0.99996245
0,0,1.5168483e-06
1,1,0.99999034
1,1,0.99999917
1,1,0.9999989
1,1,0.99999917
1,1,0.99999905
1,1,0.9999975
1,0,2.0526455e-05
1,1,0.9999987
1,1,0.99999905
1,1,0.999997
1,1,0.99999905
1,1,0.9999989
1,1,0.9999981
1,1,0.999995
1,1,0.9999993
1,1,0.9999969
1,1,0.99999917
1,1,0.9999993
1,1,0.99999905
0,1,0.99999857
1,1,0.9999981
1,1,0.9849939
1,1,0.9999988
1,1,0.9999987
1,1,0.99999416
1,1,0.99999905
1,1,0.99999905
1,1,0.999998
1,1,0.9999993
1,1,0.99999917
0,0,7.830212e-06
1,1,0.99999917
1,0,2.2694696e-06
1,1,0.99999857
0,1,0.99996376
1,1,0.99999917
1,1,0.9999989
0,0,1.0288209e-06
1,1,0.99999905
1,1,0.99999917
1,1,0.9999989
0,1,0.99999595
1,1,0.9999989
1,1,0.99999917
1,1,0.99999917
1,1,0.9999987
1,1,0.9999993
1,1,0.99999917
0,0,2.1430183e-06
1,1,0.99999905
0,0,1.038733e-06
0,1,0.7431297
1,1,0.9999989
1,1,0.99999857
1,1,0.99998486
1,1,0.99999845
0,0,1.667672e-05
1,1,0.9999993
1,1,0.99989235
1,1,0.9999988
1,1,0.99999785
1,1,0.99999917
1,1,0.9999989
1,1,0.99999905
0,0,1.4709808e-06
1,1,0.99999905
1,1,0.99999917
1,1,0.99999917
1,1,0.9999968
1,1,0.9999975
1,1,0.9999988
1,1,0.999998
1,1,0.99858594
1,1,0.99999774
0,0,1.1264849e-05
0,0,0.00083925994
1,1,0.9999989
1,1,0.9999987
0,0,9.662133e-07
1,1,0.99999917
0,0,1.9009682e-06
0,0,2.0410637e-06
0,0,1.4912141e-06
1,1,0.99966884
0,0,2.743776e-05
0,0,1.3097119e-06
1,1,0.99999857
1,1,0.9999989
0,1,0.99999654
1,1,0.99999917
0,1,0.9896889
0,0,1.3274247e-06
1,1,0.99999917
1,1,0.99999833
1,1,0.99999917
1,1,0.99999034
1,1,0.99999905
1,1,0.99999917
1,1,0.99999905
1,1,0.99999905
1,1,0.9999974
1,1,0.9999993
1,1,0.999998
1,1,0.99999774
1,1,0.99999857
1,1,0.99999917
1,1,0.99999905
1,1,0.9999993
1,1,0.99999917
0,0,0.05799426
1,1,0.99999905
1,1,0.9999982
1,1,0.9999982
1,1,0.99999917
1,1,0.99999905
1,1,0.9999989
1,1,0.99999857
1,1,0.8951635
0,0,1.5370164e-06
1,1,0.9999989
1,1,0.99999917
1,1,0.9999981
1,1,0.999998
1,1,0.99999917
1,1,0.99999845
0,0,1.4858257e-06
1,1,0.99999917
1,1,0.99999607
1,1,0.99999917
1,1,0.9999987
1,1,0.99999905
1,1,0.9999989
1,1,0.99999905
1,1,0.99999905
1,1,0.99999905
1,1,0.9999987
1,1,0.99999774
1,1,0.99999905
1,1,0.99999845
1,1,0.9999975
1,1,0.9999982
1,1,0.99999917
1,1,0.99999905
1,1,0.9999989
1,1,0.99999905
1,1,0.9999993
1,1,0.99999905
1,1,0.99999917
1,1,0.99999225
1,1,0.9999546
1,1,0.99999917
1,1,0.9999993
1,1,0.9999993
1,1,0.99999905
0,0,2.87988e-06
1,1,0.99999905
1,1,0.99999905
1,1,0.9999981
0,0,1.4309829e-06
1,1,0.9999372
1,1,0.99999917
1,1,0.99999917
0,0,2.6394528e-06
0,0,0.3403992
1,1,0.9999987
1,1,0.9999987
1,1,0.99999905
0,0,1.0684423e-06
1,0,3.1505435e-06
1,1,0.999998
1,1,0.9999993
1,1,0.9998902
1,1,0.99999785
1,1,0.99999917
1,1,0.99999905
1,1,0.99999857
0,1,0.9999982
0,1,0.99999845
1,1,0.99999917
1,1,0.9999989
1,1,0.99999917
0,0,9.652076e-07
1,1,0.9999989
1,1,0.9999989
1,1,0.99999845
1,1,0.999997
1,1,0.99999905
1,1,0.99999905
1,1,0.999998
1,1,0.9999993
1,1,0.99999785
1,1,0.99999714
1,1,0.9999993
1,1,0.9999993
1,1,0.9999987
1,1,0.99999845
0,1,0.99999714
1,1,0.99999905
1,1,0.99999917
1,1,0.99999917
1,1,0.99999917
1,1,0.99999917
0,1,0.9998944
1,1,0.99999917
1,1,0.99999917
1,1,0.9999993
1,1,0.99999833
1,1,0.99999917
1,1,0.9999993
1,1,0.99999857
1,1,0.9999993
1,1,0.9999808
1,1,0.99999917
1,1,0.99999917
1,1,0.99999905
1,1,0.9999975
1,1,0.99999917
1,1,0.9999989
1,1,0.99999917
0,0,0.014299787
1,1,0.99999845
1,1,0.99999917
1,1,0.9999949
1,1,0.9999993
1,1,0.9999982
1,1,0.9999989
1,1,0.9999989
1,1,0.99999905
1,1,0.9999987
1,1,0.9999969
1,1,0.9999989
1,1,0.9999989
1,1,0.99999905
1,1,0.999997
1,1,0.99946934
1,1,0.99974626
1,1,0.9999993
1,1,0.999998
1,1,0.99999905
0,0,0.0020561481
1,1,0.9999982
1,1,0.99999917
1,1,0.99999905
1,1,0.9999993
1,0,2.6578147e-05
1,1,0.99999905
1,1,0.9999989
1,1,0.9999989
1,1,0.999979
1,1,0.9999988
1,1,0.9999989
1,1,0.99999905
1,1,0.9999989
1,1,0.9999993
0,0,3.0732263e-06
1,1,0.99999917
0,0,2.8433847e-06
1,1,0.999997
1,1,0.99999917
1,1,0.9999988
1,1,0.99999917
1,1,0.99999905
0,0,3.8030444e-06
1,1,0.99999905
1,1,0.99999905
1,1,0.9999989
1,1,0.99999905
1,1,0.9999993
1,1,0.9999988
1,1,0.99999917
1,1,0.99999905
1,1,0.9999989
1,1,0.9999989
1,1,0.99999905
1,1,0.99999917
1,1,0.99999905
1,1,0.9999988
1,1,0.9999988
1,1,0.9999989
1,1,0.9999989
1,1,0.9999989
1,1,0.99999917
1,1,0.9999988
1,1,0.99999917
1,1,0.9999993
1,1,0.9999989
0,0,2.7029007e-06
1,1,0.99999917
0,0,1.3686001e-05
1,1,0.99999845
1,1,0.99999905
1,1,0.99999917
1,1,0.99999905
1,1,0.9999982
1,1,0.99999
0,0,1.8454168e-06
0,0,1.5361752e-06
1,1,0.99999917
0,1,0.9999356
0,0,2.6564855e-06
1,1,0.9999989
1,1,0.9999964
1,1,0.99999917
1,1,0.9999988
1,1,0.9999989
1,1,0.99999785
1,1,0.99999917
1,1,0.9999987
1,1,0.99999917
1,1,0.999998
1,1,0.99999917
1,1,0.9999989
1,1,0.9996902
1,1,0.9999989
0,0,2.7908925e-06
1,1,0.99999535
1,1,0.9999989
1,1,0.99999905
1,1,0.9999974
1,1,0.99999917
0,1,0.9977163
1,1,0.99999917
1,1,0.9999989
1,1,0.99999785
1,1,0.9999933
1,1,0.99999917
1,1,0.99999833
1,1,0.99999917
1,1,0.9999964
0,0,0.35728434
1,1,0.9999988
1,1,0.99994814
1,1,0.99999917
1,1,0.99999917
0,0,0.070473395
1,1,0.9999989
1,1,0.9999987
1,1,0.9999987
1,1,0.9999989
1,1,0.9999981
1,1,0.9999989
1,1,0.99975497
1,1,0.99999833
1,1,0.9999993
1,1,0.99999917
1,1,0.9999988
1,1,0.99999774
1,1,0.999995
1,1,0.9999988
1,1,0.99999917
0,0,2.8527907e-06
1,1,0.99999917
1,1,0.9999993
0,0,7.810917e-05
1,1,0.99999905
1,1,0.99999905
1,1,0.99999917
1,1,0.9999993
1,1,0.9999987
0,0,1.4463217e-06
1,1,0.9999989
1,1,0.99999917
1,1,0.9999988
1,1,0.9999982
1,1,0.99999905
1,1,0.99999917
1,1,0.99999905
1,1,0.9999993
1,1,0.99999917
1,1,0.99999917
1,1,0.99999905
1,1,0.9999993
1,1,0.99999917
1,1,0.99999905
1,1,0.99999905
1,1,0.9999993
1,1,0.99999905
1,1,0.99999905
1,1,0.9999925
1,1,0.9999664
1,1,0.99999654
1,1,0.99999917
0,1,0.99987245
1,1,0.99999547
1,1,0.99999905
1,1,0.99999905
1,1,0.99999905
1,1,0.9999989
0,0,1.7847492e-06
1,1,0.99999917
1,1,0.99999905
1,1,0.9999945
0,0,1.2061043e-06
1,1,0.9999989
1,1,0.9999989
1,1,0.9999988
1,1,0.9999988
1,1,0.99999845
0,0,1.5589802e-06
1,1,0.9999981
1,1,0.99999905
1,1,0.99999917
1,1,0.999997
1,1,0.99999917
1,1,0.99999833
1,1,0.9999783
1,1,0.99999905
1,1,0.9999989
1,1,0.99999917
1,1,0.99999905
1,1,0.99999857
1,1,0.99999857
1,1,0.99999905
1,1,0.99999857
1,1,0.9999988
1,1,0.99999905
0,0,1.6011754e-05
1,1,0.99999905
1,1,0.999998
1,1,0.9999989
1,1,0.99999917
1,1,0.9999429
1,1,0.9999988
0,0,0.1017464
0,0,2.1491875e-05
1,1,0.9999989
1,0,2.5150553e-06
1,1,0.9999987
0,1,0.99999666
1,1,0.9999987
1,1,0.99999905
1,0,0.0001254437
1,1,0.99999905
1,1,0.9999989
1,1,0.99999905
1,1,0.99999785
1,1,0.99993813
1,1,0.9999988
1,1,0.9999993
1,1,0.99990475
1,1,0.9999906
1,1,0.9999969
1,1,0.9999987
0,0,4.716816e-06
1,1,0.99999356
1,1,0.9999976
1,1,0.99999917
1,1,0.99999917
1,1,0.99999917
0,0,9.704725e-07
1,1,0.99999917
1,1,0.99999917
1,1,0.99999917
0,0,1.4622992e-06
1,1,0.99999917
1,1,0.9999989
1,1,0.99999917
0,0,1.3901052e-06
0,0,1.3235339e-06
1,1,0.99999917
0,0,1.3294276e-06
1,1,0.9999987
1,1,0.9999987
1,1,0.99999905
1,1,0.9999989
1,1,0.99999905
1,1,0.99999905
1,1,0.99999917
1,1,0.99998665
1,1,0.99999917
0,0,1.0741126e-06
1,1,0.99999905
1,1,0.99999917
1,1,0.9999101
1,1,0.9999989
1,1,0.9999989
1,0,1.4878249e-06
1,1,0.9999989
0,1,0.9999943
1,1,0.9999982
1,1,0.99999857
1,1,0.9999956
1,0,9.7272234e-05
1,1,0.99999917
1,1,0.99999905
1,1,0.9999993
1,1,0.99999917
1,1,0.99999917
1,0,3.1184265e-06
1,1,0.99999917
1,1,0.9999989
1,0,0.0029408506
1,1,0.99999917
1,1,0.99999154
1,1,0.9999596
1,1,0.9999987
0,1,0.9999919
1,1,0.9999989
1,1,0.9999989
1,1,0.99999905
0,1,0.9999975
1,1,0.9999982
1,1,0.99999917
1,1,0.9999126
1,1,0.99999475
1,1,0.99999917
1,1,0.9999987
0,0,1.1119329e-06
1,1,0.9999988
1,1,0.9999993
1,1,0.99999917
1,1,0.99999917
1,1,0.99999785
1,1,0.99999917
1,1,0.99999595
1,1,0.99999905
1,1,0.99999833
1,1,0.99999785
1,1,0.9999963
1,1,0.99999905
1,1,0.999956
1,1,0.9999974
1,0,6.48092e-05
1,1,0.9999987
1,1,0.9997532
1,1,0.9999989
1,0,0.04087127
1,0,0.008767714
0,0,9.410574e-07
1,1,0.9999989
1,1,0.9999957
1,1,0.99999845
1,1,0.99999905
1,1,0.99999905
0,1,0.999997
1,1,0.99999857
1,1,0.9999988
1,0,1.5354341e-06
1,1,0.99999714
1,0,0.14488454
1,1,0.99999917
1,1,0.9999982
1,1,0.9999989
1,1,0.99999785
1,1,0.99999905
1,1,0.9999988
1,1,0.99999905
1,1,0.99999833
1,1,0.99999917
1,1,0.99999917
0,1,0.99995685
0,0,1.03380235e-05
1,1,0.99999917
1,1,0.9999993
0,0,4.9043017e-05
1,1,0.99999917
1,1,0.99999905
1,1,0.99999857
0,1,0.9999982
1,1,0.9999943
1,1,0.9999989
1,1,0.99999917
1,1,0.99999917
1,1,0.9999989
1,1,0.99999905
1,1,0.99999845
1,1,0.9999993
0,0,4.241773e-05
1,1,0.99999845
1,1,0.9999993
1,1,0.99999905
1,1,0.99999905
1,0,0.00026060178
1,1,0.9999993
1,1,0.99999833
1,1,0.9999981
1,1,0.99999917
0,0,1.3339564e-06
1,1,0.99999905
0,0,1.4831203e-06
1,1,0.99999917
0,1,0.99999857
0,0,1.0627839e-06
1,1,0.9999987
1,1,0.9994873
1,1,0.9999993
1,1,0.9999988
1,1,0.99999917
1,1,0.99999917
0,1,0.99999666
1,0,1.6494983e-05
1,1,0.9999988
1,1,0.9999987
1,1,0.9999993
1,1,0.99999917
1,1,0.99999917
1,1,0.99999917
0,1,0.9927228
0,0,4.951889e-06
1,1,0.99999917
0,0,8.71328e-05
1,1,0.9999949
1,1,0.9999987
1,1,0.99999917
1,1,0.9999989
1,1,0.99999857
1,1,0.9999989
1,1,0.99999857
1,1,0.99999905
1,1,0.9999988
1,1,0.99999726
0,0,1.2799034e-06
1,1,0.9999987
1,1,0.99999917
1,1,0.9999739
1,0,0.00015410542
1,1,0.99999917
1,1,0.99999845
1,1,0.99999774
1,1,0.99999654
1,1,0.99987745
1,1,0.9999989
1,1,0.9999993
1,1,0.99999905
1,1,0.9999988
1,1,0.99999917
0,0,0.0012333243
1,1,0.9999504
1,1,0.99999917
1,1,0.9999988
1,1,0.99999905
1,1,0.99999833
1,1,0.9999988
1,1,0.9999988
1,1,0.9999993
0,1,0.9947937
0,0,1.7695974e-06
1,1,0.9999993
1,1,0.9999987
1,1,0.99999845
0,0,3.550322e-05
1,1,0.99625117
1,1,0.99999917
1,1,0.9999993
1,1,0.99999535
1,0,0.19603346
1,0,6.256377e-06
1,1,0.99999917
1,1,0.99999917
1,1,0.9999989
1,1,0.99999774
1,1,0.99999905
0,0,6.112067e-06
1,1,0.99999917
1,1,0.9999988
1,1,0.999997
1,1,0.99999845
1,1,0.9999989
1,1,0.99999845
1,1,0.9999988
0,0,1.3052406e-06
1,1,0.9999993
1,1,0.9999821
1,1,0.99999905
1,1,0.99999905
1,1,0.99999917
0,0,0.0011609643
1,1,0.99999905
1,1,0.9999969
1,0,2.595228e-06
1,1,0.99999917
1,1,0.99999917
1,1,0.9999982
0,0,1.4266728e-06
0,1,0.9999982
1,1,0.99999917
1,1,0.99999666
1,1,0.9999987
1,1,0.99999917
1,1,0.99999857
1,1,0.9999832
1,1,0.99999857
1,1,0.99999905
1,1,0.999992
1,1,0.9999975
1,1,0.99999774
1,1,0.9999989
1,1,0.99997914
1,1,0.9999132
0,1,0.9727085
1,1,0.99999833
1,1,0.99999344
1,1,0.9999968
1,0,4.4473895e-06
1,1,0.99999905
1,1,0.99999905
1,1,0.9999962
1,1,0.99999905
1,1,0.9999988
1,1,0.9999993
1,1,0.99999917
1,1,0.9999988
1,1,0.9999989
1,1,0.9999989
1,1,0.99999917
1,1,0.9999988
1,1,0.9999988
1,1,0.9999993
1,0,4.3324166e-05
1,1,0.9999989
1,1,0.99999917
1,1,0.99999917
1,1,0.99999905
1,1,0.99999917
1,1,0.99990916
1,1,0.9999993
0,0,1.1279706e-06
1,1,0.9999896
1,1,0.9999989
1,1,0.9998915
1,1,0.99999917
1,1,0.9999957
1,1,0.99999774
1,1,0.99999905
1,1,0.9999989
1,1,0.99999344
0,0,1.0017103e-06
1,1,0.9999927
1,1,0.99999917
1,1,0.99999917
1,1,0.99999917
0,1,0.9999964
1,1,0.99999905
1,1,0.99999905
1,1,0.99999833
1,1,0.99998796
1,1,0.99999917
1,1,0.99999917
0,1,0.9999988
1,1,0.99999857
1,1,0.9999989
1,1,0.99999917
1,1,0.99999595
0,0,0.00796403
1,0,0.2999345
1,1,0.9999739
1,1,0.9999989
0,0,1.6368319e-06
1,1,0.99999654
1,1,0.99999905
1,1,0.99999917
0,0,2.8040233e-06
0,0,3.6862061e-06
1,1,0.99999917
1,1,0.99999917
0,0,0.0004986585
1,1,0.99894756
1,1,0.99999905
1,1,0.9999989
0,0,4.764767e-06
1,1,0.9999988
1,0,8.2975275e-05
1,1,0.9999989
0,0,1.5706441e-06
1,1,0.99999905
0,0,4.790346e-06
1,1,0.99999857
1,1,0.9999988
1,1,0.9999989
1,1,0.9999993
1,1,0.99999905
1,1,0.99999917
1,1,0.99999905
1,1,0.999998
1,0,0.0022631653
1,1,0.9999993
0,1,0.99991655
0,0,1.7844123e-06
0,1,0.85088724
1,0,3.347316e-06
1,1,0.99999714
1,1,0.99999917
1,1,0.9999987
1,1,0.9999963
1,0,4.4369385e-06
1,1,0.9999989
0,0,8.583855e-06
1,1,0.99999714
1,1,0.9999968
1,1,0.99999905
1,1,0.9999993
1,1,0.9999993
1,1,0.99999917
0,1,0.9999405
1,1,0.99999845
0,1,0.9999856
1,1,0.9999913
1,1,0.9857451
0,0,2.3862035e-06
1,1,0.9999993
1,1,0.9999993
1,1,0.99999905
1,1,0.9999982
1,1,0.9999993
1,1,0.99999917
1,1,0.9999924
1,1,0.99999714
1,1,0.99999905
1,1,0.99999905
1,1,0.9999989
0,0,1.2121398e-05
1,1,0.9999993
1,1,0.9999989
1,1,0.9113798
1,1,0.99999917
1,1,0.99999905
1,1,0.9999989
1,1,0.99859077
1,1,0.9999989
1,1,0.99999905
0,1,0.9999058
1,1,0.99999917
0,1,0.99985373
0,0,1.8494318e-06
1,1,0.9999988
1,1,0.99999416
1,1,0.99999917
1,0,3.1017373e-06
1,1,0.9999895
1,1,0.9999987
1,0,3.7585976e-06
1,1,0.9999987
1,1,0.99999857
1,1,0.99999654
0,0,3.1833274e-06
1,1,0.99999905
1,1,0.99999917
0,0,1.0222789e-05
1,1,0.99999905
1,1,0.99999917
0,1,0.99963593
1,1,0.99999917
1,1,0.99999917
1,1,0.9999976
1,1,0.9999993
1,0,5.0182713e-05
1,1,0.99999917
1,1,0.9999989
1,1,0.99999785
1,1,0.999998
1,1,0.9999988
1,1,0.99999845
1,1,0.999998
1,1,0.99999917
1,1,0.9999989
1,1,0.9999912
1,1,0.9994085
1,1,0.9999988
1,0,5.8516202e-06
1,1,0.9999993
1,1,0.99999905
1,1,0.99999917
1,1,0.9999982
1,1,0.99999845
1,1,0.9999989
0,1,0.99719477
1,1,0.99999917
1,1,0.99999845
0,0,2.769084e-06
1,1,0.99999917
1,1,0.9999993
1,1,0.9999989
0,0,1.080806e-06
1,1,0.99999905
1,1,0.9999993
1,1,0.9999993
1,1,0.9999993
0,0,2.794712e-05
1,1,0.9999989
1,1,0.9999989
1,1,0.9999951
1,1,0.99999905
1,1,0.9999962
1,1,0.9999987
1,1,0.9999989
1,1,0.9999882
1,1,0.9999969
1,1,0.999997
0,1,0.9999982
1,1,0.99999917
1,1,0.9999993
1,1,0.99999905
1,1,0.99999857
1,1,0.9999988
0,0,1.0712849e-06
1,1,0.9999989
1,1,0.9999958
1,1,0.99999917
0,0,2.6103846e-06
1,1,0.99999595
1,1,0.99999905
1,1,0.9999975
1,1,0.9999988
1,1,0.9999988
1,1,0.999998
1,1,0.99999917
1,1,0.9999989
1,1,0.99999905
0,1,0.9999964
0,0,9.673718e-06
1,1,0.99999094
1,1,0.9999988
1,1,0.99999785
0,1,0.97994757
1,1,0.9999982
1,1,0.99999905
1,1,0.99999774
1,1,0.99999905
0,0,1.0205887e-06
1,1,0.99999857
1,0,0.00024536529
1,1,0.9999608
0,0,1.9600438e-06
1,1,0.9999951
1,1,0.99999917
1,1,0.99999917
1,1,0.9999993
1,1,0.9999989
1,1,0.9999989
0,1,0.9999913
1,1,0.99999917
1,1,0.9999989
1,1,0.9999993
1,1,0.99999917
1,1,0.99999917
1,1,0.9999988
1,1,0.99999917
1,1,0.9999989
1,1,0.9999981
1,0,0.00012611438
1,1,0.9999963
1,1,0.99985874
1,1,0.9999989
1,1,0.99999905
1,1,0.9999989
1,1,0.99999905
0,0,1.5074949e-06
1,1,0.99999917
1,1,0.9999987
1,1,0.99999726
1,1,0.9999993
1,1,0.9999989
1,1,0.9999963
0,0,1.2485281e-06
1,1,0.9999987
1,1,0.99999917
1,1,0.99999917
1,1,0.99999905
1,1,0.99999857
1,1,0.9999924
1,1,0.99999905
1,1,0.9999993
1,0,9.602666e-06
1,1,0.9999987
1,1,0.99999917
1,1,0.99999595
1,1,0.9999988
1,1,0.99999917
1,1,0.99999905
1,1,0.99999905
1,1,0.9999993
1,1,0.9999981
1,1,0.99999917
1,1,0.99999905
1,1,0.9999989
0,1,0.9999944
1,1,0.9999982
1,1,0.9999989
1,1,0.9999981
1,1,0.9999964
1,1,0.99999917
1,1,0.999997
1,1,0.99999905
1,1,0.99999905
1,1,0.99999857
1,1,0.99999905
1,1,0.9999988
1,1,0.99999905
1,1,0.99999917
1,1,0.9999989
1,1,0.9999988
1,1,0.9999988
1,1,0.99999833
1,1,0.99999905
1,1,0.9999993
1,1,0.9999975
1,1,0.9999989
1,1,0.99999905
1,1,0.99999905
1,1,0.99999905
1,1,0.99999905
1,1,0.99999654
1,1,0.99999106
1,1,0.99999905
1,1,0.99999917
1,1,0.9999964
1,1,0.9999989
1,1,0.99999833
1,1,0.9999975
1,1,0.99999917
1,1,0.9999989
1,1,0.9999987
1,1,0.99999917
1,1,0.99999917
1,1,0.99999917
1,1,0.99999917
1,1,0.9999987
1,1,0.9999989
1,1,0.99999917
1,1,0.9999988
1,1,0.99999833
1,0,2.8004533e-06
1,1,0.99999833
1,1,0.99999917
1,1,0.9999987
1,1,0.99999785
1,1,0.99999714
0,0,1.5398305e-06
1,1,0.999997
1,1,0.99999905
1,1,0.99999905
1,1,0.99999917
1,1,0.99999917
1,1,0.9999988
1,1,0.99999917
1,1,0.99999905
0,0,0.0010746088
1,1,0.9999993
1,1,0.99999917
1,1,0.99999917
1,1,0.999997
1,0,3.2078083e-06
1,1,0.96987444
1,1,0.99999905
1,1,0.9999989
1,1,0.9966808
1,1,0.9999989
1,1,0.9999975
1,1,0.9999975
1,1,0.9999993
1,1,0.99999905
1,1,0.99999845
1,1,0.99999523
1,1,0.99999905
1,1,0.99999917
1,1,0.99999905
1,1,0.9999933
0,1,0.99999154
1,1,0.99999905
1,1,0.99999917
1,0,2.993105e-06
1,1,0.99999917
1,1,0.9999989
1,1,0.99999547
1,1,0.9999989
1,1,0.9997397
1,1,0.99999654
1,1,0.9999987
1,1,0.9999989
1,1,0.99999917
1,1,0.9999993
1,1,0.9999975
1,1,0.9999964
1,1,0.9999993
1,1,0.9999993
1,1,0.99999666
1,1,0.99999905
1,1,0.99999833
1,1,0.99999905
1,1,0.99999917
1,1,0.9999987
1,1,0.99999905
0,0,1.0029099e-06
1,1,0.99999917
0,0,1.4566982e-06
1,1,0.99999905
1,1,0.99999726
1,1,0.99999917
1,0,0.031288423
1,1,0.99999905
1,1,0.9999993
1,1,0.9999982
0,0,9.568473e-07
1,1,0.9999851
1,1,0.99999905
1,1,0.99999905
1,1,0.9999993
1,1,0.99999917
1,1,0.999995
1,1,0.9999993
1,1,0.99999905
1,1,0.9999989
1,1,0.9999988
1,1,0.9999993
1,1,0.99999917
1,1,0.9999989
1,1,0.99999905
1,1,0.99999785
1,1,0.99999905
1,1,0.99999905
1,1,0.9999989
1,1,0.9999989
1,1,0.99999607
1,1,0.99999917
0,1,0.99855
1,1,0.99999905
1,1,0.99999654
1,1,0.9999982
1,1,0.99999917
1,1,0.99999905
1,1,0.9999993
1,1,0.9999989
1,1,0.99999917
1,1,0.99999917
1,0,0.12624009
1,1,0.99999905
1,1,0.99999917
0,0,1.4348584e-06
1,1,0.9999827
0,0,1.2357557e-05
1,1,0.9999993
1,1,0.9999989
1,1,0.99998164
1,1,0.9999987
1,1,0.99999917
1,1,0.9999989
1,1,0.99999547
1,1,0.99999845
1,1,0.99999917
1,1,0.99999905
1,1,0.9999981
1,1,0.99162006
0,0,3.148363e-06
1,1,0.99999905
1,1,0.99999905
1,0,0.012900881
1,1,0.9999974
0,1,0.99999857
1,0,0.042802684
1,1,0.99999905
0,0,9.680127e-07
1,1,0.9999987
1,1,0.9999988
1,1,0.99999905
0,1,0.5077274
0,0,1.3315516e-06
1,1,0.9999987
1,1,0.99999917
1,1,0.99999917
0,0,3.0674053e-06
1,1,0.99999917
1,1,0.99999917
1,1,0.99999905
1,1,0.99999905
1,1,0.99999905
1,0,5.5627843e-05
1,1,0.9999975
1,1,0.9999831
1,1,0.99999905
1,1,0.9999951
1,1,0.9999068
1,1,0.9999993
1,1,0.9999356
1,1,0.99999845
0,0,3.5106975e-06
1,1,0.9999989
1,1,0.99999917
1,1,0.9999988
1,1,0.9999989
1,1,0.9999988
1,1,0.9999989
1,1,0.9999988
0,0,1.4808547e-06
1,1,0.9999949
1,1,0.9999974
1,1,0.99999905
1,1,0.99999917
0,0,1.4522041e-06
1,1,0.9999993
1,0,1.4801205e-06
1,1,0.99999917
0,0,1.6583626e-05
1,1,0.99993026
1,1,0.89330536
1,0,1.9294077e-06
1,1,0.9999989
1,1,0.99999917
0,0,1.1835492e-06
1,1,0.9999993
1,1,0.9999964
1,1,0.9999989
1,1,0.99999905
1,1,0.99999905
1,1,0.99999917
1,1,0.99999917
0,0,7.718696e-06
1,1,0.9999988
1,1,0.99999154
1,1,0.99999833
1,1,0.9999993
1,1,0.9999993
1,1,0.9999981
1,1,0.999998
1,1,0.99999905
1,0,5.2804986e-05
1,1,0.9999124
0,1,0.99992096
1,1,0.99999905
1,1,0.9999993
1,1,0.99999833
0,0,1.2389088e-06
1,1,0.9999993
1,1,0.9999989
1,1,0.99999917
1,1,0.99999917
1,1,0.99999917
1,1,0.99999905
1,1,0.99999917
1,1,0.99999905
1,1,0.99999917
1,1,0.99997735
0,0,2.696814e-06
1,1,0.9999993
1,1,0.99999917
1,1,0.9999993
1,1,0.999998
1,1,0.99999917
1,1,0.99999833
1,1,0.99999917
0,0,1.2281837e-06
1,1,0.99999917
1,1,0.99999833
0,0,2.2451911e-06
1,1,0.99999857
1,1,0.9999993
0,0,1.3762705e-06
1,1,0.99999917
1,1,0.9999981
0,0,0.01856409
1,1,0.9999993
1,1,0.99999905
1,1,0.9999968
1,1,0.99999905
0,1,0.9362599
1,1,0.99999905
0,1,0.9999716
1,1,0.99999905
1,1,0.99999857
1,1,0.9999988
1,1,0.9999988
1,1,0.99999666
1,1,0.99999917
1,1,0.9999987
0,0,2.9797873e-06
1,1,0.9999988
0,1,0.9999925
1,1,0.9999989
1,1,0.99999905
1,1,0.99999905
1,1,0.99999917
1,1,0.99999917
1,1,0.9999987
1,1,0.99999905
1,1,0.9999993
1,1,0.99999917
1,1,0.99999785
0,0,9.227809e-06
1,1,0.9999988
1,1,0.9999993
1,1,0.99999917
1,1,0.99999857
1,1,0.9999968
1,1,0.99999464
0,1,0.9999982
1,1,0.99999857
1,1,0.99999917
1,1,0.99999857
0,0,0.0004823697
1,1,0.99999905
1,1,0.99999917
0,1,0.999998
1,1,0.9999993
1,1,0.99999917
1,1,0.9999989
1,1,0.99999917
1,1,0.99999905
1,1,0.8126356
0,1,0.99839324
1,1,0.9999987
1,1,0.99999905
1,1,0.999998
1,1,0.99999917
1,1,0.99999774
1,1,0.99999905
1,1,0.99999905
1,1,0.99999833
1,1,0.99999917
1,1,0.99999905
1,1,0.9999989
0,0,2.2168676e-06
1,1,0.99999917
1,1,0.9999864
1,1,0.99999905
1,1,0.99999905
1,0,4.084021e-05
1,1,0.9999989
1,1,0.9999951
1,1,0.9999989
1,1,0.9999993
1,1,0.99999917
1,1,0.99999917
1,1,0.99999917
1,1,0.9999987
1,1,0.99999905
1,1,0.9999993
1,1,0.99997616
1,1,0.99999917
1,1,0.99999905
1,1,0.9999989
1,1,0.99999785
1,1,0.99962115
1,1,0.9999993
1,1,0.99999917
1,1,0.9999989
0,0,2.3732628e-06
1,1,0.9999993
1,1,0.99999905
1,1,0.99999917
0,1,0.9862785
1,1,0.99998665
1,1,0.99999905
1,1,0.9999989
1,1,0.99999905
1,1,0.99999917
0,0,0.002194554
0,0,2.9875212e-06
1,1,0.99999917
1,1,0.99999917
1,1,0.99999857
1,1,0.9999993
1,1,0.99999917
1,1,0.9999993
1,1,0.9999989
1,1,0.9999962
1,1,0.99999905
1,1,0.9219607
1,1,0.99999905
1,1,0.99999666
1,1,0.9999943
0,0,1.1008309e-06
1,1,0.99999917
1,1,0.99999857
1,1,0.9999987
1,1,0.9999919
1,1,0.99999905
1,1,0.9999981
1,1,0.9999944
1,1,0.9999987
1,1,0.9999962
1,1,0.9999993
0,1,0.9999912
1,1,0.99999917
1,1,0.99999917
1,1,0.99999905
1,1,0.9999989
0,1,0.9998951
1,1,0.99999917
1,1,0.9999931
1,1,0.99999917
1,1,0.9999981
1,1,0.99999917
1,1,0.9999989
1,1,0.99999857
1,1,0.9999987
1,1,0.9999883
1,1,0.9999989
1,1,0.9999993
1,1,0.99999917
1,1,0.9999993
1,0,5.3809148e-05
1,1,0.9999976
1,1,0.9999993
1,1,0.99999917
1,1,0.9999982
1,1,0.9999989
1,1,0.99962234
1,1,0.99999774
1,1,0.99999917
1,1,0.9999988
1,1,0.99999917
0,1,0.8820311
1,1,0.99999917
1,1,0.99999857
1,1,0.9999993
1,1,0.99999917
1,1,0.99999917
0,0,1.3673874e-06
1,1,0.9999989
1,1,0.99999917
1,1,0.99999917
0,1,0.99999833
0,1,0.994091
1,1,0.99999905
0,0,1.29393e-06
1,0,0.08026741
1,1,0.99999905
1,1,0.99999917
0,1,0.9999945
1,1,0.99999917
1,1,0.9999993
1,1,0.99999833
0,0,9.887567e-07
0,0,8.3242514e-05
1,1,0.9999988
1,1,0.9999989
1,1,0.99999917
1,1,0.99999917
1,1,0.9999993
1,1,0.99999917
1,1,0.9999993
1,1,0.99999917
1,1,0.999998
1,1,0.99999917
1,1,0.99999905
1,1,0.9999987
1,1,0.99999905
1,1,0.9999988
1,1,0.99999917
0,0,3.0136011e-06
0,0,1.2066093e-06
1,1,0.9999958
1,1,0.99999905
1,1,0.99999917
1,1,0.99999905
1,1,0.6061754
1,1,0.9999989
1,1,0.99999917
0,1,0.9999926
1,1,0.99999845
1,1,0.99999905
1,1,0.9999993
1,1,0.99410665
1,1,0.99999917
1,1,0.99999905
1,1,0.9999987
1,1,0.9999988
1,1,0.9999957
1,1,0.9999982
1,1,0.9999989
0,0,0.32517123
1,1,0.9999901
0,0,9.430093e-06
0,0,4.1545954e-05
1,1,0.99999905
1,1,0.99999857
1,1,0.99999774
1,1,0.99999905
1,1,0.99999917
1,1,0.9999989
1,1,0.9999976
0,0,1.4867484e-06
1,1,0.99999905
1,1,0.9999988
0,1,0.99983203
1,1,0.9999988
1,1,0.99999917
0,0,3.3543336e-06
1,1,0.9999956
1,1,0.99999917
1,1,0.99999917
1,1,0.9999989
1,1,0.9999993
1,1,0.99999714
1,1,0.99999917
1,1,0.9999542
0,1,0.9999945
1,1,0.99999917
0,0,1.4913464e-06
1,1,0.99999917
1,1,0.9999958
1,1,0.9999988
1,1,0.96551627
1,1,0.99999905
1,1,0.999985
0,0,4.8943308e-05
1,1,0.9999993
1,1,0.99999917
1,1,0.9999993
1,1,0.9999969
1,1,0.99999917
0,0,7.78902e-06
1,0,0.0002131896
1,1,0.99999917
1,1,0.99999917
1,1,0.9999988
1,1,0.99999917
1,1,0.9999989
1,1,0.99999917
0,1,0.99999654
1,1,0.99999917
0,1,0.99855524
1,1,0.9999988
0,0,3.7085438e-06
1,1,0.99999905
1,1,0.9999691
1,1,0.99999917
1,1,0.99999917
1,1,0.99999905
1,1,0.99999666
1,1,0.9999989
1,1,0.9999516
1,1,0.9999993
1,1,0.99997604
1,1,0.99995387
1,1,0.99999905
1,1,0.9999989
1,1,0.99999905
1,1,0.99999917
1,1,0.99999917
1,1,0.99999917
1,1,0.9999987
1,1,0.99999905
1,1,0.999995
1,1,0.9999988
1,1,0.99999917
1,1,0.9999962
1,1,0.99999917
1,1,0.99999905
1,1,0.99999917
1,1,0.99999905
1,1,0.9999949
1,0,0.021148328
1,1,0.9999931
1,1,0.99999905
1,1,0.9998934
1,1,0.99999905
0,0,1.2615163e-06
1,1,0.9999982
1,1,0.99999917
1,1,0.99999595
1,1,0.99999905
1,1,0.9999988
1,1,0.99999845
1,1,0.9999993
1,1,0.6471434
0,0,1.3076739e-06
1,1,0.99999917
1,1,0.99999905
1,1,0.999959
1,1,0.99999833
1,1,0.99999917
1,1,0.99999917
1,1,0.99998224
1,1,0.99999917
1,1,0.99999857
1,1,0.9999957
1,1,0.9999989
1,1,0.9999989
1,1,0.99999905
1,1,0.9999989
1,1,0.99999905
1,1,0.99999905
1,1,0.99999905
1,1,0.99999905
1,1,0.99999666
1,1,0.99999475
1,1,0.9999962
1,1,0.99999905
1,1,0.99999917
0,0,2.3820471e-06
1,1,0.9999989
0,0,0.00047476086
1,1,0.99999917
1,1,0.99999905
1,1,0.99999905
1,1,0.99999917
0,1,0.9997707
0,1,0.98893064
1,1,0.9999989
1,1,0.99999905
1,1,0.99999917
1,1,0.9999969
1,1,0.99999917
1,1,0.9999993
1,1,0.9999808
1,1,0.99999833
1,1,0.99999917
1,1,0.9999988
1,0,4.9983173e-05
1,1,0.9999908
1,1,0.9995678
1,1,0.9999993
0,1,0.98749036
0,1,0.9999963
1,1,0.99999917
1,1,0.99999547
0,1,0.9999951
1,1,0.99999917
1,1,0.9999975
1,1,0.99999905
1,1,0.99999917
1,1,0.9999989
1,1,0.99999905
1,1,0.9999927
1,1,0.99999905
1,1,0.9999989
1,1,0.9999988
1,1,0.9999989
1,1,0.99999905
1,1,0.9999989
1,1,0.9999924
1,1,0.99995756
1,1,0.99999905
1,1,0.99999905
1,1,0.99999714
0,0,1.1104323e-06
1,1,0.99999917
1,1,0.9999976
1,1,0.9999993
1,1,0.9999988
1,1,0.99999857
1,1,0.9999988
1,1,0.9991347
1,1,0.99999905
1,1,0.9999442
1,0,1.9298475e-06
1,1,0.99999905
1,0,9.929562e-07
1,1,0.99999917
1,1,0.99999857
0,0,1.7602458e-06
1,1,0.9999988
1,1,0.9999993
1,1,0.99999905
1,1,0.99999857
1,1,0.9999993
0,0,1.2286863e-06
1,1,0.9999989
0,0,1.5390185e-06
1,1,0.99999905
0,0,2.8052002e-06
0,0,1.0015766e-06
1,1,0.99999297
1,1,0.9999964
1,1,0.9999989
1,1,0.99999905
1,1,0.99999857
1,1,0.9999989
1,1,0.99999905
1,1,0.9999989
1,1,0.99999905
1,1,0.9999956
1,1,0.9999981
1,0,0.0002144438
1,1,0.9999989
1,1,0.99999905
1,1,0.99999917
1,1,0.99999917
0,0,1.0111452e-06
1,1,0.99999905
1,1,0.99999905
1,1,0.99999857
0,0,2.2756767e-06
1,1,0.99999857
1,1,0.99999905
1,1,0.99999917
1,1,0.99999917
1,1,0.99999917
1,1,0.99999917
1,1,0.9999989
1,1,0.9999993
1,1,0.99999905
1,1,0.99999917
0,1,0.99403
0,0,0.01208044
1,0,3.096619e-05
1,1,0.9999974
1,1,0.99999905
1,1,0.9999993
1,1,0.99999917
1,1,0.99999905
0,0,1.0719042e-06
0,0,2.5467511e-06
0,0,1.3307329e-06
1,1,0.99999845
1,1,0.99999917
1,1,0.99999917
1,1,0.9999981
1,1,0.9999993
1,1,0.9999951
1,1,0.9881246
1,1,0.99999857
1,1,0.9999993
1,1,0.999998
1,1,0.99999917
1,1,0.9999988
1,1,0.9999993
1,1,0.9999989
1,1,0.99999905
1,1,0.99999833
1,1,0.9999988
1,1,0.9999987
1,1,0.99997604
1,1,0.9999993
1,1,0.9999982
1,1,0.99996555
1,1,0.9999981
1,0,3.2486547e-05
1,0,0.3705943
1,1,0.9999993
1,1,0.9966438
1,1,0.999998
1,1,0.99999917
1,1,0.99999905
1,1,0.9999989
1,1,0.99999905
1,1,0.99999917
1,1,0.9999988
1,1,0.99999905
0,1,0.9999939
1,1,0.99999917
1,1,0.99999917
1,1,0.99999833
1,1,0.9999993
0,0,9.622917e-06
1,0,1.1307146e-05
1,1,0.9999993
1,1,0.9999988
1,1,0.99999917
1,1,0.99999917
0,0,1.4841432e-06
1,1,0.99999857
0,1,0.9999038
1,1,0.9999988
1,1,0.99999917
1,1,0.99999905
0,0,5.1104917e-06
1,1,0.9999988
0,0,0.09480178
1,1,0.9999993
1,1,0.99999917
1,1,0.99999917
1,1,0.99999917
1,1,0.99999905
1,1,0.99999917
1,1,0.99999917
1,1,0.9999987
1,1,0.99999917
1,1,0.99999547
1,1,0.9999939
1,1,0.99999833
1,1,0.99999917
1,0,0.030406287
1,1,0.99999917
1,1,0.99999917
0,1,0.99999726
1,1,0.99999917
1,1,0.99999905
1,1,0.99999905
1,1,0.99999917
1,1,0.99999917
1,1,0.99999905
1,1,0.99999857
1,1,0.9999943
1,1,0.99999917
1,1,0.99999905
0,1,0.9999883
1,1,0.99999905
1,1,0.99999917
1,0,0.000192361
1,1,0.999998
1,1,0.99999595
1,1,0.9999975
1,1,0.9999987
1,1,0.99999917
1,1,0.9999989
1,1,0.999997
1,1,0.9999993
1,1,0.9999987
1,1,0.99999917
1,0,2.8475176e-06
1,1,0.9999896
1,1,0.99999905
1,1,0.9999993
1,1,0.99999845
1,1,0.9999989
0,0,1.0632148e-06
0,0,1.6324514e-06
1,1,0.99999845
1,1,0.999997
0,1,0.99999833
1,1,0.9999993
1,1,0.9999993
1,1,0.9999989
1,1,0.99997437
1,0,3.6757067e-06
1,1,0.9999988
1,1,0.99999857
0,0,0.037459362
1,1,0.99999905
1,1,0.99984956
0,1,0.999579
1,1,0.99999905
1,1,0.99999905
1,1,0.9579322
1,1,0.99999917
1,1,0.99999905
0,1,0.9999914
1,1,0.99999905
1,1,0.9999993
1,1,0.9999989
1,1,0.9999989
1,1,0.99999917
1,1,0.9999691
1,1,0.99999917
1,1,0.99999905
1,1,0.9999993
1,1,0.99999917
1,1,0.99999774
1,1,0.99999845
1,1,0.99999917
1,1,0.99999905
1,1,0.9999993
1,1,0.9999833
1,0,2.3530877e-06
1,1,0.9999982
1,1,0.99999917
0,0,5.0225037e-05
1,1,0.9999367
1,1,0.99999833
1,1,0.99998367
1,1,0.9999993
1,1,0.9999869
1,1,0.99999905
1,1,0.9999989
1,1,0.9999993
1,1,0.99999905
1,1,0.9999987
1,1,0.99999917
1,1,0.99999905
1,1,0.9999989
1,1,0.9999993
1,1,0.99999917
1,1,0.9999982
0,0,2.0697844e-06
0,0,1.1757327e-06
1,1,0.9999987
1,1,0.99999917
1,1,0.99999905
1,1,0.9999684
1,1,0.9999989
1,1,0.99999917
1,1,0.99999845
1,1,0.9999968
1,1,0.99999917
1,1,0.99999917
1,1,0.99999905
1,1,0.9999988
1,1,0.99999917
1,0,0.025026683
1,1,0.9999989
1,0,0.0031044525
1,1,0.99999917
1,1,0.99999845
1,1,0.99999917
1,1,0.99999917
0,0,1.3937954e-06
0,0,2.0256964e-05
1,1,0.99999726
1,1,0.9999982
1,1,0.9999989
0,0,2.303758e-06
1,1,0.9999225
0,1,0.99862874
1,1,0.99999917
1,1,0.9999944
1,1,0.9999989
1,1,0.999998
1,1,0.99999905
1,1,0.99999905
1,1,0.99999905
1,1,0.99999905
1,1,0.9999989
1,0,2.598864e-05
1,1,0.9999702
1,1,0.99999917
1,1,0.99999917
1,1,0.99999917
1,1,0.9999988
1,1,0.9999987
1,1,0.9999989
0,0,4.716532e-06
1,1,0.99989474
1,1,0.99999833
1,1,0.99999905
1,1,0.9999976
1,1,0.99999833
1,1,0.9999989
1,1,0.9999987
0,0,2.4824492e-06
1,1,0.99999905
1,1,0.9999989
1,1,0.99998176
1,1,0.9999989
1,1,0.9999988
1,1,0.9999938
1,1,0.99999905
1,1,0.9999989
1,1,0.99999905
0,1,0.99999416
0,0,0.00021497071
1,1,0.99999917
1,1,0.9999993
1,1,0.9999808
1,1,0.99999905
1,1,0.9999981
1,1,0.9999993
1,1,0.99999917
1,1,0.9999987
1,1,0.9999993
0,0,2.9790342e-06
1,1,0.9999988
1,1,0.99999905
1,1,0.99999785
1,1,0.99999154
1,1,0.99999833
1,1,0.99999917
1,1,0.9999988
1,1,0.9999765
1,1,0.9999987
1,1,0.9999939
1,1,0.9999968
1,1,0.99999905
1,1,0.9999982
1,1,0.9999987
1,1,0.9999993
1,1,0.9999993
1,1,0.99999905
0,0,0.00020375542
1,1,0.99999905
1,1,0.99999917
1,1,0.99999905
1,1,0.9999993
1,0,5.3028332e-05
0,0,2.7632444e-05
1,1,0.99999917
0,0,2.059239e-06
0,0,1.9168829e-06
0,1,0.999998
1,1,0.99999917
1,1,0.99999857
1,1,0.999998
1,1,0.99998295
1,1,0.99999917
1,1,0.99999905
0,1,0.9570446
1,1,0.99999905
0,0,1.4224437e-06
1,1,0.9999993
1,1,0.99999785
1,1,0.9999989
1,1,0.99999905
1,1,0.9999989
1,1,0.99999917
1,1,0.99999905
1,1,0.99999917
1,1,0.99999917
0,1,0.99197936
1,1,0.99999905
1,1,0.99999905
1,1,0.9999914
1,1,0.9999993
0,0,4.6066284e-06
1,1,0.99999666
1,1,0.99999774
1,1,0.9999975
1,1,0.99999917
1,1,0.99999917
0,0,2.3091777e-06
1,1,0.99999714
1,1,0.9999989
1,1,0.99999905
1,1,0.99999857
1,1,0.99999917
1,1,0.99999905
1,1,0.99999905
1,1,0.9999988
1,1,0.9999989
1,1,0.99999917
1,1,0.99999917
1,1,0.99999917
1,1,0.9999987
1,1,0.99999917
1,1,0.9999993
1,1,0.9999969
1,1,0.99999917
1,1,0.9999974
1,1,0.99999917
1,1,0.9999989
1,1,0.99999845
1,1,0.9999988
1,1,0.99999917
1,0,1.1647283e-05
1,1,0.99999917
0,0,3.866745e-06
1,1,0.99999166
1,1,0.99999917
1,1,0.99999905
1,1,0.9999958
0,0,1.2491868e-06
1,1,0.9999871
0,0,4.629296e-06
0,0,4.6757373e-06
1,1,0.99999857
1,1,0.99999845
1,1,0.99999917
1,1,0.9999968
1,1,0.99999905
1,1,0.99999464
1,1,0.99999297
1,1,0.9999989
0,1,0.9999963
1,1,0.9999882
1,1,0.9999987
1,1,0.99999917
1,1,0.99999917
1,1,0.9999989
1,1,0.99999905
1,1,0.99999905
1,1,0.99999917
0,1,0.9929609
1,1,0.99999726
1,1,0.99999905
1,1,0.9999988
1,1,0.9999989
1,1,0.9999993
0,0,2.1550075e-06
1,1,0.99999917
1,1,0.9999993
1,1,0.9999993
1,1,0.99999917
1,1,0.9999914
1,1,0.99999905
1,1,0.9999989
1,1,0.99999595
1,0,2.7469791e-06
1,1,0.9999989
1,1,0.99999905
1,1,0.9999988
1,1,0.99999917
1,1,0.9999993
1,1,0.99999917
1,1,0.99999905
1,1,0.99999917
1,1,0.99999905
1,1,0.99999917
1,1,0.9999974
1,1,0.99999785
1,1,0.99999917
1,1,0.99999905
1,1,0.99999905
1,1,0.9999989
1,1,0.99999917
1,1,0.99999905
1,1,0.9999981
1,1,0.9999981
1,1,0.9999981
1,1,0.99999917
1,1,0.9999993
1,1,0.9999993
1,1,0.9999964
1,1,0.99999917
1,1,0.99989736
1,1,0.9999988
1,1,0.9999988
1,1,0.99998474
1,1,0.9999993
1,1,0.99999547
1,1,0.9999993
1,1,0.99999833
1,1,0.9999989
1,1,0.99999905
1,1,0.9999988
1,1,0.99999917
1,1,0.9999988
1,1,0.99999905
1,1,0.99999905
1,1,0.99999774
1,1,0.9999988
1,1,0.99999833
1,1,0.9807012
1,1,0.99999917
1,1,0.99999917
1,1,0.9999988
1,1,0.99999845
1,1,0.80733377
1,1,0.99999917
1,1,0.9999987
1,1,0.99999917
1,1,0.999997
1,1,0.99999905
1,1,0.9999987
1,1,0.9999893
1,1,0.9999989
1,1,0.9999993
1,1,0.99999917
1,1,0.99999905
0,0,1.4222456e-06
1,1,0.99999905
1,1,0.9999989
1,1,0.99999857
1,1,0.99999917
1,1,0.9999989
0,0,2.87893e-06
0,0,7.856467e-06
1,1,0.99999917
0,0,1.7730215e-06
1,1,0.99999905
1,1,0.9999976
1,1,0.99999917
1,1,0.99999917
1,1,0.99999917
1,1,0.9999993
1,0,2.8552947e-06
1,1,0.9999988
0,0,1.1454953e-06
1,1,0.99998474
1,1,0.9999989
1,1,0.99999905
1,1,0.99999905
1,1,0.99999917
1,1,0.99999905
1,1,0.9999993
1,1,0.999998
1,1,0.99999917
1,1,0.99999917
1,1,0.9999988
1,1,0.9998325
1,1,0.9999989
1,1,0.9999776
1,1,0.9999988
1,1,0.9999987
0,1,0.9704311
1,1,0.9999988
1,1,0.99999917
1,1,0.99999905
1,1,0.99999905
1,1,0.9999987
1,1,0.99999416
0,1,0.99999225
1,1,0.9999114
1,1,0.99943763
1,1,0.99999917
1,1,0.9999989
1,1,0.99999905
1,1,0.9999993
1,1,0.99999905
1,1,0.9999993
1,1,0.99600416
1,1,0.9999989
1,1,0.99999845
1,1,0.9999988
1,1,0.99999917
1,1,0.99999917
1,1,0.99999917
1,1,0.99999905
1,1,0.99999917
1,1,0.9999958
1,1,0.99999917
1,1,0.99999857
1,1,0.98817223
1,1,0.9999989
0,0,1.1249283e-06
1,1,0.999998
1,1,0.99999917
0,1,0.99998033
1,1,0.9999989
1,1,0.9999989
0,0,0.0002934699
1,1,0.9999969
0,0,0.4746414
1,1,0.9999993
1,1,0.9999988
1,1,0.9999926
1,1,0.99999917
1,1,0.99999917
1,1,0.99999905
1,0,4.9728255e-06
1,1,0.99999905
1,1,0.99999905
1,1,0.99999845
1,1,0.9999969
1,1,0.9999988
1,1,0.9999989
1,1,0.9999993
1,1,0.9999944
1,1,0.9999989
1,1,0.99999833
1,1,0.9999989
1,1,0.99999917
1,1,0.99999917
1,1,0.99999905
1,1,0.9999989
1,1,0.99999917
1,1,0.9999987
1,1,0.99999857
1,1,0.9999976
1,1,0.99999917
1,1,0.99999475
1,0,6.425836e-05
1,1,0.99999917
1,1,0.9999988
1,1,0.99999857
1,1,0.99999547
0,0,1.5751473e-06
1,1,0.99999905
1,1,0.9999987
0,0,1.7654643e-06
1,1,0.9999989
1,1,0.99999917
1,1,0.9999989
1,1,0.99999917
1,1,0.99999917
1,1,0.99999905
1,1,0.999997
1,1,0.99999917
0,0,1.1552064e-06
1,1,0.99999917
0,1,0.99999034
1,1,0.99999905
0,1,0.9156123
1,1,0.9999988
1,1,0.99999905
0,0,0.00014458928
1,1,0.99999905
1,1,0.99999857
1,1,0.9999993
1,1,0.9988643
1,1,0.9999993
1,1,0.9999989
1,1,0.9999993
1,1,0.99999905
1,1,0.9999968
1,1,0.9999988
1,1,0.9999987
1,1,0.99999845
1,1,0.9999988
1,1,0.99999917
1,1,0.99999833
1,1,0.9999993
1,1,0.99999905
0,0,5.1634197e-06
1,1,0.9999989
1,1,0.9999988
1,1,0.99999917
0,0,1.0379131e-06
0,1,0.99978703
0,0,9.602397e-07
1,1,0.99999905
1,1,0.9999993
1,1,0.9999993
1,1,0.99999905
1,1,0.99999917
1,1,0.998626
0,0,1.5491494e-05
1,1,0.99999666
1,1,0.9999993
1,1,0.9999989
1,1,0.99999917
1,0,0.00011448142
1,1,0.99999917
1,1,0.99999774
1,1,0.9999981
1,1,0.99999905
0,0,1.9671256e-06
1,1,0.99999857
1,1,0.99999905
1,1,0.9999989
1,1,0.99999905
1,1,0.99999917
1,1,0.99999905
1,1,0.99999917
1,1,0.9999987
0,0,2.8747706e-06
0,0,1.3543315e-06
1,1,0.9999988
1,1,0.9999993
0,0,9.88046e-07
1,1,0.99999857
1,1,0.99999905
1,1,0.99999905
1,1,0.9999989
1,1,0.9999981
0,0,1.2402007e-05
1,1,0.9999993
1,1,0.9999987
1,1,0.99999845
1,1,0.9999982
1,1,0.9999993
1,1,0.9999987
1,1,0.99999845
1,1,0.99993217
1,1,0.9999989
1,1,0.99999917
1,1,0.99999714
1,1,0.9999981
1,1,0.99999905
1,1,0.99999917
1,1,0.99997306
1,1,0.9999993
1,1,0.9999993
1,1,0.99999905
1,1,0.99999917
1,1,0.99999857
1,1,0.9999989
1,1,0.99999905
1,1,0.99999905
1,1,0.99999917
0,0,1.3623917e-06
1,1,0.99999917
1,1,0.9999894
1,1,0.99999905
1,1,0.9999993
1,1,0.99999917
1,1,0.99999917
1,1,0.99999917
1,1,0.99999917
1,1,0.99999774
1,1,0.999998
1,1,0.99999833
1,1,0.99999833
1,1,0.99999905
1,1,0.9999989
1,1,0.99999905
0,1,0.9999502
1,1,0.9999989
1,1,0.9999993
1,1,0.99999857
1,1,0.9999964
1,1,0.9999989
0,1,0.9999877
1,1,0.99999917
1,1,0.99999917
1,1,0.99999905
1,1,0.9999988
1,1,0.9999989
0,0,7.948121e-06
1,1,0.99999917
1,1,0.99999905
1,1,0.99999726
1,1,0.99999857
0,0,1.5024342e-06
1,1,0.99999905
1,1,0.9999988
1,1,0.99999905
1,1,0.99999917
1,1,0.9999989
1,1,0.9999987
1,1,0.999998
1,1,0.9999989
1,1,0.9999981
1,1,0.9999982
1,1,0.9999988
1,1,0.99999905
1,1,0.99999905
0,0,1.181072e-06
0,0,6.911094e-06
1,1,0.99999917
1,1,0.9999993
1,1,0.99999857
1,1,0.9999993
1,1,0.9999881
1,1,0.99999905
1,1,0.99999917
1,1,0.99999905
1,1,0.99999654
1,1,0.99999917
1,1,0.99999917
1,1,0.9999993
1,1,0.9999989
1,1,0.999998
1,1,0.99999857
1,1,0.99999917
1,1,0.9999989
1,1,0.9999989
1,1,0.99999905
1,1,0.9999989
1,1,0.9999989
1,1,0.99999917
1,1,0.99999905
1,1,0.9999993
1,1,0.9999988
1,1,0.99999917
1,1,0.99999905
1,1,0.99999917
1,1,0.99999917
1,1,0.999998
1,1,0.99999905
1,1,0.99999905
1,1,0.9999951
1,1,0.9999993
1,1,0.9999989
1,1,0.9999944
1,1,0.9999988
1,1,0.99999917
1,1,0.9999993
1,1,0.9999939
1,1,0.9999933
1,1,0.9999988
1,1,0.99999917
1,1,0.99999917
1,1,0.9999987
0,1,0.9999906
1,1,0.99999917
1,1,0.61956894
1,1,0.9999981
1,1,0.99998736
1,1,0.9999988
1,1,0.9999993
1,1,0.99999917
1,1,0.99922526
1,1,0.9999989
1,1,0.99999917
1,1,0.99999905
1,1,0.99999845
1,1,0.9999993
1,1,0.9999987
1,1,0.9999993
0,0,0.00027759897
0,1,0.99975854
1,1,0.99999905
0,0,0.0017212753
1,1,0.9999982
1,1,0.99997544
1,1,0.9999989
1,0,7.560466e-06
0,0,8.366831e-06
1,1,0.99987686
1,1,0.9999989
1,1,0.99999917
1,1,0.9999988
1,1,0.99985313
1,1,0.99999905
1,1,0.9999989
1,1,0.99999905
1,1,0.99999785
1,1,0.9999993
0,0,1.3071166e-06
1,1,0.99999857
1,1,0.99999905
1,1,0.9999988
1,1,0.99999917
1,1,0.99999917
0,0,1.0093723e-06
1,1,0.99999774
1,1,0.9999993
1,1,0.9998265
0,0,2.0706984e-06
1,1,0.99999857
0,1,0.99999523
0,0,5.1989855e-06
1,1,0.99999595
0,0,2.3554185e-06
1,1,0.9999989
1,1,0.999998
1,1,0.9999993
1,1,0.9999957
1,1,0.99999857
1,1,0.99999917
1,1,0.9999993
1,1,0.99999857
1,1,0.99999917
1,1,0.99999917
1,1,0.9999989
1,1,0.9999989
0,1,0.99999356
1,1,0.9999993
1,1,0.9999988
0,0,2.4299592e-05
1,1,0.99999857
1,1,0.999998
1,1,0.99999917
1,1,0.9999988
1,1,0.99999905
0,0,2.1023661e-06
1,1,0.9944184
0,0,2.9136936e-06
1,1,0.9999993
1,1,0.9999987
1,1,0.99999785
1,1,0.99999905
1,1,0.99999917
1,1,0.9999988
1,1,0.99999905
1,1,0.99999404
1,1,0.9999989
1,1,0.9999988
1,1,0.99729556
1,1,0.9999963
0,0,1.1003145e-06
1,1,0.9999993
1,1,0.99999917
1,1,0.9999989
1,1,0.9999989
1,1,0.99999917
1,1,0.9999982
1,1,0.99998176
1,1,0.99999905
1,1,0.99999845
1,1,0.9999937
0,0,7.005909e-06
1,1,0.9999993
1,1,0.99999905
1,1,0.99999905
1,1,0.9999974
0,0,1.7792244e-06
0,0,1.626191e-06
1,1,0.9999988
1,1,0.99999726
1,1,0.99999917
1,1,0.9999993
1,1,0.9999989
1,1,0.9999993
0,0,1.5723978e-06
0,1,0.99999845
1,1,0.99999857
1,1,0.9994374
1,1,0.99999917
1,1,0.9999988
1,1,0.9999939
0,0,2.1567241e-06
1,1,0.9999988
1,1,0.99999905
1,1,0.999998
1,1,0.99999547
0,1,0.99999833
0,0,2.461724e-06
1,1,0.9999993
0,0,9.431005e-07
1,1,0.99999917
1,1,0.99999917
1,1,0.9999988
1,1,0.99999917
1,1,0.999995
1,0,1.6019263e-06
0,0,1.1909109e-06
1,1,0.99999905
1,1,0.99999905
1,1,0.9999988
0,0,1.9894767e-06
1,1,0.9999975
1,1,0.99999905
1,1,0.9999982
1,1,0.99999905
1,1,0.9999913
0,0,2.5456486e-06
1,1,0.99999917
1,1,0.99999917
1,1,0.9999987
1,1,0.99999857
1,1,0.9999988
0,0,1.0441797e-06
1,1,0.99999917
1,1,0.99999905
1,1,0.9999987
1,1,0.9999988
1,1,0.99999917
1,1,0.99999917
0,0,3.537712e-06
1,1,0.999982
1,1,0.9999956
1,1,0.99999917
1,1,0.99999857
1,0,0.0022684173
1,1,0.99999595
1,1,0.99999857
1,1,0.9999993
1,1,0.99999917
1,1,0.9999993
0,0,3.912809e-06
1,1,0.9999989
1,0,0.00043187742
1,1,0.99999905
1,1,0.9999982
1,1,0.99999917
1,1,0.99999917
1,1,0.9999969
1,1,0.99999917
1,1,0.99999917
1,1,0.999997
1,1,0.99999917
1,1,0.99999917
0,0,2.4995152e-05
1,1,0.9999989
1,1,0.9999993
1,1,0.9999869
1,1,0.99999726
0,1,0.9999981
0,0,5.0276644e-06
1,1,0.99999917
1,1,0.9999988
0,0,1.746914e-06
1,1,0.99999917
1,1,0.99999774
1,1,0.99999905
0,1,0.994962
1,1,0.99999917
1,1,0.9999987
1,1,0.9999989
1,1,0.99999905
0,0,3.0716499e-06
1,1,0.99999917
1,1,0.99999917
1,1,0.9999993
1,1,0.99999917
0,0,0.0010937006
1,1,0.99999905
1,1,0.99999905
0,0,6.5485888e-06
1,1,0.99901855
1,0,0.047669265
0,1,0.99998856
0,0,2.1895514e-06
1,1,0.99999905
1,1,0.99999833
1,1,0.9999573
1,1,0.99999917
0,0,1.948498e-06
1,1,0.99999905
0,0,1.1152408e-06
0,0,1.3044554e-06
1,1,0.99999905
0,0,1.1983972e-06
1,1,0.9999987
1,1,0.9999975
1,1,0.99999917
1,1,0.99997425
1,1,0.9999989
1,1,0.99999774
1,1,0.99999917
1,1,0.99999905
1,1,0.99999917
1,1,0.99995744
1,1,0.99999917
1,1,0.9999989
0,0,1.2163188e-06
1,1,0.99999595
1,1,0.9999993
1,1,0.9999988
1,1,0.99999917
0,1,0.999982
1,0,7.832697e-05
1,1,0.9999989
1,1,0.9999993
0,0,3.3092588e-06
1,1,0.99999845
1,1,0.99999905
1,1,0.99814093
1,1,0.9999993
1,1,0.99999845
1,1,0.9999993
1,1,0.9999989
0,0,4.8718553e-06
1,1,0.99999917
0,0,1.4678321e-06
1,1,0.9999989
1,1,0.99999857
1,1,0.9999989
1,1,0.99999905
1,1,0.9999962
0,0,1.9424146e-05
0,0,6.284094e-05
1,1,0.9999989
1,1,0.9999962
1,1,0.9999987
1,1,0.99999845
1,1,0.9999989
0,1,0.9999974
1,1,0.9999988
1,1,0.9999993
1,1,0.9999981
1,1,0.9999989
1,1,0.9999987
1,1,0.9999989
1,1,0.99999523
0,1,0.9999708
1,1,0.99999905
1,1,0.9999989
1,1,0.99999905
0,0,1.1171367e-05
1,1,0.99999905
1,1,0.99999845
1,1,0.9999976
0,0,1.7008255e-06
1,1,0.9999988
1,1,0.99999905
1,0,1.5129823e-06
1,1,0.9999989
0,0,2.2455188e-06
1,1,0.9999976
1,1,0.9999981
1,1,0.9999989
1,1,0.9999993
1,1,0.99999917
1,0,0.00010613324
1,1,0.999997
1,1,0.99999666
1,1,0.99999917
1,1,0.999998
0,0,1.2278921e-06
1,1,0.99999905
1,1,0.99999917
1,1,0.9999989
1,1,0.99999917
1,1,0.99999905
1,1,0.99999917
1,1,0.9723408
1,0,1.7797759e-06
1,1,0.9999989
1,1,0.99999917
0,0,9.4214033e-07
1,1,0.99999905
1,1,0.99999905
1,0,8.777396e-06
0,0,2.0800322e-05
1,1,0.9999989
1,1,0.9999989
1,1,0.99999905
1,0,0.00016910555
1,0,0.0003508277
1,1,0.9999993
1,1,0.99999917
1,1,0.9999981
1,1,0.99999917
1,1,0.9999989
1,1,0.9999989
0,0,3.9811333e-05
1,1,0.99999905
1,1,0.9999993
1,1,0.99999833
1,1,0.9999989
1,1,0.99999917
1,1,0.99999714
1,1,0.9999988
1,0,2.3376202e-05
1,1,0.9999989
1,1,0.99999917
1,1,0.9999981
0,1,0.9999938
1,1,0.99999905
1,1,0.99999917
1,1,0.9999949
0,0,2.631857e-06
1,1,0.9999988
0,0,2.4355375e-06
1,1,0.99998856
1,1,0.9999989
1,1,0.9999989
1,1,0.99995244
0,1,0.999998
1,1,0.9999988
1,1,0.9999988
1,1,0.9999993
1,1,0.99999905
1,1,0.99999917
1,1,0.99999917
1,1,0.99999917
1,1,0.9999993
1,1,0.99998975
1,1,0.9999988
0,0,6.5656914e-06
1,1,0.999998
1,1,0.99999905
1,1,0.9999993
1,1,0.9999987
1,1,0.9999993
1,1,0.9999993
1,1,0.9999993
1,1,0.99999917
1,1,0.9999993
0,0,1.1634233e-06
1,1,0.99999917
1,1,0.9999989
1,1,0.99999857
1,1,0.9998293
1,1,0.99999785
1,0,4.8628453e-06
1,1,0.9999989
1,1,0.9999989
1,1,0.99999905
1,1,0.99999905
1,1,0.9999988
1,1,0.9999993
1,1,0.99999523
1,1,0.9999989
1,1,0.99999905
1,1,0.9999981
1,1,0.99999917
1,1,0.99999785
1,1,0.99999905
1,1,0.9999988
1,1,0.9999963
0,0,4.140665e-05
1,0,4.042559e-06
1,1,0.99999905
1,1,0.99999905
1,1,0.99999857
1,1,0.9999993
1,1,0.9999975
1,1,0.9999989
1,1,0.99999917
1,1,0.99999905
0,0,3.432448e-06
1,1,0.99999905
1,0,2.1237764e-05
1,1,0.99999917
1,1,0.99999917
0,0,1.3850092e-06
1,1,0.99999917
1,1,0.9999989
1,1,0.99999726
1,0,8.720943e-06
1,1,0.9999989
1,1,0.99999917
1,1,0.99999154
1,1,0.9999993
0,0,8.927283e-07
1,1,0.9999989
1,1,0.9999989
1,1,0.9999968
1,1,0.99999905
1,1,0.99999917
1,1,0.9999989
1,1,0.99999917
1,1,0.99979216
1,1,0.99999905
1,1,0.9999989
1,1,0.99999857
0,1,0.99997985
1,1,0.99999845
1,0,2.3292841e-05
1,1,0.9999988
0,0,1.184344e-06
0,1,0.99996185
1,1,0.99999917
1,1,0.9999989
1,1,0.9999734
1,1,0.9989176
1,1,0.9999987
1,1,0.99999917
1,1,0.99999905
1,1,0.99999905
1,1,0.9999993
1,1,0.9999993
1,0,0.089752525
1,1,0.99999905
1,1,0.99999905
1,1,0.99999917
1,1,0.9999987
1,1,0.99999905
1,1,0.9999988
0,0,8.2607214e-05
1,1,0.99999905
1,1,0.9999988
1,1,0.9999989
1,1,0.99999917
1,1,0.99999905
1,1,0.99999917
1,1,0.9999913
1,1,0.9999988
1,1,0.9999989
1,1,0.9999989
0,1,0.9999863
0,0,1.0315306e-06
1,1,0.99999905
1,1,0.999997
1,1,0.99999607
1,1,0.99999654
1,1,0.9999993
1,1,0.9999988
1,1,0.99999917
1,1,0.99999905
1,1,0.9999993
1,1,0.99999917
1,1,0.9999981
0,0,1.0968299e-06
1,1,0.99999905
1,1,0.99999917
1,1,0.9999988
1,1,0.9999969
1,1,0.9999988
1,1,0.9999951
1,1,0.99999833
1,1,0.99999917
1,1,0.9999993
1,1,0.99999917
1,1,0.9999722
0,0,1.0706833e-06
1,1,0.99999917
1,1,0.9999989
1,1,0.99999726
1,1,0.99999917
1,1,0.9999987
1,1,0.99999833
1,1,0.9999989
0,0,2.836535e-06
0,0,2.4710148e-06
1,1,0.99999917
0,0,1.947244e-06
1,1,0.9999763
0,1,0.9999944
1,1,0.99999475
1,1,0.99999905
1,1,0.9999989
1,0,8.366496e-06
0,0,9.878331e-07
1,1,0.99999917
1,1,0.9999989
0,0,1.4375868e-06
0,0,1.432575e-06
1,1,0.99999917
1,1,0.9999988
1,1,0.99999905
0,0,1.4917405e-06
1,1,0.99999917
1,1,0.99999917
1,1,0.99999785
1,1,0.9999993
1,1,0.9999987
1,1,0.99999905
1,1,0.9999987
1,1,0.99999857
1,1,0.99999857
1,1,0.9999993
0,0,1.384118e-06
1,1,0.99999774
1,1,0.99999917
1,1,0.99999917
1,1,0.99999917
1,1,0.99999917
1,1,0.9999993
1,1,0.9999989
1,1,0.99999905
1,1,0.99999905
1,1,0.9999987
0,0,1.8928637e-06
1,1,0.99999917
1,1,0.99999917
1,1,0.999997
1,1,0.9999988
1,1,0.999977
0,0,0.000246526
1,1,0.9999964
1,1,0.9999993
1,1,0.99999917
1,1,0.9999987
0,1,0.99999774
1,1,0.99999785
1,1,0.99999607
1,1,0.99999833
1,1,0.99999905
1,1,0.99999905
1,1,0.9999989
1,1,0.9999964
0,0,0.14437412
1,1,0.9999958
1,1,0.99999917
1,1,0.9999988
1,1,0.99999905
1,1,0.9999989
1,1,0.9999989
1,1,0.99999905
1,1,0.9999945
1,1,0.5266564
1,1,0.99999905
0,1,0.99999106
1,1,0.99980325
1,1,0.99999535
0,1,0.9999809
1,1,0.9999982
1,1,0.99999917
1,1,0.99999905
1,1,0.9999993
1,1,0.99999917
1,1,0.99999905
1,1,0.99999404
1,1,0.99999785
0,0,2.1910782e-06
1,1,0.9999988
1,1,0.99999917
1,1,0.9999988
1,1,0.9999993
1,1,0.99999833
1,1,0.99999917
1,1,0.9999989
1,1,0.9999993
1,1,0.9999989
0,0,0.023533734
0,0,1.9442698e-05
1,1,0.99999905
1,1,0.9999956
1,1,0.99999905
1,1,0.99999917
1,1,0.99999917
1,1,0.99999905
0,1,0.99997735
1,1,0.99999785
1,1,0.99999917
1,1,0.9999993
0,0,3.2157348e-06
1,1,0.87316936
1,1,0.99999905
1,1,0.99999905
1,1,0.99999905
1,1,0.99999857
1,1,0.9999981
0,0,1.8023394e-06
1,1,0.9999993
1,1,0.99999464
1,1,0.99999917
1,1,0.99999905
1,1,0.99999917
1,1,0.9999989
0,1,0.99999845
1,1,0.9999969
1,1,0.99999917
1,1,0.99999917
1,1,0.9999951
1,1,0.99999917
0,0,1.4844264e-06
1,1,0.9999981
1,1,0.99999905
1,1,0.9999988
1,1,0.9999988
1,1,0.99999905
1,1,0.99999905
1,1,0.9999989
1,1,0.9999733
1,1,0.99999785
1,1,0.99999917
1,1,0.99999905
1,1,0.9999988
1,1,0.9999989
1,1,0.99999774
1,1,0.99999857
1,1,0.9999993
1,1,0.99999845
1,1,0.9999989
1,1,0.9999989
1,1,0.99999857
1,1,0.9999993
1,1,0.99999905
0,1,0.999998
1,1,0.9999989
0,0,1.0556261e-06
1,1,0.9999993
1,1,0.99999917
1,1,0.99997675
1,1,0.9999988
1,1,0.99999905
0,0,1.9870438e-06
1,1,0.9999324
1,0,0.00011426612
0,0,7.0541196e-06
1,1,0.99999905
1,1,0.9999993
0,1,0.9998221
1,1,0.99999917
1,1,0.99999917
1,1,0.99999905
1,1,0.99999917
1,1,0.99999917
1,1,0.99999905
1,1,0.99999917
1,1,0.9999993
0,0,1.1429746e-06
1,0,4.0848317e-06
1,1,0.9999989
1,1,0.9999958
0,0,1.969506e-05
1,1,0.9999993
1,1,0.99999917
1,1,0.9999993
0,0,1.2299337e-06
1,1,0.99999845
1,1,0.9999957
1,1,0.99999785
1,1,0.99999917
1,1,0.9999987
1,1,0.53432333
0,0,2.2618638e-06
1,1,0.99999726
1,1,0.9999981
1,1,0.9999989
1,0,1.4559996e-06
1,1,0.9999989
1,1,0.9999993
1,1,0.99999917
1,1,0.99999857
1,1,0.9999987
1,1,0.99999917
1,1,0.9999989
1,1,0.9999988
1,1,0.99997485
1,1,0.6406071
1,1,0.99999905
1,1,0.99999547
1,1,0.99999905
1,1,0.99999666
1,1,0.9999981
1,1,0.9999993
1,1,0.9999969
0,0,2.1427162e-05
1,1,0.9999988
1,1,0.9999989
1,1,0.99999917
0,0,2.8053528e-06
1,1,0.99999917
1,1,0.99999917
1,1,0.999997
1,1,0.99999905
1,1,0.9999988
1,1,0.984631
1,1,0.9999993
1,1,0.99999917
1,1,0.9999989
1,1,0.99999905
1,1,0.9999989
1,1,0.99999905
1,0,0.012650046
1,1,0.99999917
1,1,0.9999976
0,0,1.4042115e-06
1,1,0.9999988
1,1,0.99999917
1,1,0.99999833
0,0,4.669953e-06
0,0,1.1341793e-06
1,1,0.9999987
0,0,2.3012283e-06
1,1,0.99999917
1,1,0.9999975
0,1,0.9999962
1,1,0.99999905
1,1,0.9999993
0,0,1.3978341e-06
1,1,0.9999993
1,1,0.9999988
1,1,0.9999982
1,1,0.99999905
1,1,0.9999962
1,1,0.9999968
1,1,0.99999905
1,1,0.99999917
1,1,0.99999905
1,1,0.9999976
1,1,0.9999989
1,1,0.99999917
1,1,0.99999905
0,0,2.0854468e-06
1,1,0.9999956
1,1,0.99999774
1,1,0.9999738
1,1,0.99999905
1,1,0.9999987
0,0,1.912092e-06
1,1,0.9999988
1,1,0.9999944
1,1,0.9999989
1,1,0.9999989
0,1,0.99999404
0,1,0.9999939
1,1,0.9999993
1,1,0.99999917
1,1,0.9999975
1,1,0.9999988
0,0,1.0916622e-06
1,1,0.99999917
1,1,0.99999917
1,1,0.9999987
1,1,0.99999654
1,1,0.9999989
1,1,0.99999845
1,1,0.99999774
1,1,0.9999982
1,1,0.99999917
0,0,6.0147327e-06
1,1,0.9999993
1,1,0.9999982
1,1,0.99999726
1,1,0.9999987
1,1,0.9999969
1,1,0.9999993
1,1,0.99999607
0,1,0.999796
1,1,0.9999987
0,0,0.00017156583
1,1,0.99969876
1,1,0.99999833
1,1,0.99999905
1,1,0.9999963
1,1,0.9999981
1,1,0.9999988
1,1,0.99999917
1,1,0.99999905
1,1,0.9999988
0,0,2.2299675e-06
1,1,0.99999905
1,1,0.9999989
1,1,0.9999993
1,1,0.9999881
1,1,0.99999917
1,1,0.99999905
1,1,0.99999917
1,1,0.9999993
1,1,0.99999917
1,1,0.9999933
1,1,0.9999989
1,1,0.9999993
0,1,0.99998903
1,1,0.99999905
1,1,0.99999917
1,1,0.9999968
1,1,0.9999926
1,1,0.99999905
1,1,0.99999905
1,1,0.99999857
1,1,0.9999988
1,1,0.9999987
1,1,0.9999993
1,1,0.99999905
1,1,0.99999905
1,1,0.99999905
1,1,0.9999989
1,1,0.9999981
1,1,0.99999917
1,1,0.9999988
1,1,0.99999917
0,0,1.0977592e-06
1,1,0.999951
1,1,0.9999989
0,0,1.156955e-06
1,1,0.9999964
0,0,1.1746613e-06
1,1,0.999992
1,1,0.99999917
1,1,0.99999917
1,1,0.99999917
1,1,0.99999905
1,1,0.9999988
0,0,3.5341377e-06
1,1,0.9999993
1,1,0.9999988
1,0,0.0004061354
1,1,0.99999905
1,1,0.9999988
1,1,0.9999988
1,0,1.3151064e-06
1,1,0.9999987
1,1,0.99999905
1,1,0.99999917
1,1,0.99999905
1,1,0.9999988
1,1,0.9999988
0,0,1.1300638e-06
1,1,0.99999607
0,0,1.0157415e-06
1,1,0.999998
0,0,9.897577e-07
1,1,0.9999993
1,1,0.99999857
1,1,0.99999917
1,1,0.9999988
1,1,0.9999987
1,1,0.99999917
1,1,0.99999857
1,1,0.9999987
1,1,0.99999774
1,1,0.9999963
1,1,0.99999917
1,1,0.99999833
1,1,0.99999905
1,1,0.99999917
1,1,0.9999988
1,1,0.99999917
1,1,0.9999989
1,1,0.99999917
1,1,0.99999905
0,0,4.156548e-06
1,0,1.3119623e-06
1,1,0.99999714
1,1,0.9999993
1,1,0.9999993
1,1,0.99999917
1,1,0.9999975
1,1,0.9999993
1,1,0.99999833
0,1,0.9999958
1,0,2.2370436e-06
1,1,0.9999993
1,1,0.9999975
1,1,0.9999988
1,1,0.9999988
1,1,0.99999607
1,1,0.99999774
0,0,1.283218e-06
1,1,0.999998
1,1,0.99999726
0,0,2.5369577e-06
1,1,0.99999905
1,1,0.99999905
1,1,0.99999905
1,1,0.99999917
1,1,0.9999989
1,1,0.99999917
1,1,0.99243563
1,1,0.99999905
1,1,0.99999857
1,1,0.99999917
0,1,0.9998165
1,1,0.9999993
1,1,0.9999988
1,1,0.99999917
1,1,0.99999845
1,1,0.99999905
1,1,0.9999987
1,1,0.9999989
1,1,0.99999905
1,1,0.99999917
1,1,0.99999845
1,1,0.99999905
1,1,0.99999917
1,1,0.99999905
1,1,0.9999982
1,1,0.99999905
1,1,0.99999905
1,1,0.99999917
0,0,0.00089385256
1,1,0.99999917
1,1,0.9999989
0,0,1.4626088e-06
0,0,1.7578251e-06
1,1,0.9999993
1,1,0.9999987
1,1,0.9999989
1,1,0.99998677
0,0,2.3480416e-06
1,1,0.99999905
1,1,0.99999857
1,1,0.99999845
1,1,0.99999917
1,1,0.99999905
1,1,0.9999987
0,0,1.178165e-06
1,1,0.99999905
1,1,0.99999917
1,1,0.9999993
1,1,0.99999917
1,1,0.99999905
1,1,0.9999993
1,1,0.9999924
1,1,0.999126
1,1,0.9999993
1,1,0.9999976
1,1,0.9999987
1,1,0.9999993
1,1,0.9999989
1,1,0.9999989
1,0,4.2750808e-06
1,1,0.99999917
1,1,0.9999989
1,1,0.9941028
1,1,0.9999989
0,0,1.06743e-06
0,1,0.9999753
1,1,0.9999993
0,0,3.0484553e-06
1,1,0.9999993
1,1,0.99999917
0,0,1.0373144e-06
1,1,0.9999974
1,1,0.99999857
1,1,0.99999905
1,1,0.9999989
1,1,0.99999905
1,1,0.99999917
1,1,0.99999857
0,1,0.99993634
1,1,0.99999917
1,1,0.9999988
0,1,0.9999987
1,0,1.7403657e-06
1,1,0.99999917
0,0,0.0011414612
1,1,0.99999785
1,1,0.9999937
1,1,0.9999989
1,1,0.9999982
1,1,0.999997
1,1,0.99999845
1,1,0.9999963
1,1,0.99999905
1,1,0.99999917
1,1,0.99999917
1,1,0.99999917
1,1,0.99999905
1,1,0.9999993
1,1,0.9999989
1,1,0.9999989
1,1,0.99999833
1,1,0.9999931
1,1,0.99999857
1,1,0.99999917
1,0,0.0022466863
1,1,0.9999993
1,1,0.9999989
1,1,0.99999917
1,1,0.99999917
1,1,0.99999905
1,1,0.999997
1,1,0.9999993
0,0,0.2542168
1,1,0.99999917
1,1,0.99999905
1,1,0.99999917
1,1,0.99999917
1,1,0.9999982
1,1,0.99999857
1,1,0.99999917
1,1,0.99999714
1,1,0.99953556
1,1,0.9999988
1,1,0.99999833
1,1,0.9999964
1,1,0.99999666
1,1,0.9999887
1,1,0.9999993
1,1,0.9999989
1,1,0.99999917
1,1,0.9999987
1,1,0.9999993
1,1,0.9999988
1,1,0.9999993
1,1,0.99999607
1,1,0.99999917
1,1,0.99999917
1,0,9.327605e-05
1,1,0.9999988
1,1,0.99999917
1,1,0.9999987
1,1,0.9999993
1,1,0.9999976
1,1,0.9999956
1,1,0.99999917
0,0,3.959034e-06
0,0,1.5994998e-05
1,1,0.99999905
1,1,0.99904245
0,0,2.4355236e-06
1,1,0.9999989
0,0,2.5068225e-06
1,1,0.9999989
1,1,0.9999987
1,0,2.6399664e-06
1,1,0.99999726
1,1,0.99999774
1,1,0.99999905
1,1,0.9999987
0,0,1.3544684e-06
1,1,0.99999285
1,1,0.99999034
1,1,0.99999225
1,1,0.9999993
0,1,0.949756
0,0,2.1547814e-06
1,1,0.99999917
0,0,6.688718e-05
1,1,0.9999989
1,1,0.99999857
1,1,0.99999917
1,1,0.9999989
1,1,0.99684155
1,1,0.9999976
1,1,0.9999993
1,1,0.99999905
0,0,1.5812157e-06
1,1,0.99999917
1,1,0.9999993
1,1,0.99999905
1,1,0.9999993
1,1,0.99999905
1,1,0.99999917
1,1,0.99999917
1,1,0.99999917
1,1,0.99999917
1,1,0.9999963
1,1,0.99999917
1,1,0.9999993
1,1,0.9999988
1,1,0.99999845
1,1,0.9999989
1,1,0.99997365
1,1,0.9999988
1,1,0.99999857
1,1,0.9999988
1,1,0.99999905
1,1,0.99999917
1,1,0.99999917
1,1,0.99999905
1,1,0.99999905
1,1,0.9999963
1,1,0.99999917
1,1,0.99999857
1,1,0.99999905
1,1,0.99999905
1,1,0.99999917
1,1,0.99999917
1,1,0.99999905
0,0,9.68862e-05
1,1,0.99999917
1,1,0.9999989
1,1,0.9999993
1,1,0.99999547
1,1,0.9999987
0,1,0.99301225
1,1,0.9999987
1,1,0.9999989
1,1,0.99999917
0,0,0.0024991515
0,0,3.4772568e-06
0,1,0.9999596
1,1,0.99999917
1,1,0.9999993
0,1,0.9999926
1,1,0.99999917
1,1,0.9999989
1,1,0.9999989
1,1,0.99999917
0,0,2.5428267e-06
1,1,0.99999905
1,1,0.9999989
1,1,0.99999905
1,1,0.99999917
1,1,0.99126023
1,0,2.2408615e-06
1,1,0.9999988
1,1,0.99999917
1,0,3.2279083e-06
1,1,0.9999988
1,1,0.9999988
1,1,0.9999976
1,1,0.99999917
1,1,0.99999905
1,1,0.9999993
1,1,0.9999989
1,1,0.99999917
1,1,0.9999981
1,1,0.99999917
1,1,0.9999993
1,1,0.9999943
1,1,0.99999917
1,1,0.99999917
1,1,0.99999917
1,1,0.9999993
1,1,0.99999917
1,1,0.99999714
0,0,1.5963461e-06
1,1,0.9999987
0,0,1.8421656e-06
1,1,0.99999857
0,0,1.2997813e-06
1,1,0.99999917
1,1,0.9999988
1,1,0.99999845
1,1,0.99999917
1,1,0.9999989
1,1,0.99999905
0,0,1.0425887e-06
1,1,0.99999666
1,1,0.99999905
1,1,0.9999975
0,0,9.631461e-07
1,1,0.9999988
1,1,0.9879239
1,1,0.99999845
1,1,0.99999857
1,1,0.9999988
1,1,0.99999917
1,1,0.9999982
1,1,0.99999917
1,1,0.99999905
0,0,1.3753652e-06
1,1,0.9999989
1,1,0.99999917
1,1,0.9999989
1,1,0.99999857
1,1,0.99999905
0,0,0.00012328944
1,1,0.9999976
1,1,0.99999845
1,1,0.99999917
1,1,0.9999845
1,1,0.99999905
1,1,0.99999785
0,1,0.99991083
1,1,0.9999964
1,1,0.9999989
1,1,0.9984225
1,1,0.9999989
0,0,0.00029982036
1,1,0.99999917
1,1,0.9999989
1,1,0.99999917
0,0,1.0371898e-06
1,1,0.99999917
1,1,0.99999833
1,0,0.0006383723
1,0,1.3467785e-05
1,0,0.21666628
0,1,0.99999833
1,1,0.99999917
1,1,0.99999905
1,1,0.99999785
1,1,0.9999982
1,0,0.08455249
1,1,0.9999993
0,0,1.1037417e-06
0,0,0.0034156814
1,1,0.9999957
1,1,0.99999905
1,1,0.99999917
1,1,0.999997
0,0,1.1046462e-06
1,1,0.9999989
1,1,0.9999988
1,1,0.9999989
1,1,0.99999475
1,1,0.9999206
1,1,0.9999989
1,1,0.99999917
1,1,0.99999905
0,0,9.298809e-07
1,1,0.99999905
1,1,0.99999917
1,1,0.9999982
1,1,0.99999905
1,1,0.9999993
1,1,0.9999987
1,1,0.9999989
1,1,0.9999989
0,0,1.4924462e-06
1,1,0.9999968
1,1,0.99999917
1,0,0.0579734
1,1,0.9999989
1,1,0.99999917
1,1,0.99999917
1,1,0.9999975
0,0,1.894789e-06
0,0,2.8515447e-06
1,1,0.9999989
1,1,0.99996626
1,1,0.9999989
1,1,0.9999988
1,1,0.9999989
0,1,0.9999331
0,1,0.99999535
1,1,0.99999857
1,1,0.99999917
1,1,0.9999989
1,1,0.9999988
1,1,0.99999905
1,1,0.9995449
1,1,0.9999969
1,1,0.99999917
1,1,0.99999917
1,1,0.9999987
0,0,2.3183684e-06
1,1,0.9999896
1,0,0.055211373
1,1,0.99999905
1,1,0.9999993
1,1,0.99999917
0,0,1.4682857e-06
1,1,0.9999808
1,1,0.99999917
1,1,0.99999905
1,1,0.99999905
1,1,0.99999917
1,1,0.99999714
1,1,0.99999905
0,0,3.4027366e-06
1,0,2.428846e-06
1,1,0.99999917
1,1,0.99999917
1,1,0.9999734
0,0,0.004185266
1,1,0.9998696
1,1,0.99999917
1,1,0.9999975
1,1,0.9999989
1,1,0.9999976
1,1,0.9999988
1,1,0.9999988
1,1,0.9999993
1,1,0.9999993
0,0,1.9156257e-06
1,1,0.99999905
1,1,0.99999905
1,1,0.99999917
1,1,0.99999285
1,1,0.9999987
1,1,0.9855439
1,1,0.99999905
1,1,0.99999917
0,0,0.007071649
1,1,0.9999993
1,1,0.9999988
1,1,0.99999917
1,1,0.99999905
1,1,0.99999523
1,1,0.99997425
1,1,0.9999993
1,1,0.99999905
1,0,0.09472284
1,1,0.99999857
1,1,0.99999917
1,1,0.9999989
1,1,0.99999917
1,1,0.99999905
1,1,0.9999993
1,1,0.99999785
1,1,0.9999988
1,1,0.99999917
1,1,0.9996716
1,1,0.9999988
1,1,0.99999917
1,0,0.06394895
1,1,0.99999905
1,1,0.999998
1,1,0.9999939
0,0,0.00012966372
0,0,1.3560784e-05
1,1,0.99999905
1,1,0.99999857
1,1,0.99999917
1,1,0.9999907
1,1,0.99999845
1,1,0.9999989
1,1,0.99999905
1,1,0.9999988
1,1,0.9999993
1,1,0.9999937
1,1,0.9999993
0,1,0.9999918
1,1,0.99999857
0,0,4.023543e-06
1,1,0.99999917
1,1,0.99999905
1,1,0.99999917
1,1,0.99999666
1,1,0.99999905
1,0,0.00016314843
1,1,0.9999988
1,1,0.9999989
1,1,0.99999917
0,1,0.9999988
1,1,0.99999845
1,1,0.9999907
1,1,0.99999917
1,1,0.9999989
0,0,3.850223e-06
1,1,0.97624683
1,1,0.99999917
1,0,7.865809e-06
1,1,0.99999905
1,1,0.99999905
1,1,0.9999988
1,1,0.9999993
1,1,0.9999982
1,1,0.9999987
0,1,0.9996227
1,1,0.99999845
1,1,0.9999993
1,1,0.999998
1,1,0.9999989
1,1,0.99999917
1,1,0.9999989
1,1,0.99999857
1,1,0.9999988
1,1,0.99999833
1,1,0.99999857
1,1,0.99999905
1,1,0.9999987
1,1,0.99999905
0,0,1.3081378e-06
1,1,0.99999857
1,1,0.99936193
1,1,0.9999993
1,1,0.99999905
1,1,0.9999993
1,1,0.9999989
1,1,0.9999988
1,1,0.9999989
1,0,0.024899447
1,1,0.9999989
1,1,0.99999905
1,1,0.9999989
1,1,0.9999989
1,1,0.99999917
1,1,0.99999905
1,1,0.99999845
1,1,0.99999917
1,1,0.9999993
1,1,0.99999917
1,1,0.99999917
1,1,0.9999974
1,1,0.99999857
1,1,0.9999963
1,1,0.99999833
1,1,0.9999989
1,1,0.9999987
1,1,0.9999988
1,1,0.9999969
1,1,0.99998546
1,1,0.9999993
0,1,0.99992883
1,1,0.99999917
1,1,0.9999989
1,1,0.99999917
1,1,0.99999404
1,1,0.99999905
1,1,0.99999905
1,1,0.9999989
1,1,0.9999784
1,1,0.9999988
0,0,1.5754808e-06
1,1,0.99999905
0,0,1.1162634e-06
1,1,0.9999989
1,1,0.99999905
1,1,0.99999917
1,1,0.9999584
1,1,0.9999989
1,1,0.9999993
1,1,0.9999993
1,1,0.99999917
1,1,0.9999988
1,1,0.9999988
1,1,0.9999964
0,0,2.1570452e-06
1,1,0.9999987
1,1,0.9999993
1,1,0.99999905
1,1,0.9999993
1,1,0.9999802
1,1,0.9999957
1,1,0.9999976
1,1,0.99999905
1,1,0.9999993
1,1,0.9999993
1,1,0.99999857
1,1,0.99999905
1,1,0.99999774
1,1,0.99999714
1,1,0.99999905
1,1,0.99995255
0,1,0.9991221
1,1,0.9999949
0,0,7.82345e-06
1,1,0.9999989
1,1,0.99999917
1,1,0.99999917
0,1,0.99998546
1,1,0.99999917
1,1,0.99999905
1,1,0.9999968
1,1,0.99999607
1,1,0.9999993
1,1,0.99999833
1,1,0.99999917
0,1,0.99999547
0,0,4.668368e-06
0,0,1.294004e-06
1,1,0.99999917
0,0,3.0463802e-06
1,1,0.9999956
1,1,0.99999905
1,1,0.9999962
1,1,0.99999917
1,0,2.6398857e-06
1,0,2.5190977e-06
1,1,0.9999981
1,1,0.9999988
1,1,0.99999905
1,1,0.9999993
0,1,0.9999969
1,1,0.9999982
1,1,0.9999989
1,1,0.99999917
1,1,0.9999988
1,1,0.99999785
1,1,0.9921554
1,1,0.9999988
1,1,0.99999845
1,1,0.99999917
1,1,0.99993575
1,1,0.99999607
1,1,0.9999993
0,0,3.161143e-06
1,1,0.9999987
1,1,0.99999905
1,1,0.9999993
1,1,0.99999857
1,1,0.99999905
1,1,0.99999917
0,0,2.2763518e-06
1,1,0.99999905
1,1,0.99999905
1,1,0.9999989
1,1,0.99999917
1,1,0.9999951
1,1,0.99999905
1,1,0.99999905
1,1,0.9999956
1,1,0.99999917
0,0,2.2875354e-06
1,1,0.999997
1,1,0.99999857
1,1,0.99999905
1,1,0.9999919
1,1,0.9999982
1,1,0.99999905
1,1,0.95019853
1,1,0.99999905
1,1,0.99999917
0,1,0.6249482
1,1,0.9999975
1,1,0.99999905
1,1,0.9999993
1,1,0.99999917
1,1,0.99999917
1,1,0.99999845
1,1,0.99999917
1,1,0.9999989
0,0,0.01733996
1,1,0.9999989
0,1,0.9999988
1,1,0.99999833
1,1,0.99999917
0,1,0.9970247
1,1,0.99999905
1,1,0.9999989
1,1,0.9999989
0,1,0.9999778
1,1,0.99999905
1,1,0.9999988
1,1,0.99999917
1,1,0.99999917
1,1,0.9999976
1,1,0.9999993
1,1,0.99999905
1,1,0.9999988
1,1,0.9999982
1,1,0.9999981
1,1,0.9999993
1,1,0.99999845
1,1,0.99999917
1,1,0.9999993
1,1,0.9999993
1,1,0.99999905
1,1,0.99999917
1,1,0.9999987
1,1,0.9999993
1,1,0.9999993
1,1,0.999997
0,0,1.6527985e-05
1,1,0.99999917
1,1,0.9999933
0,0,8.441842e-05
1,1,0.99999917
1,1,0.99999917
1,1,0.99999917
1,1,0.99999917
1,1,0.9999989
1,1,0.9991511
1,1,0.9999993
1,1,0.99999785
1,1,0.99999917
1,1,0.99999905
1,1,0.99999917
1,0,4.163353e-05
0,0,6.2410945e-05
1,1,0.9999993
1,1,0.99999917
1,1,0.99999845
1,1,0.99999535
1,1,0.99999905
1,0,0.023317397
0,0,1.751064e-05
1,1,0.99999845
1,1,0.99999917
1,1,0.9999989
1,1,0.99999917
1,1,0.99999917
1,1,0.9999993
1,1,0.99999857
1,1,0.99999666
1,1,0.9999974
1,1,0.9999988
1,1,0.9999907
1,1,0.9999981
1,1,0.9999989
1,1,0.9999914
1,1,0.9999993
1,1,0.99999905
1,1,0.9951622
1,1,0.9999988
1,1,0.9999993
1,1,0.99999905
1,1,0.9999907
1,1,0.9999988
1,0,0.003323126
0,0,0.0019949775
1,1,0.99999905
1,1,0.9999989
1,1,0.99999774
1,1,0.99999917
1,1,0.9994312
1,1,0.99999905
1,1,0.99999845
1,1,0.9999981
1,1,0.99999905
1,1,0.99999905
1,1,0.99999905
1,1,0.99999905
1,1,0.99999917
1,1,0.99999714
1,1,0.99998724
0,0,1.2924131e-06
1,1,0.9999989
1,1,0.9999993
0,0,0.0019065794
1,1,0.99999905
1,1,0.9999989
1,1,0.9999957
1,1,0.99999917
0,1,0.9947239
0,1,0.99999905
1,1,0.99999917
1,1,0.99999905
1,1,0.9999989
1,1,0.9999987
1,1,0.99999917
1,1,0.99999917
1,1,0.9999989
0,0,1.8379295e-06
1,1,0.99999905
1,1,0.9999969
1,1,0.99999917
1,1,0.99999917
1,1,0.99999905
1,1,0.99999905
1,1,0.99999905
1,1,0.99999905
1,1,0.99999917
1,1,0.99999857
1,1,0.99999833
1,1,0.99999857
1,1,0.99999917
0,1,0.99999344
0,1,0.9999424
1,1,0.9999993
0,0,1.0406605e-06
1,1,0.99999917
1,1,0.99999917
1,1,0.9999987
1,0,0.31311524
1,1,0.99999905
1,1,0.9999989
1,1,0.9999981
1,1,0.9999989
1,1,0.99999845
0,0,1.0401625e-06
1,1,0.9999989
1,1,0.9999988
1,1,0.99999857
1,1,0.99999917
1,1,0.9999988
1,1,0.99999917
1,1,0.99999845
1,1,0.9999993
1,1,0.9999993
1,1,0.99999905
1,1,0.9999988
1,1,0.9999982
1,1,0.99999917
0,1,0.7623264
1,1,0.999998
1,1,0.9999989
1,1,0.99999917
1,1,0.99999845
1,1,0.99999917
1,1,0.99999917
1,1,0.9999988
1,1,0.99999905
1,1,0.9999988
1,1,0.99999917
1,1,0.9999989
1,1,0.99999905
1,1,0.99999917
1,1,0.9999976
1,1,0.99967766
0,0,1.4836281e-06
1,1,0.9999988
1,1,0.9999888
1,1,0.99999833
1,1,0.9999958
1,1,0.99999905
0,0,1.2552377e-06
1,1,0.99999917
1,1,0.99999917
1,1,0.99999917
1,1,0.9999981
1,1,0.9999974
1,1,0.9999993
1,1,0.99999917
1,1,0.99999154
1,1,0.9999989
1,1,0.9992605
1,1,0.99999917
1,1,0.99999917
0,1,0.99999034
1,1,0.9999988
1,1,0.99999857
1,1,0.9999989
1,1,0.9999993
1,1,0.9999989
1,1,0.99999845
1,1,0.99999917
1,1,0.99999905
1,1,0.9999993
1,1,0.99999905
0,0,1.1411328e-06
1,1,0.99999666
1,1,0.9999988
1,1,0.99999857
1,1,0.99999917
1,1,0.99999905
1,1,0.99999857
1,1,0.9999956
1,1,0.99999905
1,1,0.9999989
0,0,6.013441e-05
1,1,0.99999905
1,1,0.9999989
1,1,0.99999905
1,1,0.99999917
1,1,0.99999905
1,1,0.99999225
1,1,0.9999988
1,1,0.99999905
1,1,0.9999988
1,1,0.9999993
1,1,0.99999917
1,1,0.9999993
1,1,0.99999905
1,1,0.9999945
1,1,0.99999917
0,0,1.1075324e-06
1,1,0.9999989
1,1,0.9999989
1,1,0.9999993
0,0,2.5689976e-06
1,0,0.00017290228
1,1,0.99999905
1,1,0.9999989
1,1,0.9999989
0,1,0.999941
0,1,0.9999958
1,1,0.9999975
1,1,0.99999917
1,0,1.6279087e-06
1,1,0.9999988
1,1,0.9999987
1,1,0.99999917
1,1,0.9999993
1,1,0.9999988
1,1,0.9999988
1,1,0.99999857
1,1,0.9998518
1,1,0.9999993
1,1,0.99999905
1,1,0.9999881
1,1,0.99999905
1,0,2.3735865e-06
1,1,0.9999987
1,1,0.9987037
1,1,0.9999912
1,1,0.99999905
1,1,0.9999982
1,1,0.9999982
1,1,0.99999917
1,1,0.99999905
0,0,3.696361e-05
1,1,0.99999905
1,1,0.99999917
1,1,0.99999547
1,1,0.99999857
1,1,0.99999905
1,1,0.9999964
1,1,0.99999845
1,1,0.99999857
1,1,0.9999958
1,1,0.99999917
1,1,0.9999988
0,0,1.0034083e-06
1,1,0.99999654
1,1,0.9999993
1,1,0.9999993
0,0,3.1083975e-05
1,1,0.99999857
1,1,0.99999917
1,1,0.99999917
1,1,0.9999993
1,1,0.99999905
1,1,0.99999917
1,1,0.9999932
1,1,0.99999034
1,1,0.99999917
1,1,0.99999905
1,1,0.9999989
0,0,2.1824258e-06
1,1,0.99999595
1,1,0.99999905
1,1,0.99999917
1,0,2.100893e-06
0,0,3.7837585e-06
1,1,0.99999833
1,1,0.9999989
1,1,0.99999917
1,1,0.99999917
1,1,0.99999917
1,1,0.99999905
1,1,0.99915314
1,1,0.99999917
1,1,0.99999845
1,1,0.9999988
1,1,0.99999917
1,1,0.99999905
1,1,0.9999976
1,1,0.9999993
0,0,9.709029e-07
1,1,0.99999917
1,1,0.99999905
0,0,1.9162293e-05
1,1,0.9999993
1,1,0.99999905
1,1,0.9999987
1,1,0.9999988
1,1,0.999997
1,1,0.9999993
1,1,0.9999993
1,1,0.99990094
1,1,0.999997
1,1,0.9999989
1,1,0.9999988
1,1,0.99999917
1,1,0.99999905
1,1,0.9999989
0,1,0.9989808
1,1,0.9999989
1,1,0.9999982
1,1,0.99999833
1,1,0.99999917
1,1,0.99999857
0,0,1.4581799e-06
1,1,0.9999989
1,1,0.99999774
1,1,0.99999905
1,1,0.9999989
1,1,0.9999993
1,1,0.9999988
0,0,1.0724445e-05
0,1,0.9999777
1,1,0.99992716
1,1,0.9999987
1,1,0.99999917
1,1,0.99999917
1,1,0.9999989
0,0,9.906198e-07
1,1,0.99999917
1,1,0.9999989
1,1,0.99999905
0,1,0.9999895
1,1,0.99999917
1,1,0.9999993
1,1,0.99999917
1,1,0.99999666
1,1,0.9999987
0,1,0.9999864
1,1,0.99999917
1,1,0.99999905
1,1,0.99999917
0,0,2.9007406e-06
0,0,5.7399234e-06
1,1,0.9999989
1,1,0.9999988
1,1,0.9999993
1,1,0.9999969
1,1,0.9999982
1,1,0.9999993
1,1,0.9999993
1,1,0.9999937
1,1,0.99999857
1,1,0.9999993
0,0,1.4822859e-06
1,1,0.99994993
1,1,0.9999989
1,1,0.99999917
1,1,0.9999993
1,1,0.9999987
1,1,0.9999989
0,0,1.3722365e-06
1,1,0.9999989
1,1,0.99999905
1,1,0.9999989
1,1,0.99999905
1,1,0.99999917
1,1,0.99999917
1,1,0.9999988
1,1,0.99999833
1,1,0.99999917
1,1,0.99999917
1,1,0.98345065
0,0,5.738519e-05
0,1,0.9979286
1,1,0.9999993
1,1,0.99999905
1,1,0.9999989
1,1,0.999998
1,1,0.9999988
1,1,0.9999987
1,1,0.9999988
1,1,0.9999989
1,1,0.99999917
0,0,1.7138922e-06
1,1,0.9999988
0,0,1.0886368e-06
1,1,0.99999917
1,1,0.99998224
1,1,0.9999993
1,1,0.98169565
1,1,0.99999905
1,1,0.9999305
1,1,0.9999993
1,1,0.99999905
1,1,0.99999917
1,1,0.99999917
0,0,4.8214293e-05
0,0,0.050370615
1,1,0.99999917
1,1,0.9999988
1,1,0.99999857
1,1,0.99999833
1,1,0.9999988
1,1,0.99999905
0,0,1.0127607e-06
1,1,0.9999987
1,1,0.9999993
1,1,0.999998
1,1,0.99959475
1,1,0.99999475
1,1,0.9999993
1,1,0.9999982
1,1,0.99999917
1,1,0.99999845
1,1,0.9999988
1,1,0.99930036
1,1,0.9999989
0,0,1.2285797e-06
1,1,0.99999905
1,1,0.9999976
1,1,0.99999726
0,0,2.458913e-06
1,1,0.9999987
0,1,0.9999949
1,1,0.99999905
1,1,0.99999523
1,1,0.9999993
1,1,0.9999989
1,1,0.99999917
1,1,0.99999917
1,1,0.9999968
1,1,0.99999905
1,1,0.99999905
1,1,0.99999845
1,1,0.999998
1,1,0.9945663
0,0,1.815992e-06
1,1,0.99999917
0,1,0.9999976
1,1,0.99999607
0,0,1.665833e-05
1,1,0.99999857
1,1,0.9999881
1,1,0.99999917
0,1,0.9999981
1,0,3.4334366e-06
1,1,0.9999993
1,1,0.99999547
0,0,1.7104616e-06
1,1,0.99999917
1,1,0.9999876
1,1,0.99999845
1,1,0.9999316
0,0,9.951251e-07
1,1,0.99999905
1,1,0.99999917
1,1,0.99999917
1,1,0.99999917
1,1,0.9999989
1,0,9.371594e-06
1,1,0.99999905
1,1,0.99999857
0,0,1.4329466e-06
1,1,0.99999905
1,0,1.2049488e-06
1,1,0.99999905
1,1,0.99999917
1,1,0.99999917
1,1,0.9999988
1,1,0.99999905
1,1,0.9999988
1,1,0.9999988
1,1,0.9999988
1,1,0.99999774
1,1,0.9999993
1,1,0.9999988
1,1,0.9999945
1,1,0.9999993
1,1,0.9999969
0,1,0.999998
1,1,0.9999964
1,1,0.99999905
1,1,0.9999989
0,0,0.016783962
1,1,0.99999905
1,1,0.9999989
1,1,0.9999982
1,1,0.9999989
1,1,0.99999917
0,1,0.9990183
1,1,0.99999917
1,1,0.9999993
1,1,0.99999917
1,1,0.9999988
0,0,1.2844141e-06
1,1,0.9999988
1,1,0.99999917
1,1,0.99999905
1,1,0.99999905
1,1,0.99999726
0,1,0.5789513
1,1,0.9999989
1,1,0.9999964
0,0,1.5182478e-06
1,1,0.99999917
0,0,3.0684469e-06
1,0,1.0775768e-05
1,1,0.99999917
1,1,0.9999989
1,1,0.99999905
1,1,0.9999989
1,1,0.9999987
0,1,0.99999344
1,1,0.9999989
1,1,0.9999106
1,1,0.9999988
1,1,0.99999917
1,1,0.9921482
0,1,0.99995923
1,1,0.9999988
1,1,0.9999993
1,1,0.9999963
0,0,0.00043199025
1,1,0.99999547
1,1,0.9999989
0,0,3.60231e-06
1,1,0.99999845
1,1,0.99999917
1,1,0.99999905
1,1,0.99999917
1,1,0.9999993
1,1,0.9999988
1,1,0.99999905
1,1,0.9999989
0,0,1.0091279e-06
1,1,0.99998975
1,1,0.99999917
1,1,0.9999993
1,0,0.24380921
0,0,2.0193702e-05
1,1,0.9999987
1,0,0.0065163933
1,1,0.99999905
1,1,0.99999917
1,1,0.99999845
1,1,0.99964976
1,1,0.9999989
1,1,0.99999917
1,1,0.999997
1,1,0.99999917
1,1,0.9999993
1,1,0.99999726
1,1,0.9999901
1,1,0.9999989
0,0,9.155962e-06
1,1,0.9999993
1,1,0.99999905
1,1,0.9999622
1,0,0.00017179598
1,1,0.9999976
1,1,0.99999857
0,0,2.8335826e-06
1,1,0.99999917
1,1,0.9999993
1,1,0.9999989
1,1,0.99999905
1,1,0.9999976
1,1,0.9999987
1,1,0.9999858
1,1,0.9999993
1,1,0.99996924
0,0,1.3899275e-06
1,1,0.99999917
1,1,0.99210757
1,1,0.99999857
1,1,0.99999905
1,1,0.999998
1,1,0.99999845
1,1,0.9999993
1,1,0.99999905
0,0,0.00011766278
1,1,0.9999988
1,1,0.9999988
1,1,0.99999905
1,1,0.99999905
1,0,0.0038335558
1,1,0.99999917
1,1,0.99999726
1,0,0.0008011047
1,1,0.99999917
1,1,0.9999993
1,1,0.99999917
1,1,0.99999905
1,1,0.9999988
1,1,0.99999535
1,1,0.9999962
1,1,0.99999905
1,0,8.372048e-05
1,0,2.206078e-06
1,1,0.9999949
1,1,0.999998
1,1,0.99999905
1,0,4.3404157e-06
1,1,0.99999917
1,0,0.030094344
1,1,0.99999833
1,1,0.9999989
0,1,0.9999956
1,1,0.9999974
1,1,0.9999989
1,1,0.99999917
0,0,0.00015512329
1,1,0.99999917
1,1,0.99999905
0,0,1.4213493e-06
1,1,0.999998
1,1,0.99999857
1,1,0.99999917
0,0,5.1837474e-06
0,1,0.9999553
1,1,0.9999993
1,1,0.9673255
1,1,0.99999845
1,1,0.99999833
1,1,0.99999905
1,1,0.9999944
1,1,0.99999917
1,1,0.99999917
1,0,1.0393838e-05
1,1,0.9999989
0,0,9.529388e-07
0,1,0.9999987
1,1,0.99999905
1,1,0.99999917
1,1,0.9999989
1,1,0.99999917
1,1,0.9999993
1,1,0.9999982
1,1,0.99999785
0,1,0.99990416
1,1,0.99999917
1,1,0.9999933
1,1,0.99999905
1,1,0.99999845
1,1,0.99999905
1,1,0.99999905
1,1,0.9999987
1,1,0.99999917
1,1,0.99999857
1,1,0.9999937
0,0,3.0680433e-06
1,1,0.9999993
0,0,0.39473352
1,1,0.99999917
1,1,0.9999987
0,1,0.72085506
1,1,0.99999833
1,1,0.9999987
1,1,0.9999982
1,1,0.99999905
1,1,0.99999833
1,1,0.9999993
1,1,0.9999989
1,1,0.9999989
1,1,0.9999988
1,1,0.9999988
1,1,0.99999917
1,1,0.9999987
1,1,0.9999989
1,1,0.99999905
1,1,0.99999905
1,1,0.99999917
1,1,0.99999917
1,1,0.99999917
1,1,0.9999989
0,0,3.563929e-06
1,1,0.9999989
1,1,0.99999917
0,1,0.9312677
1,1,0.99999857
1,1,0.99999917
1,1,0.99999905
0,0,1.8399322e-06
1,1,0.9999993
1,1,0.99999905
1,1,0.99999917
0,0,0.3090683
1,1,0.99999917
1,1,0.99999905
1,1,0.9999993
1,1,0.9999989
1,1,0.9999989
1,0,0.00037704295
1,0,0.0052764285
1,1,0.99999917
1,1,0.9999981
1,1,0.9999988
0,0,3.6979982e-06
0,0,1.5398906e-06
1,1,0.9999988
1,1,0.99999917
1,1,0.99999917
1,1,0.9999969
1,1,0.99999905
1,1,0.9999987
1,1,0.9999989
1,1,0.9999988
1,1,0.9999989
1,1,0.9999989
0,0,1.686074e-06
0,1,0.9999901
1,0,0.000327177
0,1,0.99999905
1,1,0.99999905
1,1,0.9999993
0,0,1.2814496e-06
1,1,0.99999905
1,1,0.9999989
1,1,0.9999988
1,1,0.99999917
0,0,1.2816708e-06
1,1,0.99999857
1,1,0.9999993
1,1,0.99999905
0,0,2.442744e-06
1,1,0.99999905
1,1,0.99999917
1,1,0.99999905
1,1,0.99999917
1,1,0.9999989
1,1,0.9999987
1,1,0.99999917
1,1,0.99999917
0,1,0.97348887
1,1,0.99999833
1,1,0.99999917
1,1,0.99999917
1,1,0.99999917
1,1,0.99999905
1,1,0.9999989
1,1,0.9999987
1,1,0.9999993
1,1,0.99999857
1,1,0.99999905
1,1,0.9999988
1,1,0.99999845
1,1,0.9999974
1,1,0.9999988
0,1,0.9986426
1,1,0.9999988
1,1,0.99999917
1,1,0.99999857
0,1,0.9999957
1,1,0.99999905
1,1,0.9999987
0,1,0.99999774
1,1,0.99999845
1,1,0.9999989
1,1,0.99999917
1,0,0.00016448459
1,1,0.99999917
1,1,0.9999989
1,1,0.99999917
1,1,0.99999917
0,0,0.0003945525
1,1,0.99999917
1,1,0.999997
1,1,0.9999963
1,1,0.9999988
1,1,0.99999917
1,1,0.99999917
0,1,0.9846998
0,0,0.000103616425
1,1,0.99999905
1,1,0.99999905
1,1,0.99999905
1,1,0.99999905
1,1,0.9999989
1,1,0.99999917
1,1,0.9999989
0,0,1.4074466e-06
0,1,0.99645644
0,1,0.99999535
1,1,0.99999917
0,0,1.4378584e-06
1,1,0.99999857
1,1,0.99999905
1,1,0.99999917
1,0,0.0062298393
1,1,0.99999905
0,0,1.9604101e-06
1,1,0.9999974
1,1,0.99999917
0,0,0.0002838912
1,1,0.99998033
1,1,0.99999905
0,0,1.760803e-05
1,1,0.99999833
0,0,2.7344488e-06
1,1,0.99999917
1,1,0.9999993
1,1,0.99999917
1,1,0.9999988
1,1,0.9999989
1,1,0.9999989
1,1,0.8398664
1,1,0.9999989
1,1,0.99999344
1,1,0.99999905
1,1,0.9999993
1,1,0.99999845
1,1,0.99946314
1,1,0.99999845
1,1,0.99999905
1,1,0.9999993
0,1,0.999882
1,1,0.9999993
1,1,0.99999845
1,1,0.99999905
1,1,0.99999905
1,1,0.99999917
1,1,0.99999905
1,1,0.99999845
1,1,0.9999963
1,1,0.99999905
1,1,0.99999917
1,1,0.9999933
1,1,0.9999989
0,0,0.00021333032
1,1,0.99999785
1,1,0.99999905
1,1,0.99999917
0,0,3.5420805e-06
1,1,0.9999974
1,1,0.9999988
1,1,0.99999917
1,1,0.9999964
1,1,0.9999969
1,1,0.99999905
1,1,0.99999917
1,1,0.99999857
1,1,0.99999845
1,0,0.00029137396
1,1,0.9999933
0,0,0.06797056
1,1,0.999997
1,1,0.99999917
1,1,0.99999917
1,1,0.99999917
1,1,0.99999917
0,0,6.9092093e-06
1,1,0.99999917
0,0,2.1427709e-06
1,1,0.9999989
0,0,1.1777257e-06
1,1,0.9999993
1,1,0.99999845
1,1,0.9999989
1,1,0.99999917
1,1,0.99999917
0,0,0.00010892246
1,1,0.9999988
1,1,0.9999989
1,1,0.99999917
1,1,0.9999989
1,1,0.99999344
1,1,0.99999857
1,1,0.9999993
1,1,0.99999917
1,1,0.9999988
0,1,0.9999981
1,1,0.9999988
0,1,0.9999964
1,1,0.99999607
1,1,0.9999989
1,1,0.9999993
0,0,1.371292e-06
1,1,0.99999905
1,1,0.99999917
1,1,0.9999987
1,1,0.9999864
1,1,0.9999989
1,1,0.9999969
1,1,0.99999905
1,1,0.9999993
1,1,0.99999917
1,1,0.99999917
1,1,0.99999905
1,1,0.9999993
0,0,1.5041315e-06
1,1,0.9999893
1,1,0.9999988
1,1,0.9999989
1,1,0.9999925
1,1,0.99999917
1,1,0.9999964
1,1,0.99999917
1,1,0.99999905
1,1,0.9999993
1,1,0.99999535
1,1,0.9999993
1,1,0.99999785
1,1,0.9999963
1,1,0.99999905
1,1,0.99999917
1,1,0.9999993
1,1,0.9999949
0,0,1.3279084e-06
1,1,0.99999404
1,1,0.9999962
1,1,0.99999917
1,1,0.9999988
1,1,0.99999917
1,1,0.99999905
1,1,0.99999905
1,0,3.1482969e-06
1,1,0.99999917
1,0,1.512535e-06
1,1,0.99999917
0,0,2.1657872e-06
1,1,0.99999917
1,1,0.99999917
1,1,0.99999905
1,1,0.99999905
1,1,0.99998975
1,1,0.9999969
1,1,0.99999905
1,1,0.9999989
1,1,0.9999987
1,1,0.99999845
1,1,0.9999993
1,1,0.99999917
1,1,0.99999905
1,1,0.9999993
1,1,0.9999951
0,0,1.6249429e-06
1,1,0.9999988
1,1,0.9999974
1,1,0.9999993
1,1,0.99999547
1,1,0.99999905
0,0,9.433802e-07
0,0,1.2307491e-06
1,1,0.9999945
1,1,0.99999917
1,1,0.9999993
1,1,0.99999905
1,1,0.9999993
1,1,0.99999917
1,1,0.99999785
1,1,0.99999917
1,1,0.9999987
0,0,1.156206e-06
1,1,0.99999905
1,1,0.99999905
1,1,0.99999917
1,1,0.9999987
1,1,0.99999785
1,1,0.9999968
1,1,0.99999917
1,1,0.9999989
1,1,0.99999845
0,0,1.2648895e-06
1,1,0.9999987
1,1,0.99999917
1,1,0.99999774
1,1,0.99999857
1,1,0.99999917
1,1,0.9999958
0,0,1.4016252e-06
1,1,0.9999989
1,1,0.9999987
1,1,0.99999917
1,1,0.99999917
1,1,0.9999989
1,1,0.9999988
1,1,0.99999905
1,1,0.9999988
1,1,0.99999905
1,1,0.99999833
1,1,0.9999987
1,1,0.99999416
1,1,0.99999905
1,1,0.99999845
1,1,0.9999989
1,1,0.9999987
1,1,0.99999845
1,1,0.99999917
1,1,0.9999989
0,0,2.9629607e-06
1,1,0.99999166
1,1,0.9999993
1,0,8.806264e-06
1,0,1.8254518e-06
1,1,0.9999989
1,1,0.99999857
1,1,0.99999905
1,1,0.9999988
1,1,0.9999912
1,1,0.99999917
1,1,0.9999827
1,1,0.99999905
1,1,0.9999987
1,1,0.9999989
1,1,0.999997
1,1,0.99999785
1,1,0.99999905
1,1,0.9999989
1,1,0.9999988
0,0,0.29108918
1,1,0.999997
1,1,0.999979
0,1,0.99998164
1,1,0.99999917
1,1,0.9999987
1,1,0.9999989
1,1,0.99999917
1,1,0.99999833
1,1,0.99999917
1,1,0.9999932
1,1,0.99999905
1,1,0.99999845
1,0,2.4616677e-06
1,1,0.9999989
1,1,0.9999989
1,1,0.99999774
1,1,0.99999917
1,1,0.99999917
1,1,0.99999857
1,1,0.9999989
1,1,0.9999993
1,1,0.99999905
0,0,8.835327e-06
1,1,0.99999905
1,1,0.9999981
1,1,0.99966276
1,1,0.99999917
1,0,3.077661e-06
1,1,0.9999988
1,1,0.9999968
1,1,0.99999917
1,1,0.99999917
0,0,0.0045634895
1,1,0.9999989
1,1,0.99999833
1,1,0.99996436
1,1,0.99999917
1,1,0.99999654
0,0,1.334426e-06
1,1,0.99999905
1,1,0.9999989
1,1,0.9999993
1,1,0.99999225
1,1,0.99999917
1,1,0.99999905
1,1,0.99999905
1,0,4.355565e-05
1,1,0.9999976
1,1,0.9999989
1,1,0.99999917
1,1,0.9999987
0,0,8.5658205e-05
1,1,0.99999905
0,0,1.0919872e-05
1,1,0.99999905
1,1,0.99999166
1,1,0.99999917
0,1,0.9999237
1,1,0.99999905
0,0,0.00043379233
0,0,1.7442039e-06
1,1,0.9999988
1,1,0.99999905
1,1,0.9999838
0,0,1.7852973e-06
0,1,0.9998996
0,1,0.9999881
1,1,0.9999989
1,1,0.99771285
0,1,0.9999945
1,1,0.99999905
1,1,0.9999924
1,1,0.9999987
1,1,0.9999894
1,1,0.99999917
1,1,0.9999989
1,1,0.9999989
1,1,0.99999917
1,1,0.9999988
1,1,0.99999917
1,1,0.99999905
1,1,0.99999845
1,1,0.9999993
1,1,0.99999726
1,1,0.9999988
1,1,0.99999845
1,1,0.9999964
1,1,0.9999987
0,1,0.9999976
1,1,0.9999988
1,1,0.99999917
1,1,0.9999993
1,1,0.99999905
1,1,0.99999905
1,1,0.9999949
0,0,1.3444662e-06
1,1,0.99999917
1,1,0.9999981
1,1,0.9995608
0,0,4.281291e-05
0,0,1.3401369e-06
1,1,0.9999989
1,1,0.99999905
1,1,0.9999956
1,1,0.9999987
1,1,0.9999989
1,1,0.99999905
1,1,0.9999987
1,1,0.9999993
0,1,0.898836
0,0,1.5506322e-06
1,1,0.9999988
1,1,0.9999988
1,1,0.9999987
1,1,0.9999989
1,1,0.9999988
1,1,0.99999905
1,1,0.9999987
1,1,0.9999993
1,1,0.9999964
1,1,0.99999845
1,1,0.99999905
1,1,0.999998
1,1,0.99999905
1,1,0.99999905
1,1,0.99999917
1,1,0.9999976
1,1,0.99999917
1,1,0.9999981
1,1,0.9999988
1,1,0.99999917
0,1,0.99999404
1,1,0.9999988
1,1,0.9999989
1,1,0.99999917
1,1,0.99999917
1,1,0.999995
1,1,0.9999968
1,1,0.9999993
1,1,0.9999957
1,1,0.9999993
0,1,0.99999905
1,0,4.116523e-05
1,1,0.9999989
0,0,5.2615137e-06
1,1,0.9999987
1,1,0.9999988
0,0,0.00031929492
1,1,0.99999905
1,1,0.99999905
1,1,0.99999905
1,1,0.99999905
1,1,0.9999988
0,0,0.00050416146
1,1,0.99999774
1,1,0.99999917
1,1,0.99999905
1,1,0.9999989
0,0,1.8466193e-06
1,1,0.99999785
1,1,0.99999905
1,1,0.9999989
1,1,0.99999833
1,1,0.99999917
1,1,0.9999988
1,1,0.99999917
1,1,0.99999785
0,0,0.0068295994
1,1,0.9999987
1,1,0.99997663
0,0,1.092879e-06
1,1,0.99999905
1,0,3.1422528e-06
1,0,0.009915088
1,1,0.99999905
0,0,6.8031627e-06
0,0,1.6074156e-06
1,1,0.99999905
1,1,0.9999989
0,0,1.6365354e-06
1,1,0.9999807
1,1,0.99999917
1,1,0.9999989
1,0,0.03887057
1,1,0.9999964
1,1,0.99999905
1,1,0.9999987
0,0,2.0998816e-06
1,1,0.99999917
1,1,0.99999917
1,1,0.999998
1,1,0.9999988
1,1,0.99999917
1,1,0.99999905
0,0,1.2232717e-05
1,1,0.99999845
1,1,0.99999905
1,1,0.99999917
0,0,2.1872952e-06
1,1,0.99999905
0,0,3.9792703e-06
1,1,0.9999987
1,1,0.99999905
1,1,0.99999917
1,1,0.99999917
1,1,0.99999917
1,1,0.9999989
0,0,1.479954e-06
0,1,0.9938309
0,0,1.55173e-06
1,1,0.9999988
0,0,1.0260842e-05
1,1,0.9999989
1,1,0.99999905
1,1,0.9999993
1,1,0.9999989
1,1,0.99999917
1,1,0.99999905
0,0,0.0012125677
1,1,0.99999833
1,1,0.9999989
1,1,0.99999905
0,1,0.9999968
1,1,0.9999962
1,1,0.99999905
1,1,0.99999917
1,1,0.9999989
1,1,0.99999726
1,1,0.99999917
1,1,0.99999917
1,1,0.9999988
1,1,0.9999993
1,1,0.9999993
1,1,0.9999993
1,1,0.99999917
1,1,0.9999982
1,1,0.9999963
1,1,0.9999989
0,0,0.18617941
1,1,0.99999905
1,1,0.9999988
1,1,0.9999988
1,1,0.99995196
1,1,0.9999982
1,1,0.99999917
1,1,0.99999917
0,1,0.9999578
1,1,0.9999988
1,1,0.9999988
1,1,0.99999917
1,1,0.9999988
0,0,1.6536077e-06
1,1,0.99999714
1,1,0.9999993
0,1,0.8951185
1,1,0.99999917
1,1,0.9999989
1,1,0.99999905
1,1,0.99999917
1,1,0.99999905
1,1,0.99999535
1,1,0.9999993
1,1,0.99999917
1,1,0.99999917
1,1,0.9999962
1,1,0.99999726
0,1,0.9999931
1,1,0.99999905
1,1,0.99999905
0,1,0.99987686
1,1,0.9999968
1,1,0.99999917
1,1,0.9999988
1,1,0.9999976
1,1,0.9999993
1,1,0.99999905
1,1,0.9999989
1,1,0.99999607
1,1,0.9999981
1,1,0.9999989
1,0,1.8154942e-05
1,1,0.9999989
1,1,0.9999993
1,1,0.9999993
1,1,0.99999833
1,1,0.9999993
1,1,0.99999917
1,1,0.9999988
0,0,8.383663e-05
1,1,0.9999963
0,0,0.008935784
1,1,0.99999917
1,0,5.407378e-06
1,1,0.99999475
1,1,0.99999905
1,1,0.99999905
0,0,1.5463997e-06
1,1,0.9999989
0,1,0.9999975
1,1,0.99999464
1,1,0.9999993
1,1,0.99999905
1,1,0.99999905
1,1,0.99999917
1,1,0.99999905
1,1,0.9999989
1,1,0.9999989
1,1,0.99999917
1,1,0.99999917
1,1,0.9999993
1,1,0.99999905
1,1,0.9998229
1,1,0.9999993
1,1,0.9999989
1,1,0.99999917
1,1,0.99999905
1,1,0.9999989
1,1,0.99999905
0,0,1.761475e-06
1,1,0.99999905
1,1,0.9999989
1,1,0.99999905
1,1,0.9999993
1,1,0.9999987
1,1,0.9999987
1,1,0.9999987
0,0,1.5357856e-06
1,1,0.9999974
1,1,0.9999989
1,1,0.9999989
1,1,0.9999988
1,1,0.9999993
1,1,0.99999905
1,1,0.99999666
1,1,0.99999917
1,1,0.99999917
1,1,0.99999917
1,1,0.9999969
1,1,0.99999845
1,1,0.9999447
0,0,1.0037912e-06
1,1,0.99999917
1,1,0.9999976
1,1,0.99999917
1,1,0.9999989
0,0,4.279935e-06
1,1,0.99999917
1,1,0.99999774
1,1,0.9999993
1,1,0.9999962
1,1,0.99999917
1,1,0.9999989
1,1,0.99999547
1,1,0.99999917
1,1,0.99999714
1,1,0.9030657
0,0,1.8695806e-06
0,0,1.491126e-06
1,1,0.99999785
1,1,0.9999987
1,1,0.9999927
0,0,3.555415e-06
1,1,0.9999988
0,0,1.1593452e-06
0,1,0.99999034
1,1,0.99999857
0,0,0.23927724
1,1,0.99999905
1,1,0.99999917
1,1,0.99998534
1,1,0.999907
1,1,0.99999917
1,1,0.99999666
1,1,0.9992931
1,1,0.9999993
1,1,0.9999975
1,1,0.9999993
0,0,9.673524e-06
0,1,0.9999887
1,1,0.9999989
1,1,0.99999905
1,1,0.9999989
1,1,0.99999905
1,1,0.9999982
0,1,0.9999981
1,1,0.9999993
1,1,0.99999845
1,1,0.9999974
1,1,0.9252741
1,1,0.9999989
1,1,0.99999917
1,1,0.9999988
1,1,0.9999968
1,1,0.99999917
1,1,0.9999989
1,1,0.99999917
0,0,8.285822e-06
1,1,0.99999917
1,1,0.99999833
1,1,0.9999989
1,1,0.99999917
1,1,0.99999905
0,1,0.9999509
1,1,0.99999905
0,0,6.7798655e-06
1,1,0.9999988
1,1,0.9997665
1,1,0.99999917
1,0,2.0978814e-05
0,1,0.9999881
1,0,0.0019809543
1,1,0.99999905
1,1,0.9999993
1,1,0.99999917
0,0,0.000105765896
1,1,0.99999547
1,1,0.99999917
1,0,0.013214283
1,1,0.99999833
1,1,0.99999917
1,1,0.99999905
1,1,0.9999993
1,1,0.99999905
1,1,0.9905731
1,1,0.9999987
1,1,0.9999907
1,1,0.99999905
1,1,0.99999917
0,0,1.2764062e-06
0,0,1.9282397e-06
1,1,0.9999989
1,1,0.8788546
1,1,0.9999993
0,0,1.9527822e-06
0,1,0.99999774
0,0,1.4087358e-06
1,1,0.9999707
1,1,0.9999975
1,1,0.99999917
1,1,0.99999774
1,1,0.9999658
1,1,0.9999974
1,1,0.9999987
0,0,0.0023341295
1,1,0.9999981
1,1,0.99999726
0,0,1.4253416e-06
1,1,0.9999982
1,1,0.9999993
1,1,0.9999993
0,0,1.2152753e-06
1,1,0.9999974
1,1,0.9999989
1,1,0.99999774
1,1,0.99999857
0,1,0.99999475
1,1,0.99999905
0,1,0.9996846
1,1,0.9999989
1,1,0.9999993
1,1,0.99999917
1,1,0.99999905
1,1,0.99999905
0,0,2.5094153e-06
1,1,0.9999993
1,1,0.9999989
1,1,0.99999917
1,1,0.9999988
1,1,0.9999988
1,1,0.9893721
1,1,0.9999989
1,1,0.99999905
1,1,0.99999785
1,1,0.99999917
0,0,0.11734042
1,1,0.99999917
1,1,0.99999523
1,1,0.99999905
0,0,2.1711103e-06
0,0,1.1523049e-06
0,0,1.0390085e-06
1,1,0.99999905
1,1,0.9999993
0,0,1.8127615e-06
1,1,0.9999939
1,1,0.9999989
1,1,0.99999726
1,1,0.99999917
1,1,0.99999905
1,1,0.9999993
1,1,0.99999917
1,1,0.9999988
1,1,0.99999917
1,1,0.99999857
0,0,2.2941354e-06
0,0,0.059260596
1,1,0.9999989
1,1,0.99999833
1,1,0.99999833
1,1,0.9999968
1,1,0.99999917
1,1,0.99999857
1,1,0.9999939
1,1,0.99999917
1,1,0.9999989
1,1,0.99999905
0,0,2.7013882e-06
0,0,4.9191067e-06
1,1,0.9999993
1,1,0.99999905
1,1,0.99999905
1,1,0.99999905
1,1,0.99999833
0,0,3.6462743e-06
1,1,0.9999993
1,1,0.99999917
1,0,0.037148807
1,1,0.9999887
0,0,1.0916092e-06
0,1,0.99994326
1,1,0.9999988
0,0,1.0075585e-06
1,1,0.99999905
1,1,0.9999974
1,1,0.99999917
1,1,0.9999989
1,1,0.9999987
1,1,0.9999989
1,1,0.9999993
1,1,0.9999981
1,1,0.99999905
1,1,0.999998
1,1,0.9999976
1,0,0.000119625605
1,1,0.9999931
1,1,0.9999989
0,0,3.0075893e-05
1,1,0.9999831
1,1,0.99999917
1,1,0.99999726
1,1,0.99999857
1,1,0.99999917
1,1,0.99999917
1,0,3.363138e-05
1,1,0.9999989
1,1,0.9815979
1,1,0.99999917
1,1,0.99999726
1,1,0.99999905
1,1,0.99999917
1,1,0.99999905
1,1,0.9999981
1,1,0.9999987
0,0,9.81796e-07
1,1,0.9999989
1,1,0.99999917
0,1,0.9999982
0,0,8.416296e-06
1,1,0.99999905
1,1,0.99999905
0,0,1.1312909e-06
0,1,0.9988612
1,1,0.9999989
1,1,0.999992
1,1,0.99999785
1,1,0.99999917
1,1,0.9999987
1,1,0.9999987
0,1,0.9999763
1,1,0.999998
1,1,0.9999838
1,1,0.9999981
1,1,0.99999785
0,0,0.0001002317
1,1,0.99999917
0,0,0.003923107
0,0,0.10228495
1,1,0.99999857
1,1,0.9999988
1,1,0.99999917
0,1,0.999995
1,1,0.99999917
1,1,0.99999714
1,1,0.9999993
1,0,0.00041876716
0,1,0.9920657
1,1,0.9999989
1,1,0.99999917
0,1,0.99999714
1,1,0.99999917
1,1,0.99999833
1,1,0.99999917
0,0,0.0058737854
1,0,0.4751823
1,1,0.99999917
1,1,0.99999917
0,1,0.9953572
1,1,0.99999726
1,1,0.9999993
1,1,0.9999989
1,1,0.9999981
0,1,0.9999964
1,1,0.99999917
1,1,0.9999993
1,1,0.9999945
1,1,0.99999905
1,1,0.99999917
1,0,0.00039459972
1,1,0.99999917
1,1,0.99999595
1,1,0.99999845
1,1,0.99999917
1,1,0.99999917
1,1,0.9999989
1,1,0.9999993
1,1,0.9999969
0,0,2.5730924e-06
1,0,0.00899855
1,1,0.9999989
1,1,0.99999917
1,1,0.99999917
1,0,0.2211727
1,1,0.9999968
1,1,0.99999905
1,1,0.99999857
1,1,0.999998
1,1,0.9999976
1,1,0.99999845
1,1,0.99999917
1,1,0.99999905
0,0,2.539083e-06
1,1,0.99999857
1,1,0.9999981
1,0,5.378377e-06
0,0,3.868039e-06
1,1,0.9999988
1,1,0.9999988
1,1,0.99999917
1,1,0.99999905
1,1,0.99999917
1,1,0.99999905
1,1,0.99999917
1,1,0.9999993
1,1,0.99999905
1,1,0.99999857
1,1,0.9999988
1,1,0.99999905
1,1,0.99999917
0,1,0.9925931
1,1,0.9999989
1,1,0.99999917
1,0,1.4621152e-06
1,1,0.99999297
1,0,9.1371985e-06
1,1,0.9999981
1,1,0.9999988
1,1,0.9999993
1,1,0.99999917
1,1,0.9999988
1,1,0.99999917
1,1,0.99999905
1,1,0.99999905
1,1,0.99999917
1,1,0.9999988
1,1,0.9999993
1,1,0.9999988
1,1,0.9999993
1,1,0.99999845
1,1,0.99999833
1,1,0.99999833
1,1,0.99999905
1,1,0.99999905
1,1,0.9999989
1,1,0.99999905
1,1,0.99999654
1,1,0.99999917
1,1,0.99999917
0,0,1.8313438e-06
1,1,0.99999917
1,1,0.9999993
0,0,1.217801e-06
1,1,0.99999917
1,1,0.99999917
0,0,2.1801436e-06
1,1,0.99999917
1,1,0.99999917
1,1,0.99999607
1,1,0.99999607
1,1,0.9999993
1,1,0.999998
1,1,0.9999993
1,1,0.9999926
1,1,0.99999857
1,1,0.9999788
1,1,0.99999905
1,1,0.99999857
1,1,0.99999845
1,1,0.9999989
1,0,0.0012347372
1,1,0.9999989
1,1,0.9999993
1,1,0.99999917
1,1,0.99999917
1,1,0.99999905
1,1,0.9998485
1,0,0.20473108
0,0,0.2540235
1,1,0.9999989
1,1,0.9999993
1,1,0.9999989
1,1,0.9999987
1,1,0.9201622
0,0,1.6394127e-06
0,0,1.1770342e-06
1,1,0.99999857
1,1,0.99999917
1,1,0.99999845
1,1,0.99999654
1,0,2.7031429e-06
1,1,0.9999993
1,1,0.9999988
1,1,0.99999917
0,1,0.99999094
1,1,0.99999905
1,1,0.99999905
1,1,0.9999993
0,0,3.4869502e-06
1,1,0.9999976
1,1,0.9999987
1,1,0.99999917
1,1,0.9999982
1,1,0.9999993
1,1,0.99999905
1,1,0.99999917
1,1,0.99999905
0,0,0.47889906
1,0,0.00047191017
1,1,0.99999905
1,1,0.99999857
1,1,0.9999987
1,1,0.99999905
1,1,0.9999989
1,0,2.2119389e-06
0,0,2.146344e-06
1,0,3.8594462e-05
1,1,0.99999905
1,1,0.9999957
1,1,0.99999917
1,1,0.99999833
1,1,0.99999905
1,1,0.9999988
1,1,0.9999989
0,0,5.464501e-05
1,1,0.99629104
1,1,0.99999905
1,1,0.99999917
1,1,0.99999905
1,1,0.99999917
0,0,3.7506204e-06
1,1,0.9999989
0,0,4.7577105e-06
1,1,0.99999905
1,0,5.591851e-05
1,1,0.99999917
1,1,0.99999785
1,1,0.9999989
1,1,0.99999917
1,1,0.9999964
1,1,0.99999917
1,1,0.99999917
1,1,0.9999989
0,0,2.458491e-06
1,1,0.99999917
1,1,0.9999975
1,1,0.99999595
1,0,2.2743468e-05
0,0,1.0721536e-06
1,1,0.99999917
1,1,0.9999939
1,1,0.99999905
1,1,0.9999993
1,1,0.99999917
1,1,0.99999917
1,1,0.99999654
1,1,0.9999993
0,0,1.2125686e-06
1,1,0.9999987
1,1,0.9999989
1,1,0.9999988
1,1,0.99999833
1,1,0.99999917
0,0,1.4573931e-06
1,1,0.9999993
1,1,0.99999785
1,1,0.9999958
1,1,0.99973077
1,1,0.99999917
1,1,0.9999975
1,1,0.9999988
1,1,0.99999857
1,1,0.99999905
1,1,0.99999917
0,0,1.3105466e-06
1,1,0.99999905
1,1,0.9999968
1,1,0.99999917
1,1,0.99999857
1,1,0.99999905
1,1,0.9999988
1,1,0.9999989
1,1,0.99997735
1,1,0.9999988
1,1,0.9999987
1,1,0.97461116
1,1,0.99999905
0,1,0.9999963
1,1,0.9999831
1,1,0.99999857
1,1,0.9999987
1,1,0.99999917
1,1,0.99999726
1,1,0.9999988
0,0,2.4566723e-06
1,1,0.9999988
1,1,0.9999993
1,1,0.9999989
1,1,0.99999917
0,0,1.7739535e-06
1,1,0.99999917
1,1,0.99999917
1,1,0.9999975
1,1,0.9999982
1,1,0.99999833
1,1,0.99999905
1,1,0.99999905
1,1,0.99999857
0,0,0.4322035
1,1,0.99999917
1,1,0.99999917
1,1,0.99999905
1,1,0.9999993
1,1,0.9999987
0,0,2.2525954e-05
1,1,0.99999917
0,0,2.2681886e-06
1,1,0.99999034
1,1,0.9999845
0,0,1.2732258e-06
1,1,0.9999989
1,1,0.9999988
1,1,0.9999993
1,1,0.99999917
1,1,0.9999931
1,1,0.99999917
0,0,0.00014398817
1,1,0.99999905
0,1,0.9999083
1,1,0.99999833
1,1,0.99999917
1,1,0.99999917
1,1,0.9999989
1,1,0.99999905
0,0,0.0009771036
1,1,0.99999917
1,1,0.99999917
1,1,0.9999993
1,1,0.9999957
1,1,0.99999917
0,0,1.1174383e-06
1,1,0.99999726
1,1,0.9999988
1,1,0.99999917
1,1,0.99999917
1,1,0.9999993
1,1,0.99999905
1,1,0.99999917
1,1,0.9999993
1,1,0.99999857
1,1,0.9999989
1,1,0.9999838
1,1,0.99980253
1,1,0.9999988
1,1,0.99999905
0,0,3.316153e-05
1,1,0.9999968
1,1,0.99999785
1,1,0.99999857
1,1,0.99999917
1,1,0.99999905
1,1,0.9999989
1,1,0.9999989
1,1,0.99999917
1,1,0.9999989
0,1,0.8610265
1,1,0.99999905
0,0,2.5478466e-06
1,1,0.99999607
0,0,1.1320033e-06
1,1,0.99999917
1,1,0.99999726
0,0,0.09412623
1,1,0.9999976
1,1,0.99999917
1,1,0.9999968
1,1,0.99999917
1,1,0.99999845
1,1,0.99999917
1,1,0.999998
0,0,4.7231983e-06
1,1,0.99999905
1,1,0.9999988
1,1,0.9999989
0,0,1.8290399e-06
1,1,0.99999905
1,1,0.99999917
1,1,0.99999905
1,1,0.99999917
1,1,0.99999607
0,0,1.5932957e-05
1,1,0.9999989
1,1,0.99999905
1,1,0.99999845
1,1,0.99999917
1,1,0.9999989
1,1,0.99999917
1,1,0.99999833
1,1,0.99999905
0,1,0.9999927
1,1,0.9999988
1,1,0.99999905
1,1,0.9999989
1,1,0.9999989
1,1,0.99999857
1,1,0.9999989
1,0,7.601937e-06
1,1,0.99999166
0,0,1.2676525e-06
1,1,0.9999993
1,1,0.9999988
1,1,0.9999987
1,1,0.99999857
1,1,0.99999857
1,1,0.999998
1,1,0.99999917
1,1,0.9999988
0,0,1.5126706e-06
1,1,0.99999845
1,1,0.99998367
1,1,0.99999905
1,0,2.1754504e-05
1,1,0.9999943
0,0,8.996554e-06
1,1,0.9999951
1,1,0.99999917
1,1,0.9999988
1,1,0.99999785
1,1,0.99999917
1,1,0.9999993
1,1,0.9999989
1,1,0.99999857
1,0,4.1065678e-06
1,1,0.9999963
1,1,0.9999993
1,1,0.99999917
1,1,0.99999905
1,1,0.99999905
0,0,2.2827714e-06
1,1,0.9999988
0,0,3.661146e-06
0,0,1.6025238e-06
1,1,0.99999917
1,1,0.9999987
1,1,0.99999905
1,1,0.99999917
1,1,0.9999727
1,1,0.9999989
0,1,0.99978024
1,1,0.9999987
0,0,1.0479273e-05
1,1,0.9999989
1,1,0.9999989
0,0,1.19761e-06
1,1,0.99999917
1,1,0.9999987
1,1,0.99999905
0,0,1.1071944e-06
1,1,0.999998
1,1,0.9999976
1,1,0.9999962
1,1,0.9999989
1,1,0.9999989
1,1,0.9999988
1,1,0.99999905
1,1,0.9999988
0,1,0.9994417
1,1,0.99999905
1,1,0.99999905
1,1,0.99999917
1,1,0.99999654
1,1,0.99999845
0,0,2.2403487e-06
0,0,0.0012401106
1,1,0.99999857
1,0,4.937554e-05
1,1,0.99999905
1,1,0.9999989
1,1,0.99999917
1,1,0.99999905
1,1,0.9999987
1,1,0.99999917
1,0,2.9413688e-05
1,1,0.99999917
1,1,0.99999905
0,0,5.290864e-06
1,1,0.99999774
1,1,0.99999905
1,1,0.99999166
1,1,0.99999845
1,1,0.99999833
1,1,0.999998
1,1,0.9999962
1,1,0.99999917
1,1,0.9999988
0,1,0.99996936
1,1,0.99999917
1,1,0.99999857
1,1,0.99999917
1,1,0.99999917
1,1,0.9999987
0,0,2.717478e-06
1,1,0.99999905
1,1,0.9999988
1,1,0.99999917
1,1,0.99999666
1,1,0.9999993
1,1,0.99999917
1,1,0.9999993
1,1,0.9999989
1,1,0.999969
1,1,0.99999917
1,1,0.9999993
1,1,0.99999905
1,1,0.99999905
1,1,0.9999993
0,0,2.7235985e-06
0,0,1.0968331e-06
1,1,0.99999917
1,1,0.9999982
1,1,0.99998033
1,1,0.99999917
1,1,0.99999905
1,1,0.9999981
1,1,0.99992096
1,1,0.99999905
1,1,0.99999905
1,1,0.9999988
1,1,0.99999905
1,1,0.9999863
0,0,1.626132e-06
1,1,0.99999905
1,1,0.9999987
1,0,2.4275907e-06
1,1,0.99999917
1,1,0.9999989
1,1,0.9999989
0,1,0.9999975
1,1,0.99863017
0,0,3.0079507e-06
1,1,0.9999989
1,1,0.99999833
1,1,0.99999917
1,1,0.9999989
0,0,1.4028542e-06
1,1,0.9999989
1,1,0.9999974
1,1,0.9999993
1,1,0.99998987
1,1,0.9999987
0,1,0.9756697
1,1,0.99999917
0,0,1.7090789e-06
1,0,6.1262166e-05
1,0,1.8410205e-06
1,1,0.9999989
1,1,0.9999993
1,1,0.99999917
1,1,0.99999905
1,1,0.99999917
1,1,0.9999937
0,0,1.9019329e-06
1,1,0.9999987
1,1,0.9999993
1,1,0.9994759
1,1,0.99999917
0,0,0.00034599623
1,1,0.99999905
1,1,0.99999726
1,1,0.99999905
1,1,0.9999989
1,1,0.99986935
1,0,0.00088954077
1,1,0.9999856
1,1,0.9999989
1,1,0.99999905
1,0,0.26002324
1,1,0.9999982
1,1,0.99999917
1,1,0.99999917
1,1,0.9999989
1,1,0.99999905
1,1,0.9999993
1,1,0.9999988
1,1,0.99999905
1,1,0.99999905
1,1,0.99999905
1,1,0.99999714
1,1,0.99999905
1,1,0.9999975
1,1,0.9999962
1,1,0.9999982
1,1,0.9999993
0,0,2.5671022e-06
1,1,0.99999917
0,0,0.00035085948
1,1,0.9999993
1,1,0.99999404
1,1,0.9999993
1,1,0.9999989
1,1,0.99999905
1,1,0.99999905
1,1,0.86986417
1,1,0.99999905
1,1,0.9999993
0,0,2.3715975e-06
0,0,8.4757194e-05
1,1,0.9999988
1,1,0.9999989
1,1,0.9999993
1,1,0.9999993
1,1,0.999998
1,1,0.99999666
1,1,0.9999993
1,1,0.99999917
1,1,0.99999917
1,1,0.99999905
1,1,0.9999993
1,1,0.99999905
1,1,0.99999917
1,1,0.99999917
1,1,0.99999905
1,1,0.9999609
1,1,0.9999988
1,1,0.99999356
1,1,0.9999987
1,1,0.9999976
0,1,0.9999976
1,1,0.9999989
1,1,0.99999905
1,1,0.99999917
1,1,0.9999987
1,1,0.9999939
1,1,0.999998
0,0,1.1623342e-06
0,0,0.023526182
1,1,0.9999993
0,0,2.1304982e-06
1,1,0.99999595
1,1,0.99999917
1,1,0.99999917
0,0,9.543357e-07
1,1,0.99999917
1,1,0.99999905
1,1,0.99999833
1,1,0.99999905
0,1,0.97931194
1,0,0.06256088
1,1,0.99999845
1,1,0.99999905
0,0,4.151786e-06
0,0,3.8328612e-06
1,1,0.9999989
1,1,0.99999833
1,1,0.99999917
1,1,0.9999988
1,1,0.9999981
0,0,0.20090897
1,1,0.99999917
1,0,5.421578e-06
1,1,0.9999993
1,1,0.99999905
1,1,0.99999917
0,0,1.1021482e-06
1,1,0.99999917
1,1,0.9999988
0,1,0.99997735
1,1,0.99999905
1,1,0.99999905
1,1,0.9999988
1,1,0.9999988
1,1,0.99999726
0,1,0.5046446
1,1,0.9999982
1,1,0.99999344
0,0,2.6781404e-06
1,1,0.9999987
1,1,0.9999981
1,1,0.9999993
1,1,0.9999989
1,1,0.99999917
1,1,0.99999917
1,1,0.9999988
1,1,0.9999974
1,1,0.99999905
1,1,0.9999993
1,1,0.9999944
1,1,0.9999988
1,1,0.99999857
1,1,0.99999917
1,1,0.9502237
1,1,0.9999993
1,1,0.99999917
1,1,0.99999905
1,1,0.99999917
1,1,0.9999993
1,1,0.99999917
0,0,1.2271486e-05
1,1,0.9999993
0,1,0.9999931
1,1,0.99999905
1,1,0.99999714
1,1,0.9999988
1,1,0.9999982
1,1,0.99998736
1,1,0.9999993
1,1,0.9999993
0,0,2.5631098e-06
1,1,0.9999889
0,1,0.9999161
1,1,0.9999989
1,1,0.9999987
1,0,0.43230063
1,1,0.9999993
1,1,0.99999917
0,0,1.0518055e-06
1,1,0.99999917
1,1,0.9999993
1,1,0.99999917
1,1,0.9999944
1,1,0.99999917
1,1,0.99999905
1,1,0.99999845
1,1,0.99999917
1,1,0.99999905
1,1,0.99999905
1,1,0.99999905
0,0,1.2358596e-06
1,1,0.9999989
1,1,0.9999993
1,1,0.99999726
1,1,0.99999917
1,1,0.9999989
1,1,0.99999917
1,1,0.99999917
1,1,0.9999871
1,1,0.9999987
1,1,0.99999905
1,1,0.99999917
1,1,0.9999989
1,1,0.99999857
1,1,0.99999857
1,1,0.99999917
0,1,0.99999404
1,1,0.99999905
1,1,0.99999917
1,1,0.99999833
1,1,0.99999845
0,0,9.551069e-05
0,0,1.8493595e-06
1,1,0.99999905
1,1,0.9999989
0,0,2.6963664e-06
1,1,0.9999989
1,1,0.9999976
1,1,0.99999845
1,1,0.99999833
1,1,0.99999917
1,1,0.99999917
1,1,0.99999905
1,1,0.999998
1,1,0.9999989
0,0,8.931481e-06
1,1,0.99999905
1,1,0.9999801
0,0,1.6025238e-06
1,1,0.99999547
1,1,0.9999993
1,1,0.99999857
1,1,0.9999975
1,1,0.99999714
1,1,0.99999917
1,1,0.99999905
1,1,0.99999905
1,1,0.99999917
0,1,0.9999975
1,1,0.9999988
1,1,0.9999987
0,0,1.9472109e-05
1,1,0.99999917
1,1,0.99999905
1,1,0.9999989
1,1,0.99999166
0,0,1.6450823e-06
0,0,0.029528825
1,1,0.9999988
1,1,0.99999905
1,1,0.9984432
1,0,8.797299e-06
1,1,0.9999993
0,0,1.543718e-06
0,0,1.5706472e-06
1,1,0.99999905
1,1,0.99999905
1,1,0.99999917
1,1,0.9999987
1,1,0.9999988
1,1,0.99999905
1,1,0.9999975
1,1,0.9999989
1,1,0.99999225
0,1,0.9999968
1,1,0.9999963
0,1,0.9999542
1,1,0.99999917
1,0,3.2712436e-05
1,1,0.9999993
0,1,0.9999957
1,1,0.9999989
0,0,2.4473607e-06
1,1,0.99999905
1,1,0.99999905
0,0,1.7435386e-06
1,1,0.99999917
1,1,0.99999917
1,1,0.99999905
1,0,1.3947023e-06
1,1,0.99999917
1,1,0.9999993
1,1,0.99999917
1,1,0.99999905
0,0,0.10816285
1,1,0.99999917
1,1,0.999998
1,1,0.99999905
1,1,0.9999988
1,1,0.9999987
1,1,0.9999957
0,0,3.7806565e-06
1,1,0.9999989
1,1,0.99999905
1,1,0.9999987
1,1,0.99999917
1,1,0.9997116
1,1,0.99998116
1,1,0.99999905
1,1,0.9999993
1,1,0.9995679
1,1,0.9999875
0,1,0.99999535
1,1,0.99526113
1,1,0.99999833
1,1,0.8466666
1,1,0.99999917
1,1,0.99999917
0,0,1.0482545e-06
1,1,0.996381
1,1,0.9999993
1,1,0.9999906
1,1,0.99999917
1,1,0.9999989
0,1,0.9998658
1,1,0.9999993
1,1,0.9999988
1,1,0.999979
0,0,5.47755e-06
1,1,0.99999714
1,1,0.99999845
1,1,0.9999989
1,1,0.9999989
1,1,0.9999989
1,1,0.9999989
1,1,0.9999987
1,1,0.9999993
1,1,0.9999982
1,1,0.99999905
1,1,0.99999917
0,0,4.346725e-06
0,0,1.0218763e-06
1,1,0.99999726
1,1,0.9999993
0,0,0.039203286
0,0,4.356888e-06
1,1,0.9999974
1,1,0.9999974
1,1,0.99999905
1,1,0.99999523
1,1,0.99999917
1,1,0.9999993
0,1,0.99999845
1,1,0.9999969
1,1,0.99999857
1,1,0.99999917
0,0,1.3071938e-06
1,1,0.99999726
1,1,0.9999968
1,1,0.99999917
1,1,0.99999917
1,1,0.9999536
1,1,0.99999905
1,1,0.99999917
1,1,0.99999917
1,1,0.99999785
1,1,0.9999993
1,1,0.9999989
0,0,0.002277531
1,1,0.99999917
1,0,3.2435906e-05
1,1,0.9999982
1,1,0.9999989
1,1,0.9999993
1,1,0.999997
1,1,0.9999989
1,1,0.99999905
1,1,0.9999974
1,1,0.9999993
1,1,0.99999917
1,1,0.9999993
1,1,0.9999989
1,1,0.99999857
1,1,0.99999917
0,0,1.1323131e-06
1,1,0.9999989
1,1,0.9999988
1,1,0.99999857
1,1,0.99999905
1,1,0.9999988
0,1,0.99999154
1,1,0.99999905
1,1,0.9996013
1,1,0.9999987
1,1,0.99999905
1,1,0.99999666
1,0,6.9193306e-06
0,1,0.9999968
1,1,0.99999785
0,0,1.2913634e-06
1,1,0.9999987
1,1,0.99999917
1,1,0.999998
0,1,0.9952649
1,1,0.9999989
1,1,0.99999535
1,1,0.9999989
0,1,0.9999982
1,1,0.9999988
1,1,0.9999993
1,1,0.9999989
1,1,0.99999917
1,1,0.99999905
1,1,0.99999905
1,1,0.9999989
1,1,0.99999845
1,1,0.99999905
1,1,0.9999355
1,1,0.99998975
0,0,1.4073338e-06
0,1,0.9999939
1,1,0.9999988
1,1,0.9999993
1,1,0.99999905
1,1,0.9999989
1,1,0.99999917
1,1,0.99999917
1,1,0.9999988
1,1,0.9999988
1,1,0.99999917
1,1,0.99999523
1,1,0.99999917
1,1,0.9999974
0,0,1.7037313e-06
1,1,0.9999982
1,1,0.999998
1,1,0.99999917
1,1,0.9999989
0,0,4.847339e-06
1,1,0.99999845
1,1,0.99999845
1,1,0.9999988
0,1,0.9995827
1,1,0.99999917
1,1,0.99999917
1,1,0.9999993
1,1,0.99999917
1,1,0.9999987
1,0,0.18619657
1,1,0.99997795
1,1,0.9999989
1,1,0.99999905
1,1,0.999998
1,1,0.99999523
1,1,0.99999475
1,1,0.99999774
1,1,0.99999905
0,1,0.9468531
1,1,0.9999982
1,1,0.9999993
1,1,0.99999774
1,1,0.9999993
1,1,0.99999917
0,0,1.2869351e-06
1,1,0.9999993
0,1,0.99999607
1,1,0.9999989
1,1,0.9999989
0,0,2.2889888e-06
1,1,0.99999905
1,1,0.99999714
1,1,0.9999993
1,1,0.99999917
1,1,0.99999905
1,1,0.99999654
0,0,1.4224641e-05
1,1,0.9999987
1,1,0.99999845
1,1,0.99999917
1,1,0.99999905
1,1,0.99999917
1,1,0.99999666
1,1,0.99999845
1,1,0.99999917
1,1,0.9999976
0,0,1.5227968e-06
1,1,0.9999993
1,1,0.9999981
0,0,1.5871394e-06
1,1,0.9999989
1,1,0.99999905
0,0,4.4041655e-05
1,1,0.99999905
1,1,0.9999987
0,0,0.05733389
0,1,0.9997279
1,1,0.9999989
1,1,0.9999993
1,1,0.99999857
1,1,0.9999987
1,1,0.99999857
1,1,0.99999917
1,1,0.9999989
1,1,0.99999857
0,1,0.99999905
1,1,0.9999964
0,0,0.004945024
1,1,0.99999607
1,0,4.4708972e-06
1,1,0.9999988
1,1,0.99999905
1,1,0.99999905
1,1,0.999997
1,1,0.99999905
1,1,0.99999857
1,1,0.99999917
1,1,0.99999905
1,1,0.9999989
1,1,0.9999969
1,1,0.99999905
1,1,0.99999917
1,1,0.99999905
1,1,0.99999857
1,1,0.5722088
1,1,0.99999917
1,1,0.99999917
1,1,0.99999917
0,0,1.2618051e-06
1,1,0.9999989
1,1,0.9999988
0,1,0.6105869
0,0,1.2975136e-06
1,0,2.9356663e-05
1,1,0.99999905
1,1,0.9999993
1,1,0.99999917
1,0,6.690649e-06
1,1,0.9999987
0,0,2.4085177e-06
1,1,0.99999857
1,1,0.99999905
1,0,3.2181617e-06
1,1,0.9999982
1,1,0.9999956
1,1,0.99999917
1,1,0.9999989
1,1,0.9999987
1,1,0.9999993
1,1,0.9999974
1,1,0.99999917
1,1,0.9999988
1,1,0.99999917
1,1,0.99991834
1,1,0.9999989
1,1,0.9999993
0,1,0.9999927
1,1,0.99999917
0,0,5.7467663e-05
1,1,0.9999987
1,1,0.99999905
1,1,0.99999917
1,1,0.99999905
1,1,0.9999989
1,0,0.2363591
1,1,0.9999989
0,1,0.9999943
1,1,0.99999857
1,1,0.99122393
1,0,2.188407e-05
1,1,0.9999989
1,1,0.9999988
1,1,0.99999905
1,1,0.9999989
0,1,0.999995
1,1,0.99999917
1,1,0.9999988
1,1,0.9999993
1,1,0.99999917
1,1,0.9999988
1,1,0.99999917
1,1,0.9999993
1,1,0.9999989
1,1,0.99999917
1,1,0.9999989
0,0,2.9896587e-06
1,0,1.2684418e-05
1,1,0.99999917
1,1,0.9999989
1,1,0.9999989
0,0,2.9675418e-06
1,1,0.9999975
0,1,0.99998987
1,1,0.99999905
1,1,0.99999905
0,0,0.00024406123
1,1,0.99999917
1,1,0.99999917
1,1,0.9999989
1,1,0.9999989
1,1,0.9999993
1,1,0.99999666
1,1,0.99999857
1,1,0.99999905
1,1,0.99999905
1,1,0.9999993
1,1,0.9999988
1,1,0.9999963
0,0,3.8170665e-06
1,1,0.99999917
1,1,0.9999989
0,0,1.0927372e-06
1,1,0.99999905
1,1,0.99999905
1,1,0.999997
1,1,0.99999905
1,0,4.3493787e-06
0,1,0.99999833
1,1,0.99999905
1,1,0.99999917
1,1,0.99999917
1,1,0.99999917
1,1,0.99999905
1,1,0.99999666
0,1,0.8716104
0,0,9.410125e-07
1,1,0.9999982
1,1,0.9999989
1,1,0.99998856
1,1,0.9999993
1,1,0.99999917
1,1,0.99999917
1,1,0.99999905
1,1,0.9999969
0,1,0.9998418
0,0,2.2087686e-06
1,1,0.99999905
1,1,0.9999964
1,1,0.99999917
1,1,0.99999917
1,1,0.9999993
1,1,0.999985
1,1,0.99999917
1,1,0.9999939
1,0,1.6047432e-05
0,0,1.2977723e-06
1,1,0.9999969
1,1,0.999998
1,0,0.29844978
1,1,0.9999993
1,1,0.9999937
1,1,0.9999989
1,1,0.99999905
1,1,0.9999989
1,1,0.9999989
1,1,0.99999905
1,1,0.9999833
1,1,0.99999917
1,1,0.99999905
1,1,0.9999988
1,1,0.99999595
1,1,0.9999989
1,1,0.99999917
1,1,0.99990726
0,1,0.99999833
1,0,1.7153295e-06
1,1,0.99999917
1,1,0.9999993
1,1,0.9999982
1,1,0.99999917
1,1,0.99999917
1,1,0.9996797
1,1,0.9999993
1,1,0.99999905
1,1,0.9999987
1,1,0.99999917
1,1,0.9999988
1,1,0.99999917
1,1,0.99999905
1,1,0.99999845
1,1,0.99999905
1,1,0.9999993
1,1,0.9999988
1,1,0.99999905
1,1,0.9999987
1,1,0.99999845
0,0,2.1680603e-06
1,1,0.99999905
1,1,0.9999989
0,0,0.47099903
0,1,0.9999987
1,1,0.9999993
1,1,0.9999988
1,1,0.99999917
1,1,0.9998653
0,0,9.925396e-07
1,1,0.9999988
1,0,0.0008450128
1,1,0.99999905
1,1,0.99999917
1,1,0.9999989
1,1,0.99999917
1,1,0.99999917
1,1,0.99999857
1,1,0.99999905
1,1,0.99999905
1,1,0.9999989
0,1,0.9999788
1,1,0.9999989
1,1,0.9999981
1,1,0.99999857
0,0,1.2551419e-06
1,1,0.9999988
1,1,0.9999943
1,1,0.99999917
1,1,0.9999993
1,1,0.9999989
1,1,0.9999993
0,0,0.0024011016
1,1,0.99999917
1,1,0.99999917
1,1,0.9999962
1,1,0.9999988
1,1,0.9999993
1,1,0.99999905
1,1,0.99999905
1,1,0.9999989
1,1,0.9999987
1,1,0.9999993
0,0,1.4481463e-06
1,0,0.00021645735
1,1,0.99999905
1,1,0.9999993
1,1,0.99999917
0,0,3.1634895e-06
1,1,0.9999993
1,1,0.9999993
1,1,0.9999963
1,1,0.9999993
0,1,0.99999833
1,1,0.99999917
1,1,0.999998
1,1,0.99999833
1,1,0.99999905
1,1,0.99999905
1,1,0.99999905
1,1,0.99999917
0,0,2.9253151e-06
1,1,0.9999989
0,0,2.904023e-06
1,1,0.99999917
1,1,0.99999917
0,0,1.6188364e-06
1,1,0.99999905
1,1,0.99999857
0,1,0.9994454
1,1,0.9999993
1,1,0.9999989
1,1,0.99999905
1,1,0.99999666
1,1,0.9999989
1,1,0.99999917
1,1,0.9999794
1,1,0.99999917
1,1,0.99999905
1,1,0.99999917
1,1,0.9999987
1,1,0.9999974
1,1,0.99999917
1,1,0.9999993
0,0,4.8706774e-05
1,1,0.99999905
1,1,0.9999988
1,1,0.9999993
1,1,0.9999989
0,1,0.9999548
0,0,4.339545e-05
1,1,0.99999905
1,1,0.99775875
1,1,0.99999905
1,1,0.99999905
1,1,0.9999988
1,1,0.9999989
1,1,0.99999905
1,1,0.99999905
1,1,0.9999988
1,1,0.99999535
1,0,0.00041732192
1,1,0.99999785
1,1,0.99999845
1,1,0.9989942
1,1,0.99999917
1,1,0.9999989
1,1,0.99999905
1,1,0.99999905
1,1,0.99999905
1,1,0.9999769
1,1,0.99999905
0,0,1.3803137e-06
1,1,0.99999905
1,1,0.9999956
1,1,0.9999989
1,1,0.99999917
0,0,2.518514e-06
1,1,0.99999917
0,1,0.9999987
1,1,0.99999917
1,1,0.9999964
1,1,0.9999989
1,1,0.99999845
1,1,0.9999988
1,1,0.99999905
0,0,1.1911812e-06
1,1,0.9999989
1,1,0.9999988
1,1,0.99999046
0,0,3.0604801e-06
1,1,0.9999958
1,1,0.9999993
0,0,1.2000315e-06
1,1,0.9999993
1,1,0.99999917
1,1,0.99999845
1,1,0.99999905
0,1,0.99999833
1,1,0.999944
1,1,0.99999917
1,1,0.9999993
0,1,0.99999344
0,0,8.905141e-06
0,0,1.0852948e-06
1,1,0.9999956
1,0,0.14120851
0,0,2.1808423e-06
1,1,0.99999905
1,0,0.00022212366
1,1,0.9999989
1,1,0.9999964
1,1,0.99999917
1,1,0.9999981
1,1,0.9999993
1,1,0.99999905
1,1,0.9984849
1,1,0.99999857
1,0,0.26940542
1,1,0.99999917
0,1,0.99999905
1,1,0.99999917
1,1,0.99999917
1,1,0.99999917
1,1,0.9999974
1,1,0.99999917
1,1,0.99999917
1,1,0.9999988
1,1,0.9999989
1,1,0.9999987
1,1,0.9999957
1,1,0.99999917
1,1,0.9999958
1,1,0.9999976
1,1,0.99999917
1,1,0.99999917
1,1,0.9999993
1,1,0.99999917
1,1,0.9999968
1,1,0.99999917
1,1,0.99999905
1,1,0.9999987
1,1,0.99999905
1,1,0.99999857
1,0,2.654109e-05
1,1,0.9999993
1,1,0.9999989
1,1,0.9999989
1,1,0.9999989
1,1,0.99999297
1,1,0.9999993
1,1,0.99999666
1,1,0.99999857
1,1,0.9999993
1,1,0.9999989
1,1,0.99999905
0,0,1.3385454e-06
1,1,0.99999917
1,1,0.9999989
1,1,0.99999833
0,0,2.71495e-06
1,1,0.99999905
1,1,0.9999157
1,1,0.9999987
1,1,0.9999956
1,1,0.99998546
0,1,0.82640994
1,1,0.9999989
1,1,0.9999988
1,1,0.9999989
0,0,6.0893126e-05
1,1,0.99999785
1,1,0.9999989
1,1,0.9999989
1,1,0.9999993
0,0,1.3036781e-06
1,1,0.9999988
1,1,0.9999989
1,1,0.99996257
1,1,0.99999833
1,1,0.99999917
1,1,0.9999988
1,1,0.99951506
1,1,0.9999989
1,1,0.9999987
1,1,0.9999993
1,1,0.99999905
1,1,0.9999988
1,1,0.99999905
0,1,0.99999857
1,1,0.99999917
1,1,0.9999989
1,1,0.99999785
1,1,0.99999905
1,1,0.9999989
0,1,0.9999956
1,1,0.9999976
1,1,0.999998
1,1,0.99999905
1,1,0.9999964
1,1,0.99999917
1,1,0.99999917
1,1,0.9999988
1,1,0.9999989
1,1,0.99979526
1,1,0.9999776
1,1,0.9999989
1,1,0.99999857
1,1,0.99999654
1,0,6.654345e-05
1,1,0.9999993
1,1,0.99999774
1,1,0.99999917
1,1,0.99999845
1,1,0.99999917
1,1,0.9999987
1,1,0.99999905
1,1,0.9999987
0,0,0.27946967
0,0,3.6256154e-06
1,1,0.9999989
1,1,0.99999666
1,1,0.99999845
1,0,1.17217305e-05
1,1,0.9999831
0,0,6.5155537e-06
1,1,0.99999785
0,0,2.4108087e-06
1,1,0.99999905
1,1,0.99999905
1,1,0.99999905
0,0,1.0983981e-05
0,0,1.0259992e-06
1,1,0.99998415
0,0,1.5659449e-06
1,1,0.99999857
1,1,0.99999905
1,1,0.9999989
0,0,1.2926942e-06
1,1,0.99999905
1,1,0.99999845
1,1,0.99999905
1,1,0.99999857
1,1,0.9999993
1,1,0.99999917
1,1,0.9999933
1,1,0.99999917
1,1,0.9999993
1,1,0.999997
1,1,0.9999989
1,1,0.99999106
1,1,0.99999905
1,0,1.5271744e-06
1,1,0.99999917
0,1,0.999938
1,1,0.9999988
1,1,0.99999833
1,1,0.9999821
1,1,0.9999993
1,1,0.99999666
1,1,0.99999774
1,1,0.9999989
1,1,0.99999917
1,1,0.99999905
1,1,0.99999905
1,1,0.9999993
1,1,0.99999905
1,1,0.99999905
1,1,0.9999989
0,1,0.99999785
1,1,0.99999917
1,1,0.9999993
1,1,0.99999905
1,1,0.99999905
1,1,0.9999987
1,1,0.99999917
1,1,0.9999975
1,1,0.99999917
0,0,0.0011863123
1,1,0.99999905
1,1,0.9999945
1,1,0.99999726
1,1,0.9996985
1,1,0.99999917
1,1,0.9999989
1,1,0.9999987
0,0,1.2954932e-06
1,1,0.999998
1,1,0.99999905
0,1,0.999979
0,0,1.0884604e-06
1,1,0.99999905
0,0,2.0176828e-06
1,1,0.99999917
1,1,0.9999989
1,1,0.9999981
1,1,0.9999981
1,1,0.99999917
1,1,0.999998
1,1,0.99999905
1,1,0.99999905
1,1,0.9999989
1,1,0.99999905
1,1,0.999998
1,1,0.99999905
1,1,0.99999917
1,1,0.99999917
1,1,0.99999917
1,1,0.99999905
1,1,0.9999989
0,0,1.0649287e-06
0,1,0.99976414
1,1,0.99999917
1,1,0.99999905
0,0,0.00010432469
1,1,0.9999989
0,0,0.033517875
1,1,0.99999917
1,1,0.99999905
1,1,0.99999905
1,1,0.9999993
1,1,0.99999917
1,1,0.9999987
1,1,0.99999666
1,1,0.9999993
1,1,0.9999989
1,1,0.99999917
1,1,0.99999905
1,1,0.9999993
1,1,0.9999989
1,1,0.9999988
0,0,9.387555e-07
1,1,0.99999905
0,1,0.9993605
1,1,0.9999801
0,0,9.887435e-07
0,0,1.594131e-06
0,1,0.77200496
1,1,0.9999993
1,1,0.99999857
1,1,0.99999905
1,1,0.99999833
0,0,2.3449971e-05
1,1,0.9999993
1,1,0.99999857
1,1,0.9999968
1,1,0.9999987
1,1,0.9999993
0,0,3.4017583e-05
1,1,0.99999905
1,1,0.99999917
1,1,0.99999917
1,1,0.99999917
1,1,0.9999989
1,1,0.99999917
1,0,0.0003527625
0,1,0.9999845
0,0,0.0006636407
1,1,0.9999993
0,1,0.99999833
1,1,0.9999814
1,1,0.99998975
1,1,0.99999714
1,1,0.99999654
1,1,0.9999989
1,1,0.99999905
1,1,0.99999905
1,1,0.99999917
1,1,0.99999905
1,1,0.9999989
0,0,1.9096428e-06
1,1,0.99999917
1,1,0.99999917
1,1,0.99997044
1,1,0.99999917
1,1,0.9999918
1,1,0.9999963
1,1,0.9999993
1,1,0.9999962
1,1,0.99999905
1,1,0.9999968
1,1,0.99999857
0,1,0.9999988
1,1,0.9999989
0,1,0.99999726
1,0,1.69623e-06
1,1,0.9999945
1,1,0.99999845
1,1,0.9999989
1,1,0.9999989
1,1,0.99999905
1,1,0.99999917
1,1,0.99991906
1,1,0.9999993
0,0,2.3896011e-06
0,1,0.99999094
1,1,0.99999917
0,0,1.3662351e-06
1,1,0.9999982
1,1,0.99999917
1,1,0.99999917
1,1,0.9999989
1,1,0.99999917
1,1,0.99999917
0,1,0.9999932
1,1,0.99999905
1,1,0.99999905
1,1,0.99999785
1,0,0.00088173005
0,0,0.0022949313
1,1,0.99999917
1,1,0.9999392
1,1,0.9999993
0,0,8.546949e-06
1,1,0.99999607
1,1,0.9999993
1,1,0.9999987
1,1,0.9999931
1,1,0.99999917
1,1,0.99999714
1,1,0.99999857
0,0,1.8434837e-06
1,1,0.99999917
0,0,1.2500197e-06
1,1,0.99999905
1,1,0.99999857
1,1,0.9999989
1,1,0.99999046
1,1,0.99999917
1,1,0.99999905
1,1,0.9999993
1,1,0.9999989
1,1,0.99999857
1,1,0.99999857
1,1,0.9999976
0,0,1.055613e-06
1,1,0.99999905
0,0,2.6226064e-06
1,1,0.9999989
0,0,1.7949909e-06
1,0,1.6241373e-06
1,1,0.9999579
1,1,0.99543625
1,1,0.99999917
1,1,0.999998
1,1,0.9999988
1,1,0.99999917
1,1,0.99999905
1,1,0.9999988
1,1,0.99999917
1,1,0.9941784
1,1,0.9999993
1,1,0.99999917
1,1,0.9999964
0,1,0.9999522
1,1,0.9999969
1,1,0.9999993
1,1,0.99999905
0,0,8.091538e-06
1,0,0.002075176
1,1,0.9999993
1,1,0.99999917
0,0,0.0038561986
1,0,9.305635e-05
1,1,0.99999845
0,1,0.9999635
1,1,0.99999917
1,1,0.999995
1,1,0.9999976
0,0,1.9316371e-06
1,1,0.9998747
0,1,0.9999931
1,1,0.9999982
1,1,0.99999595
1,1,0.99999905
1,1,0.9999969
1,1,0.99999833
1,1,0.9999989
1,1,0.99999917
1,1,0.9999993
1,1,0.99999917
0,0,1.0051822e-06
1,1,0.9999989
1,1,0.99999905
1,1,0.99999857
1,1,0.9999988
1,1,0.9999987
1,1,0.99999905
1,1,0.99999917
1,1,0.999998
1,1,0.99999857
1,1,0.99999905
1,1,0.99999857
1,1,0.99999905
1,1,0.99999917
0,1,0.9999913
0,0,1.1010724e-06
1,1,0.9999989
1,1,0.999997
1,1,0.99993753
1,1,0.99999905
1,1,0.99999917
1,1,0.9999988
1,1,0.99999785
1,0,0.45799297
1,1,0.9999988
1,1,0.9999989
1,1,0.99999905
0,1,0.9999939
1,1,0.9999988
1,1,0.99999917
1,1,0.9999989
1,1,0.9999989
1,1,0.99999917
1,1,0.9999988
1,1,0.99999905
1,1,0.9999993
1,1,0.9999993
1,1,0.99999917
1,1,0.99999917
0,0,0.33372897
1,1,0.9999989
1,0,0.037357744
1,1,0.99999917
1,1,0.99999905
1,1,0.9999778
1,1,0.99999917
1,1,0.9999981
0,1,0.99993896
1,1,0.99999917
1,1,0.9999987
1,1,0.9996793
1,1,0.999998
1,1,0.99999905
1,1,0.99999917
1,1,0.99896634
1,1,0.9999993
1,0,0.00018823575
1,1,0.99999917
0,0,1.5269471e-06
1,1,0.99999905
1,1,0.9999969
1,1,0.9999989
1,1,0.9999987
1,1,0.9999989
1,1,0.9999989
1,1,0.99999917
1,1,0.99997854
1,1,0.9999993
1,1,0.9999993
0,0,2.2425077e-06
0,0,1.0564116e-06
0,1,0.9999956
1,1,0.99999905
1,1,0.99999917
1,1,0.99999917
1,1,0.9999988
1,1,0.9999987
1,1,0.99999857
1,1,0.9999989
1,1,0.99999905
0,1,0.99998295
1,1,0.9999988
1,1,0.9999988
1,1,0.99999917
1,1,0.9999933
1,1,0.9999989
0,0,1.7380934e-06
1,1,0.99999917
0,0,0.0010141723
1,1,0.99999917
1,1,0.99999905
1,1,0.9999989
1,1,0.9999988
1,1,0.99999917
1,1,0.99999917
1,1,0.9999993
1,1,0.99999905
1,1,0.99999917
0,0,1.3067626e-06
1,1,0.99999714
1,1,0.9999989
1,0,0.004402906
1,1,0.9999981
1,1,0.99999917
1,1,0.99999905
1,1,0.99999917
1,1,0.99999917
1,1,0.9999993
1,1,0.99999917
1,1,0.99999917
1,1,0.9999975
1,1,0.99999857
1,0,0.10276029
1,1,0.9999993
0,0,0.00074342085
1,1,0.9999987
1,1,0.9999993
1,1,0.9999987
1,1,0.8094692
1,1,0.9999969
1,0,0.00042446784
1,1,0.99999857
0,1,0.9999536
1,0,0.00016903173
1,1,0.9999989
1,1,0.99999917
0,0,8.451007e-05
0,0,3.5175e-06
1,1,0.9999993
1,1,0.9999989
1,1,0.99999905
1,1,0.99999917
1,1,0.99999917
1,1,0.99999917
1,1,0.9999993
1,1,0.99999905
1,1,0.9999993
0,0,2.3288408e-06
1,1,0.99999905
1,1,0.9999989
1,1,0.99999833
1,1,0.99999905
1,1,0.99999905
1,1,0.99999547
1,1,0.9999989
1,1,0.99999905
1,1,0.9999988
1,1,0.9999993
1,1,0.9999989
1,0,5.3258158e-05
1,1,0.9999993
1,1,0.9999989
1,1,0.99999905
1,1,0.99999917
1,1,0.9999993
1,1,0.9999982
1,1,0.9999988
0,0,0.00014543759
1,1,0.99999905
1,1,0.9999989
1,1,0.99999917
1,1,0.999992
1,1,0.99999785
1,1,0.9999981
0,1,0.99458814
1,1,0.9999969
1,1,0.99999917
1,1,0.9999989
1,1,0.9999988
1,1,0.9999989
1,1,0.9999988
0,0,1.253055e-06
1,1,0.9999862
0,0,0.00036347276
1,1,0.99999917
1,1,0.99999905
1,1,0.99999917
0,0,2.01847e-06
1,1,0.9999988
1,1,0.9999989
1,1,0.9999989
1,1,0.99999774
1,1,0.99999905
1,1,0.9999993
1,1,0.9999987
1,1,0.9999989
1,1,0.9999988
1,1,0.99999774
1,1,0.9999988
1,1,0.9999989
1,1,0.9999949
1,1,0.9999987
1,1,0.99999917
1,0,0.05288072
1,1,0.99999917
1,1,0.9999987
1,1,0.9999993
1,1,0.99999917
1,1,0.99999905
1,1,0.9999988
1,1,0.9999989
1,1,0.9999989
1,1,0.99999917
1,1,0.99999917
1,1,0.99997115
1,1,0.9999993
0,1,0.97400755
1,1,0.99999917
1,1,0.9999982
1,1,0.99999917
1,1,0.99999905
1,1,0.9999976
0,1,0.9727208
1,1,0.9999993
1,1,0.9999988
1,1,0.9670369
1,1,0.9989164
1,0,4.833758e-06
0,0,0.027227798
1,1,0.99999917
1,1,0.9999988
1,1,0.9999993
1,1,0.9999598
1,0,3.1438863e-06
0,0,2.3901482e-06
1,1,0.99999917
1,1,0.9999987
1,1,0.999998
1,1,0.99999833
1,1,0.99999905
1,1,0.99999905
1,1,0.99998605
1,1,0.9999989
1,1,0.99999607
1,1,0.99999845
1,1,0.9999987
1,1,0.99999833
1,1,0.9999989
1,1,0.99999917
1,1,0.99999905
1,1,0.9999988
1,1,0.99999905
1,1,0.9999989
1,1,0.99999917
1,1,0.9999964
1,1,0.9999993
1,1,0.9999989
1,1,0.99999905
1,1,0.9999993
1,1,0.99999917
1,1,0.9999989
1,1,0.9999993
1,1,0.999998
1,1,0.99998605
1,1,0.9999993
1,1,0.99999905
1,1,0.99999833
1,1,0.99999905
1,1,0.999998
1,1,0.99999607
1,1,0.9999993
1,1,0.9999968
1,1,0.99991083
1,1,0.99999905
1,1,0.99999917
1,1,0.9999993
1,1,0.9999956
1,1,0.99999833
1,1,0.9999993
1,1,0.9999987
1,1,0.9999993
0,0,1.0886992e-06
1,1,0.9999988
1,1,0.9999893
1,1,0.99999917
1,1,0.99999833
0,0,2.8954255e-06
1,1,0.9999988
1,1,0.9999982
1,1,0.99999917
1,1,0.999998
1,1,0.9999988
1,1,0.99999905
1,1,0.9999988
0,0,4.1208755e-06
1,1,0.9999988
0,1,0.99881953
1,1,0.9999993
1,1,0.9999989
1,1,0.99999905
1,1,0.99999726
1,1,0.9999993
1,1,0.99999917
1,1,0.99999917
1,1,0.99999917
1,1,0.99999905
1,1,0.9999981
1,1,0.99994195
1,1,0.9999988
1,1,0.9999989
1,1,0.99999917
1,1,0.99999905
1,1,0.9999938
1,1,0.99999917
0,0,1.2191537e-06
1,1,0.999997
1,1,0.99999917
1,1,0.99940443
1,1,0.9999989
0,1,0.9999949
1,1,0.9999989
1,1,0.99999917
1,1,0.9999993
1,1,0.99999905
1,1,0.99999905
1,1,0.9999989
0,0,2.6596265e-06
1,0,0.48381066
1,1,0.99999905
1,1,0.9999993
1,1,0.99999917
1,0,1.4802787e-06
1,1,0.99999905
1,1,0.9999957
1,1,0.9999989
1,1,0.99999905
1,1,0.99999905
0,1,0.9999957
1,1,0.9999988
1,1,0.9999987
1,1,0.99999917
1,1,0.99999857
0,0,1.4114037e-06
1,1,0.9999989
1,1,0.9999989
1,1,0.9999993
1,1,0.99999917
1,1,0.9999989
1,1,0.99999917
0,0,2.5059908e-06
1,1,0.99999917
1,1,0.99999905
1,1,0.99999905
1,1,0.9999974
1,1,0.9999988
1,1,0.99999857
1,0,1.7978623e-06
1,1,0.9999989
1,1,0.9999993
1,1,0.99999917
1,1,0.9999949
0,0,3.355514e-06
1,1,0.99999857
1,1,0.9999242
0,0,1.941392e-06
1,1,0.99999833
0,0,2.1563399e-05
0,1,0.9999944
0,0,1.3002339e-06
1,1,0.9999976
0,0,1.1078536e-06
1,1,0.99999905
1,1,0.99999905
1,1,0.99999917
1,1,0.99999905
1,1,0.99999905
1,1,0.9999987
1,1,0.9999987
1,1,0.9999993
1,1,0.9999993
1,1,0.99999917
0,1,0.9999924
1,1,0.9999982
1,1,0.9999993
1,1,0.99999917
1,1,0.9999993
1,1,0.99999905
1,1,0.9999993
0,0,1.3731319e-06
1,1,0.99999917
1,1,0.9999993
1,1,0.99999917
0,0,1.1495773e-06
1,1,0.9999926
0,1,0.99999404
1,1,0.9999963
1,1,0.9999987
1,1,0.99999917
1,1,0.99999905
1,1,0.9999993
1,1,0.9999993
1,1,0.99999905
1,1,0.9999988
1,1,0.99999917
1,1,0.99999917
1,1,0.9999989
1,1,0.9999993
1,1,0.9999989
1,1,0.99999857
0,1,0.9995592
0,0,9.3262514e-07
1,1,0.9999989
1,1,0.9999993
1,1,0.99999905
1,1,0.9999989
1,1,0.99999917
0,0,0.0010260341
1,1,0.99999917
0,0,5.781026e-06
1,1,0.99999905
1,1,0.9696517
0,1,0.8391567
0,0,1.7398283e-05
1,1,0.99999905
0,1,0.9999106
1,1,0.99999857
1,1,0.99999857
1,1,0.9999974
1,1,0.99999917
1,1,0.99999905
0,0,1.2307303e-05
1,1,0.9999988
1,1,0.9999988
1,1,0.9999989
0,0,2.2526526e-06
1,1,0.99999917
1,1,0.99999905
1,1,0.99998176
1,1,0.9999963
1,1,0.99999917
0,0,2.4176714e-05
0,1,0.9999715
0,0,2.931034e-06
1,1,0.99999857
1,1,0.9999981
0,1,0.99976057
1,1,0.99999917
1,1,0.9999993
1,1,0.99999905
1,1,0.9999976
1,1,0.9999988
1,1,0.9999988
1,1,0.99999905
1,1,0.99999917
1,1,0.99999845
0,0,2.458932e-06
1,1,0.99999917
1,1,0.9999987
1,1,0.99999917
1,1,0.9999988
1,1,0.99999917
1,1,0.9999993
1,1,0.9999993
1,1,0.9999907
0,0,0.114921086
1,1,0.99999857
1,1,0.99999917
1,1,0.99999917
1,1,0.9999987
1,1,0.9999989
1,1,0.99999905
1,1,0.99999905
1,0,0.000104109145
1,1,0.99999845
1,1,0.9999982
1,1,0.99999917
1,1,0.99999917
0,0,1.4659449e-06
1,1,0.99999905
0,1,0.9999976
1,1,0.9999949
1,1,0.9999988
1,1,0.99999917
1,1,0.9999988
1,1,0.9999913
1,1,0.99999905
1,1,0.99999905
1,1,0.99999905
1,1,0.99999917
0,0,1.7307724e-06
1,1,0.99999654
1,1,0.99999905
1,1,0.9999988
1,1,0.9999993
1,1,0.999998
1,1,0.9999989
1,1,0.99999905
1,1,0.99999917
0,0,2.8125294e-06
1,1,0.9999988
0,0,2.2216318e-06
1,1,0.9999989
1,1,0.99999905
1,0,1.0883804e-06
1,1,0.9999989
1,0,0.0001791996
1,1,0.9999989
1,1,0.99999905
0,0,0.00061887945
1,1,0.9999949
1,1,0.99999905
1,1,0.99999905
1,1,0.99999917
1,1,0.99999845
0,0,1.4400637e-06
0,1,0.9999324
1,1,0.9999976
1,1,0.99999905
1,1,0.9999988
1,1,0.9999616
1,1,0.99999833
1,1,0.9999993
1,0,3.052534e-06
1,1,0.99999917
0,1,0.9999516
1,1,0.99999917
1,1,0.9999989
1,1,0.99999917
1,1,0.99999905
1,1,0.99999785
1,1,0.9999993
1,1,0.99999917
0,0,1.2604485e-06
1,1,0.99999106
1,1,0.9999993
1,1,0.9999989
1,1,0.99999905
1,1,0.99999917
1,1,0.9999988
1,1,0.99999905
1,1,0.9999988
1,1,0.9999988
1,1,0.99999905
0,0,0.0061630923
1,1,0.99999917
1,1,0.99999845
0,0,2.7808946e-06
0,0,2.7436672e-06
0,0,8.602129e-06
1,1,0.99999917
1,1,0.99999917
1,1,0.99999857
1,0,6.0865377e-06
1,1,0.99999905
1,1,0.9999975
1,1,0.99999917
0,0,0.33152393
1,1,0.99999905
1,1,0.99999905
1,1,0.9973456
0,1,0.8336353
1,1,0.9999988
1,1,0.9999417
1,1,0.99999917
1,1,0.9999974
1,1,0.99999595
1,1,0.99999917
1,1,0.9999957
1,1,0.9999993
1,1,0.9999714
1,1,0.99999917
1,1,0.99999654
1,1,0.9999682
1,1,0.99999714
0,0,5.3536796e-06
0,0,1.2794653e-06
0,1,0.9999982
1,1,0.99999106
1,1,0.99999917
1,1,0.99999475
1,1,0.9999993
1,1,0.99999917
1,1,0.9999964
1,1,0.9989588
1,1,0.99999917
1,1,0.9999989
1,1,0.9999993
1,1,0.9999993
1,1,0.99999905
1,1,0.9999993
1,1,0.99999905
1,0,0.0009821858
1,1,0.99999905
1,1,0.99999917
0,0,4.529776e-05
1,1,0.99999905
1,1,0.9999989
1,1,0.99999905
1,1,0.99999905
1,1,0.99999905
1,1,0.9999987
1,1,0.9999982
1,1,0.99999917
1,1,0.99999917
1,1,0.9999988
1,1,0.5332072
0,0,1.3556211e-06
1,1,0.9999989
1,1,0.99999905
1,1,0.99999917
1,1,0.99999917
1,1,0.99999917
1,1,0.99999547
1,1,0.9999958
1,1,0.999998
1,1,0.99999917
1,1,0.9999987
1,1,0.99999905
1,1,0.9999993
1,1,0.99999917
1,1,0.99999905
1,1,0.99999917
1,1,0.99999857
1,1,0.9999988
0,0,1.447942e-06
1,1,0.9999988
1,1,0.99999917
0,0,1.1091221e-05
1,1,0.9999988
1,1,0.9999989
1,1,0.99999905
1,1,0.9999988
0,0,1.1721423e-06
1,1,0.99999845
1,1,0.99965334
1,1,0.99999785
1,1,0.9999993
1,1,0.9999993
1,1,0.9995987
1,1,0.99999917
1,1,0.9999988
1,1,0.9999993
0,0,1.7789818e-06
1,1,0.9999993
0,0,1.9359304e-06
1,1,0.9994104
1,1,0.9999975
1,1,0.99999917
1,1,0.99999905
1,1,0.9999988
1,1,0.9999846
0,0,3.6120327e-05
1,1,0.99999917
1,1,0.9999988
1,1,0.99999905
1,1,0.99999905
1,1,0.9999825
1,1,0.9999974
1,1,0.9999988
0,0,1.3068186e-06
0,0,4.2179554e-06
1,1,0.99999845
1,1,0.99999905
1,0,1.7378944e-06
0,0,3.1635348e-06
1,1,0.9999989
1,1,0.99999857
1,1,0.99999917
1,1,0.99999857
1,1,0.9999989
1,1,0.9999993
1,1,0.99999917
1,1,0.99999905
1,1,0.99999905
0,0,1.2387823e-05
1,1,0.9999981
0,1,0.9999826
1,1,0.9999988
1,1,0.99999905
1,1,0.9999989
1,1,0.9999988
1,1,0.9999988
1,1,0.9999993
1,1,0.97775924
1,1,0.99999905
1,1,0.99999917
1,1,0.99999905
1,1,0.9999989
1,1,0.99999917
1,1,0.9999989
1,1,0.99999857
1,1,0.9999988
0,0,1.2176152e-06
1,1,0.9999989
1,0,1.2627477e-06
1,1,0.9999987
0,1,0.9999151
0,0,9.870514e-07
1,1,0.99999917
0,0,2.158611e-06
0,0,8.5216625e-06
1,1,0.9999993
1,1,0.99999917
1,1,0.99999917
1,1,0.9999993
0,0,1.2901202e-06
1,1,0.9999933
1,1,0.9999732
1,1,0.99999595
0,0,0.47477975
1,1,0.99999535
1,1,0.9999844
1,1,0.9999993
1,1,0.9999988
1,1,0.99999845
1,0,2.1326691e-06
1,1,0.99999833
0,1,0.9999894
1,1,0.99999905
1,1,0.99999905
1,1,0.99999905
1,1,0.99999917
0,0,0.00017095475
1,1,0.99999726
1,1,0.99999917
0,0,1.7886241e-06
1,1,0.99999917
1,1,0.99999917
0,0,0.00022622959
1,1,0.9999988
1,1,0.9999989
1,1,0.9999951
1,1,0.99999905
0,0,2.385066e-06
1,1,0.9999982
1,1,0.99999917
1,1,0.99999917
1,1,0.99999905
1,1,0.99999905
1,1,0.9999857
1,1,0.99997497
1,1,0.9999993
1,1,0.99999905
0,0,9.330183e-07
1,1,0.99999917
0,0,1.0795388e-06
1,1,0.9999982
1,1,0.9999989
1,1,0.9254266
1,1,0.9999968
1,1,0.9999989
1,1,0.9951321
1,1,0.9999987
0,0,1.5801454e-06
1,1,0.99999905
1,1,0.99999917
1,1,0.99999845
1,1,0.99999917
1,1,0.9999987
0,0,2.245493e-06
1,1,0.99999917
1,1,0.99999833
1,1,0.9999989
0,0,1.761811e-06
1,1,0.99999845
1,1,0.999998
1,1,0.99999917
1,1,0.9999989
1,1,0.9999993
1,1,0.99999917
1,1,0.99997103
1,1,0.9999987
1,1,0.99955803
0,0,4.2806537e-06
1,1,0.99999917
1,1,0.9999993
1,1,0.9999993
0,0,4.6649056e-06
1,1,0.9999988
1,1,0.99999917
1,1,0.99999595
0,1,0.983585
1,1,0.9999976
1,1,0.9999989
1,1,0.99999917
1,1,0.9999993
1,1,0.99999905
1,1,0.9999987
1,1,0.9999964
1,1,0.99999845
1,1,0.99999917
1,1,0.99999154
0,0,3.738286e-06
1,1,0.99999905
1,1,0.9999989
1,0,8.875415e-05
1,1,0.9999988
0,1,0.9960122
0,0,0.31503806
1,1,0.99999905
1,1,0.99999845
1,1,0.9999993
1,1,0.9999993
1,1,0.9999989
1,1,0.9999988
1,0,7.853965e-06
1,1,0.99999905
1,1,0.99999833
1,1,0.99997115
1,1,0.99999917
1,1,0.9999989
1,1,0.9999989
1,1,0.9999968
0,0,1.8033015e-05
1,1,0.99999917
1,1,0.99999857
1,1,0.9999988
1,1,0.99999285
1,1,0.9999964
1,1,0.99999917
1,1,0.9999993
1,1,0.99999917
1,1,0.9999993
1,1,0.9999989
0,0,3.5736355e-06
1,1,0.9999993
1,1,0.99999917
1,1,0.99999654
1,1,0.99999905
1,1,0.99999917
1,1,0.99999857
1,1,0.99999917
1,1,0.9999989
1,1,0.9999993
1,1,0.9999987
1,1,0.99999917
1,1,0.99999917
1,1,0.9999988
1,1,0.9999924
1,1,0.99999905
1,1,0.9999976
1,1,0.99999523
1,0,0.0025212828
1,1,0.99999905
1,1,0.9999987
0,1,0.99981076
0,0,1.0926872e-06
1,1,0.9985556
1,1,0.9999982
1,1,0.9999989
1,1,0.9999993
1,1,0.99999917
0,0,1.7509503e-06
1,1,0.99999774
0,0,1.6339e-06
1,1,0.99999917
0,1,0.9999887
0,1,0.99999
1,1,0.99999917
1,1,0.9999989
1,1,0.99999714
1,1,0.9999987
1,1,0.999998
1,1,0.99999917
1,1,0.99999917
0,0,1.9391048e-06
0,0,0.14617416
1,1,0.99999917
1,1,0.99999917
1,1,0.9999993
1,1,0.9999989
1,1,0.9999989
1,1,0.9999989
0,0,4.4139333e-06
1,1,0.99999285
0,0,1.9854963e-06
0,0,1.8680887e-05
0,0,9.363197e-06
1,1,0.99999905
1,1,0.99999917
1,1,0.99999774
1,1,0.9999887
1,1,0.99999905
1,1,0.99999833
1,1,0.99993515
1,1,0.9999993
1,1,0.99999917
0,1,0.98994803
1,1,0.99999905
1,1,0.9999988
1,1,0.9999974
1,1,0.99999785
1,1,0.9999989
1,1,0.9999988
1,1,0.99999774
1,1,0.9999962
1,1,0.9999671
1,1,0.9999993
1,1,0.99999917
1,1,0.99999905
1,1,0.9999982
0,0,3.1784584e-06
1,1,0.99999917
1,1,0.9999993
0,0,1.1921142e-06
1,1,0.99999905
1,1,0.99999917
1,0,0.00016881237
1,1,0.9999938
1,1,0.99999905
0,0,2.9072044e-06
1,1,0.99999917
1,1,0.9999982
1,1,0.99999917
1,1,0.9997898
1,1,0.9999989
1,1,0.9999989
1,1,0.99999905
1,1,0.9999987
0,0,2.1141697e-05
1,1,0.99999845
1,1,0.99999917
1,1,0.99999905
0,0,1.182182e-06
1,1,0.9999981
1,1,0.99999857
1,1,0.99999905
1,1,0.99999857
1,1,0.99999905
1,1,0.999998
1,1,0.99999905
0,1,0.8020438
1,0,0.040284853
1,0,2.738131e-06
1,1,0.99999917
1,1,0.9999989
1,1,0.9999993
1,1,0.9999988
0,1,0.99111545
1,1,0.99999917
1,1,0.99995184
1,1,0.9999993
0,0,4.0742725e-05
1,1,0.99999917
1,1,0.99999917
1,1,0.99999917
1,1,0.9999993
1,1,0.9999989
0,0,3.921214e-06
1,1,0.99999917
1,1,0.9999993
1,1,0.9999988
1,1,0.9999993
1,1,0.99999905
1,1,0.9999993
0,0,0.00049804215
1,1,0.99999917
0,0,0.01627123
1,1,0.99999905
1,1,0.9999989
1,1,0.9999988
1,1,0.99999905
1,1,0.99999917
1,1,0.99999917
1,1,0.9999989
1,1,0.99999917
1,1,0.99999917
1,1,0.9999981
0,0,1.1403049e-06
1,1,0.99999905
1,1,0.9999989
1,1,0.99999774
1,1,0.99999905
1,1,0.99999845
1,1,0.9999989
1,1,0.99999905
1,1,0.9999989
0,0,1.1678009e-06
1,1,0.99999857
0,1,0.9999205
1,1,0.9999993
1,1,0.9999989
1,1,0.99999785
1,1,0.9999989
1,1,0.9999988
1,1,0.99999905
1,1,0.98051137
1,1,0.999997
1,1,0.99999857
1,1,0.9999989
1,1,0.9999974
1,1,0.99999917
1,1,0.99999917
1,1,0.99999905
1,1,0.99999845
0,0,1.0533614e-06
1,1,0.9999993
1,1,0.9999964
1,1,0.99999917
1,0,0.0009910082
0,1,0.8493196
1,1,0.99999905
1,1,0.99999917
1,1,0.99999905
0,0,2.8574657e-06
1,1,0.9999993
1,1,0.99999905
1,1,0.9999993
1,1,0.99999917
1,1,0.9999989
1,0,1.3033723e-06
1,1,0.9999993
1,1,0.9999989
1,1,0.999997
1,1,0.9999993
1,1,0.99999905
1,1,0.9999989
1,1,0.99974924
1,1,0.9999987
1,1,0.99999917
1,1,0.99999905
1,1,0.9999993
1,1,0.9999989
1,1,0.99999905
1,1,0.99999917
1,1,0.99999905
1,1,0.99999905
0,0,1.8250358e-06
0,1,0.9999976
1,1,0.99999845
0,1,0.99998903
1,1,0.9999989
1,1,0.99999917
1,1,0.99999905
1,1,0.9999987
1,1,0.99999917
1,1,0.9999987
1,1,0.9999993
1,1,0.99999917
1,1,0.9999989
1,1,0.99999905
1,0,0.00036164105
1,1,0.99999917
0,0,2.8005388e-06
