y_true,y_pred,y_prob
1,1,0.99999976
1,1,0.99999976
1,1,0.99999976
1,1,0.99999976
1,1,0.99999976
1,1,0.99999976
0,0,0.00048128143
1,1,0.9999993
1,1,0.999998
1,0,2.3773044e-05
1,1,0.9999995
1,1,0.99999964
1,1,0.99999964
1,1,0.99999976
1,1,0.99999964
1,1,0.99999905
1,1,0.99999976
0,0,5.438637e-05
1,1,0.99999964
0,0,0.0001856009
1,1,0.99999976
1,1,0.99999976
1,1,0.99998415
0,1,0.91737586
1,1,0.99999976
0,0,0.0004911326
1,1,0.99999964
1,1,0.9999995
1,1,0.99999845
0,0,4.2526585e-06
1,1,0.99999976
1,1,0.99999976
1,1,0.99999964
1,1,0.99999976
1,1,0.99999976
0,1,0.9939447
1,1,0.99999964
1,1,0.99999976
0,1,0.99999857
1,1,0.99999964
1,1,0.99999976
1,1,0.99999976
1,1,0.99999964
1,1,0.9999995
1,1,0.99999964
1,1,0.99999785
1,1,0.99999976
0,1,0.93376327
1,1,0.99999547
1,1,0.99999976
1,1,0.99999976
1,1,0.99999964
1,1,0.9999994
1,1,0.99999964
1,1,0.99999976
0,0,1.8911256e-05
1,1,0.99999976
1,1,0.9999995
1,1,0.99999976
1,1,0.9999995
1,1,0.99999976
1,1,0.99999976
1,1,0.99999964
0,0,2.2062355e-05
0,1,0.999987
1,1,0.99999976
1,1,0.99999964
1,1,0.99999976
1,1,0.99999976
1,1,0.99999976
1,1,0.99999976
1,1,0.99999964
1,1,0.99999976
0,0,1.8458006e-05
1,1,0.99999976
1,1,0.99999774
1,1,0.99999976
1,0,7.8167e-06
1,1,0.99999976
1,1,0.9999995
1,1,0.99999964
1,1,0.9999995
1,1,0.9999995
1,1,0.99999976
1,1,0.99999964
1,1,0.99999976
1,1,0.9999993
1,1,0.99999976
1,1,0.99999964
0,0,1.5281288e-05
1,1,0.99995804
0,0,2.114315e-05
0,0,3.6427296e-05
1,1,0.9999994
0,0,5.2684267e-05
1,1,0.9999995
1,1,0.999997
1,1,0.9999995
1,1,0.99999976
1,1,0.99999976
1,1,0.99999976
0,0,1.5482736e-05
1,1,0.99999976
1,1,0.99999976
1,1,0.99999976
0,0,7.2496446e-06
1,1,0.99999607
1,1,0.99999976
1,1,0.99999976
1,1,0.9999995
1,1,0.99999774
1,1,0.99999964
1,1,0.99999976
1,1,0.99999905
1,1,0.9999455
0,0,9.807836e-06
0,0,5.561575e-05
1,1,0.9999989
1,1,0.99999964
1,1,0.99999976
1,1,0.99999964
1,1,0.99999964
1,1,0.99999964
1,1,0.99999964
1,1,0.99999976
1,1,0.99999976
1,1,0.99999976
1,1,0.99999976
1,1,0.99999976
1,1,0.99999964
1,1,0.999928
1,1,0.99999976
1,1,0.99999976
1,1,0.99999976
1,1,0.9999995
1,1,0.99999964
1,1,0.99999976
1,1,0.99999976
1,1,0.99999976
1,1,0.99970216
1,1,0.99999976
1,1,0.99999976
0,1,0.99999094
1,1,0.99999976
0,1,0.99996805
1,1,0.99999964
1,1,0.99999976
1,1,0.99999976
0,0,2.0786758e-05
1,1,0.99999976
1,1,0.99999964
1,1,0.9999987
0,0,1.5527956e-05
0,0,1.183869e-05
0,1,0.9999981
1,1,0.99999976
1,1,0.9999994
1,1,0.9999987
1,1,0.9999901
1,1,0.9999994
1,1,0.99999976
1,1,0.9999994
1,1,0.99999976
1,1,0.99999976
1,1,0.99999964
0,0,1.1268845e-05
1,1,0.99999964
0,0,3.6049353e-06
1,1,0.99954337
1,1,0.99999976
1,1,0.99999976
1,1,0.9999995
1,1,0.9999988
1,1,0.99999976
1,1,0.99999964
1,1,0.99999964
1,1,0.99999964
1,1,0.99999964
1,1,0.99999976
0,1,0.9997166
1,1,0.99999976
1,1,0.99999976
1,1,0.9999994
1,1,0.99999964
1,1,0.99999106
1,1,0.99999976
1,1,0.99999833
1,1,0.99999964
0,1,0.97545516
1,1,0.99999976
1,1,0.99999976
1,1,0.99999976
1,1,0.99999976
1,1,0.99999964
1,1,0.9999949
1,1,0.9999988
1,1,0.99999964
1,1,0.99999976
1,1,0.99999976
1,1,0.99999774
1,1,0.99999964
1,1,0.99999976
1,1,0.99999976
1,1,0.9999994
1,1,0.99999857
1,1,0.99999976
1,1,0.9999993
1,1,0.99999976
1,1,0.99999976
1,1,0.99999964
1,1,0.99999964
0,0,0.09860962
1,1,0.99999976
1,1,0.99999976
1,1,0.9999995
1,1,0.99999976
1,1,0.9999995
1,1,0.99999964
1,1,0.99999964
0,1,0.9999994
1,1,0.99999976
0,0,8.001892e-05
0,0,1.6746557e-05
1,1,0.99999976
1,1,0.99999976
1,1,0.99999917
1,1,0.9999993
1,1,0.99999976
1,1,0.99999976
1,1,0.99999976
1,1,0.999992
1,1,0.99999845
1,1,0.99999976
1,1,0.99999976
0,0,0.00023350137
1,0,0.00022699316
1,1,0.99999976
1,1,0.99999976
1,1,0.9999696
1,1,0.99999976
1,1,0.99999964
1,1,0.9999957
1,1,0.99999976
1,1,0.99999976
1,1,0.99998426
1,1,0.99999976
1,1,0.99999976
1,1,0.99999976
1,1,0.99999976
1,1,0.99999976
1,1,0.99999964
1,1,0.99999964
1,1,0.99999976
1,1,0.99999976
1,1,0.99999964
0,0,3.9044703e-06
1,1,0.99999845
1,1,0.99999976
1,1,0.99999714
0,0,6.775694e-05
1,1,0.99999976
1,1,0.99999976
1,1,0.99999976
0,1,0.9999989
1,1,0.99999964
1,1,0.99999976
1,1,0.99999976
1,1,0.99999976
1,1,0.99999976
1,1,0.99999976
1,1,0.9999989
1,1,0.99999976
1,1,0.99999976
1,1,0.9999995
1,1,0.99999785
1,1,0.99999964
1,1,0.9999994
1,1,0.99999964
1,1,0.99999976
1,1,0.9999988
1,1,0.9999591
1,1,0.99999976
0,0,4.472249e-06
1,1,0.99999976
0,1,0.9999982
1,1,0.99999976
1,1,0.99999976
1,1,0.99999976
0,0,4.6884547e-06
0,0,4.9132752e-05
1,1,0.99995565
1,1,0.99999976
0,0,3.437067e-05
1,1,0.99999964
1,1,0.99999976
1,1,0.99999976
1,1,0.99999595
1,1,0.99999976
0,1,0.9999957
1,1,0.99999964
1,1,0.9999969
1,1,0.99999964
1,1,0.99999976
1,1,0.99999976
1,1,0.99999976
1,1,0.9999994
1,1,0.99995685
1,1,0.99999976
1,1,0.9999677
1,1,0.99999857
1,1,0.99999976
1,1,0.99999976
1,1,0.99999964
1,1,0.9999993
0,0,9.6383796e-05
0,0,8.391948e-06
1,1,0.99999964
1,1,0.99999976
1,1,0.99999964
0,1,0.9999931
0,1,0.9999981
1,1,0.99999976
1,1,0.99999976
0,0,1.3187386e-05
1,0,0.4238718
1,1,0.9999994
1,1,0.99999976
1,1,0.99999976
1,1,0.99999964
1,1,0.99999976
1,1,0.99999976
1,1,0.99999976
1,1,0.9999987
1,1,0.999998
1,1,0.99999976
1,1,0.99999905
0,1,0.99996483
0,1,0.9998122
1,1,0.9999924
1,1,0.99999964
1,1,0.99999976
1,1,0.99960476
0,1,0.94262666
1,1,0.99999976
1,1,0.99999976
0,1,0.99925274
1,1,0.9999956
1,1,0.99999976
1,1,0.99999976
1,1,0.9999995
1,1,0.9999994
1,1,0.99999976
1,1,0.9999995
1,1,0.99999976
0,1,0.99999034
1,1,0.99999964
1,1,0.99999976
1,0,0.0011390646
1,1,0.9999995
1,1,0.99999976
0,0,3.52666e-06
1,1,0.99999976
1,1,0.99999833
1,1,0.99999404
1,1,0.99998295
0,0,3.312853e-05
1,1,0.9999862
1,1,0.9999987
1,1,0.9999994
0,0,0.0016066083
0,1,0.9999993
1,1,0.9771616
1,1,0.99999976
0,0,1.9157469e-05
1,1,0.99999976
1,1,0.99999976
1,1,0.99999976
1,1,0.99999976
1,1,0.99999976
1,1,0.99999976
1,1,0.99999964
1,1,0.99999976
1,1,0.9999995
1,1,0.99999964
1,1,0.99999976
1,1,0.99999976
1,1,0.99999857
1,1,0.99999964
1,1,0.9999995
1,1,0.99999976
1,1,0.99999976
0,0,0.055803604
1,1,0.99999964
1,1,0.99999964
1,1,0.99999964
1,1,0.99999964
1,1,0.99999964
1,1,0.99999964
1,1,0.99999976
1,1,0.99999976
0,0,0.008149223
1,1,0.99999976
1,1,0.99999964
1,1,0.99999964
1,1,0.99999976
1,1,0.99999976
1,0,3.9951752e-05
1,1,0.99999976
1,1,0.99999976
1,1,0.9999958
0,1,0.99999833
1,1,0.99999964
0,1,0.99993956
1,1,0.99999976
0,0,4.9064998e-05
1,1,0.9999956
1,1,0.99999976
1,1,0.99999964
1,1,0.99999976
1,1,0.9999994
1,1,0.99999976
1,1,0.99999976
1,1,0.99999976
1,1,0.99999976
1,1,0.9999995
1,1,0.99999976
1,1,0.99999964
1,1,0.99999964
1,1,0.99999845
1,1,0.9999981
1,1,0.99999976
1,1,0.99999976
1,1,0.99999976
1,1,0.9999995
1,1,0.99999964
1,1,0.99999964
0,1,0.9999993
0,0,4.156881e-06
1,1,0.9999993
1,1,0.99999976
1,1,0.99999976
1,1,0.99999833
1,1,0.99999976
1,1,0.9999995
1,1,0.99999976
1,1,0.99999976
1,1,0.99999976
1,1,0.99999976
1,1,0.9999995
1,1,0.99999917
1,1,0.99999976
1,1,0.99999976
1,1,0.99999976
1,1,0.99999976
1,1,0.99999976
1,1,0.99999964
1,1,0.99999976
1,1,0.99962866
1,1,0.99999976
1,1,0.99999964
1,1,0.99999905
1,1,0.99999976
0,1,0.999998
1,1,0.9999993
1,1,0.99999785
1,1,0.99999976
1,1,0.99999976
1,1,0.99999964
1,1,0.9999995
1,1,0.99999726
1,1,0.9999956
1,1,0.99999976
0,1,0.9999988
1,1,0.99999976
1,1,0.99999976
0,0,0.01973027
1,1,0.99999976
1,1,0.99999976
1,1,0.9999981
1,1,0.9999976
1,1,0.9999993
1,1,0.9999995
1,1,0.99999964
1,1,0.9999995
1,1,0.99999964
1,1,0.99999976
1,1,0.99999976
1,1,0.99999976
1,1,0.99999774
1,1,0.99999964
1,1,0.99999917
1,1,0.99999976
1,1,0.99999964
1,1,0.99999964
0,1,0.99929917
1,0,9.1742644e-05
1,1,0.99999976
1,1,0.99999976
1,1,0.99999976
1,1,0.99999976
1,1,0.99999976
0,1,0.9996014
1,1,0.99999976
1,1,0.9999994
0,0,9.9703786e-05
1,1,0.99999964
1,1,0.99999964
1,1,0.99999523
0,0,4.5969657e-05
1,1,0.9999994
1,1,0.99999976
1,1,0.99999964
1,1,0.99999976
1,1,0.99999976
1,1,0.9999989
1,1,0.99998784
1,1,0.9999994
1,1,0.99999976
1,1,0.9999994
1,1,0.99999964
1,1,0.9999995
1,1,0.99998534
1,1,0.99999464
1,1,0.99999976
1,1,0.9999957
1,1,0.99999976
1,1,0.99999976
1,1,0.99999976
0,1,0.9999995
1,1,0.9999957
1,1,0.99998176
1,1,0.99999964
1,1,0.99999905
1,1,0.9999858
1,1,0.99999976
1,1,0.99999964
1,1,0.999998
1,1,0.99999976
1,1,0.99999976
0,1,0.9998945
1,1,0.99999964
1,1,0.7869293
1,1,0.9999989
0,1,0.99999404
1,1,0.99999976
1,1,0.99999976
0,0,4.8779875e-06
1,1,0.99999964
1,1,0.99999976
1,1,0.9999995
0,1,0.9999974
1,1,0.99999964
1,1,0.99999976
1,1,0.99999976
1,1,0.99999964
1,1,0.99999976
1,1,0.99999976
0,0,4.172359e-06
1,1,0.99999964
0,0,7.851688e-06
0,1,0.9728429
1,1,0.99999976
1,1,0.99999964
1,1,0.99999726
1,1,0.99999964
0,1,0.99529535
1,1,0.99999976
1,1,0.99994326
1,1,0.99999964
1,1,0.9999951
1,1,0.99999976
1,1,0.99999964
1,1,0.99999976
0,0,0.0008647099
1,1,0.99999976
1,1,0.99999976
1,1,0.99999976
1,1,0.9999958
1,1,0.9999993
1,1,0.99999976
1,1,0.9999963
1,1,0.9999913
1,1,0.99999964
0,1,0.9997118
0,1,0.99895346
1,1,0.9999994
1,1,0.9999995
0,0,6.366377e-06
1,1,0.99999976
0,0,4.4426547e-06
0,0,0.00035803608
0,0,0.0008291071
1,1,0.9999933
0,0,6.7804125e-05
0,0,1.0627357e-05
1,1,0.99999964
1,1,0.99999964
0,1,0.9999995
1,1,0.99999976
0,1,0.9999995
0,1,0.99989116
1,1,0.99999976
1,1,0.99999976
1,1,0.99999976
1,1,0.99999344
1,1,0.99999976
1,1,0.99999976
1,1,0.99999976
1,1,0.99999964
1,1,0.99999857
1,1,0.99999976
1,1,0.9999988
1,1,0.99999964
1,1,0.9999995
1,1,0.99999976
1,1,0.99999976
1,1,0.99999976
1,1,0.99999976
0,0,0.216053
1,1,0.99999976
1,1,0.99999964
1,1,0.99999964
1,1,0.99999976
1,1,0.9999995
1,1,0.99999976
1,1,0.99999976
1,1,0.9999832
0,0,1.44762835e-05
1,1,0.99999964
1,1,0.99999976
1,1,0.99999774
1,1,0.99999976
1,1,0.99999976
1,1,0.99999964
0,0,8.73196e-06
1,1,0.99999976
1,1,0.99999654
1,1,0.99999964
1,1,0.99999964
1,1,0.99999964
1,1,0.99999964
1,1,0.99999976
1,1,0.99999976
1,1,0.99999976
1,1,0.9999989
1,1,0.99999917
1,1,0.99999976
1,1,0.9999995
1,1,0.99999475
1,1,0.9999994
1,1,0.99999964
1,1,0.99999976
1,1,0.99999976
1,1,0.99999976
1,1,0.99999976
1,1,0.99999976
1,1,0.99999976
1,1,0.99999905
1,1,0.9999962
1,1,0.99999976
1,1,0.99999976
1,1,0.99999976
1,1,0.99999976
0,0,5.476683e-06
1,1,0.9999995
1,1,0.99999976
1,1,0.99999666
0,0,2.647015e-06
1,1,0.9834471
1,1,0.99999976
1,1,0.99999964
0,0,9.888634e-06
0,1,0.9999958
1,1,0.9999995
1,1,0.99999964
1,1,0.99999964
0,0,9.62189e-06
1,0,0.005010085
1,1,0.99999595
1,1,0.99999976
1,1,0.9999974
1,1,0.9999969
1,1,0.99999976
1,1,0.99999976
1,1,0.99999964
0,1,0.9999993
0,1,0.99999905
1,1,0.99999976
1,1,0.99999976
1,1,0.99999976
0,0,3.8586663e-06
1,1,0.99999964
1,1,0.99999845
1,1,0.99999964
1,1,0.9999933
1,1,0.99999976
1,1,0.99999976
1,1,0.9999993
1,1,0.99999976
1,1,0.99999666
1,1,0.9999968
1,1,0.99999976
1,1,0.99999976
1,1,0.9999994
1,1,0.99999964
0,1,0.9999982
1,1,0.99999964
1,1,0.99999976
1,1,0.99999976
1,1,0.99999976
1,1,0.99999964
0,1,0.999759
1,1,0.99999976
1,1,0.99999976
1,1,0.99999976
1,1,0.9999995
1,1,0.99999976
1,1,0.99999976
1,1,0.9999993
1,1,0.99999976
1,1,0.9999957
1,1,0.99999976
1,1,0.99999976
1,1,0.99999976
1,1,0.9999993
1,1,0.99999976
1,1,0.9999995
1,1,0.99999976
0,1,0.99871945
1,1,0.9999995
1,1,0.99999976
1,1,0.9999976
1,1,0.99999976
1,1,0.99999917
1,1,0.99999964
1,1,0.99999964
1,1,0.99999964
1,1,0.9999994
1,1,0.9999993
1,1,0.99999976
1,1,0.99999964
1,1,0.99999976
1,1,0.9999994
1,1,0.99997675
1,1,0.99998224
1,1,0.99999976
1,1,0.9999995
1,1,0.99999964
0,0,0.39499474
1,1,0.9999993
1,1,0.99999976
1,1,0.99999976
1,1,0.99999976
1,0,0.00092412136
1,1,0.99999976
1,1,0.99999976
1,1,0.99999976
1,1,0.9999987
1,1,0.99999976
1,1,0.99999964
1,1,0.99999976
1,1,0.99999535
1,1,0.99999976
0,0,9.5798365e-05
1,1,0.99999976
0,0,8.733843e-06
1,1,0.9999994
1,1,0.99999964
1,1,0.99999964
1,1,0.99999976
1,1,0.99999976
0,0,0.00011714465
1,1,0.99999976
1,1,0.99999976
1,1,0.99999976
1,1,0.99999976
1,1,0.99999976
1,1,0.9999974
1,1,0.99999976
1,1,0.99999964
1,1,0.99999976
1,1,0.99999976
1,1,0.99999976
1,1,0.99999964
1,1,0.99999964
1,1,0.99999964
1,1,0.99999964
1,1,0.9999995
1,1,0.99999964
1,1,0.99999964
1,1,0.99999976
1,1,0.99999976
1,1,0.99999964
1,1,0.99999976
1,1,0.99999976
0,0,3.2033335e-05
1,1,0.99999976
0,1,0.99676216
1,1,0.9999994
1,1,0.99999976
1,1,0.99999976
1,1,0.99999964
1,1,0.99999964
1,1,0.9999974
0,0,4.327454e-06
0,0,6.697997e-06
1,1,0.99999976
0,1,0.9944542
0,0,7.641333e-06
1,1,0.99999976
1,1,0.999997
1,1,0.9999994
1,1,0.99999964
1,1,0.99999976
1,1,0.9999925
1,1,0.99999976
1,1,0.9999995
1,1,0.99999976
1,1,0.9999995
1,1,0.99999964
1,1,0.99999964
1,1,0.99998724
1,1,0.99999964
0,0,0.0001844566
1,1,0.9999926
1,1,0.99999964
1,1,0.99999976
1,1,0.9999989
1,1,0.99999964
0,1,0.9998934
1,1,0.99999976
1,1,0.99999976
1,1,0.99999964
1,1,0.99999845
1,1,0.99999976
1,1,0.9999994
1,1,0.99999976
1,1,0.9999964
0,1,0.9998399
1,1,0.99999964
1,1,0.99999845
1,1,0.99999976
1,1,0.99999964
0,0,0.00021576296
1,1,0.99999976
1,1,0.99999976
1,1,0.99999964
1,1,0.99999976
1,1,0.9999995
1,1,0.9999995
1,1,0.9995183
1,1,0.9999993
1,1,0.99999976
1,1,0.99999976
1,1,0.9999995
1,1,0.9999981
1,1,0.99999714
1,1,0.99999964
1,1,0.99999976
0,0,8.872361e-06
1,1,0.99999976
1,1,0.99999976
0,1,0.99999714
1,1,0.9999994
1,1,0.99999976
1,1,0.99999976
1,1,0.99999976
1,1,0.99999976
0,0,6.8449635e-06
1,1,0.99999964
1,1,0.99999976
1,1,0.99999964
1,1,0.99999905
1,1,0.99999964
1,1,0.99999976
1,1,0.9999995
1,1,0.99999976
1,1,0.99999976
1,1,0.99999976
1,1,0.99999976
1,1,0.99999976
1,1,0.99999976
1,1,0.99999976
1,1,0.99999976
1,1,0.99999976
1,1,0.99999976
1,1,0.99999976
1,1,0.9999988
1,1,0.9999751
1,1,0.999998
1,1,0.99999976
0,1,0.99324906
1,1,0.99999726
1,1,0.99999976
1,1,0.99999976
1,1,0.99999964
1,1,0.99999964
0,0,7.3836673e-06
1,1,0.99999976
1,1,0.99999976
1,1,0.99999857
0,0,8.595668e-06
1,1,0.99999976
1,1,0.99999964
1,1,0.9999945
1,1,0.99999976
1,1,0.9999995
0,0,1.5305252e-05
1,1,0.9999995
1,1,0.99999976
1,1,0.99999976
1,1,0.9999975
1,1,0.99999964
1,1,0.99999774
1,1,0.9999969
1,1,0.99999976
1,1,0.99999964
1,1,0.99999976
1,1,0.99999976
1,1,0.99999976
1,1,0.9999994
1,1,0.99999964
1,1,0.9999995
1,1,0.99999964
1,1,0.99999964
0,0,6.5167405e-05
1,1,0.99999976
1,1,0.999997
1,1,0.99999964
1,1,0.99999976
1,1,0.99999654
1,1,0.99999964
0,0,0.007879994
0,0,6.266462e-06
1,1,0.99999964
1,0,0.00017744237
1,1,0.99999964
0,1,0.99999845
1,1,0.9999993
1,1,0.99999976
1,1,0.99988663
1,1,0.99999976
1,1,0.99999976
1,1,0.99999976
1,1,0.9999993
1,1,0.9999939
1,1,0.9999993
1,1,0.99999976
1,1,0.9999927
1,0,0.0009329986
1,1,0.9999993
1,1,0.99999976
0,0,4.749523e-05
1,1,0.999997
1,1,0.9999883
1,1,0.99999964
1,1,0.99999976
1,1,0.99999976
0,0,6.506599e-06
1,1,0.99999976
1,1,0.99999976
1,1,0.99999976
0,0,3.528976e-05
1,1,0.99999976
1,1,0.99999976
1,1,0.99999976
0,0,9.978459e-06
0,0,1.5348529e-05
1,1,0.99999976
0,0,8.777513e-06
1,1,0.9999995
1,1,0.99999976
1,1,0.99999976
1,1,0.99999964
1,1,0.99999976
1,1,0.99999976
1,1,0.99999976
1,1,0.99999666
1,1,0.99999976
0,0,3.7815798e-06
1,1,0.99999976
1,1,0.99999976
1,1,0.999974
1,1,0.99999964
1,1,0.99999964
1,0,2.3450575e-05
1,1,0.99999976
0,0,0.07883151
1,1,0.99999964
1,1,0.99999905
1,1,0.99999774
1,1,0.999534
1,1,0.99999976
1,1,0.99999964
1,1,0.99999976
1,1,0.99999964
1,1,0.99999976
1,0,3.2781904e-06
1,1,0.99999976
1,1,0.99999964
1,1,0.9999882
1,1,0.99999976
1,1,0.99999475
1,1,0.999998
1,1,0.99999964
0,1,0.9999919
1,1,0.99999976
1,1,0.99999976
1,1,0.99999976
0,1,0.99999785
1,1,0.99999964
1,1,0.99999964
1,1,0.9999975
1,1,0.9999968
1,1,0.99999976
1,1,0.999998
0,0,7.651935e-06
1,1,0.9999995
1,1,0.99999976
1,1,0.99999976
1,1,0.99999976
1,1,0.999998
1,1,0.99999976
1,1,0.999998
1,1,0.99999976
1,1,0.9999989
1,1,0.99999905
1,1,0.9999981
1,1,0.99999976
1,1,0.99747807
1,1,0.99999785
1,0,0.028197672
1,1,0.99999964
1,1,0.9999832
1,1,0.99999964
1,0,0.00013726142
1,1,0.8703474
0,0,3.5462617e-06
1,1,0.99999976
1,1,0.9999993
1,1,0.99999964
1,1,0.99999964
1,1,0.99999964
0,1,0.99999917
1,1,0.99999964
1,1,0.99999964
1,0,1.4877645e-05
1,1,0.9999976
1,1,0.9999938
1,1,0.99999976
1,1,0.9999993
1,1,0.99999976
1,1,0.99999964
1,1,0.99999976
1,1,0.99999964
1,1,0.99999976
1,1,0.99999964
1,1,0.99999976
1,1,0.99999976
0,1,0.9891398
0,1,0.9986467
1,1,0.99999976
1,1,0.99999976
0,1,0.99999607
1,1,0.99999976
1,1,0.9999995
1,1,0.99999976
0,1,0.9999994
1,1,0.99999833
1,1,0.9999994
1,1,0.99999976
1,1,0.99999976
1,1,0.99999976
1,1,0.99999976
1,1,0.99999964
1,1,0.99999976
0,1,0.9996979
1,1,0.9999994
1,1,0.99999976
1,1,0.99999976
1,1,0.99999976
1,1,0.99999726
1,1,0.99999976
1,1,0.9999995
1,1,0.99999857
1,1,0.99999976
0,0,8.3103705e-06
1,1,0.99999964
0,0,1.1595262e-05
1,1,0.99999976
0,1,0.9999987
0,0,3.7066416e-06
1,1,0.99999976
1,0,7.461391e-05
1,1,0.99999976
1,1,0.99999964
1,1,0.99999976
1,1,0.99999964
0,1,0.99999774
1,1,0.9999927
1,1,0.99999976
1,1,0.9999995
1,1,0.99999976
1,1,0.99999964
1,1,0.99999964
1,1,0.99999976
0,1,0.9897808
0,0,7.4379313e-06
1,1,0.99999976
0,0,3.0267578e-05
1,1,0.99999774
1,1,0.99999964
1,1,0.99999976
1,1,0.99999976
1,1,0.9999993
1,1,0.99999976
1,1,0.9999988
1,1,0.99999976
1,1,0.9999995
1,1,0.9999988
0,0,3.905342e-06
1,1,0.99999976
1,1,0.99999976
1,1,0.9999968
1,1,0.9979235
1,1,0.99999976
1,1,0.99999964
1,1,0.99999964
1,1,0.99999917
1,1,0.99999094
1,1,0.99999976
1,1,0.99999976
1,1,0.99999964
1,1,0.99999976
1,1,0.99999976
0,0,9.7594624e-05
1,1,0.9999684
1,1,0.99999976
1,1,0.9999995
1,1,0.99999976
1,1,0.99999964
1,1,0.99999976
1,1,0.99999964
1,1,0.99999976
0,0,0.00021505354
0,0,1.5060283e-05
1,1,0.99999976
1,1,0.9999995
1,1,0.9999995
0,1,0.99953115
1,1,0.99999225
1,1,0.99999976
1,1,0.99999976
1,1,0.9999975
1,1,0.9998902
1,0,0.00066507136
1,1,0.99999976
1,1,0.99999976
1,1,0.99999964
1,1,0.99999833
1,1,0.99999964
0,0,6.7217884e-06
1,1,0.99999976
1,1,0.99999964
1,1,0.9999981
1,1,0.9999993
1,1,0.9999995
1,1,0.99999964
1,1,0.9999995
0,0,1.0447759e-05
1,1,0.99999976
1,1,0.9999925
1,1,0.99999976
1,1,0.99999964
1,1,0.99999976
0,0,6.5856984e-05
1,1,0.99999964
1,1,0.99999785
1,0,6.3956715e-05
1,1,0.99999964
1,1,0.99999976
1,1,0.99999917
0,0,9.094514e-06
0,1,0.9999994
1,1,0.99999976
1,1,0.99999726
1,1,0.9999995
1,1,0.99999976
1,1,0.99999964
1,0,7.603436e-05
1,1,0.99999416
1,1,0.99999976
1,1,0.99999595
1,1,0.9999995
1,1,0.999998
1,1,0.99999964
1,1,0.52384984
1,1,0.999995
0,1,0.99994993
1,1,0.9999995
1,0,0.0007637209
1,1,0.9999987
1,0,4.4912314e-05
1,1,0.99999976
1,1,0.99999964
1,1,0.999995
1,1,0.99999964
1,1,0.99999976
1,1,0.99999976
1,1,0.99999976
1,1,0.99999976
1,1,0.99999976
1,1,0.99999976
1,1,0.99999976
1,1,0.9999995
1,1,0.99999964
1,1,0.99999976
1,0,8.9668305e-05
1,1,0.99999964
1,1,0.99999976
1,1,0.99999976
1,1,0.99999976
1,1,0.99999976
1,1,0.9371453
1,1,0.99999976
0,0,8.45354e-06
1,1,0.99521154
1,1,0.99999976
1,1,0.9999907
1,1,0.99999976
1,1,0.9999877
1,1,0.9999995
1,1,0.99999976
1,1,0.9999995
1,1,0.99999785
0,0,1.9826995e-05
1,1,0.99999917
1,1,0.99999976
1,1,0.99999976
1,1,0.99999976
0,1,0.9999989
1,1,0.99999976
1,1,0.99999976
1,1,0.9999995
1,1,0.9999968
1,1,0.99999976
1,1,0.99999976
0,1,0.99999976
1,1,0.99999917
1,1,0.99999964
1,1,0.99999976
1,1,0.9999994
0,1,0.99983287
1,1,0.9999937
1,0,0.027055684
1,1,0.99999976
0,0,3.461844e-06
1,1,0.99998856
1,1,0.99999976
1,1,0.99999976
0,0,0.09270358
0,0,0.018663231
1,1,0.99999976
1,1,0.99999976
0,0,0.0012402755
1,1,0.99995923
1,1,0.99999976
1,1,0.99999964
0,0,6.911412e-05
1,1,0.99999976
1,0,0.4556174
1,1,0.99999976
0,0,1.9596588e-05
1,1,0.99999976
0,1,0.9748693
1,1,0.99999976
1,1,0.99999976
1,1,0.99999976
1,1,0.99999976
1,1,0.99999976
1,1,0.99999976
1,1,0.99999976
1,1,0.9999995
1,0,0.017919896
1,1,0.99999976
0,1,0.9977958
0,0,0.00015382793
0,1,0.99997306
1,1,0.99992585
1,1,0.99999917
1,1,0.99999976
1,1,0.9999995
1,1,0.9999641
1,1,0.99892944
1,1,0.9999995
0,0,7.911866e-06
1,1,0.99999857
1,1,0.9999987
1,1,0.99999976
1,1,0.99999976
1,1,0.99999976
1,1,0.99999976
0,1,0.9998841
1,1,0.99999964
0,1,0.9999995
1,1,0.9999713
1,1,0.99997497
0,0,0.0037120234
1,1,0.99999976
1,1,0.99999976
1,1,0.99999976
1,1,0.99999964
1,1,0.99999976
1,1,0.99999976
1,1,0.999987
1,1,0.9999994
1,1,0.99999976
1,1,0.99999976
1,1,0.99999964
0,1,0.99998903
1,1,0.99999976
1,1,0.99999964
1,0,0.002920131
1,1,0.99999976
1,1,0.99999976
1,1,0.99999964
1,1,0.9999937
1,1,0.99999964
1,1,0.99999976
0,1,0.99831617
1,1,0.99999976
0,0,0.12134612
0,0,7.599226e-06
1,1,0.99999976
1,1,0.9999206
1,1,0.99999976
1,1,0.99999547
1,1,0.9999969
1,1,0.9999994
1,1,0.9999249
1,1,0.99999964
1,1,0.9999995
1,1,0.99999785
0,0,5.58159e-05
1,1,0.99999976
1,1,0.99999976
0,1,0.99998116
1,1,0.99999964
1,1,0.99999976
0,1,0.99999297
1,1,0.99999976
1,1,0.99999976
1,1,0.9999496
1,1,0.99999976
1,1,0.9997212
1,1,0.99999964
1,1,0.99999964
1,1,0.99999857
1,1,0.9999994
1,1,0.99999976
1,1,0.99999964
1,1,0.9999989
1,1,0.99999976
1,1,0.99999976
1,1,0.9999964
1,1,0.99999666
1,1,0.99999964
1,1,0.9560338
1,1,0.99999976
1,1,0.99999964
1,1,0.99999976
1,1,0.9999995
1,1,0.9999993
1,1,0.99999964
0,0,8.280746e-05
1,1,0.99999976
1,1,0.9999968
0,0,0.00023795903
1,1,0.99999976
1,1,0.99999976
1,1,0.99999964
0,0,2.4966375e-06
1,1,0.99999964
1,1,0.99999976
1,1,0.99999976
1,1,0.99999976
0,1,0.9999938
1,1,0.99999964
1,1,0.99999976
1,1,0.99999034
1,1,0.99999976
1,1,0.9999988
1,1,0.99999964
1,1,0.99999976
1,1,0.9999975
1,1,0.99999475
1,1,0.9999975
0,1,0.9999939
1,1,0.99999976
1,1,0.99999976
1,1,0.99999976
1,1,0.9999906
1,1,0.99999964
0,0,3.2728237e-06
1,1,0.99999964
1,1,0.99999774
1,1,0.99999976
0,0,0.00040067316
1,1,0.999998
1,1,0.99999976
1,1,0.99999905
1,1,0.99999964
1,1,0.99999976
1,1,0.9999993
1,1,0.99999976
1,1,0.99999976
1,1,0.99999976
0,1,0.9999958
0,0,3.2022857e-05
1,1,0.99999344
1,1,0.99999976
1,1,0.9999964
0,1,0.9999925
1,1,0.9999993
1,1,0.99999964
1,1,0.9999995
1,1,0.9999995
0,0,3.0047681e-06
1,1,0.9999995
1,1,0.9999976
1,1,0.999997
0,0,7.882795e-06
1,1,0.9999981
1,1,0.99999976
1,1,0.99999976
1,1,0.99999976
1,1,0.99999976
1,1,0.99999964
0,1,0.9986934
1,1,0.99999976
1,1,0.9999995
1,1,0.99999976
1,1,0.99999976
1,1,0.99999976
1,1,0.99999976
1,1,0.99999976
1,1,0.99999976
1,1,0.99999857
1,1,0.99991536
1,1,0.9999987
1,1,0.999982
1,1,0.9999995
1,1,0.99999976
1,1,0.99999964
1,1,0.99999976
0,0,4.8557584e-05
1,1,0.99999976
1,1,0.99999964
1,1,0.9999944
1,1,0.99999976
1,1,0.99999976
1,1,0.99999535
0,0,6.6472785e-05
1,1,0.99999964
1,1,0.99999976
1,1,0.99999976
1,1,0.99999976
1,1,0.9999994
1,1,0.9999603
1,1,0.99999976
1,1,0.99999976
1,0,2.1025924e-05
1,1,0.99999964
1,1,0.99999976
1,1,0.9999982
1,1,0.99999964
1,1,0.99999976
1,1,0.99999964
1,1,0.99999976
1,1,0.99999976
1,1,0.9999989
1,1,0.99999976
1,1,0.99999976
1,1,0.99999964
0,0,9.670732e-05
1,1,0.99999917
1,1,0.99999976
1,1,0.99999905
1,1,0.999997
1,1,0.99999976
1,1,0.99999845
1,1,0.99999976
1,1,0.99999976
1,1,0.99999964
1,1,0.99999976
1,1,0.99999976
1,1,0.99999976
1,1,0.99999964
1,1,0.9999615
1,1,0.99999976
1,1,0.99999964
1,1,0.9999994
1,1,0.99999964
1,1,0.99999976
1,1,0.9999956
1,1,0.9999995
1,1,0.99999976
1,1,0.99999976
1,1,0.99999976
1,1,0.99999976
1,1,0.99999774
1,1,0.99999404
1,1,0.99999964
1,1,0.99999976
1,1,0.9999958
1,1,0.99999976
1,1,0.9999995
1,1,0.9999995
1,1,0.99999976
1,1,0.99999964
1,1,0.9999995
1,1,0.99999976
1,1,0.99999976
1,1,0.99999976
1,1,0.9999995
1,1,0.99999964
1,1,0.99999976
1,1,0.99999976
1,1,0.9999995
1,1,0.99999905
1,0,0.011081588
1,1,0.99999964
1,1,0.99999976
1,1,0.99999964
1,1,0.9999993
1,1,0.99999964
0,0,5.95686e-06
1,1,0.9999989
1,1,0.99999976
1,1,0.99999976
1,1,0.99999976
1,1,0.99999976
1,1,0.99999964
1,1,0.99999976
1,1,0.99999976
0,1,0.9808926
1,1,0.99999976
1,1,0.99999976
1,1,0.99999976
1,1,0.99999857
1,0,0.008548727
1,0,0.0005906119
1,1,0.99999976
1,1,0.99999976
1,0,5.0583083e-05
1,1,0.999998
1,1,0.9999981
1,1,0.9999994
1,1,0.99999976
1,1,0.99999976
1,1,0.9999994
1,1,0.9999628
1,1,0.99999976
1,1,0.99999976
1,1,0.99999976
1,1,0.9999995
0,1,0.9999988
1,1,0.99999964
1,1,0.99999976
1,1,0.99994254
1,1,0.99999976
1,1,0.9999993
1,1,0.99999964
1,1,0.99999976
1,1,0.99999666
1,1,0.99999785
1,1,0.99999964
1,1,0.99999964
1,1,0.99999976
1,1,0.99999976
1,1,0.99999917
1,1,0.9999958
1,1,0.99999976
1,1,0.99999976
1,1,0.9999988
1,1,0.99999976
1,1,0.99999964
1,1,0.99999976
1,1,0.99999964
1,1,0.99999964
1,1,0.99999976
0,0,2.8420916e-06
1,1,0.99999976
0,0,1.32134455e-05
1,1,0.99999976
1,1,0.9999993
1,1,0.99999976
1,1,0.99999285
1,1,0.99999976
1,1,0.99999976
1,1,0.9999994
0,0,5.241041e-06
1,1,0.9999969
1,1,0.99999976
1,1,0.99999964
1,1,0.99999976
1,1,0.99999976
1,1,0.9999963
1,1,0.99999976
1,1,0.99999964
1,1,0.99999976
1,1,0.99999976
1,1,0.99999976
1,1,0.99999976
1,1,0.99999964
1,1,0.99999976
1,1,0.9999995
1,1,0.99999976
1,1,0.99999976
1,1,0.99999976
1,1,0.99999976
1,1,0.99999785
1,1,0.99999964
0,1,0.9999974
1,1,0.99999976
1,1,0.9999883
1,1,0.9999995
1,1,0.99999976
1,1,0.99999964
1,1,0.99999976
1,1,0.99999976
1,1,0.99999976
1,1,0.99999976
1,1,0.99999356
1,1,0.99999976
1,1,0.99999976
0,0,2.941136e-05
1,1,0.99998474
0,1,0.99811816
1,1,0.99999976
1,1,0.99999976
1,1,0.9999039
1,1,0.99999964
1,1,0.99999976
1,1,0.99999964
1,1,0.9999993
1,1,0.99999964
1,1,0.99999976
1,1,0.99999976
1,1,0.99884427
1,1,0.99988496
0,0,1.9634486e-05
1,1,0.99999976
1,1,0.99999964
1,1,0.99997795
1,1,0.999998
0,1,0.9999982
1,1,0.99999523
1,1,0.99999976
0,0,9.280565e-06
1,1,0.99999964
1,1,0.99999964
1,1,0.99999964
0,1,0.99977154
0,1,0.99045897
1,1,0.99999964
1,1,0.99999976
1,1,0.99999976
0,0,0.000100798745
1,1,0.99999976
1,1,0.99999976
1,1,0.99999976
1,1,0.99999976
1,1,0.99999976
1,0,0.0003443266
1,1,0.99999917
1,1,0.9999956
1,1,0.99999976
1,1,0.9999964
1,1,0.999998
1,1,0.99999976
1,1,0.99999833
1,1,0.99999964
0,0,6.1051745e-05
1,1,0.99999964
1,1,0.99999976
1,1,0.99999964
1,1,0.99999976
1,1,0.9999995
1,1,0.99999964
1,1,0.99999964
0,0,1.651461e-05
1,1,0.999998
1,1,0.99999857
1,1,0.99999976
1,1,0.99999964
0,0,0.00011300247
1,1,0.99999976
1,0,3.7276284e-05
1,1,0.99999964
0,0,9.8853845e-05
1,0,0.0041403533
1,1,0.99999785
1,0,0.09145458
1,1,0.99999976
1,1,0.99999976
0,0,6.199005e-06
1,1,0.99999976
1,1,0.99999917
1,1,0.99999964
1,1,0.99999964
1,1,0.99999917
1,1,0.99999976
1,1,0.99999976
0,0,5.2808223e-06
1,1,0.99999964
1,1,0.99999905
1,1,0.9999995
1,1,0.99999976
1,1,0.99999976
1,1,0.99999964
1,1,0.9999993
1,1,0.99999964
1,1,0.87245315
1,1,0.9999949
0,1,0.99973303
1,1,0.99999976
1,1,0.99999976
1,1,0.9999995
0,0,7.72349e-06
1,1,0.99999976
1,1,0.99999976
1,1,0.99999976
1,1,0.99999976
1,1,0.99999976
1,1,0.99999976
1,1,0.99999976
1,1,0.99999976
1,1,0.99999976
1,1,0.9999963
0,1,0.96425855
1,1,0.99999976
1,1,0.99999976
1,1,0.99999976
1,1,0.9999989
1,1,0.99999976
1,1,0.9999994
1,1,0.99999976
0,0,9.95149e-06
1,1,0.99999976
1,1,0.9999994
0,0,2.8892477e-05
1,1,0.9999994
1,1,0.99999976
0,0,6.441395e-05
1,1,0.99999976
1,1,0.9999994
0,0,1.2534632e-05
1,1,0.99999976
1,1,0.99999976
1,1,0.9999957
1,1,0.99999976
0,1,0.97697735
1,1,0.99999976
0,1,0.999998
1,1,0.99999964
1,1,0.99999964
1,1,0.9999994
1,1,0.99999976
1,1,0.99999905
1,1,0.99999976
1,1,0.9999995
0,0,1.8019176e-05
1,1,0.99999976
0,1,0.9999962
1,1,0.99999964
1,1,0.99999964
1,1,0.99999976
1,1,0.99999976
1,1,0.99999976
1,1,0.99999964
1,1,0.99999976
1,1,0.99999976
1,1,0.99999976
1,1,0.9999995
0,0,6.5453733e-06
1,1,0.99999964
1,1,0.99999976
1,1,0.99999964
1,1,0.99999964
1,1,0.9999975
1,1,0.9999988
0,1,0.9999993
1,1,0.9999993
1,1,0.9999995
1,1,0.9999995
0,1,0.99996173
1,1,0.99999964
1,1,0.99999976
0,1,0.99934703
1,1,0.99999976
1,1,0.99999976
1,1,0.99999976
1,1,0.99999976
1,1,0.99999976
1,1,0.999998
0,1,0.9999968
1,1,0.99999964
1,1,0.99999976
1,1,0.99999607
1,1,0.99999976
1,1,0.99999857
1,1,0.99999976
1,1,0.99999964
1,1,0.9999993
1,1,0.99999976
1,1,0.99999976
1,1,0.99999976
0,0,4.521891e-06
1,1,0.99999976
1,1,0.9999279
1,1,0.99999976
1,1,0.99999976
1,0,9.7542994e-05
1,1,0.99999976
1,1,0.999998
1,1,0.99999976
1,1,0.99999976
1,1,0.99999976
1,1,0.99999976
1,1,0.99999976
1,1,0.99999964
1,1,0.99999976
1,1,0.99999976
1,1,0.9999989
1,1,0.99999976
1,1,0.99999976
1,1,0.99999964
1,1,0.9999994
1,1,0.9999846
1,1,0.99999976
1,1,0.99999976
1,1,0.9999995
0,0,0.00052251486
1,1,0.99999976
1,1,0.99999976
1,1,0.99999976
0,1,0.99999297
1,1,0.99999845
1,1,0.99999964
1,1,0.99999976
1,1,0.99999976
1,1,0.99999976
0,1,0.99999464
0,0,2.4030429e-05
1,1,0.99999976
1,1,0.99999976
1,1,0.9999995
1,1,0.99999976
1,1,0.99999976
1,1,0.99999976
1,1,0.99999976
1,1,0.99999535
1,1,0.99999964
1,1,0.9203942
1,1,0.9999994
1,1,0.9999974
1,1,0.99999404
0,0,4.726447e-06
1,1,0.99999976
1,1,0.99999976
1,1,0.99999976
1,1,0.9999964
1,1,0.99999976
1,1,0.99999917
1,1,0.999998
1,1,0.99999964
1,1,0.9999981
1,1,0.99999976
0,1,0.99999535
1,1,0.99999976
1,1,0.99999976
1,1,0.99999976
1,1,0.99999964
0,1,0.9999943
1,1,0.99999976
1,1,0.9999987
1,1,0.99999976
1,1,0.9999994
1,1,0.99999976
1,1,0.99999976
1,1,0.99999964
1,1,0.99999976
1,1,0.9999893
1,1,0.99999964
1,1,0.99999976
1,1,0.99999976
1,1,0.99999976
1,1,0.9920513
1,1,0.9999995
1,1,0.99999976
1,1,0.99999976
1,1,0.99999905
1,1,0.99999976
1,1,0.99998534
1,1,0.9999974
1,1,0.99999976
1,1,0.99999964
1,1,0.99999976
0,1,0.9939137
1,1,0.99999976
1,1,0.9999988
1,1,0.99999976
1,1,0.9999995
1,1,0.99999976
0,0,9.132094e-06
1,1,0.99999964
1,1,0.99999976
1,1,0.99999976
0,1,0.9999989
0,1,0.999995
1,1,0.99999976
0,0,4.497454e-06
1,1,0.9999814
1,1,0.99999976
1,1,0.99999976
0,1,0.99999845
1,1,0.99999976
1,1,0.99999976
1,1,0.9999994
0,0,7.528593e-06
0,1,0.99996686
1,1,0.99999964
1,1,0.9999995
1,1,0.99999976
1,1,0.99999976
1,1,0.99999976
1,1,0.99999976
1,1,0.99999976
1,1,0.99999976
1,1,0.99999964
1,1,0.99999976
1,1,0.99999964
1,1,0.9999994
1,1,0.99999976
1,1,0.99999976
1,1,0.99999976
0,0,0.00027926153
0,0,2.9597712e-05
1,1,0.9999945
1,1,0.99999976
1,1,0.99999976
1,1,0.99999976
1,1,0.9999963
1,1,0.99999976
1,1,0.99999976
0,1,0.99996686
1,1,0.99999905
1,1,0.99999976
1,1,0.99999976
1,1,0.54843026
1,1,0.99999976
1,1,0.99999976
1,1,0.99999964
1,1,0.9999995
1,1,0.9999949
1,1,0.99999964
1,1,0.99999964
0,1,0.9988431
1,1,0.9484983
0,0,0.0086956965
0,1,0.9999888
1,1,0.9999995
1,1,0.9999994
1,1,0.99999905
1,1,0.99999976
1,1,0.99999976
1,1,0.99999964
1,1,0.99999857
0,0,2.5481077e-05
1,1,0.99999976
1,1,0.99999976
0,1,0.99999714
1,1,0.9999995
1,1,0.99999976
0,0,0.00038911783
1,1,0.9999969
1,1,0.99999976
1,1,0.99999976
1,1,0.99999976
1,1,0.99999976
1,1,0.99999547
1,1,0.99999976
1,1,0.99992454
0,1,0.99995387
1,1,0.99999976
0,0,3.8201197e-05
1,1,0.99999976
1,1,0.99999344
1,1,0.99999976
1,1,0.99999475
1,1,0.9999995
1,1,0.99985886
0,0,0.00017151936
1,1,0.99999964
1,1,0.99999976
1,1,0.99999976
1,1,0.9999995
1,1,0.99999976
0,0,9.477796e-05
1,1,0.99999297
1,1,0.99999976
1,1,0.99999976
1,1,0.99999976
1,1,0.99999976
1,1,0.99999976
1,1,0.99999976
0,1,0.9999975
1,1,0.99999976
0,0,0.00012896715
1,1,0.9999995
0,0,1.4986409e-05
1,1,0.99999976
1,0,0.19587025
1,1,0.99999976
1,1,0.99999964
1,1,0.99999964
1,1,0.999997
1,1,0.99999976
1,1,0.99999976
1,1,0.99999976
1,1,0.99999833
1,1,0.9999819
1,1,0.99999976
1,1,0.99999964
1,1,0.99999964
1,1,0.99999976
1,1,0.99999964
1,1,0.99999976
1,1,0.99999964
1,1,0.99999976
1,1,0.999997
1,1,0.99999964
1,1,0.99999976
1,1,0.99999964
1,1,0.99999976
1,1,0.99999976
1,1,0.99999976
1,1,0.99999976
1,1,0.99999917
1,1,0.99996185
1,1,0.9999907
1,1,0.99999964
1,1,0.9999964
1,1,0.99999964
0,0,8.682255e-06
1,1,0.99999976
1,1,0.99999976
1,1,0.9999993
1,1,0.99999976
1,1,0.9999995
1,1,0.9999995
1,1,0.99999976
1,1,0.99998903
0,0,8.099335e-06
1,1,0.99999976
1,1,0.99999964
1,1,0.99736184
1,1,0.99999964
1,1,0.99999976
1,1,0.99999976
1,1,0.99999535
1,1,0.99999976
1,1,0.99999976
1,1,0.99999726
1,1,0.99999964
1,1,0.99999964
1,1,0.99999976
1,1,0.99999976
1,1,0.99999976
1,1,0.99999964
1,1,0.99999976
1,1,0.99999976
1,1,0.99999905
1,1,0.9999974
1,1,0.99999595
1,1,0.99999964
1,1,0.99999976
0,0,3.7470563e-05
1,1,0.99999976
0,1,0.99999726
1,1,0.99999976
1,1,0.99999976
1,1,0.99999976
1,1,0.99999976
0,1,0.9984731
0,1,0.999948
1,1,0.99999976
1,1,0.99999976
1,1,0.99999976
1,1,0.99999917
1,1,0.99999976
1,1,0.99999976
1,1,0.99999857
1,1,0.99999917
1,1,0.99999976
1,1,0.99999976
1,1,0.9999982
1,1,0.99934417
1,1,0.99999905
1,1,0.99999976
0,0,1.1632431e-05
0,0,0.4477992
1,1,0.99999964
1,1,0.99999535
0,1,0.9999939
1,1,0.99999976
1,1,0.9999958
1,1,0.99999976
1,1,0.99999976
1,1,0.99999976
1,1,0.99999976
1,1,0.9999951
1,1,0.99999964
1,1,0.99999964
1,1,0.99999964
1,1,0.99999976
1,1,0.99999964
1,1,0.99999976
1,1,0.9999969
1,1,0.9997845
1,1,0.99999976
1,1,0.99999976
1,1,0.9999974
0,0,4.5314055e-06
1,1,0.99999976
1,1,0.9999987
1,1,0.99999976
1,1,0.99999976
1,1,0.99999964
1,1,0.99999964
1,1,0.9999907
1,1,0.99999976
1,0,8.133408e-06
1,0,7.9949195e-06
1,1,0.99999964
1,0,6.023302e-06
1,1,0.99999976
1,1,0.9999995
0,0,0.00031185674
1,1,0.99999964
1,1,0.99999976
1,1,0.99999976
1,1,0.99999976
1,1,0.99999976
0,0,1.0403448e-05
1,1,0.99999976
0,0,6.3534158e-06
1,1,0.99999964
0,0,1.9800616e-05
0,0,5.0032513e-06
1,1,0.9999957
1,1,0.9999993
1,1,0.99999964
1,1,0.99999964
1,1,0.9999994
1,1,0.99999964
1,1,0.99999976
1,1,0.99999917
1,1,0.99999976
1,1,0.9999974
1,1,0.99999964
1,1,0.9999932
1,1,0.99999976
1,1,0.99999964
1,1,0.99999976
1,1,0.99999976
0,0,6.626399e-06
1,1,0.99999976
1,1,0.99999976
1,1,0.99999964
0,0,2.0284067e-05
1,1,0.9999994
1,1,0.99999976
1,1,0.99999976
1,1,0.99999976
1,1,0.99999976
1,1,0.99999976
1,1,0.9999994
1,1,0.99999976
1,1,0.99999976
1,1,0.99999976
0,1,0.9997012
0,1,0.9999708
1,0,0.00020633059
1,1,0.999998
1,1,0.99999905
1,1,0.99999976
1,1,0.99999976
1,1,0.99999964
0,0,1.1729502e-05
0,0,3.5063826e-05
0,0,5.829024e-06
1,1,0.99999964
1,1,0.99999976
1,1,0.99999976
1,1,0.9999993
1,1,0.99999976
1,1,0.9999974
1,1,0.9999659
1,1,0.9999989
1,1,0.99999976
1,1,0.99999857
1,1,0.99999976
1,1,0.99999964
1,1,0.99999976
1,1,0.99999964
1,1,0.99999976
1,1,0.9999851
1,1,0.9999995
1,1,0.99999976
1,1,0.9999931
1,1,0.99999976
1,1,0.99999964
1,1,0.99997175
1,1,0.9999962
1,1,0.999984
1,1,0.99994206
1,1,0.99999976
1,0,0.0022846905
1,1,0.9999994
1,1,0.99999976
1,1,0.99999964
1,1,0.99999964
1,1,0.99999976
1,1,0.99999976
1,1,0.99999976
1,1,0.99999976
0,1,0.9656451
1,1,0.99999976
1,1,0.99999976
1,1,0.99999964
1,1,0.99999976
0,0,7.00505e-05
1,1,0.9999832
1,1,0.99999976
1,1,0.99999976
1,1,0.99999976
1,1,0.99999976
0,0,3.9245924e-06
1,1,0.99999976
0,1,0.999962
1,1,0.99999964
1,1,0.99999976
1,1,0.99999976
0,0,3.871431e-06
1,1,0.99999964
0,0,3.9446724e-05
1,1,0.99999976
1,1,0.99999964
1,1,0.99999976
1,1,0.99999964
1,1,0.99999976
1,1,0.99999976
1,1,0.99999964
1,1,0.9999995
1,1,0.99999976
1,1,0.9999987
1,1,0.9999995
1,1,0.9999993
1,1,0.99999976
1,1,0.9999924
1,1,0.99999976
1,1,0.99999976
0,1,0.9994789
1,1,0.99999976
1,1,0.99999964
1,1,0.99999976
1,1,0.99999976
1,1,0.99999976
1,1,0.99999976
1,1,0.9999995
1,1,0.9999993
1,1,0.99999976
1,1,0.99999976
0,1,0.9996575
1,1,0.99999964
1,1,0.99999976
1,1,0.999997
1,1,0.99999714
1,1,0.9999975
1,1,0.9999988
1,1,0.99999976
1,1,0.99999976
1,1,0.99999976
1,1,0.999998
1,1,0.99999976
1,1,0.9999995
1,1,0.99999976
1,0,0.00028398784
1,1,0.9999994
1,1,0.99999976
1,1,0.99999976
1,1,0.99999857
1,1,0.99999976
0,0,4.89431e-06
0,0,0.0001038244
1,1,0.9999988
1,1,0.99999785
0,1,0.99996865
1,1,0.99999976
1,1,0.99999976
1,1,0.99999976
1,1,0.8228342
1,0,0.00014886772
1,1,0.99999964
1,1,0.99999964
0,0,0.00038587285
1,1,0.99999964
1,1,0.97307014
0,1,0.99634546
1,1,0.99999976
1,1,0.99999976
1,1,0.99596304
1,1,0.99999976
1,1,0.99999964
0,1,0.9999957
1,1,0.99999976
1,1,0.99999976
1,1,0.99999976
1,1,0.9999995
1,1,0.99999976
1,1,0.9999933
1,1,0.99999976
1,1,0.99999964
1,1,0.99999976
1,1,0.99999976
1,1,0.9999995
1,1,0.9999995
1,1,0.99999976
1,1,0.99999976
1,1,0.99999976
1,1,0.99996793
1,0,7.873434e-06
1,1,0.99999976
1,1,0.99999976
0,0,0.00027164962
1,1,0.99997723
1,1,0.9999994
1,1,0.99999857
1,1,0.99999976
1,1,0.9999989
1,1,0.99999976
1,1,0.99999976
1,1,0.99999976
1,1,0.99999976
1,1,0.99999964
1,1,0.99999976
1,1,0.99999964
1,1,0.99999976
1,1,0.99999976
1,1,0.99999976
1,1,0.99999964
0,0,8.720411e-06
0,0,2.6204358e-05
1,1,0.99999964
1,1,0.99999976
1,1,0.99999976
1,1,0.9999858
1,1,0.9999987
1,1,0.99999976
1,1,0.99999964
1,1,0.99999774
1,1,0.99999976
1,1,0.99999976
1,1,0.99999976
1,1,0.99999976
1,1,0.99999964
1,1,0.9999957
1,1,0.99999976
1,0,0.0006058037
1,1,0.99999976
1,1,0.99999964
1,1,0.99999976
1,1,0.99999976
0,0,6.891041e-06
0,0,2.6048983e-05
1,1,0.99999547
1,1,0.99999714
1,1,0.99999976
0,0,0.00010893202
1,0,0.00064761547
0,1,0.99997675
1,1,0.99999976
1,1,0.99999595
1,1,0.99999964
1,1,0.999998
1,1,0.99999976
1,1,0.99999976
1,1,0.99999976
1,1,0.99999976
1,1,0.99999976
1,1,0.9999856
1,1,0.99999857
1,1,0.99999976
1,1,0.99999976
1,1,0.99999976
1,1,0.99999976
1,1,0.99999964
1,1,0.99999976
0,1,0.9999962
1,0,0.4638541
1,1,0.9999994
1,1,0.99999976
1,1,0.99999833
1,1,0.9999995
1,1,0.99999976
1,1,0.9999994
0,0,6.3227517e-06
1,1,0.99999976
1,1,0.99999964
1,1,0.99999917
1,1,0.9999995
1,1,0.99999964
1,1,0.99999714
1,1,0.99999976
1,1,0.99999917
1,1,0.99999964
0,1,0.9999989
0,0,0.000375274
1,1,0.99999976
1,1,0.99999976
1,1,0.99999416
1,1,0.99999964
1,1,0.9999949
1,1,0.99999976
1,1,0.99999964
1,1,0.99999976
1,1,0.99999976
0,1,0.9962515
1,1,0.99999976
1,1,0.99999976
1,1,0.9999988
1,1,0.9999882
1,1,0.9999995
1,1,0.99999976
1,1,0.9999995
1,1,0.9997695
1,1,0.99999976
1,1,0.9999963
1,1,0.99999607
1,1,0.99999976
1,1,0.99999917
1,1,0.99999976
1,1,0.99999976
1,1,0.99999976
1,1,0.99999964
0,1,0.99948186
1,1,0.99999976
1,1,0.99999976
1,1,0.99999976
1,1,0.99999976
1,1,0.95749545
0,0,0.0004836471
1,1,0.99999976
0,0,2.9397843e-05
0,0,6.9160583e-06
0,1,0.99999475
1,1,0.99999976
1,1,0.99999976
1,1,0.9999994
1,1,0.9999912
1,1,0.99999976
1,1,0.99999976
0,1,0.6489501
1,1,0.99999976
0,0,4.513046e-06
1,1,0.99999976
1,1,0.99999964
1,1,0.99999976
1,1,0.99999964
1,1,0.99999964
1,1,0.99999976
1,1,0.99999964
1,1,0.99999976
1,1,0.99999976
0,1,0.9998934
1,1,0.99999976
1,1,0.99999976
1,1,0.9999938
1,1,0.99999976
0,1,0.9997714
1,1,0.99999905
1,1,0.99999833
1,1,0.9999994
1,1,0.99999976
1,1,0.99999976
0,0,2.7891847e-05
1,1,0.9999976
1,1,0.99999964
1,1,0.99999976
1,1,0.99999964
1,1,0.99999976
1,1,0.99999964
1,1,0.9999995
1,1,0.99999976
1,1,0.99999976
1,1,0.99999976
1,1,0.99999976
1,1,0.99999976
1,1,0.99999964
1,1,0.99999976
1,1,0.99999976
1,1,0.9999981
1,1,0.99999976
1,1,0.99999905
1,1,0.99999976
1,1,0.99999976
1,1,0.9999982
1,1,0.99999976
1,1,0.99999976
1,1,0.99999666
1,1,0.99999964
0,0,5.38866e-06
1,1,0.9999957
1,1,0.99999976
1,1,0.99999976
1,1,0.9999981
0,0,6.1349474e-06
1,1,0.99998605
0,1,0.999987
0,0,0.00024187053
1,1,0.9999995
1,1,0.9999987
1,1,0.99999976
1,1,0.99999714
1,1,0.99999964
1,1,0.99999976
1,1,0.99999654
1,1,0.99999976
0,1,0.9999988
1,1,0.9999995
1,1,0.99999917
1,1,0.99999976
1,1,0.99999976
1,1,0.9999994
1,1,0.99999976
1,1,0.99999976
1,1,0.99999976
0,1,0.99989796
1,1,0.9999981
1,1,0.99999976
1,1,0.99999964
1,1,0.9999995
1,1,0.99999976
0,0,4.2962933e-05
1,1,0.99999976
1,1,0.99999976
1,1,0.99999976
1,1,0.99999976
1,1,0.99997115
1,1,0.99999964
1,1,0.99999964
1,1,0.99999964
1,0,0.0013942291
1,1,0.99999964
1,1,0.99999964
1,1,0.99999964
1,1,0.99999976
1,1,0.99999976
1,1,0.99999976
1,1,0.99999964
1,1,0.99999976
1,1,0.99999976
1,1,0.99999976
1,1,0.99999905
1,1,0.9999989
1,1,0.99999976
1,1,0.99999976
1,1,0.99999976
1,1,0.99999976
1,1,0.99999976
1,1,0.99999976
1,1,0.99999964
1,1,0.9999975
1,1,0.99999833
1,1,0.99999976
1,1,0.99999976
1,1,0.99999976
1,1,0.99999595
1,1,0.99999964
1,1,0.9995535
1,1,0.9999995
1,1,0.99999964
1,1,0.99999523
1,1,0.99999976
1,1,0.99999714
1,1,0.99999976
1,1,0.999995
1,1,0.99999976
1,1,0.99999976
1,1,0.99999976
1,1,0.99999976
1,1,0.9999995
1,1,0.99999976
1,1,0.99999976
1,1,0.99977964
1,1,0.9999995
1,1,0.99999905
1,1,0.99999905
1,1,0.99999976
1,1,0.99999976
1,1,0.99999964
1,1,0.99999917
1,1,0.99999607
1,1,0.99999976
1,1,0.99999964
1,1,0.99999976
1,1,0.9998838
1,1,0.99999976
1,1,0.9999995
1,1,0.9999933
1,1,0.99999976
1,1,0.99999976
1,1,0.99999976
1,1,0.99999964
0,0,5.0560804e-05
1,1,0.99999976
1,1,0.99999964
1,1,0.99999964
1,1,0.99999976
1,1,0.99999976
0,1,0.99906856
0,0,4.5435336e-05
1,1,0.99999976
0,0,3.926429e-05
1,1,0.99999976
1,1,0.99999833
1,1,0.99999976
1,1,0.99999976
1,1,0.99999976
1,1,0.99999976
1,0,1.7551769e-05
1,1,0.99999964
0,0,2.9436922e-05
1,1,0.99999917
1,1,0.99999976
1,1,0.99999976
1,1,0.99999976
1,1,0.99999976
1,1,0.99999964
1,1,0.99999976
1,1,0.99999964
1,1,0.99999976
1,1,0.99999976
1,1,0.99999976
1,1,0.9993556
1,1,0.99999976
1,1,0.99999464
1,1,0.9999995
1,1,0.9999994
0,1,0.99998593
1,1,0.99999976
1,1,0.99999976
1,1,0.99999976
1,1,0.99999964
1,1,0.99999964
1,1,0.9999968
0,1,0.9999989
1,1,0.9999976
1,1,0.9999982
1,1,0.99999976
1,1,0.99999964
1,1,0.99999964
1,1,0.99999976
1,1,0.99999976
1,1,0.99999976
1,1,0.9999974
1,1,0.99999976
1,1,0.9999988
1,1,0.99999964
1,1,0.99999976
1,1,0.99999964
1,1,0.99999976
1,1,0.99999976
1,1,0.99999976
1,1,0.9999956
1,1,0.99999976
1,1,0.99999976
1,1,0.99998665
1,1,0.99999976
0,0,9.775847e-05
1,1,0.9999981
1,1,0.99999976
0,1,0.77057886
1,1,0.99999976
1,1,0.99999964
0,0,2.2191472e-05
1,1,0.9999993
0,1,0.99999166
1,1,0.99999976
1,1,0.99999964
1,1,0.9999057
1,1,0.99999976
1,1,0.99999964
1,1,0.99999964
1,1,0.99999297
1,1,0.99999976
1,1,0.99999976
1,1,0.9999994
1,1,0.999998
1,1,0.99999976
1,1,0.99999964
1,1,0.99999976
1,1,0.99999464
1,1,0.99999976
1,1,0.99999964
1,1,0.99999976
1,1,0.99999976
1,1,0.99999976
1,1,0.99999964
1,1,0.99999976
1,1,0.99999976
1,1,0.9999993
1,1,0.99999964
1,1,0.99999714
1,1,0.99999976
1,1,0.99999857
1,0,2.2458795e-05
1,1,0.99999976
1,1,0.99999976
1,1,0.99999976
1,1,0.9999975
0,0,6.2385684e-06
1,1,0.99999964
1,1,0.99999964
0,0,0.016219147
1,1,0.99999976
1,1,0.9999993
1,1,0.99999964
1,1,0.99999976
1,1,0.99999976
1,1,0.99999976
1,1,0.99999726
1,1,0.99999976
0,0,1.4887964e-05
1,1,0.99999976
0,1,0.999998
1,1,0.99999976
0,0,1.7719682e-05
1,1,0.9999995
1,1,0.99999976
0,1,0.99998677
1,1,0.99999976
1,1,0.9999995
1,1,0.99999976
1,0,3.6283836e-05
1,1,0.99999976
1,1,0.99999976
1,1,0.99999976
1,1,0.99999976
1,1,0.9999982
1,1,0.99999964
1,1,0.99999976
1,1,0.99999917
1,1,0.99999964
1,1,0.99999976
1,1,0.99999917
1,1,0.99999976
1,1,0.99999976
0,1,0.94199026
1,1,0.99999976
1,1,0.99999976
1,1,0.99999976
0,0,3.7983395e-06
0,1,0.9307996
0,0,9.68159e-06
1,1,0.99999976
1,1,0.99999976
1,1,0.99999976
1,1,0.99999964
1,1,0.99999976
1,1,0.99992645
0,1,0.9999733
1,1,0.99999774
1,1,0.99999976
1,1,0.99999964
1,1,0.99999976
1,0,0.03992843
1,1,0.99999964
1,1,0.9999993
1,1,0.9999995
1,1,0.99999964
0,1,0.9954354
1,1,0.99999964
1,1,0.99999976
1,1,0.9999995
1,1,0.99999964
1,1,0.99999976
1,1,0.99999976
1,1,0.99999964
1,1,0.9999995
0,0,1.7599938e-05
0,0,1.292421e-05
1,1,0.99999976
1,1,0.99999976
0,0,4.206643e-06
1,1,0.99999964
1,1,0.99999976
1,1,0.99999976
1,1,0.99999964
1,1,0.99999964
0,0,0.0006377404
1,1,0.99999976
1,1,0.99999964
1,1,0.9999994
1,1,0.9999976
1,1,0.99999976
1,1,0.9999994
1,1,0.99999905
1,1,0.9999243
1,1,0.99999976
1,1,0.99999976
1,1,0.9999995
1,1,0.9999995
1,1,0.99999964
1,1,0.99999964
1,1,0.9999548
1,1,0.99999976
1,1,0.99999976
1,1,0.99999976
1,1,0.99999976
1,1,0.99999976
1,1,0.99999964
1,1,0.99999976
1,1,0.99999976
1,1,0.99999976
0,0,7.5500334e-06
1,1,0.99999976
1,1,0.9997998
1,1,0.99999976
1,1,0.99999976
1,1,0.99999976
1,1,0.99999964
1,1,0.99999976
1,1,0.99999976
1,1,0.9999987
1,1,0.9999995
1,1,0.9999994
1,1,0.99999964
1,1,0.99999976
1,1,0.99999976
1,1,0.9999995
0,1,0.9972223
1,1,0.99999976
1,1,0.99999976
1,1,0.99999964
1,1,0.99999774
1,1,0.99999976
0,1,0.99999785
1,1,0.99999976
1,1,0.99999976
1,1,0.99999976
1,1,0.99999964
1,1,0.99999976
0,1,0.9996412
1,1,0.99999976
1,1,0.99999976
1,1,0.99999964
1,1,0.99999976
0,0,2.1599578e-06
1,1,0.99999964
1,1,0.9999995
1,1,0.99999976
1,1,0.99999976
1,1,0.99999964
1,1,0.99999964
1,1,0.9997633
1,1,0.99999976
1,1,0.9999943
1,1,0.99999774
1,1,0.99999964
1,1,0.99999976
1,1,0.99999976
0,0,6.3437587e-06
0,0,4.8914917e-06
1,1,0.99999976
1,1,0.99999976
1,1,0.99999964
1,1,0.99999976
1,1,0.99999523
1,1,0.99999976
1,1,0.99999976
1,1,0.99999976
1,1,0.9999958
1,1,0.99999976
1,1,0.99999976
1,1,0.99999976
1,1,0.99999964
1,1,0.99999964
1,1,0.99999964
1,1,0.99999976
1,1,0.99999976
1,1,0.99999964
1,1,0.99999976
1,1,0.99999976
1,1,0.99999964
1,1,0.99999976
1,1,0.9999994
1,1,0.99999976
1,1,0.99999976
1,1,0.99999976
1,1,0.99999976
1,1,0.99999976
1,1,0.99999976
1,1,0.9999995
1,1,0.99999976
1,1,0.99999976
1,1,0.9999988
1,1,0.99999976
1,1,0.99999976
1,1,0.9999994
1,1,0.99999785
1,1,0.99999976
1,1,0.99999976
1,1,0.9999913
1,1,0.99999344
1,1,0.99999964
1,1,0.99999976
1,1,0.99999976
1,1,0.99999964
0,1,0.9999958
1,1,0.99999976
1,1,0.93987584
1,1,0.9999994
1,1,0.9999728
1,1,0.99999976
1,1,0.99999976
1,1,0.99999976
1,1,0.99999475
1,1,0.99999976
1,1,0.99999976
1,1,0.99999976
1,1,0.99999964
1,1,0.99999976
1,1,0.9999995
1,1,0.99999976
0,1,0.99963677
0,1,0.9999994
1,1,0.99999976
0,1,0.9963081
1,1,0.9999993
1,1,0.9940369
1,1,0.9999995
1,1,0.93663424
0,0,0.0010201159
1,1,0.99999774
1,1,0.9999995
1,1,0.99999976
1,1,0.9999995
1,1,0.99999356
1,1,0.99999976
1,1,0.99999964
1,1,0.99999976
1,1,0.99992156
1,1,0.99999976
0,0,3.5865676e-05
1,1,0.9999995
1,1,0.9999995
1,1,0.9999994
1,1,0.99999964
1,1,0.99999976
0,0,2.578546e-06
1,1,0.99999964
1,1,0.99999976
1,0,0.00051541306
0,0,4.1881617e-06
1,1,0.99999964
0,1,0.99999297
0,1,0.9999907
1,1,0.9999975
0,0,2.0914791e-05
1,1,0.99999976
1,1,0.9999989
1,1,0.99999976
1,1,0.9992175
1,1,0.99999905
1,1,0.99999964
1,1,0.99999976
1,1,0.9999994
1,1,0.99999976
1,1,0.99999976
1,1,0.99999905
1,1,0.99999964
0,1,0.99998116
1,1,0.99999976
1,1,0.99999964
0,1,0.99992824
1,1,0.99999964
1,1,0.99999535
1,1,0.99999976
1,1,0.99999964
1,1,0.99999964
0,0,8.318649e-06
1,1,0.99999154
0,0,8.545889e-05
1,1,0.99999976
1,1,0.99999976
1,1,0.9999988
1,1,0.99999976
1,1,0.99999964
1,1,0.9999995
1,1,0.99999976
1,1,0.9999988
1,1,0.99999964
1,1,0.99999964
1,0,0.000495636
1,1,0.99999475
0,0,5.046562e-06
1,1,0.99999976
1,1,0.99999976
1,1,0.9999994
1,1,0.99999964
1,1,0.99999976
1,1,0.99999964
1,1,0.9994229
1,1,0.99999964
1,1,0.99999976
1,1,0.99999404
0,0,0.001109081
1,1,0.99999976
1,1,0.99999976
1,1,0.99999964
1,1,0.9999994
0,0,1.7055316e-05
0,0,4.2360266e-06
1,1,0.99999976
1,1,0.9999962
1,1,0.99999976
1,1,0.99999976
1,1,0.99999964
1,1,0.99999976
0,0,0.00025918297
0,1,0.99999917
1,1,0.99999964
1,0,0.00057074096
1,1,0.99999976
1,1,0.99999964
1,1,0.9999987
0,0,0.00068192324
1,1,0.99999964
1,1,0.99999976
1,1,0.99999845
1,0,3.3205735e-05
0,1,0.9999994
0,0,2.3267667e-05
1,1,0.99999976
0,0,3.768238e-06
1,1,0.99999976
1,1,0.99999976
1,1,0.9999995
1,1,0.99999976
1,1,0.9999988
1,1,0.99993086
0,0,5.0741173e-06
1,1,0.99999976
1,1,0.99999976
1,1,0.99999964
0,0,7.3946608e-06
1,1,0.9999989
1,1,0.99999976
1,1,0.99999964
1,1,0.99999976
1,1,0.999997
0,0,1.5132857e-05
1,1,0.99999976
1,1,0.99999964
1,1,0.9999995
1,1,0.9999995
1,1,0.99999964
0,0,8.262356e-06
1,1,0.99999976
1,1,0.99999976
1,1,0.9999988
1,1,0.9999995
1,1,0.99999976
1,1,0.99999976
0,0,1.7782419e-05
1,1,0.99995995
1,1,0.9999975
1,1,0.99999976
1,1,0.99999964
1,1,0.99999344
1,1,0.9999969
1,1,0.9999995
1,1,0.99999976
1,1,0.99999976
1,1,0.99999976
0,0,0.0047517037
1,1,0.9999995
1,1,0.9999927
1,1,0.99999976
1,1,0.9999968
1,1,0.99999976
1,1,0.99999976
1,1,0.9999927
1,1,0.99999976
1,1,0.99999976
1,1,0.99994814
1,1,0.99999976
1,1,0.99999976
0,0,0.0002457436
1,1,0.99999976
1,1,0.99999976
1,1,0.9999814
1,1,0.9999988
0,1,0.99999917
0,0,0.028342847
1,1,0.99999976
1,1,0.99999976
0,0,0.00017052934
1,1,0.99999976
1,1,0.9999988
1,1,0.99999976
0,1,0.99999464
1,1,0.99999976
1,1,0.99999976
1,1,0.99999964
1,1,0.99999976
0,0,9.3727045e-05
1,1,0.99999976
1,1,0.99999976
1,1,0.99999976
1,1,0.99999976
0,1,0.9999968
1,1,0.99999976
1,1,0.9999994
0,0,0.38120285
1,1,0.9999871
1,1,0.9995752
0,1,0.9998617
0,0,3.8532573e-05
1,1,0.99999976
1,1,0.9999993
1,1,0.9999863
1,1,0.99999976
0,0,6.1109175e-05
1,1,0.99999976
0,0,3.2882597e-06
0,0,8.671167e-06
1,1,0.99999976
0,0,5.360567e-06
1,1,0.99999964
1,1,0.9999598
1,1,0.99999964
1,1,0.9999831
1,1,0.99999976
1,1,0.99999833
1,1,0.99999976
1,1,0.99999964
1,1,0.99999976
1,1,0.9105435
1,1,0.99999976
1,1,0.99999976
0,0,4.42414e-06
1,1,0.999998
1,1,0.99999976
1,1,0.99999917
1,1,0.99999976
0,1,0.9999945
1,1,0.99951434
1,1,0.99999964
1,1,0.99999976
0,0,0.0005634425
1,1,0.9999993
1,1,0.99999964
1,0,0.00013789715
1,1,0.99999976
1,1,0.9999988
1,1,0.99999976
1,1,0.99999964
0,0,0.00017600365
1,1,0.99999976
0,0,3.4758927e-05
1,1,0.99999976
1,1,0.99999917
1,1,0.99999976
1,1,0.99999976
1,1,0.9999976
0,0,0.28563368
0,1,0.99988186
1,1,0.99999976
1,1,0.9999968
1,1,0.99999976
1,1,0.99999964
1,1,0.99999964
0,1,0.99999654
1,1,0.99999976
1,1,0.99999976
1,1,0.9999969
1,1,0.99999976
1,1,0.99999964
1,1,0.99999976
1,1,0.99999547
0,1,0.9999752
1,1,0.99999964
1,1,0.99999976
1,1,0.99999964
0,1,0.65977514
1,1,0.99999976
1,1,0.9999989
1,1,0.99999857
0,0,7.873951e-06
1,1,0.99999964
1,1,0.99999976
1,0,1.4165213e-05
1,1,0.99999964
0,0,0.0001380653
1,1,0.9999976
1,1,0.99999833
1,1,0.99999976
1,1,0.99999976
1,1,0.99999976
1,0,0.0015513374
1,1,0.99999964
1,1,0.99999654
1,1,0.99999964
1,1,0.99999964
0,0,0.00061504263
1,1,0.99999964
1,1,0.99999976
1,1,0.99999964
1,1,0.99999976
1,1,0.99999976
1,1,0.99999976
1,1,0.9997799
1,0,1.3931023e-05
1,1,0.99999976
1,1,0.99999976
0,0,9.87079e-06
1,1,0.99999976
1,1,0.99999976
1,1,0.99767154
0,1,0.99867094
1,1,0.99999964
1,1,0.99999976
1,1,0.99999964
1,1,0.99998045
1,1,0.7485856
1,1,0.99999976
1,1,0.99999976
1,1,0.99999917
1,1,0.99999976
1,1,0.9999995
1,1,0.99999964
0,1,0.9978777
1,1,0.9999995
1,1,0.99999976
1,1,0.99999964
1,1,0.99999976
1,1,0.99999976
1,0,0.0024577382
1,1,0.9999995
1,1,0.9998951
1,1,0.99999964
1,1,0.99999976
1,1,0.9999989
0,1,0.99995136
1,1,0.99999976
1,1,0.99999976
1,1,0.99999785
0,0,0.00045371888
1,1,0.99999964
0,0,8.216467e-06
1,1,0.9999974
1,1,0.99999976
1,1,0.99999976
1,1,0.9997876
0,1,0.999998
1,1,0.9999995
1,1,0.99999964
1,1,0.99999976
1,1,0.99999976
1,1,0.99999976
1,1,0.99999976
1,1,0.99999976
1,1,0.99999976
1,1,0.9999976
1,1,0.99999976
0,1,0.854024
1,1,0.9999976
1,1,0.99999976
1,1,0.99999976
1,1,0.9999993
1,1,0.99999976
1,1,0.99999976
1,1,0.99999976
1,1,0.99999976
1,1,0.99999976
0,0,2.7343551e-06
1,1,0.99999976
1,1,0.9999995
1,1,0.9999995
1,1,0.99999964
1,1,0.99999857
1,1,0.99978286
1,1,0.99999976
1,1,0.99999964
1,1,0.99999976
1,1,0.99999964
1,1,0.99999964
1,1,0.99999976
1,1,0.9999906
1,1,0.99999976
1,1,0.99999964
1,1,0.99999595
1,1,0.99999976
1,1,0.99999917
1,1,0.99999976
1,1,0.99999976
1,1,0.9999994
0,0,2.8891596e-05
1,1,0.9999379
1,1,0.99999976
1,1,0.99999976
1,1,0.9999995
1,1,0.99999976
1,1,0.9999943
1,1,0.99999964
1,1,0.99999976
1,1,0.99999964
0,0,0.00046144993
1,1,0.99999976
1,0,0.0045115184
1,1,0.99999976
1,1,0.99999976
0,0,8.968739e-06
1,1,0.99999976
1,1,0.99999964
1,1,0.9999995
1,1,0.8566522
1,1,0.99999976
1,1,0.99999976
1,1,0.99999654
1,1,0.99999976
0,0,9.149529e-06
1,1,0.99999976
1,1,0.99999964
1,1,0.9999981
1,1,0.99999976
1,1,0.99999976
1,1,0.99999964
1,1,0.99999976
1,1,0.9885358
1,1,0.99999964
1,1,0.99999976
1,1,0.9999995
0,1,0.99999714
1,1,0.9999995
1,0,1.1702664e-05
1,1,0.99999964
0,0,1.479664e-05
0,1,0.99998
1,1,0.99999976
1,1,0.99999976
1,1,0.9999994
1,1,0.9971929
1,1,0.99999917
1,1,0.99999976
1,1,0.99999976
1,1,0.99999976
1,1,0.99999976
1,1,0.99999976
1,0,3.485436e-05
1,1,0.99999976
1,1,0.99999964
1,1,0.99999976
1,1,0.99999964
1,1,0.99999976
1,1,0.99999976
0,1,0.9999957
1,1,0.99999964
1,1,0.99999976
1,1,0.99999964
1,1,0.99999976
1,1,0.99999976
1,1,0.99999976
1,1,0.9999888
1,1,0.99999976
1,1,0.99999976
1,1,0.99999964
0,1,0.9998307
0,0,4.2724396e-06
1,1,0.99999964
1,1,0.99999774
1,1,0.9999907
1,1,0.9999964
1,1,0.99999976
1,1,0.99999964
1,1,0.99999976
1,1,0.99999976
1,1,0.99999976
1,1,0.99999976
1,1,0.99999845
0,0,4.044255e-06
1,1,0.99999964
1,1,0.99999976
1,1,0.9999995
1,1,0.99999774
1,1,0.99999964
1,1,0.99999785
1,1,0.9999974
1,1,0.99999976
1,1,0.99999976
1,1,0.99999976
1,1,0.99997973
0,0,5.5057685e-06
1,1,0.99999976
1,1,0.99999964
1,1,0.9999982
1,1,0.99999976
1,1,0.99999964
1,1,0.99999905
1,1,0.99999976
0,1,0.99985147
0,0,1.2860914e-05
1,1,0.99999976
0,0,2.2257154e-05
1,1,0.999997
0,1,0.9984686
1,1,0.99999785
1,1,0.99999976
1,1,0.99999976
1,1,0.9989974
0,0,6.5691925e-06
1,1,0.99999976
1,1,0.99999976
0,0,5.5247556e-06
0,0,6.4520323e-06
1,1,0.99999976
1,1,0.99999976
1,1,0.99999976
0,0,1.6983755e-05
1,1,0.99999976
1,1,0.99999976
1,1,0.9999994
1,1,0.99999976
1,1,0.99999964
1,1,0.99999976
1,1,0.9999994
1,1,0.9999993
1,1,0.9999994
1,1,0.99999976
0,0,7.62105e-06
1,1,0.99999905
1,1,0.99999976
1,1,0.99999976
1,1,0.99999976
1,1,0.99999976
1,1,0.99999976
1,1,0.99999976
1,1,0.99999976
1,1,0.9999995
1,1,0.999998
0,0,2.0660826e-05
1,1,0.99999976
1,1,0.99999976
1,1,0.99999774
1,1,0.99999976
1,1,0.999995
0,1,0.99999297
1,1,0.9999975
1,1,0.99999976
1,1,0.99999976
1,1,0.9999995
0,1,0.9999989
1,1,0.9999994
1,1,0.99999654
1,1,0.99999964
1,1,0.99999964
1,1,0.99999976
1,1,0.99999976
1,1,0.9999938
0,1,0.9976513
1,1,0.999997
1,1,0.99999976
1,1,0.99999964
1,1,0.99999976
1,1,0.99999964
1,1,0.99999976
1,1,0.99999964
1,1,0.99999654
1,1,0.9999963
1,1,0.99999976
0,1,0.99999547
1,1,0.9999957
1,1,0.9999987
0,1,0.99999666
1,1,0.9999994
1,1,0.99999976
1,1,0.99999964
1,1,0.99999976
1,1,0.99999976
1,1,0.99999976
1,1,0.99999785
1,1,0.9999939
0,0,6.5457774e-05
1,1,0.9999995
1,1,0.99999976
1,1,0.99999964
1,1,0.99999976
1,1,0.99999976
1,1,0.99999976
1,1,0.99999976
1,1,0.99999976
1,1,0.99999976
0,1,0.99999046
0,0,5.372357e-05
1,1,0.99999976
1,1,0.9999994
1,1,0.99999976
1,1,0.99999964
1,1,0.99999976
1,1,0.99999976
0,1,0.9999653
1,1,0.9999995
1,1,0.99999976
1,1,0.99999976
0,0,0.1316543
1,1,0.99999297
1,1,0.9999995
1,1,0.99999976
1,1,0.99999964
1,1,0.99999976
1,1,0.99999964
0,0,3.066141e-05
1,1,0.99999976
1,1,0.99999726
1,1,0.99999976
1,1,0.99999964
1,1,0.99999976
1,1,0.99999964
0,1,0.9999995
1,1,0.9999994
1,1,0.99999976
1,1,0.99999976
1,1,0.9999994
1,1,0.99999976
0,0,1.16792835e-05
1,1,0.99999774
1,1,0.99999976
1,1,0.99999964
1,1,0.9999995
1,1,0.99999964
1,1,0.99999976
1,1,0.99999905
1,1,0.9999875
1,1,0.9999994
1,1,0.99999976
1,1,0.99999976
1,1,0.99999964
1,1,0.99999976
1,1,0.99999917
1,1,0.99999857
1,1,0.99999976
1,1,0.9999995
1,1,0.99999976
1,1,0.99999976
1,1,0.9999993
1,1,0.99999976
1,1,0.99999976
0,1,0.9999925
1,1,0.9999994
0,0,1.04811525e-05
1,1,0.99999976
1,1,0.99999976
1,1,0.99999475
1,1,0.99999964
1,1,0.99999976
0,0,0.0006294118
1,1,0.9999982
1,1,0.9999924
0,0,0.0046866024
1,1,0.9999994
1,1,0.99999976
0,1,0.9999968
1,1,0.99999976
1,1,0.99999976
1,1,0.99999976
1,1,0.99999976
1,1,0.99999976
1,1,0.99999976
1,1,0.99999976
1,1,0.99999976
0,0,3.256494e-06
1,0,0.0151465535
1,1,0.99999976
1,1,0.9999982
0,0,0.00020403323
1,1,0.99999976
1,1,0.99999976
1,1,0.99999976
0,0,7.222951e-06
1,1,0.99999964
1,1,0.99961925
1,1,0.99998295
1,1,0.99999976
1,1,0.9999993
1,1,0.9999968
0,0,1.46498005e-05
1,1,0.99999917
1,1,0.99999774
1,1,0.99999964
1,1,0.99999404
1,1,0.99999964
1,1,0.99999976
1,1,0.99999976
1,1,0.9999995
1,1,0.99999964
1,1,0.99999976
1,1,0.99999976
1,1,0.99999964
1,1,0.99999654
1,1,0.9984092
1,1,0.99999976
1,1,0.99999654
1,1,0.99999976
1,1,0.99999785
1,1,0.9999993
1,1,0.99999976
1,1,0.9999987
0,0,1.9182517e-05
1,1,0.99999976
1,1,0.99999976
1,1,0.99999976
0,0,2.310814e-05
1,1,0.99999976
1,1,0.99999976
1,1,0.99999714
1,1,0.99999976
1,1,0.99999976
1,1,0.9999951
1,1,0.99999976
1,1,0.99999976
1,1,0.99999964
1,1,0.99999964
1,1,0.99999964
1,1,0.99999976
1,1,0.99996984
1,1,0.99999976
1,1,0.99999845
0,0,6.093629e-06
1,1,0.99999964
1,1,0.99999976
1,1,0.99999964
0,0,6.3614876e-05
0,0,1.016136e-05
1,1,0.9999995
0,0,0.001439559
1,1,0.99999976
1,1,0.9999989
0,1,0.99999857
1,1,0.99999905
1,1,0.99999976
0,0,1.9188583e-06
1,1,0.99999976
1,1,0.99999976
1,1,0.9999981
1,1,0.99999976
1,1,0.99999607
1,1,0.99999845
1,1,0.9999993
1,1,0.99999976
1,1,0.99999976
1,1,0.9999995
1,1,0.99999964
1,1,0.99999976
1,1,0.99999976
0,0,1.4146272e-05
1,1,0.9999989
1,1,0.9999982
1,1,0.9999963
1,1,0.99999964
1,1,0.99999976
0,0,1.2912063e-05
1,1,0.99999964
1,1,0.99999905
1,1,0.99999964
1,1,0.99999976
0,1,0.99999845
0,1,0.9999987
1,1,0.99999976
1,1,0.99999976
1,1,0.99999905
1,1,0.99999964
0,0,3.720567e-06
1,1,0.99999976
1,1,0.99999976
1,1,0.9999995
1,1,0.9999995
1,1,0.99999976
1,1,0.9999995
1,1,0.9999994
1,1,0.9999995
1,1,0.99999976
0,1,0.9997348
1,1,0.99999976
1,1,0.9999994
1,1,0.9999987
1,1,0.99999964
1,1,0.99999535
1,1,0.99999976
1,1,0.9999639
0,1,0.99999774
1,1,0.9999995
0,1,0.9998766
1,1,0.9999988
1,1,0.99999964
1,1,0.99999976
1,1,0.9996495
1,1,0.99999964
1,1,0.99999976
1,1,0.99999976
1,1,0.99999976
1,1,0.99999964
0,1,0.9999163
1,1,0.99999976
1,1,0.99999964
1,1,0.99999976
1,1,0.9999975
1,1,0.99999976
1,1,0.99999976
1,1,0.99999976
1,1,0.99999976
1,1,0.99999976
1,1,0.99999785
1,1,0.99999976
1,1,0.99999976
0,1,0.9999987
1,1,0.99999976
1,1,0.99999976
1,1,0.99999845
1,1,0.9999982
1,1,0.99999976
1,1,0.99999976
1,1,0.99999964
1,1,0.99999976
1,1,0.99999976
1,1,0.99999976
1,1,0.99999976
1,1,0.99999964
1,1,0.99999964
1,1,0.99999964
1,1,0.99999833
1,1,0.99999976
1,1,0.99999976
1,1,0.99999976
0,0,3.4964637e-06
1,1,0.99754924
1,1,0.9999995
0,0,2.4789151e-05
1,1,0.9999995
0,1,0.9996191
1,1,0.9999981
1,1,0.99999976
1,1,0.99999976
1,1,0.99999976
1,1,0.99999976
1,1,0.99999964
0,0,1.5190318e-05
1,1,0.99999976
1,1,0.99999964
1,0,4.5054563e-05
1,1,0.99999976
1,1,0.99999964
1,1,0.99999976
1,0,3.008309e-06
1,1,0.99999964
1,1,0.99999976
1,1,0.99999976
1,1,0.99999976
1,1,0.9999995
1,1,0.99999964
0,0,0.00024492072
1,1,0.9999976
0,0,3.4104103e-06
1,1,0.9999995
0,0,4.018358e-06
1,1,0.99999976
1,1,0.99999976
1,1,0.99999976
1,1,0.99999964
1,1,0.9999994
1,1,0.99999976
1,1,0.9999994
1,1,0.99999976
1,1,0.99999917
1,1,0.99999964
1,1,0.99999976
1,1,0.9999995
1,1,0.99999976
1,1,0.99999976
1,1,0.9999995
1,1,0.99999976
1,1,0.99999976
1,1,0.99999976
1,1,0.99999976
0,0,2.142618e-05
1,0,0.00026209236
1,1,0.99999654
1,1,0.99999976
1,1,0.99999976
1,1,0.99999976
1,1,0.99997056
1,1,0.99999976
1,1,0.99999905
0,1,0.9999976
1,0,0.01268546
1,1,0.99999976
1,1,0.9999875
1,1,0.99999976
1,1,0.99999964
1,1,0.9999931
1,1,0.9999993
0,0,3.3190852e-06
1,1,0.9999989
1,1,0.99999964
0,1,0.9997824
1,1,0.99999976
1,1,0.99999976
1,1,0.99999964
1,1,0.99999976
1,1,0.99999964
1,1,0.99999976
1,1,0.999998
1,1,0.99999976
1,1,0.9999995
1,1,0.99999976
0,1,0.9999976
1,1,0.99999976
1,1,0.99999976
1,1,0.99999976
1,1,0.99999976
1,1,0.99999964
1,1,0.99999964
1,1,0.9999995
1,1,0.99999976
1,1,0.99999976
1,1,0.9999995
1,1,0.99999976
1,1,0.99999976
1,1,0.9999995
1,1,0.9999995
1,1,0.99999964
1,1,0.99999964
1,1,0.99999976
0,1,0.9985385
1,1,0.99999976
1,1,0.99999964
0,0,2.2644392e-05
0,0,3.5602632e-05
1,1,0.99999976
1,1,0.99999976
1,1,0.99999976
1,1,0.99999654
0,0,0.0018295584
1,1,0.99999976
1,1,0.99999964
1,1,0.9999993
1,1,0.99999976
1,1,0.99999976
1,1,0.99999964
0,1,0.9999926
1,1,0.99999964
1,1,0.99999976
1,1,0.99999976
1,1,0.99999976
1,1,0.99999964
1,1,0.99999976
1,1,0.99999785
1,1,0.9999875
1,1,0.99999976
1,1,0.9999982
1,1,0.99999976
1,1,0.99999976
1,1,0.99999964
1,1,0.9999995
1,0,0.48200062
1,1,0.99999976
1,1,0.99999976
1,1,0.99999917
1,1,0.9999995
0,0,5.5731966e-06
0,1,0.9845333
1,1,0.99999976
0,0,1.0104846e-05
1,1,0.99999976
1,1,0.99999976
0,0,8.038513e-06
1,1,0.9999994
1,1,0.99999964
1,1,0.99999976
1,1,0.9999995
1,1,0.99999976
1,1,0.99999964
1,1,0.99999964
0,1,0.98459977
1,1,0.99999976
1,1,0.99999964
0,1,0.99999964
1,0,2.486515e-05
1,1,0.99999976
0,0,0.0116338115
1,1,0.99997914
1,1,0.999997
1,1,0.99999976
1,1,0.99999976
1,1,0.9999994
1,1,0.9999994
1,1,0.99999785
1,1,0.99999976
1,1,0.99999976
1,1,0.99999976
1,1,0.99999976
1,1,0.99999976
1,1,0.99999976
1,1,0.9999994
1,1,0.99999976
1,1,0.9999987
1,1,0.99999774
1,1,0.9999995
1,1,0.99999964
1,0,1.0390251e-05
1,1,0.99999976
1,1,0.99999976
1,1,0.99999976
1,1,0.99999976
1,1,0.99999976
1,1,0.9999988
1,1,0.99999976
0,0,0.009471637
1,1,0.99999976
1,1,0.99999976
1,1,0.99999976
1,1,0.99999964
1,1,0.99999976
1,1,0.99999845
1,1,0.99999976
1,1,0.99999833
1,1,0.9991474
1,1,0.99999964
1,1,0.99999917
1,1,0.9999943
1,1,0.9999968
1,1,0.99999785
1,1,0.99999976
1,1,0.99999976
1,1,0.99999976
1,1,0.99999976
1,1,0.99999976
1,1,0.99999964
1,1,0.99999976
1,1,0.99998534
1,1,0.99999976
1,1,0.99999976
1,0,0.47442007
1,1,0.99999964
1,1,0.99999976
1,1,0.99999964
1,1,0.99999976
1,1,0.99999917
1,1,0.9999982
1,1,0.99999976
0,0,1.5561664e-05
0,0,0.000106518106
1,1,0.99999976
1,1,0.99999785
0,0,3.1566957e-05
1,1,0.9999995
0,0,2.828175e-05
1,1,0.99999964
1,1,0.99999964
1,1,0.99934286
1,1,0.99992776
1,1,0.9999995
1,1,0.99999976
1,1,0.99999976
0,1,0.85380745
1,1,0.9999956
1,1,0.9999901
1,1,0.9999963
1,1,0.99999976
0,0,8.852127e-05
0,0,1.8368242e-05
1,1,0.99999976
0,0,2.2032098e-05
1,1,0.99999964
1,1,0.99999976
1,1,0.99999976
1,1,0.9999995
1,1,0.999206
1,1,0.9999994
1,1,0.99999976
1,1,0.99999976
0,0,8.645256e-06
1,1,0.99999976
1,1,0.99999976
1,1,0.99999976
1,1,0.99999976
1,1,0.99999976
1,1,0.99999976
1,1,0.99999976
1,1,0.99999976
1,1,0.99999976
1,1,0.999998
1,1,0.99999976
1,1,0.99999976
1,1,0.99999976
1,1,0.99999964
1,1,0.99999976
1,1,0.9999883
1,1,0.99999976
1,1,0.9999989
1,1,0.99999964
1,1,0.99999976
1,1,0.99999976
1,1,0.99999976
1,1,0.99999976
1,1,0.99999976
1,1,0.9999976
1,1,0.99999976
1,1,0.9999993
1,1,0.99999976
1,1,0.99999976
1,1,0.99999976
1,1,0.99999976
1,1,0.99999964
0,1,0.99997866
1,1,0.99999976
1,1,0.99999976
1,1,0.99999976
1,1,0.99997544
1,1,0.99999976
0,1,0.99997675
1,1,0.99999976
1,1,0.99999976
1,1,0.99999976
0,1,0.99999714
0,0,6.1191175e-05
0,1,0.99990094
1,1,0.99999976
1,1,0.99999976
0,1,0.9999807
1,1,0.99999976
1,1,0.99999976
1,1,0.99999976
1,1,0.99999976
0,0,0.070084475
1,1,0.99999964
1,1,0.99999976
1,1,0.99999976
1,1,0.99999976
1,1,0.9977385
1,1,0.99994576
1,1,0.99999964
1,1,0.99999976
1,1,0.9998367
1,1,0.99999964
1,1,0.99999964
1,1,0.9999989
1,1,0.99999976
1,1,0.99999976
1,1,0.99999976
1,1,0.99999976
1,1,0.99999976
1,1,0.9999987
1,1,0.99999976
1,1,0.99999976
1,1,0.999997
1,1,0.99999976
1,1,0.99999964
1,1,0.99999976
1,1,0.99999976
1,1,0.99999976
1,1,0.99998057
0,0,0.00018274138
1,1,0.99999964
0,0,0.00071083126
1,1,0.99999976
0,0,2.0748472e-05
1,1,0.99999976
1,1,0.99999976
1,1,0.9999995
1,1,0.99999976
1,1,0.9999993
1,1,0.99999976
0,0,4.081518e-06
1,1,0.9999982
1,1,0.99999964
1,1,0.9999995
0,0,5.0233652e-06
1,1,0.9999993
1,1,0.99999404
1,1,0.9999995
1,1,0.99999964
1,1,0.9999995
1,1,0.99999976
1,1,0.9999993
1,1,0.99999976
1,1,0.9999995
0,0,1.0311184e-05
1,1,0.99999964
1,1,0.99999976
1,1,0.99999976
1,1,0.99999917
1,1,0.99999964
0,1,0.90535253
1,1,0.99999607
1,1,0.99999917
1,1,0.99999976
1,1,0.99999726
1,1,0.99999976
1,1,0.9999957
0,1,0.99999404
1,1,0.9999994
1,1,0.99999964
1,1,0.9999945
1,1,0.99999976
0,1,0.99975246
1,1,0.99999976
1,1,0.99999976
1,1,0.99999976
0,0,3.6048082e-06
1,1,0.99999976
1,1,0.99999905
1,1,0.9997919
1,0,0.29782474
1,1,0.9999547
0,1,0.99999917
1,1,0.99999976
1,1,0.99999964
1,1,0.9999995
1,1,0.9999975
1,1,0.99963105
1,1,0.99999976
0,0,3.755373e-06
0,1,0.95788336
1,1,0.99999595
1,1,0.99999976
1,1,0.99999976
1,1,0.9999994
0,0,8.108346e-06
1,1,0.99999976
1,1,0.99999964
1,1,0.99999964
1,1,0.9999982
1,1,0.9999932
1,1,0.99999976
1,1,0.99999976
1,1,0.99999976
0,0,4.1643248e-06
1,1,0.99999976
1,1,0.99999976
1,1,0.9999995
1,1,0.99999976
1,1,0.99999976
1,1,0.9999987
1,1,0.9999995
1,1,0.99999964
0,0,1.6053738e-05
1,1,0.99999905
1,1,0.99999976
1,1,0.99990845
1,1,0.99999964
1,1,0.99999976
1,1,0.99999976
1,1,0.9999989
0,0,4.48249e-05
0,0,3.5683395e-05
1,1,0.99999785
1,1,0.9999975
1,1,0.99999976
1,1,0.99999964
1,1,0.9999995
0,1,0.9999956
0,1,0.9999981
1,1,0.99999964
1,1,0.99999976
1,1,0.99999976
1,1,0.9999995
1,1,0.9999995
1,1,0.9999962
1,1,0.9999938
1,1,0.99999976
1,1,0.99999976
1,1,0.99999964
0,0,5.942692e-06
1,1,0.9999962
1,1,0.9996582
1,1,0.99999976
1,1,0.99999976
1,1,0.99999976
0,0,1.0140197e-05
1,1,0.9998981
1,1,0.99999976
1,1,0.99999976
1,1,0.99999976
1,1,0.99999964
1,0,0.00025402365
1,1,0.99999976
0,0,0.02931576
1,0,0.00026434695
1,1,0.99999976
1,1,0.99999976
1,1,0.99997354
0,0,0.00043070872
1,1,0.9998863
1,1,0.99999976
1,1,0.99999654
1,1,0.99999976
1,1,0.99999917
1,1,0.99999976
1,1,0.99999976
1,1,0.99999976
1,1,0.99999976
0,0,3.6970232e-05
1,1,0.99999976
1,1,0.99999964
1,1,0.99999976
1,1,0.9999995
1,1,0.9999995
1,1,0.838127
1,1,0.99999976
1,1,0.99999976
0,1,0.9999924
1,1,0.99999976
1,1,0.99999976
1,1,0.99999976
1,1,0.99999976
1,1,0.9999962
1,1,0.95453054
1,1,0.99999976
1,1,0.99999964
1,1,0.9999007
1,1,0.99999976
1,1,0.99999976
1,1,0.99999964
1,1,0.99999976
1,1,0.99999976
1,1,0.99999976
1,1,0.9999993
1,1,0.9999995
1,1,0.99999976
1,1,0.99999344
1,1,0.99999964
1,1,0.99999976
1,1,0.98875064
1,1,0.99999976
1,1,0.99999833
1,1,0.9999912
0,0,0.0034015793
0,0,2.4933539e-05
1,1,0.99999976
1,1,0.9999995
1,1,0.99999976
1,1,0.9999974
1,1,0.9999995
1,1,0.99999976
1,1,0.99999976
1,1,0.99999976
1,1,0.99999976
1,1,0.9999995
1,1,0.99999976
0,1,0.99999547
1,1,0.9999994
0,0,0.0019308067
1,1,0.99999976
1,1,0.99999976
1,1,0.99999964
1,1,0.9999889
1,1,0.99999976
1,1,0.9990693
1,1,0.9999995
1,1,0.99999964
1,1,0.99999964
0,1,0.9999995
1,1,0.9999994
1,1,0.9999994
1,1,0.99999976
1,1,0.99999964
0,0,4.642378e-06
1,1,0.98918074
1,1,0.99999976
1,1,0.9999584
1,1,0.99999976
1,1,0.99999976
1,1,0.99999964
1,1,0.99999976
1,1,0.99999845
1,1,0.99999964
0,1,0.999977
1,1,0.9999995
1,1,0.99999976
1,1,0.99999964
1,1,0.99999976
1,1,0.99999976
1,1,0.99999976
1,1,0.99999964
1,1,0.99999976
1,1,0.99999964
1,1,0.9999995
1,1,0.99999976
1,1,0.99999905
1,1,0.99999976
0,0,1.8317021e-05
1,1,0.99999964
1,1,0.99999964
1,1,0.99999976
1,1,0.99999976
1,1,0.99999976
1,1,0.99999976
1,1,0.99999976
1,1,0.99999964
1,1,0.9998784
1,1,0.99999976
1,1,0.99999964
1,1,0.9999995
1,1,0.9999994
1,1,0.99999964
1,1,0.99999964
1,1,0.9999995
1,1,0.99999976
1,1,0.99999976
1,1,0.99999976
1,1,0.99999964
1,1,0.9999995
1,1,0.9999993
1,1,0.9999974
1,1,0.99999917
1,1,0.99999976
1,1,0.99999964
1,1,0.99999964
1,1,0.99999905
1,1,0.99880886
1,1,0.99999976
0,1,0.99999654
1,1,0.99999976
1,1,0.99999976
1,1,0.99999976
1,1,0.99999905
1,1,0.99999976
1,1,0.99999964
1,1,0.99999964
1,1,0.999998
1,1,0.9999995
0,0,2.3244376e-05
1,1,0.99999964
0,0,4.738416e-06
1,1,0.99999976
1,1,0.99999976
1,1,0.99999976
1,1,0.99999857
1,1,0.99999964
1,1,0.99999976
1,1,0.99999976
1,1,0.99999976
1,1,0.99999964
1,1,0.9999994
1,1,0.9999994
0,0,1.6291715e-05
1,1,0.9999995
1,1,0.99999976
1,1,0.99999976
1,1,0.99999976
1,1,0.9999926
1,1,0.99999774
1,1,0.9999995
1,1,0.99999964
1,1,0.99999976
1,1,0.99999976
1,1,0.9999995
1,1,0.99999976
1,1,0.9999995
1,1,0.99999785
1,1,0.99999976
1,1,0.9999993
0,1,0.99997556
1,1,0.9999989
0,1,0.99971193
1,1,0.99999976
1,1,0.99999976
1,1,0.99999976
0,1,0.99999547
1,1,0.99999976
1,1,0.99999976
1,1,0.99999905
1,1,0.99999774
1,1,0.99999976
1,1,0.99999964
1,1,0.99999976
0,1,0.99999654
0,0,1.09698485e-05
0,0,1.1050593e-05
1,1,0.99999976
0,1,0.9951096
1,1,0.99999857
1,1,0.99999976
1,1,0.99999917
1,1,0.99999976
1,1,0.647372
1,1,0.9999968
1,1,0.9999995
1,1,0.99999976
1,1,0.99999976
1,1,0.99999976
0,1,0.9999994
1,1,0.9999987
1,1,0.99999976
1,1,0.99999976
1,1,0.99999964
1,1,0.9999958
1,1,0.9999945
1,1,0.99999964
1,1,0.9999988
1,1,0.99999976
1,1,0.9999988
1,1,0.999992
1,1,0.99999976
0,1,0.9999962
1,1,0.9999995
1,1,0.99999976
1,1,0.99999976
1,1,0.9999995
1,1,0.99999964
1,1,0.99999976
0,0,1.1453159e-05
1,1,0.99999976
1,1,0.99999976
1,1,0.99999976
1,1,0.99999976
1,1,0.99998903
1,1,0.99999976
1,1,0.99999964
1,1,0.999997
1,1,0.99999976
0,0,9.790829e-06
1,1,0.9999987
1,1,0.99999964
1,1,0.99999976
1,1,0.9999989
1,1,0.99999976
1,1,0.99999976
1,1,0.9332685
1,1,0.99999976
1,1,0.99999976
0,0,4.626012e-05
1,1,0.99999905
1,1,0.99999976
1,1,0.99999976
1,1,0.99999976
1,1,0.99999976
1,1,0.99999964
1,1,0.99999976
1,1,0.99999976
0,1,0.99995947
1,1,0.99999976
0,1,0.99999964
1,1,0.99999845
1,1,0.9999995
0,1,0.99999833
1,1,0.99999976
1,1,0.99999964
1,1,0.99999976
0,1,0.9818569
1,1,0.99999964
1,1,0.99999964
1,1,0.99999976
1,1,0.99999976
1,1,0.99999964
1,1,0.99999976
1,1,0.99999976
1,1,0.9999995
1,1,0.9999994
1,1,0.9999974
1,1,0.99999976
1,1,0.9999994
1,1,0.99999976
1,1,0.99999976
1,1,0.99999976
1,1,0.99999964
1,1,0.99999976
1,1,0.9999974
1,1,0.99999976
1,1,0.99999976
1,1,0.9999963
0,1,0.9988167
1,1,0.99999976
1,1,0.99999714
0,0,1.292675e-05
1,1,0.99999976
1,1,0.99999976
1,1,0.99999976
1,1,0.99999976
1,1,0.99999964
1,1,0.99955076
1,1,0.99999976
1,1,0.9999995
1,1,0.99999976
1,1,0.99999976
1,1,0.99999976
1,1,0.9999008
0,0,8.477866e-06
1,1,0.99999976
1,1,0.99999976
1,1,0.99999964
1,1,0.999997
1,1,0.99999964
1,1,0.99998736
0,0,1.4065332e-05
1,1,0.99999917
1,1,0.99999976
1,1,0.99999964
1,1,0.99999976
1,1,0.9999995
1,1,0.99999976
1,1,0.9999995
1,1,0.9999865
1,1,0.99999833
1,1,0.99999964
1,1,0.99997985
1,1,0.9999993
1,1,0.99999976
1,1,0.99993336
1,1,0.99999976
1,1,0.99999964
1,0,0.45608807
1,1,0.99999964
1,1,0.99999976
1,1,0.9999994
1,1,0.99999833
1,1,0.99999964
1,0,0.005976726
0,0,0.002023968
1,1,0.99999976
1,1,0.99999976
1,1,0.9999994
1,1,0.99999976
1,1,0.99974555
1,1,0.99999976
1,1,0.9999995
1,1,0.9999994
1,1,0.99999964
1,1,0.99999976
1,1,0.99999976
1,1,0.99999964
1,1,0.99999976
1,1,0.9999994
1,1,0.99999344
0,0,7.666384e-06
1,1,0.99999976
1,1,0.99999976
0,0,0.26404402
1,1,0.99999976
1,1,0.99999964
1,1,0.9999956
1,1,0.99999976
0,1,0.99998915
0,1,0.9999994
1,1,0.99999976
1,1,0.99999976
1,1,0.99999976
1,1,0.99999964
1,1,0.99999976
1,1,0.99999976
1,1,0.99999964
0,0,0.0008116854
1,1,0.99999976
1,1,0.9999993
1,1,0.99999976
1,1,0.99999976
1,1,0.99999976
1,1,0.99999976
1,1,0.99999976
1,1,0.99999976
1,1,0.99999976
1,1,0.99999964
1,1,0.99999964
1,1,0.9999995
1,1,0.99999976
0,0,0.49878502
0,1,0.99969316
1,1,0.99999976
0,0,2.027697e-05
1,1,0.99999976
1,1,0.99999976
1,1,0.99999964
1,1,0.9999405
1,1,0.99999976
1,1,0.99999976
1,1,0.9999993
1,1,0.99999976
1,1,0.99999964
0,0,6.514031e-06
1,1,0.99999964
1,1,0.99999964
1,1,0.9999995
1,1,0.99999976
1,1,0.99999964
1,1,0.99999976
1,1,0.9999995
1,1,0.99999976
1,1,0.99999976
1,1,0.99999976
1,1,0.99999964
1,1,0.99999917
1,1,0.99999976
0,0,0.042748474
1,1,0.9999994
1,1,0.99999976
1,1,0.99999976
1,1,0.99999964
1,1,0.99999976
1,1,0.99999976
1,1,0.99999976
1,1,0.99999976
1,1,0.9999994
1,1,0.99999976
1,1,0.99999976
1,1,0.99999976
1,1,0.99999976
1,1,0.9999988
1,1,0.99999917
0,1,0.9999567
1,1,0.99999976
1,1,0.9999968
1,1,0.9999995
1,1,0.99998355
1,1,0.99999976
0,0,4.8400034e-06
1,1,0.99999976
1,1,0.99999976
1,1,0.99999976
1,1,0.9999987
1,1,0.9999994
1,1,0.99999976
1,1,0.99999976
1,1,0.99999917
1,1,0.99999976
1,1,0.9999783
1,1,0.99999976
1,1,0.99999976
0,1,0.99999774
1,1,0.99999964
1,1,0.99999964
1,1,0.99999976
1,1,0.99999976
1,1,0.9999995
1,1,0.9999994
1,1,0.99999976
1,1,0.9999995
1,1,0.99999976
1,1,0.99999976
0,0,4.5237543e-06
1,1,0.999998
1,1,0.9999995
1,1,0.99999964
1,1,0.99999976
1,1,0.99999964
1,1,0.99999964
1,1,0.9999993
1,1,0.99999964
1,1,0.99999976
0,1,0.9999107
1,1,0.99999976
1,1,0.99999964
1,1,0.9999995
1,1,0.99999976
1,1,0.99999964
1,1,0.99999774
1,1,0.99999976
1,1,0.99999976
1,1,0.9999994
1,1,0.99999976
1,1,0.99999976
1,1,0.99999976
1,1,0.99999964
1,1,0.9999989
1,1,0.99999976
0,0,8.3701825e-06
1,1,0.99999976
1,1,0.9999995
1,1,0.99999976
0,0,3.0142795e-05
1,1,0.9999125
1,1,0.99999976
1,1,0.99999964
1,1,0.99999976
0,1,0.99999607
0,1,0.9999993
1,1,0.9999993
1,1,0.99999976
1,0,7.014737e-05
1,1,0.99999964
1,1,0.99999976
1,1,0.99999976
1,1,0.99999976
1,1,0.99999964
1,1,0.99999976
1,1,0.9999995
1,1,0.75407743
1,1,0.99999976
1,1,0.99999976
1,1,0.99999464
1,1,0.99999976
1,0,4.7971494e-05
1,1,0.99999964
1,1,0.9999951
1,1,0.9999975
1,1,0.9999995
1,1,0.9999994
1,1,0.9999994
1,1,0.99999976
1,1,0.99999976
0,0,5.4842916e-05
1,1,0.99999976
1,1,0.99999976
1,1,0.999997
1,1,0.99999917
1,1,0.99999976
1,1,0.99999785
1,1,0.9999995
1,1,0.9999993
1,1,0.99999964
1,1,0.99999976
1,1,0.99999964
0,0,9.942137e-06
1,1,0.999998
1,1,0.99999976
1,1,0.99999976
0,1,0.99998355
1,1,0.9999993
1,1,0.99999976
1,1,0.99999976
1,1,0.99999976
1,1,0.99999976
1,1,0.99999964
1,1,0.99999774
1,1,0.9999918
1,1,0.99999976
1,1,0.99999964
1,1,0.99999976
0,1,0.9779228
1,1,0.9999981
1,1,0.99999976
1,1,0.99999976
1,0,1.349661e-05
0,0,0.0063360003
1,1,0.99999964
1,1,0.99999964
1,1,0.99999976
1,1,0.99999976
1,1,0.99999964
1,1,0.99999976
1,1,0.9999527
1,1,0.99999976
1,1,0.99999964
1,1,0.99999964
1,1,0.99999976
1,1,0.99999976
1,1,0.9999994
1,1,0.99999976
0,0,5.2709906e-06
1,1,0.99999976
1,1,0.99999976
0,0,2.6615484e-05
1,1,0.99999976
1,1,0.99999976
1,1,0.99999964
1,1,0.9999995
1,1,0.9999982
1,1,0.99999976
1,1,0.99999976
1,1,0.99999726
1,1,0.9999989
1,1,0.99999976
1,1,0.99999976
1,1,0.99999976
1,1,0.99999964
1,1,0.9999995
0,0,0.41537192
1,1,0.99999976
1,1,0.99999964
1,1,0.99999964
1,1,0.99999976
1,1,0.9999993
0,0,0.011316822
1,1,0.99999976
1,1,0.99999857
1,1,0.99999976
1,1,0.99999964
1,1,0.99999976
1,1,0.9999995
0,0,0.003266665
0,1,0.99994826
1,1,0.99999917
1,1,0.99999964
1,1,0.99999976
1,1,0.99999964
1,1,0.99999964
0,0,3.358235e-06
1,1,0.99999976
1,1,0.99999964
1,1,0.99999964
0,1,0.9998086
1,1,0.99999976
1,1,0.99999976
1,1,0.99999976
1,1,0.9999994
1,1,0.99999964
0,1,0.99993193
1,1,0.99999976
1,1,0.99999976
1,1,0.99999976
0,0,1.2217142e-05
0,0,5.662933e-05
1,1,0.99999976
1,1,0.99999976
1,1,0.99999976
1,1,0.9999976
1,1,0.9999994
1,1,0.99999976
1,1,0.99999976
1,1,0.99999905
1,1,0.9999957
1,1,0.99999976
0,0,1.2503198e-05
1,1,0.9999944
1,1,0.99999964
1,1,0.99999976
1,1,0.99999976
1,1,0.9999993
1,1,0.99999976
0,0,2.1547283e-05
1,1,0.99999976
1,1,0.99999976
1,1,0.99999964
1,1,0.99999976
1,1,0.9999995
1,1,0.99999976
1,1,0.9999995
1,1,0.9999995
1,1,0.99999976
1,1,0.99999976
1,1,0.999998
0,1,0.999982
0,0,0.00015843894
1,1,0.99999976
1,1,0.99999976
1,1,0.99999964
1,1,0.99999964
1,1,0.9999994
1,1,0.9999995
1,1,0.99999964
1,1,0.99999976
1,1,0.99999976
0,0,5.317932e-06
1,1,0.99999905
0,0,4.5971315e-06
1,1,0.99999964
1,1,0.99971765
1,1,0.99999976
1,1,0.9957718
1,1,0.99999976
1,1,0.9998066
1,1,0.99999976
1,1,0.99999976
1,1,0.99999976
1,1,0.99999976
0,0,0.00033857863
0,0,0.00078432617
1,1,0.99999976
1,1,0.99999845
1,1,0.99999964
1,1,0.99999917
1,1,0.99999964
1,1,0.99999976
0,0,7.872788e-06
1,1,0.99999964
1,1,0.99999976
1,1,0.99999964
1,1,0.99999845
1,1,0.999995
1,1,0.99999976
1,1,0.9999988
1,1,0.99999976
1,1,0.99999964
1,1,0.99999976
1,1,0.9999982
1,1,0.9999995
0,0,0.0014763676
1,1,0.99999964
1,1,0.9999995
1,1,0.9999994
0,0,8.068066e-06
1,1,0.99999964
0,1,0.9999995
1,1,0.99999976
1,1,0.9999945
1,1,0.99999976
1,1,0.99999964
1,1,0.99999976
1,1,0.99999976
1,1,0.9999994
1,1,0.99999976
1,1,0.99999976
1,1,0.99999857
1,1,0.99999917
1,1,0.99999595
0,0,1.9599764e-05
1,1,0.99999976
0,1,0.9999893
1,1,0.9999975
0,1,0.9999907
1,1,0.9999995
1,1,0.99999464
1,1,0.99999976
0,1,0.9999989
1,0,0.14484835
1,1,0.99999976
1,1,0.9999975
0,1,0.9999801
1,1,0.99999976
1,1,0.9999974
1,1,0.99999964
1,1,0.9999323
0,0,4.0812884e-06
1,1,0.99999964
1,1,0.99999976
1,1,0.99999976
1,1,0.99999976
1,1,0.9999995
1,1,0.999944
1,1,0.99999976
1,1,0.99999976
0,0,6.082377e-06
1,1,0.99999976
1,0,4.883491e-05
1,1,0.99999964
1,1,0.99999976
1,1,0.99999976
1,1,0.99999964
1,1,0.99999976
1,1,0.99999964
1,1,0.99999964
1,1,0.9999995
1,1,0.9999989
1,1,0.99999976
1,1,0.99999976
1,1,0.9999974
1,1,0.99999976
1,0,0.025897542
0,1,0.9999975
1,1,0.99999666
1,1,0.99999964
1,1,0.99999976
0,0,0.00013196595
1,1,0.99999976
1,1,0.99999976
1,1,0.9999993
1,1,0.99999964
1,1,0.99999976
0,0,9.634466e-05
1,1,0.99999976
1,1,0.99999976
1,1,0.99999976
1,1,0.99999976
0,0,9.378927e-05
1,1,0.9999995
1,1,0.99999976
1,1,0.99999964
1,1,0.99999976
1,1,0.99999833
0,0,0.0958348
1,1,0.99999976
1,1,0.9999949
0,0,3.6711448e-05
1,1,0.99999976
0,1,0.9862298
1,0,6.189094e-05
1,1,0.99999976
1,1,0.99999976
1,1,0.99999976
1,1,0.99999964
1,1,0.99999976
0,1,0.99999475
1,1,0.99999964
1,1,0.9999958
1,1,0.99999964
1,1,0.99999976
1,1,0.99960726
0,1,0.9999993
1,1,0.99999976
1,1,0.99999976
1,1,0.9999982
0,1,0.9999317
1,1,0.99999905
1,1,0.99999976
0,0,6.0575085e-06
1,1,0.9999995
1,1,0.99999976
1,1,0.99999976
1,1,0.99999976
1,1,0.99999976
1,1,0.99999964
1,1,0.99999976
1,1,0.99999976
0,0,5.7416314e-06
1,1,0.99999535
1,1,0.99999964
1,1,0.99999976
1,1,0.9999832
0,1,0.9199783
1,1,0.99999964
1,1,0.99998415
1,1,0.99999976
1,1,0.99999964
1,1,0.99999964
1,1,0.99982184
1,1,0.99999976
1,1,0.99999976
1,1,0.9999981
1,1,0.99999976
1,1,0.99999976
1,1,0.9999994
1,1,0.9999807
1,1,0.99999964
0,1,0.9999603
1,1,0.99999976
1,1,0.99999976
1,1,0.99993265
1,1,0.9999982
1,1,0.9999893
1,1,0.99999964
0,0,2.770918e-05
1,1,0.99999976
1,1,0.99999976
1,1,0.9999982
1,1,0.99999976
1,1,0.9999994
1,1,0.9999994
1,0,0.00010397688
1,1,0.99999976
1,1,0.9999993
0,0,0.00079306646
1,1,0.99999976
1,1,0.9999976
1,1,0.9999993
1,1,0.99999976
1,1,0.9999993
1,1,0.99999774
1,1,0.99999976
1,1,0.99999976
0,0,0.010028377
1,1,0.9999784
1,1,0.99999964
1,1,0.99999964
1,1,0.99999976
1,1,0.99999535
1,1,0.99999976
1,1,0.9999956
1,1,0.9993237
1,1,0.99999976
1,1,0.99999976
1,1,0.99999976
1,1,0.99999976
1,1,0.99999964
1,1,0.99999785
1,1,0.9999938
1,1,0.99999964
1,1,0.99999774
1,1,0.9999149
1,1,0.9999962
1,1,0.99998665
1,1,0.99999976
1,1,0.9982206
1,1,0.99999976
1,1,0.99999404
1,1,0.9999988
1,1,0.99999976
0,1,0.9999864
1,1,0.99999964
1,1,0.99999976
1,1,0.99999976
0,0,3.6438032e-05
1,1,0.99999976
1,1,0.99999964
0,0,4.475624e-06
1,1,0.99999964
1,1,0.9999994
1,1,0.99999976
0,0,7.3411975e-05
0,1,0.99994326
1,1,0.99999976
1,1,0.99992573
1,1,0.9999994
1,1,0.99999857
1,1,0.99999976
1,1,0.9999974
1,1,0.99999976
1,1,0.99999964
1,0,4.687815e-06
1,1,0.99999964
0,0,3.3431206e-06
0,1,0.9999993
1,1,0.99999976
1,1,0.99999976
1,1,0.9999987
1,1,0.99999976
1,1,0.99999976
1,1,0.9999993
1,1,0.9999993
0,1,0.9999336
1,1,0.99999976
1,1,0.99999726
1,1,0.99999976
1,1,0.9999995
1,1,0.99999976
1,1,0.99999976
1,1,0.99999964
1,1,0.99999964
1,1,0.9999993
1,1,0.9999982
0,0,4.8717534e-06
1,1,0.99999976
0,0,0.32184225
1,1,0.99999976
1,1,0.99999964
0,1,0.99992394
1,1,0.99999905
1,1,0.99999964
1,1,0.9999993
1,1,0.99999976
1,1,0.99999964
1,1,0.99999976
1,1,0.99999976
1,1,0.9999995
1,1,0.9999995
1,1,0.99999964
1,1,0.99999976
1,1,0.9999995
1,1,0.99999976
1,1,0.99999976
1,1,0.99999964
1,1,0.99999976
1,1,0.99999976
1,1,0.99999976
1,1,0.99999976
0,0,0.00014256392
1,1,0.99999964
1,1,0.99999976
0,1,0.9999808
1,1,0.9999993
1,1,0.99999976
1,1,0.99999976
0,0,1.932985e-05
1,1,0.99999976
1,1,0.99999976
1,1,0.99999976
0,0,2.6658157e-05
1,1,0.99999976
1,1,0.99999964
1,1,0.99999976
1,1,0.99999976
1,1,0.99999976
1,0,7.392579e-05
1,1,0.9999492
1,1,0.99999964
1,1,0.9999995
1,1,0.99999964
0,0,3.0333726e-05
0,0,6.9199905e-06
1,1,0.99999976
1,1,0.99999976
1,1,0.99999976
1,1,0.9999975
1,1,0.99999964
1,1,0.9999995
1,1,0.99999964
1,1,0.99999976
1,1,0.99999964
1,1,0.99999976
0,1,0.99951494
0,1,0.58699393
1,1,0.9997079
0,1,0.9999995
1,1,0.99999976
1,1,0.99999976
0,0,2.3730416e-05
1,1,0.99999976
1,1,0.99999976
1,1,0.99999976
1,1,0.99999976
0,0,9.449817e-06
1,1,0.9999994
1,1,0.99999976
1,1,0.99999976
0,0,0.0055947513
1,1,0.99999976
1,1,0.99999964
1,1,0.99999976
1,1,0.99999976
1,1,0.99999964
1,1,0.9999993
1,1,0.99999976
1,1,0.99999976
0,0,0.00026549998
1,1,0.9999995
1,1,0.99999976
1,1,0.99999976
1,1,0.99999976
1,1,0.99999976
1,1,0.99999964
1,1,0.9999995
1,1,0.99999976
1,1,0.99999833
1,1,0.99999976
1,1,0.99999976
1,1,0.9999995
1,1,0.9999993
1,1,0.99999964
0,1,0.9999914
1,1,0.99999964
1,1,0.99999976
1,1,0.99999833
0,1,0.99999714
1,1,0.99999976
1,1,0.99999964
0,1,0.9999937
1,1,0.9999995
1,1,0.99999976
1,1,0.99999976
1,0,5.3725464e-05
1,1,0.99999976
1,1,0.99999964
1,1,0.99999976
1,1,0.99999964
0,0,0.00016123403
1,1,0.99999976
1,1,0.9999976
1,1,0.99999917
1,1,0.99999976
1,1,0.99999976
1,1,0.99999976
0,1,0.8581494
0,0,8.020733e-06
1,1,0.99999976
1,1,0.99999976
1,1,0.99999964
1,1,0.99999964
1,1,0.99999964
1,1,0.99999976
1,1,0.99999964
0,0,3.2836467e-06
0,1,0.9999956
0,1,0.99999714
1,1,0.99999976
0,0,3.2021424e-05
1,1,0.99999964
1,1,0.99999976
1,1,0.99999976
1,1,0.9998073
1,1,0.99999976
0,0,1.8571007e-05
1,1,0.9999987
1,1,0.99999976
0,1,0.9600859
1,1,0.9999931
1,1,0.99999976
0,1,0.62965477
1,1,0.9999995
0,1,0.9999527
1,1,0.99999976
1,1,0.99999976
1,1,0.99999976
1,1,0.99999976
1,1,0.99999964
1,1,0.99999964
1,1,0.99999714
1,1,0.99999964
1,1,0.9999969
1,1,0.99999976
1,1,0.99999976
1,1,0.9999995
1,1,0.999997
1,1,0.99999964
1,1,0.99999976
1,1,0.99999976
0,1,0.99943477
1,1,0.99999976
1,1,0.9999994
1,1,0.99999976
1,1,0.99999976
1,1,0.99999976
1,1,0.99999976
1,1,0.99999964
1,1,0.99999714
1,1,0.99999976
1,1,0.99999976
1,1,0.9999988
1,1,0.99999976
0,1,0.9982364
1,1,0.9999995
1,1,0.99999964
1,1,0.99999976
0,0,0.0094658695
1,1,0.9999994
1,1,0.99999964
1,1,0.99999976
1,1,0.9999825
1,1,0.99999857
1,1,0.99999976
1,1,0.99999964
1,1,0.9999995
1,1,0.9999989
1,1,0.99997234
1,1,0.9999981
0,1,0.9999634
1,1,0.9999907
1,1,0.99999976
1,1,0.99999976
1,1,0.99999976
1,1,0.99999976
0,0,1.922251e-05
1,1,0.9999995
0,1,0.997001
1,1,0.9999989
0,0,6.8992867e-06
1,1,0.99999976
1,1,0.99999917
1,1,0.9999995
1,1,0.99999976
1,1,0.99999976
0,0,3.7216723e-05
1,1,0.99999964
1,1,0.99999976
1,1,0.99999976
1,1,0.99999976
1,1,0.99998844
1,1,0.99999964
1,1,0.99999976
1,1,0.99999976
1,1,0.99999964
0,1,0.99999845
1,1,0.99999964
0,1,0.9999924
1,1,0.999987
1,1,0.99999976
1,1,0.99999976
0,0,9.3077564e-05
1,1,0.99999976
1,1,0.99999964
1,1,0.99999976
1,1,0.9999957
1,1,0.99999964
1,1,0.9999988
1,1,0.99999964
1,1,0.99999976
1,1,0.99999976
1,1,0.99999964
1,1,0.99999976
1,1,0.99999976
0,1,0.98315066
1,1,0.99995065
1,1,0.99999964
1,1,0.99999964
1,1,0.9999974
1,1,0.99999976
1,1,0.9999987
1,1,0.99999976
1,1,0.99999976
1,1,0.99999976
1,1,0.99998903
1,1,0.99999976
1,1,0.9999995
1,1,0.9999908
1,1,0.99999964
1,1,0.99999976
1,1,0.99999976
1,1,0.9999976
0,0,1.737994e-05
1,1,0.99998784
1,1,0.9999722
1,1,0.99999976
1,1,0.99999964
1,1,0.99999976
1,1,0.99999976
1,1,0.99999976
1,0,9.906512e-06
1,1,0.99999976
1,0,1.3713437e-05
1,1,0.99999976
0,1,0.99508274
1,1,0.99999976
1,1,0.99999976
1,1,0.99999976
1,1,0.99999976
1,1,0.9999987
1,1,0.999998
1,1,0.99999976
1,1,0.99999976
1,1,0.9999995
1,1,0.99999964
1,1,0.99999976
1,1,0.99999964
1,1,0.99999976
1,1,0.99999976
1,1,0.99999785
0,1,0.99990547
1,1,0.99999964
1,1,0.9999982
1,1,0.99999976
1,1,0.99999833
1,1,0.99999976
0,0,4.5301267e-06
0,0,1.8482648e-05
1,1,0.9999964
1,1,0.99999976
1,1,0.99999976
1,1,0.99999976
1,1,0.99999976
1,1,0.99999976
1,1,0.9999995
1,1,0.99999976
1,1,0.9999989
0,0,3.2260127e-06
1,1,0.99999976
1,1,0.99999976
1,1,0.99999976
1,1,0.99999976
1,1,0.99999964
1,1,0.99999714
1,1,0.99999976
1,1,0.99999976
1,1,0.9999995
0,0,2.8110437e-06
1,1,0.99999964
1,1,0.99999976
1,1,0.999998
1,1,0.99999976
1,1,0.99999976
1,1,0.999992
0,0,6.272485e-05
1,1,0.99999976
1,1,0.99999964
1,1,0.99999976
1,1,0.99999976
1,1,0.99999976
1,1,0.99999976
1,1,0.99999964
1,1,0.9999995
1,1,0.99999976
1,1,0.99999917
1,1,0.99999964
1,1,0.9999993
1,1,0.99999976
1,1,0.99999964
1,1,0.9999995
1,1,0.9999995
1,1,0.99999964
1,1,0.99999976
1,1,0.99999976
0,0,1.4609032e-05
1,1,0.99999785
1,1,0.99999976
1,1,0.9995617
1,0,0.00083509024
1,1,0.99999976
1,1,0.99999964
1,1,0.99999964
1,1,0.9999994
1,1,0.99999964
1,1,0.99999976
1,1,0.95063233
1,1,0.99999976
1,1,0.99999964
1,1,0.99999976
1,1,0.99999404
1,1,0.99999964
1,1,0.99999976
1,1,0.99999976
1,1,0.9999995
0,0,9.0704605e-05
1,1,0.999998
1,1,0.99997544
0,0,6.3686903e-06
1,1,0.99999976
1,1,0.9999988
1,1,0.99999964
1,1,0.99999976
1,1,0.99999964
1,1,0.99999976
1,1,0.9999933
1,1,0.99999976
1,1,0.9999993
1,0,0.0001291041
1,1,0.99999964
1,1,0.99999976
1,1,0.99999905
1,1,0.99999976
1,1,0.99999976
1,1,0.9999994
1,1,0.99999964
1,1,0.99999976
1,1,0.99999976
0,1,0.9999914
1,1,0.99999976
1,1,0.9999995
1,1,0.99959
1,1,0.99999976
1,1,0.70771873
1,1,0.99999964
1,1,0.9999995
1,1,0.99999976
1,1,0.99999976
0,0,0.00012640958
1,1,0.99999976
1,1,0.99999964
1,1,0.99999833
1,1,0.99999976
1,1,0.99961394
0,0,1.4975981e-05
1,1,0.9999993
1,1,0.99999976
1,1,0.99999976
1,1,0.9999976
1,1,0.99999976
1,1,0.99999976
1,1,0.99999976
1,1,0.9999217
1,1,0.9999995
1,1,0.99999976
1,1,0.99999976
1,1,0.99999905
0,1,0.9999317
1,1,0.99999976
0,1,0.99995494
1,1,0.99999976
1,1,0.9999944
1,1,0.99999976
0,1,0.9990232
1,1,0.99999976
0,1,0.9999852
0,1,0.9994803
1,1,0.9999995
1,1,0.99999976
1,1,0.99994814
0,0,8.311465e-05
0,1,0.9999988
0,1,0.99999106
1,1,0.99999976
1,1,0.99988747
0,1,0.99998724
1,1,0.99999964
1,1,0.9999819
1,1,0.99999905
1,1,0.99999976
1,1,0.99999976
1,1,0.99999976
1,1,0.9999995
1,1,0.99999976
1,1,0.9999995
1,1,0.99999976
1,1,0.99999976
1,1,0.9999993
1,1,0.99999976
1,1,0.9999995
1,1,0.9999995
1,1,0.9999995
1,1,0.99999774
1,1,0.99999905
0,1,0.98554164
1,1,0.99999964
1,1,0.99999976
1,1,0.99999976
1,1,0.99999964
1,1,0.99999976
1,1,0.9999974
0,0,0.00011769162
1,1,0.99999976
1,1,0.9999989
1,1,0.999992
0,0,5.9317586e-06
0,0,2.0120808e-05
1,1,0.99999976
1,1,0.9999995
1,1,0.99999845
1,1,0.99999976
1,1,0.99999976
1,1,0.99999964
1,1,0.99999976
1,1,0.99999976
0,0,0.00016060034
0,0,0.19808193
1,1,0.99999976
1,1,0.9999993
1,1,0.99999976
1,1,0.99999964
1,1,0.99999964
1,1,0.99999976
1,1,0.99999964
1,1,0.99999976
1,1,0.9999871
1,1,0.9999988
1,1,0.99999964
1,1,0.9999989
1,1,0.99999976
1,1,0.99999976
1,1,0.99999976
1,1,0.99998415
1,1,0.99999964
1,1,0.9999975
1,1,0.99999976
1,1,0.99999976
0,1,0.99999857
1,1,0.99999976
1,1,0.99999976
1,1,0.99999976
1,1,0.99999976
1,1,0.9999974
1,1,0.9999994
1,1,0.99999976
1,1,0.99999905
1,1,0.99999976
0,1,0.99999976
1,1,0.9998877
1,1,0.99999964
0,0,4.6026027e-05
1,1,0.9999995
1,1,0.9999995
0,1,0.9998191
1,1,0.99999976
1,1,0.99999964
1,1,0.99999964
1,1,0.99999964
1,1,0.99999964
0,1,0.99985266
1,1,0.9999995
1,1,0.99999964
1,1,0.99999976
1,1,0.99999964
0,0,2.1809401e-05
1,1,0.999998
1,1,0.99999976
1,1,0.99999976
1,1,0.99999964
1,1,0.99999976
1,1,0.9999995
1,1,0.99999976
1,1,0.99978584
0,1,0.99991345
1,1,0.9999995
1,1,0.99999774
0,0,8.374726e-06
1,1,0.99999976
1,0,0.33495328
1,0,0.3086361
1,1,0.99999976
0,0,6.592013e-05
0,0,0.0003045349
1,1,0.99999976
1,1,0.9999995
0,0,1.6554124e-05
1,1,0.9999989
1,1,0.99999976
1,1,0.99999964
1,1,0.9627036
1,1,0.9999957
1,1,0.99999964
1,1,0.9999994
0,0,0.000548341
1,1,0.99999976
1,1,0.99999976
1,1,0.99999595
1,1,0.99999964
1,1,0.99999976
1,1,0.99999964
0,0,2.3161667e-05
1,1,0.99999964
1,1,0.99999976
1,1,0.99999976
0,0,0.056987863
1,1,0.99999976
0,0,0.38663948
1,1,0.99999976
1,1,0.99999976
1,1,0.99999976
1,1,0.99999976
1,1,0.99999976
1,1,0.9999994
0,0,1.34629045e-05
0,1,0.9999801
0,0,3.4592496e-05
1,1,0.99999976
0,0,0.00017328041
1,1,0.99999976
1,1,0.99999976
1,1,0.99999976
1,1,0.99999964
1,1,0.99999976
1,1,0.99999976
0,1,0.9999386
1,1,0.99999857
1,1,0.99999976
1,1,0.99999976
0,1,0.9999989
1,1,0.99999785
1,1,0.99999976
1,1,0.99999976
1,1,0.99999976
1,1,0.99999726
1,1,0.99999976
1,1,0.99999976
1,1,0.99999917
1,1,0.99999976
1,1,0.99999976
1,1,0.99999976
1,1,0.99999976
1,1,0.99999964
1,1,0.99999785
1,1,0.99999964
0,1,0.9992306
1,1,0.99999976
1,1,0.99999976
1,1,0.99999964
1,0,1.186343e-05
1,1,0.99999917
1,1,0.99999976
1,1,0.99999976
0,1,0.99999774
1,1,0.99999964
1,1,0.99999964
1,1,0.99999964
1,1,0.9999995
0,0,2.430024e-05
1,1,0.9999994
1,1,0.99999976
0,1,0.999997
1,1,0.99999976
1,1,0.99999976
1,1,0.99999976
1,1,0.99999976
1,1,0.9999995
1,1,0.9999976
1,1,0.99999976
1,1,0.99999976
1,1,0.99999976
1,1,0.9999994
1,1,0.99999905
0,1,0.9999981
1,1,0.99999976
1,1,0.99999976
0,1,0.9999759
1,1,0.99999833
1,1,0.99999976
1,1,0.99999976
1,1,0.9999988
1,1,0.99999976
1,1,0.99999976
1,1,0.99999976
1,1,0.9999976
1,1,0.99999964
1,1,0.99999976
1,1,0.9999907
1,1,0.99999964
1,1,0.99999976
1,1,0.99999976
1,1,0.9999993
1,1,0.99999976
1,1,0.99999976
1,1,0.99999964
0,0,0.0007107831
1,1,0.9999995
0,1,0.9999945
1,1,0.99999976
1,1,0.999974
1,1,0.9999902
1,1,0.99999976
1,1,0.99999976
0,0,4.684298e-06
1,1,0.99999976
0,1,0.9999994
1,1,0.9999995
1,1,0.99999976
1,1,0.99999964
1,1,0.99999964
1,1,0.99999976
1,1,0.99999976
1,1,0.99999964
1,1,0.99999964
1,1,0.99999976
1,1,0.99999976
1,1,0.99999976
1,1,0.99999976
1,1,0.99999356
1,1,0.99999976
1,1,0.99999964
1,1,0.99999976
1,1,0.99999976
1,1,0.99999964
1,1,0.99999976
0,0,4.3421796e-06
1,1,0.99999976
1,1,0.9999993
1,1,0.9999995
1,1,0.99999976
1,1,0.99999976
1,1,0.99999976
1,1,0.99999964
0,0,7.429098e-06
1,1,0.99999964
1,1,0.99999964
1,1,0.99999976
1,1,0.99999976
1,1,0.99999976
1,1,0.99999976
1,1,0.9999957
1,1,0.99999976
1,1,0.99999964
1,1,0.99999976
1,1,0.9999987
1,1,0.99999833
1,1,0.9999974
0,0,1.3632594e-05
1,1,0.99999976
1,1,0.9999994
1,1,0.99999976
1,1,0.99999976
0,0,5.840247e-06
1,1,0.99999976
1,1,0.9999975
1,1,0.99999976
1,1,0.9999908
1,1,0.99999976
1,1,0.99999964
1,1,0.99999785
1,1,0.99999976
1,1,0.9999974
1,1,0.9964365
0,1,0.99963
0,0,0.0001590397
1,1,0.9999995
1,1,0.99999857
1,1,0.99998045
0,0,7.1060866e-05
1,1,0.99999976
0,0,9.145699e-06
0,1,0.99999774
1,1,0.99999964
0,1,0.9700776
1,1,0.99999976
1,1,0.99999976
1,1,0.9999982
1,1,0.99999046
1,1,0.99999976
1,1,0.9999976
1,1,0.99997544
1,1,0.99999976
1,1,0.9999994
1,1,0.99999976
0,1,0.9999912
0,1,0.9999863
1,1,0.99999976
1,1,0.99999976
1,1,0.99999976
1,1,0.99999964
1,1,0.99999917
0,0,0.005558255
1,1,0.99999976
1,1,0.9999995
1,1,0.9999989
1,0,0.0013016262
1,1,0.99999976
1,1,0.99999976
1,1,0.9999987
1,1,0.99999845
1,1,0.99999964
1,1,0.99999976
1,1,0.99999976
0,1,0.9999567
1,1,0.99999976
1,1,0.9999993
1,1,0.9999995
1,1,0.99999964
1,1,0.99999964
0,1,0.99999774
1,1,0.99999976
0,0,2.6822427e-06
1,1,0.9999995
1,1,0.99999917
1,1,0.99999976
1,0,0.00015677564
0,1,0.98181814
1,1,0.9999558
1,1,0.99999976
1,1,0.99999976
1,1,0.99999976
0,1,0.9999945
1,1,0.99999654
1,1,0.99999964
1,1,0.9995696
1,1,0.9999994
1,1,0.99999976
1,1,0.99999976
1,1,0.99999976
1,1,0.99999976
1,1,0.99996185
1,1,0.99999964
1,1,0.99999857
1,1,0.99999976
1,1,0.99999976
0,0,1.3544071e-05
0,0,1.2150622e-05
1,1,0.99999964
1,1,0.99079543
1,1,0.99999976
0,0,3.9112078e-05
0,1,0.99999535
0,0,9.164462e-06
1,1,0.9999975
1,1,0.9999993
1,1,0.99999976
1,1,0.99999976
1,1,0.9999962
1,1,0.99999833
1,1,0.99999964
0,1,0.99995863
1,1,0.99999964
1,1,0.99999917
0,0,6.340686e-06
1,1,0.99999917
1,1,0.99999976
1,1,0.99999976
0,0,6.57758e-06
1,1,0.99999774
1,1,0.99999976
1,1,0.9999994
1,1,0.99999917
0,1,0.99999607
1,1,0.99999976
0,1,0.70086485
1,1,0.99999976
1,1,0.99999976
1,1,0.99999976
1,1,0.99999976
1,1,0.99999976
0,0,1.803525e-05
1,1,0.99999976
1,1,0.99999976
1,1,0.99999976
1,1,0.99999976
1,1,0.99999976
1,1,0.99992037
1,1,0.99999976
1,1,0.99999976
1,1,0.99999964
1,1,0.99999976
0,1,0.99999774
1,1,0.99999976
1,1,0.99999607
1,1,0.99999964
0,1,0.98965913
0,0,7.80983e-06
0,0,4.2240295e-06
1,1,0.99999976
1,1,0.99999976
0,0,1.4091405e-05
1,1,0.9999989
1,1,0.99999964
1,1,0.9999995
1,1,0.99999976
1,1,0.99999964
1,1,0.99999976
1,1,0.99999976
1,1,0.99999964
1,1,0.99999976
1,1,0.99999964
0,1,0.9980197
0,0,0.008662132
1,1,0.99999976
1,1,0.9999995
1,1,0.99999964
1,1,0.9999994
1,1,0.99999976
1,1,0.99997437
1,1,0.9998287
1,1,0.99999976
1,1,0.99999964
1,1,0.99999976
0,0,0.0001774065
0,0,0.0037128155
1,1,0.99999976
1,1,0.99999976
1,1,0.99999964
1,1,0.99999976
1,1,0.9999989
0,0,0.00020449462
1,1,0.99999976
1,1,0.99999964
1,1,0.99918765
1,1,0.99999046
0,0,4.6060453e-05
0,1,0.99999297
1,1,0.9999995
0,0,5.161229e-06
1,1,0.99999964
1,1,0.99999857
1,1,0.99999976
1,1,0.9999995
1,1,0.99999964
1,1,0.99999964
1,1,0.99999976
1,1,0.99999964
1,1,0.99999976
1,1,0.9999993
1,1,0.9999994
1,1,0.999972
1,1,0.9999981
1,1,0.99999964
0,0,0.00078500254
1,1,0.999997
1,1,0.99999964
1,1,0.9999988
1,1,0.9999994
1,1,0.99999976
1,1,0.99999976
1,1,0.99999845
1,1,0.99999964
1,1,0.99999166
1,1,0.99999976
1,1,0.99999714
1,1,0.99999976
1,1,0.99999976
1,1,0.99999964
1,1,0.9999994
1,1,0.99999976
0,0,3.8019891e-06
1,1,0.99999964
1,1,0.99999976
0,1,0.99999857
0,1,0.9631609
1,1,0.99999976
1,1,0.99999976
0,0,6.4070377e-06
0,1,0.9947724
1,1,0.99999976
1,1,0.9999988
1,1,0.9999988
1,1,0.99999976
1,1,0.9999994
1,1,0.99999964
0,1,0.9999963
1,1,0.9999994
1,1,0.99999917
1,1,0.9999994
1,1,0.9999981
0,0,0.24325044
1,1,0.99999976
0,0,6.616587e-05
0,1,0.94975805
1,1,0.99999964
1,1,0.99999964
1,1,0.99999976
0,1,0.99999404
1,1,0.99999964
1,1,0.9999995
1,1,0.99999976
1,0,2.5021887e-05
0,0,4.5103916e-05
1,1,0.99999964
1,1,0.99999976
0,1,0.99999857
1,1,0.99999976
1,1,0.9999995
1,1,0.99999976
0,1,0.9998129
1,1,0.9992281
1,1,0.99999976
1,1,0.99999976
0,1,0.99999464
1,1,0.99999654
1,1,0.99999976
1,1,0.9999995
1,1,0.99999964
0,1,0.9999994
1,1,0.99999976
1,1,0.99999976
1,1,0.9999989
1,1,0.9999995
1,1,0.99999976
1,1,0.99999845
1,1,0.99999976
1,1,0.9999994
1,1,0.9999939
1,1,0.99999976
1,1,0.99999976
1,1,0.99999976
1,1,0.99999976
1,1,0.99999785
0,1,0.99998474
1,1,0.9999796
1,1,0.99999976
1,1,0.99999976
1,1,0.99999976
1,1,0.9999728
1,1,0.99999785
1,1,0.99999976
1,1,0.9999993
1,1,0.99999475
1,1,0.99999917
1,1,0.9999994
1,1,0.99999976
1,1,0.99999976
0,0,2.4751122e-05
1,1,0.9999875
1,1,0.99999964
1,1,0.841246
0,1,0.99994326
1,1,0.9999994
1,1,0.99999964
1,1,0.99999976
1,1,0.99999976
1,1,0.99999976
1,1,0.99999976
1,1,0.9999995
1,1,0.99999976
1,1,0.99999964
1,1,0.99999964
1,1,0.99999917
1,1,0.99999964
1,1,0.99999976
0,1,0.9973968
1,1,0.99999964
1,1,0.99999976
1,1,0.9957557
1,1,0.9999976
1,1,0.99999726
1,1,0.99999905
1,1,0.99999976
1,1,0.99999976
1,1,0.99999976
1,1,0.99999976
1,1,0.99999976
1,1,0.99999976
1,1,0.99999976
1,1,0.99999964
1,1,0.99999976
1,1,0.99999976
1,1,0.9999993
1,1,0.99999976
1,1,0.9999995
1,1,0.9999995
1,1,0.99999905
1,1,0.99999964
1,1,0.99999976
1,1,0.99999976
1,1,0.99999976
1,1,0.9999994
1,1,0.99999976
1,1,0.99999964
0,0,1.7038066e-05
1,1,0.99999976
1,1,0.99999976
0,0,0.00016396267
1,1,0.99999976
1,1,0.99999976
0,0,0.0024159923
1,1,0.99999964
1,1,0.99999976
1,1,0.9999993
1,1,0.99999857
1,1,0.99999976
1,1,0.99999964
1,1,0.99999976
1,1,0.9999994
1,1,0.9999995
1,1,0.99999774
1,1,0.99999976
1,1,0.9999995
1,1,0.9999994
1,1,0.99999964
1,0,0.002720351
1,1,0.99999976
1,1,0.99999976
1,1,0.99999976
1,1,0.99999976
1,1,0.99999976
1,0,0.0012867729
1,1,0.9791469
0,1,0.9999912
1,1,0.99999976
1,1,0.99999976
1,1,0.99999976
1,1,0.99999976
1,1,0.9999887
0,1,0.9999857
0,0,3.5922203e-06
1,1,0.9999994
1,1,0.99999976
1,1,0.9999994
1,1,0.9999994
1,0,2.7048427e-05
1,1,0.99999976
1,1,0.99999964
1,1,0.99999964
0,1,0.9999567
1,1,0.99999976
1,1,0.99999976
1,1,0.99999976
0,1,0.99928856
1,1,0.99999964
1,1,0.99999964
1,1,0.99999976
1,1,0.9999994
1,1,0.99999976
1,1,0.99999976
1,1,0.99999976
1,1,0.99999976
0,1,0.9999349
1,0,0.00015768988
1,1,0.99999976
1,1,0.99999976
1,1,0.99999964
1,1,0.99999964
1,1,0.99999976
1,0,4.2172946e-05
0,0,7.5903317e-06
1,1,0.83453214
1,1,0.99999964
1,1,0.9998617
1,1,0.99999976
1,1,0.99999964
1,1,0.99999964
1,1,0.9999994
1,1,0.99999964
0,0,0.004583492
1,1,0.99991155
1,1,0.99999964
1,1,0.99999976
1,1,0.9999943
1,1,0.99999976
0,1,0.96933013
1,1,0.99999976
0,0,1.1137168e-05
1,1,0.99999976
1,0,0.044389825
1,1,0.99999976
1,1,0.9999989
1,1,0.99999976
1,1,0.99999976
1,1,0.99999714
1,1,0.99999976
1,1,0.99999976
1,1,0.99999964
0,0,0.0004175951
1,1,0.9999994
1,1,0.9999993
1,1,0.99999714
1,1,0.99691284
0,0,6.680932e-06
1,1,0.99999976
1,1,0.9999988
1,1,0.99999976
1,1,0.99999976
1,1,0.99999976
1,1,0.99999976
1,1,0.99999917
1,1,0.99999976
0,0,4.8073884e-06
1,1,0.9999995
1,1,0.9999995
1,1,0.99999964
1,1,0.99999905
1,1,0.99999976
0,0,6.9398566e-06
1,1,0.99999976
1,1,0.99999964
1,1,0.999998
1,1,0.999966
1,1,0.99999976
1,1,0.9999993
1,1,0.99999976
1,1,0.9999994
1,1,0.99999976
1,1,0.99999976
0,0,1.0576532e-05
1,1,0.99999964
1,1,0.9999962
1,1,0.99999976
1,1,0.99999964
1,1,0.99999917
1,1,0.99999917
1,1,0.99999964
1,1,0.9999763
1,1,0.99999976
1,1,0.99999964
1,1,0.99997294
1,1,0.99999976
0,1,0.9999995
1,1,0.9999976
1,1,0.99999964
1,1,0.99999964
1,1,0.99999964
1,1,0.9999995
1,1,0.99999976
0,1,0.5389878
1,1,0.99999976
1,1,0.99999976
1,1,0.99999976
1,1,0.99999976
0,0,3.1146203e-05
1,1,0.99999976
1,1,0.99999976
1,1,0.9999882
1,1,0.9999989
1,1,0.9999994
1,1,0.99999976
1,1,0.99999976
1,1,0.99999976
0,1,0.99959666
1,1,0.99999976
1,1,0.99999976
1,1,0.99999976
1,1,0.99999976
1,1,0.99999976
0,1,0.99657816
1,1,0.99999976
0,1,0.9985911
1,1,0.99998176
1,1,0.99999523
0,0,1.6750102e-05
1,1,0.99999976
1,1,0.99999976
1,1,0.99999976
1,1,0.99999976
1,1,0.99999905
1,1,0.99999976
0,1,0.8713338
1,1,0.99999976
0,1,0.9999951
1,1,0.99999857
1,1,0.99999976
1,1,0.99999976
1,1,0.99999976
1,1,0.99999976
0,0,0.000140898
1,1,0.99999964
1,1,0.99999976
1,1,0.99999976
1,1,0.99999726
1,1,0.99999976
0,0,1.017513e-05
1,1,0.9999995
1,1,0.99999976
1,1,0.99999976
1,1,0.99999976
1,1,0.99999976
1,1,0.9999995
1,1,0.99999964
1,1,0.99999976
1,1,0.99999964
1,1,0.99999976
1,1,0.99999785
1,1,0.99997115
1,1,0.99999976
1,1,0.99999976
0,1,0.9999908
1,1,0.99994826
1,1,0.9999982
1,1,0.99999964
1,1,0.99999976
1,1,0.99999976
1,1,0.99999976
1,1,0.99999976
1,1,0.99999976
1,1,0.9999995
0,1,0.99992514
1,1,0.99999976
0,0,7.4765835e-06
1,1,0.9999957
0,0,5.038104e-06
1,1,0.99999976
1,1,0.9999993
0,1,0.99999464
1,1,0.9999988
1,1,0.99999976
1,1,0.9999981
1,1,0.99999976
1,1,0.99999964
1,1,0.99999976
1,1,0.9999995
0,1,0.9991436
1,1,0.99999976
1,1,0.99999976
1,1,0.99999976
0,0,6.5450215e-05
1,1,0.99999976
1,1,0.99999976
1,1,0.99999976
1,1,0.99999976
1,1,0.99999905
0,0,0.3507111
1,1,0.9999995
1,1,0.99999964
1,1,0.99999976
1,1,0.99999976
1,1,0.99999976
1,1,0.99999976
1,1,0.9999988
1,1,0.99999976
0,1,0.99999726
1,1,0.99999964
1,1,0.99999964
1,1,0.99999964
1,1,0.99999976
1,1,0.9999995
1,1,0.99999964
1,1,0.9999583
1,1,0.9999989
0,0,1.2339997e-05
1,1,0.99999976
1,1,0.99999976
1,1,0.99999964
1,1,0.99999964
1,1,0.99999964
1,1,0.9999994
1,1,0.99999976
1,1,0.99999976
0,0,1.167798e-05
1,1,0.99999976
1,1,0.9999943
1,1,0.99999976
1,1,0.9999701
1,1,0.9999597
0,1,0.9984205
1,1,0.99999905
1,1,0.99999976
1,1,0.99999964
1,1,0.99999917
1,1,0.99999976
1,1,0.99999976
1,1,0.99999976
1,1,0.99999976
1,0,0.008494194
1,1,0.9999721
1,1,0.99999976
1,1,0.99999976
1,1,0.99999976
1,1,0.99999976
0,1,0.99992526
1,1,0.99999976
0,1,0.99999547
0,0,0.00096403953
1,1,0.99999976
1,1,0.99999964
1,1,0.99999976
1,1,0.99999976
1,1,0.9999895
1,1,0.9999994
0,1,0.99990547
1,1,0.9999994
0,1,0.99999475
1,1,0.99999976
1,1,0.99999964
0,0,5.461505e-06
1,1,0.99999976
1,1,0.9999993
1,1,0.99999964
0,0,6.5047193e-06
1,1,0.99998486
1,1,0.9999981
1,1,0.9999994
1,1,0.99999976
1,1,0.99999964
1,1,0.99999964
1,1,0.99999976
1,1,0.9999995
0,1,0.99999297
1,1,0.99999976
1,1,0.99999976
1,1,0.99999976
1,1,0.99999774
1,1,0.9999995
0,0,1.9246027e-05
0,1,0.99996436
1,1,0.99999917
1,1,0.9999584
1,1,0.99999976
1,1,0.99999964
1,1,0.99999976
1,1,0.99999976
1,1,0.99999917
1,1,0.99999976
1,0,0.00087139936
1,1,0.99999976
1,1,0.99999976
0,0,0.0032660163
1,1,0.99999905
1,1,0.99999976
1,1,0.9999976
1,1,0.9999993
1,1,0.9999994
1,1,0.9999995
1,1,0.9999931
1,1,0.99999976
1,1,0.99999964
0,1,0.99990726
1,1,0.99999976
1,1,0.9999995
1,1,0.99999976
1,1,0.99999976
1,1,0.99999964
0,0,0.0037880586
1,1,0.99999964
1,1,0.9999995
1,1,0.99999976
1,1,0.99999666
1,1,0.99999976
1,1,0.99999976
1,1,0.99999976
1,1,0.99999964
1,1,0.9999913
1,1,0.99999976
1,1,0.99999976
1,1,0.99999964
1,1,0.99999964
1,1,0.99999976
0,0,0.00873511
0,0,6.440893e-06
1,1,0.99999976
1,1,0.9999995
1,1,0.9999535
1,1,0.99999976
1,1,0.99999976
1,1,0.9999995
1,1,0.99999523
1,1,0.99999976
1,1,0.99999976
1,1,0.99999964
1,1,0.99999976
1,1,0.9999628
0,0,6.9880325e-06
1,1,0.99999976
1,1,0.99999964
1,1,0.9983449
1,1,0.99999976
1,1,0.9999995
1,1,0.99999976
0,1,0.9999975
1,1,0.9999974
0,0,1.0475566e-05
1,1,0.99999964
1,1,0.99999964
1,1,0.99999976
1,1,0.99999964
0,0,6.377147e-05
1,1,0.99999976
1,1,0.9999975
1,1,0.99999976
1,1,0.99999833
1,1,0.99999917
0,0,0.00014618688
1,1,0.99999976
0,0,1.0340902e-05
1,1,0.99996865
1,0,5.3509495e-05
1,1,0.99999964
1,1,0.99999976
1,1,0.99999976
1,1,0.99999976
1,1,0.99999976
1,1,0.99983335
0,0,8.084734e-06
1,1,0.99999976
1,1,0.99999976
1,1,0.99999964
1,1,0.99999976
0,1,0.9999962
1,1,0.99999976
1,1,0.9999548
1,1,0.99999976
1,1,0.9999995
1,1,0.99996614
1,1,0.9980009
1,1,0.9999956
1,1,0.99999964
1,1,0.99999976
1,0,0.00015655634
1,1,0.99999917
1,1,0.99999976
1,1,0.99999976
1,1,0.9999987
1,1,0.99999976
1,1,0.99999976
1,1,0.99999976
1,1,0.99999976
1,1,0.99999976
1,1,0.99999976
1,1,0.999998
1,1,0.99999976
1,1,0.9999987
1,1,0.99999905
1,1,0.99999917
1,1,0.99999976
0,1,0.98982006
1,1,0.99999976
0,0,0.22092465
1,1,0.9999994
1,1,0.9999976
1,1,0.99999976
1,1,0.99999976
1,1,0.99999976
1,1,0.99999976
1,1,0.9999982
1,1,0.99999976
1,1,0.99999976
0,0,0.00025491504
0,1,0.97632116
1,1,0.99999976
1,1,0.99999964
1,1,0.99999976
1,1,0.99999976
1,1,0.99983203
1,1,0.9999937
1,1,0.99999976
1,1,0.99999976
1,1,0.99999976
1,1,0.99999976
1,1,0.99999976
1,1,0.99999964
1,1,0.99999976
1,1,0.99999976
1,1,0.99999976
1,1,0.99935323
1,1,0.99999976
1,1,0.9999994
1,1,0.99999976
1,1,0.99999845
0,1,0.9999944
1,1,0.99999976
1,1,0.99999976
1,1,0.99999976
1,1,0.9999995
1,1,0.9999939
1,1,0.9999964
0,0,5.7814177e-06
0,1,0.9999243
1,1,0.99999976
0,0,0.0013307077
1,0,0.018362304
1,1,0.99999976
1,1,0.99999976
0,0,0.003459114
1,1,0.99999976
1,1,0.99999964
1,1,0.99999964
1,1,0.99999976
0,1,0.9999988
1,0,0.009990425
1,1,0.9999995
1,1,0.99999964
0,0,0.0018359717
0,0,7.964118e-05
1,1,0.99999976
1,1,0.9999994
1,1,0.99999976
1,1,0.9999995
1,1,0.9999995
0,1,0.9999949
1,1,0.99999976
1,1,0.9999274
1,1,0.99999976
1,1,0.99999976
1,1,0.99999976
0,0,8.469445e-06
1,1,0.99999976
1,1,0.9999993
0,1,0.9999938
1,1,0.99999976
1,1,0.99999964
1,1,0.9999995
1,1,0.9999993
1,1,0.9999987
0,1,0.99999905
1,1,0.99999964
1,1,0.9999926
0,1,0.99998474
1,1,0.9999995
1,1,0.99999964
1,1,0.99999976
1,1,0.9999993
1,1,0.99999976
1,1,0.99999976
1,1,0.9999995
1,1,0.99999905
1,1,0.99999964
1,1,0.99999976
1,1,0.99999475
1,1,0.99999964
1,1,0.99999964
1,1,0.99999976
1,1,0.9999267
1,1,0.99999976
1,1,0.99999976
1,1,0.99999976
1,1,0.99999976
1,1,0.99999976
1,1,0.99999976
0,1,0.99553853
1,1,0.99999976
0,1,0.9999982
1,1,0.99999964
1,1,0.9999987
1,1,0.9999995
1,1,0.99999964
1,1,0.99999726
1,1,0.99999976
1,1,0.99999976
0,0,8.975619e-06
1,1,0.9999981
0,1,0.9999862
1,1,0.99999976
1,1,0.99999976
1,1,0.6048617
1,1,0.99999976
1,1,0.99999964
0,0,6.669588e-06
1,1,0.99999976
1,1,0.99999976
1,1,0.99999976
1,1,0.99999833
1,1,0.99999976
1,1,0.99999976
1,1,0.99999964
1,1,0.99999976
1,1,0.99999964
1,1,0.99999976
1,1,0.99999964
0,0,2.8615688e-05
1,1,0.99999964
1,1,0.99999976
1,1,0.999998
1,1,0.99999976
1,1,0.99999964
1,1,0.99999976
1,1,0.99999976
1,1,0.99996984
1,1,0.99999976
1,1,0.9999995
1,1,0.99999976
1,1,0.99999964
1,1,0.9999994
1,1,0.99999976
1,1,0.99999976
0,1,0.9999715
1,1,0.99999976
1,1,0.99999976
1,1,0.9999994
1,1,0.99999964
0,0,1.643008e-05
0,0,1.6357648e-05
1,1,0.99999976
1,1,0.99999976
0,0,5.270443e-06
1,1,0.99999964
1,1,0.9999994
1,1,0.99999964
1,1,0.99999857
1,1,0.99999964
1,1,0.9999995
1,1,0.99999964
1,1,0.99999964
1,1,0.99999976
0,0,0.0017667456
1,1,0.99999976
1,1,0.9999975
0,0,4.753021e-06
1,1,0.99999774
1,1,0.99999976
1,1,0.99999976
1,1,0.99999857
1,1,0.9999994
1,1,0.99999976
1,1,0.99999976
1,1,0.99999976
1,1,0.99999976
0,1,0.9999503
1,1,0.99999976
1,1,0.99999964
0,0,0.0001256333
1,1,0.99999976
1,1,0.99999976
1,1,0.99999964
1,1,0.99999785
0,0,6.0870425e-06
0,0,0.40678355
1,1,0.99999976
1,1,0.99999917
1,1,0.9999932
1,1,0.99999774
1,1,0.99999976
0,0,4.316984e-06
0,1,0.9995455
1,1,0.99999964
1,1,0.99999976
1,1,0.99999976
1,1,0.99999964
1,1,0.99999964
1,1,0.99999976
1,1,0.99999964
1,1,0.99999964
1,1,0.9999987
0,1,0.9999994
1,1,0.99999595
0,0,0.0012047351
1,1,0.99999976
1,0,1.1049013e-05
1,1,0.99999976
0,1,0.999997
1,1,0.9999995
0,0,0.0021692251
1,1,0.9999995
1,1,0.99999976
0,0,9.005172e-06
1,1,0.99999976
1,1,0.99999976
1,1,0.99999976
1,1,0.9978381
1,1,0.99999976
1,1,0.99999976
1,1,0.99999976
1,1,0.99999976
0,0,0.32236248
1,1,0.99999976
1,1,0.9999982
1,1,0.99999976
1,1,0.99999976
1,1,0.9999995
1,1,0.99999845
0,0,0.00024266003
1,1,0.99999976
1,1,0.99999964
1,1,0.99999964
1,1,0.99999976
1,1,0.9999926
1,1,0.9999782
1,1,0.99999976
1,1,0.99999976
1,1,0.99847335
1,1,0.99999785
0,1,0.9998061
1,1,0.99985194
1,1,0.99999964
1,1,0.99995935
1,1,0.99999976
1,1,0.99999976
0,0,7.3124083e-06
1,1,0.9999256
1,1,0.99999976
1,1,0.9999956
1,1,0.99999976
1,1,0.99999976
0,1,0.94975924
1,1,0.99999976
1,1,0.99999964
1,1,0.9999988
0,0,1.6094838e-05
1,1,0.99999857
1,1,0.9999995
1,1,0.99999976
1,1,0.99999976
1,1,0.9999995
1,1,0.99999964
1,1,0.99999976
1,1,0.99999976
1,1,0.99999857
1,1,0.99999976
1,1,0.99999976
0,0,2.76415e-06
0,0,4.0508253e-06
1,1,0.9999993
1,1,0.99999976
0,1,0.99991655
0,1,0.9354305
1,1,0.99999774
1,1,0.9999994
1,1,0.99999976
1,1,0.99999845
1,1,0.99999976
1,1,0.99999976
0,1,0.99999964
1,1,0.9962031
1,1,0.99999976
1,1,0.99999976
0,0,5.893736e-06
1,1,0.99999726
1,1,0.9999981
1,1,0.99999976
1,1,0.99999976
1,1,0.99999154
1,1,0.99999964
1,1,0.99999976
1,1,0.99999976
1,1,0.9999993
1,1,0.99999976
1,1,0.99999964
0,0,0.00094044826
1,1,0.99999964
1,1,0.9999722
1,1,0.9999993
1,1,0.99999976
1,1,0.99999976
1,1,0.9999926
1,1,0.99999964
1,1,0.99999976
1,1,0.99999905
1,1,0.99999976
1,1,0.99999976
1,1,0.99999976
1,1,0.99999976
1,1,0.99999964
1,1,0.99999976
0,0,3.8152193e-05
1,1,0.9999995
1,1,0.99999654
1,1,0.99999964
1,1,0.99999976
1,1,0.99999964
0,1,0.9997551
1,1,0.99999964
1,1,0.9999995
1,1,0.99999976
1,1,0.99999976
1,1,0.99999917
1,1,0.9986651
0,1,0.99999905
1,1,0.99996686
0,0,3.078153e-05
1,1,0.9999956
1,1,0.99999976
1,1,0.99999905
0,1,0.9996282
1,1,0.9999995
1,1,0.9999975
1,1,0.99999976
0,1,0.9999988
1,1,0.99999976
1,1,0.99999976
1,1,0.99999964
1,1,0.99999976
1,1,0.99999976
1,1,0.99999976
1,1,0.99999976
1,1,0.99999785
1,1,0.99999976
1,1,0.99998593
1,1,0.999995
0,0,8.632899e-06
0,0,0.00094189815
1,1,0.99999964
1,1,0.99999976
1,1,0.9999995
1,1,0.99999976
1,1,0.99999976
1,1,0.99999976
1,1,0.99999964
1,1,0.99999964
1,1,0.99999976
1,1,0.99999607
1,1,0.99999976
1,1,0.9999987
0,0,0.00014458431
1,1,0.9999993
1,1,0.9999988
1,1,0.99999976
1,1,0.9999993
0,0,0.02635888
1,1,0.99999964
1,1,0.9999995
1,1,0.9999995
0,1,0.99999344
1,1,0.99999976
1,1,0.99999976
1,1,0.99999976
1,1,0.99999976
1,1,0.99999976
1,1,0.99999106
1,1,0.9999988
1,1,0.99999964
1,1,0.9999995
1,1,0.99999917
1,1,0.99999964
1,1,0.9999969
1,1,0.99998593
1,1,0.99999976
0,0,9.568443e-05
1,1,0.99999964
1,1,0.99999976
1,1,0.9999994
1,1,0.99999976
1,1,0.99999976
0,0,1.3233698e-05
1,1,0.99999976
0,1,0.99999654
1,1,0.99999976
1,1,0.9999995
0,0,2.0371459e-05
1,1,0.99999976
1,1,0.999997
1,1,0.99999976
1,1,0.99999976
1,1,0.99999976
1,1,0.9999975
0,0,1.6564041e-05
1,1,0.99999774
1,1,0.99999964
1,1,0.99999976
1,1,0.99999976
1,1,0.99999976
1,1,0.99999785
1,1,0.9999993
1,1,0.99999964
1,1,0.99999905
0,0,1.778671e-05
1,1,0.99999976
1,1,0.9999995
0,1,0.8652897
1,1,0.99999964
1,1,0.99999964
0,1,0.9998356
1,1,0.99999964
1,1,0.99999976
0,0,0.0003639164
0,1,0.9999578
1,1,0.99999976
1,1,0.99999976
1,1,0.9999995
1,1,0.99999976
1,1,0.99999964
1,1,0.99999976
1,1,0.99999976
1,1,0.99999964
0,1,0.9999994
1,1,0.9999976
0,1,0.9999894
1,1,0.9999993
1,1,0.9979881
1,1,0.99999976
1,1,0.99999976
1,1,0.99999976
1,1,0.9999993
1,1,0.99999976
1,1,0.99999964
1,1,0.99999976
1,1,0.99999976
1,1,0.99999976
1,1,0.9999976
1,1,0.99999976
1,1,0.99999976
1,1,0.99999964
1,1,0.9999993
1,1,0.9999982
1,1,0.99999976
1,1,0.99999976
1,1,0.99999976
0,1,0.999984
1,1,0.99999964
1,1,0.99999964
0,1,0.99785054
0,0,2.324061e-05
1,1,0.9638226
1,1,0.99999964
1,1,0.99999976
1,1,0.99999976
1,1,0.99998605
1,1,0.9999968
0,0,2.0641839e-05
1,1,0.99999976
1,1,0.99999976
1,0,0.0072158244
1,1,0.9999987
1,1,0.9999989
1,1,0.99999976
1,1,0.99999964
1,1,0.99999964
1,1,0.99999976
1,1,0.99999297
1,1,0.99999976
1,1,0.99999976
1,1,0.99999976
1,1,0.9999883
1,1,0.99999964
1,1,0.99999976
0,1,0.99997866
1,1,0.99999976
0,0,0.015354085
1,1,0.99999964
1,1,0.99999976
1,1,0.99999976
1,1,0.99999976
1,1,0.99999976
1,1,0.9999982
1,1,0.99999976
0,1,0.999997
1,1,0.99999964
1,1,0.9999813
1,1,0.99928015
1,1,0.99999976
1,1,0.9999995
1,1,0.99999976
1,1,0.99999976
0,0,0.031639524
1,1,0.99999976
1,1,0.99999976
1,1,0.99999976
1,1,0.99999976
1,1,0.99999976
1,1,0.99999976
1,1,0.99999976
1,1,0.99999976
1,1,0.99999964
1,1,0.99999976
0,0,1.9794179e-05
1,1,0.99999785
1,1,0.99999964
1,1,0.99999964
1,1,0.99999976
0,1,0.99998236
1,1,0.9999989
0,1,0.99997175
1,1,0.99999976
1,1,0.99999964
0,0,3.1331554e-05
1,1,0.99999976
1,1,0.99999976
1,1,0.99999964
1,1,0.99999964
1,1,0.99999976
1,1,0.99999475
1,1,0.9999988
1,1,0.99999964
1,1,0.99999976
1,1,0.99999976
1,1,0.99999976
1,1,0.9999994
0,0,1.2492077e-05
1,1,0.99999964
1,1,0.99999976
0,0,6.873116e-06
1,1,0.99999976
1,1,0.99999976
1,1,0.9999995
1,1,0.99999976
1,0,5.1464685e-05
0,1,0.9999995
1,1,0.99999976
1,1,0.99999976
1,1,0.99999976
1,1,0.99999976
1,1,0.99999964
1,1,0.9999964
0,0,0.024001023
0,0,4.150373e-06
1,1,0.9999995
1,1,0.9999995
1,1,0.999998
1,1,0.99999976
1,1,0.99999976
1,1,0.99999976
1,1,0.99999964
1,1,0.9999976
0,0,0.00032409825
0,0,8.126407e-06
1,1,0.99999976
1,1,0.9999994
1,1,0.99999976
1,1,0.99999976
1,1,0.99999976
1,1,0.99999785
1,1,0.99999976
1,1,0.99999535
1,1,0.999995
0,0,3.8483618e-06
1,1,0.99999833
1,1,0.99999845
1,1,0.99999833
1,1,0.99999976
1,1,0.9999989
1,1,0.99999976
1,1,0.99999976
1,1,0.99999976
1,1,0.99999964
1,1,0.99999976
1,1,0.99999535
1,1,0.99999976
1,1,0.99999976
1,1,0.99999964
1,1,0.9999975
1,1,0.99999976
1,1,0.9999995
1,1,0.99999774
0,1,0.9999994
1,0,2.8367374e-05
1,1,0.99999976
1,1,0.99999976
1,1,0.9999995
1,1,0.99999976
1,1,0.99999976
1,1,0.9999658
1,1,0.99999976
1,1,0.99999964
1,1,0.99999964
1,1,0.99999976
1,1,0.9999994
1,1,0.99999976
1,1,0.9999995
1,1,0.9999995
1,1,0.99999976
1,1,0.99999976
1,1,0.99999976
1,1,0.99999976
1,1,0.9999995
1,1,0.99999964
0,0,5.259838e-06
1,1,0.99999976
1,1,0.99999964
0,1,0.9999895
0,1,0.9999336
1,1,0.99999976
1,1,0.9999995
1,1,0.99999976
1,1,0.9971163
0,0,6.8445456e-06
1,1,0.99999976
1,0,0.019595005
1,1,0.99999976
1,1,0.99999976
1,1,0.99999964
1,1,0.99999964
1,1,0.99999976
1,1,0.99999964
1,1,0.99999964
1,1,0.99999976
1,1,0.99999976
0,1,0.999998
1,1,0.99999964
1,1,0.9999968
1,1,0.99999964
0,0,3.923889e-06
1,1,0.99999964
1,1,0.999995
1,1,0.99999976
1,1,0.99999976
1,1,0.99999976
1,1,0.99999976
0,1,0.9999683
1,1,0.99999976
1,1,0.99999964
1,1,0.99999607
1,1,0.99999964
1,1,0.99999976
1,1,0.99999964
1,1,0.99999976
1,1,0.99999964
1,1,0.9999994
1,1,0.99999976
0,0,1.15434705e-05
1,1,0.993893
1,1,0.99999976
1,1,0.99999976
1,1,0.99999976
0,0,5.031127e-05
1,1,0.99999976
1,1,0.99999976
1,1,0.999894
1,1,0.99999976
0,1,0.9999982
1,1,0.99999976
1,1,0.99999917
1,1,0.99999976
1,1,0.99999976
1,1,0.99999964
1,1,0.99999964
1,1,0.99999976
0,0,1.8493034e-05
1,1,0.99999964
0,0,3.6072568e-06
1,1,0.99999976
1,1,0.99999976
0,0,4.6981986e-06
1,1,0.99999964
1,1,0.99999964
0,1,0.99985456
1,1,0.99999976
1,1,0.99999964
1,1,0.99999964
1,1,0.9999981
1,1,0.99999964
1,1,0.99999976
1,1,0.9895293
1,1,0.99999976
1,1,0.99999976
1,1,0.99999976
1,1,0.99999976
1,1,0.9999994
1,1,0.99999976
1,1,0.99999976
0,1,0.9998604
1,1,0.99999976
1,1,0.99999976
1,1,0.99999976
1,1,0.99999964
0,1,0.9999912
0,0,0.004080705
1,1,0.99999964
1,1,0.99223834
1,1,0.99999976
1,1,0.99999976
1,1,0.99999976
1,1,0.99999964
1,1,0.99999976
1,1,0.99999976
1,1,0.99999976
1,1,0.9999995
1,1,0.9999919
1,1,0.99999833
1,1,0.9991573
1,1,0.99999535
1,1,0.99999976
1,1,0.99999964
1,1,0.99999976
1,1,0.99999976
1,1,0.99999976
1,1,0.999997
1,1,0.99999964
0,0,4.552472e-05
1,1,0.99999964
1,1,0.99999034
1,1,0.99999964
1,1,0.99999976
0,0,0.011189823
1,1,0.99999976
0,1,0.99999964
1,1,0.99999976
1,1,0.9999993
1,1,0.99999976
1,1,0.99999964
1,1,0.99999964
1,1,0.99999976
0,0,8.767407e-06
1,1,0.99999964
1,1,0.99999964
1,1,0.99999666
0,0,0.00034424104
1,1,0.99999833
1,1,0.99999976
0,0,9.335532e-06
1,1,0.99999976
1,1,0.99999964
1,1,0.9999796
1,1,0.99999976
0,1,0.99999917
1,1,0.9999949
1,1,0.99999976
1,1,0.99999976
0,1,0.9999838
0,0,0.000117605
0,0,6.3539483e-06
1,1,0.99999857
1,1,0.99988747
0,0,7.09872e-06
1,1,0.9999995
1,0,0.00017920506
1,1,0.99999964
1,1,0.99999547
1,1,0.99999976
1,1,0.99999917
1,1,0.99999976
1,1,0.99999964
1,1,0.9999906
1,1,0.99999976
1,1,0.9999943
1,1,0.99999976
0,1,0.99999964
1,1,0.99999976
1,1,0.99999976
1,1,0.99999964
1,1,0.99999917
1,1,0.99999976
1,1,0.99999976
1,1,0.99999976
1,1,0.99999976
1,1,0.99999785
1,1,0.99999726
1,1,0.99999976
1,1,0.99999714
1,1,0.9999981
1,1,0.99999976
1,1,0.99999976
1,1,0.99999976
1,1,0.99999976
1,1,0.99999905
1,1,0.99999976
1,1,0.99999976
1,1,0.99999964
1,1,0.99999976
1,1,0.99999905
1,1,0.99996495
1,1,0.99999976
1,1,0.99999964
1,1,0.99999976
1,1,0.99999976
1,1,0.9999993
1,1,0.99999976
1,1,0.9999987
1,1,0.99999964
1,1,0.99999976
1,1,0.99999976
1,1,0.99999976
0,0,3.534617e-05
1,1,0.99999976
1,1,0.99999964
1,1,0.9999995
0,0,8.693224e-06
1,1,0.99999976
1,1,0.99999356
1,1,0.99999964
1,1,0.9999994
1,1,0.99999654
0,1,0.9995521
1,1,0.99999976
1,1,0.99999976
1,1,0.99999964
0,0,0.0023448851
1,1,0.99999475
1,1,0.99999976
1,1,0.99999976
1,1,0.99999976
0,0,1.2845004e-05
1,1,0.99999976
1,1,0.99999964
1,1,0.99999833
1,1,0.99999917
1,1,0.99999976
1,1,0.99999964
1,1,0.9995166
1,1,0.99999976
1,1,0.9999995
1,1,0.99999976
1,1,0.99999976
1,1,0.99999976
1,1,0.99999976
0,1,0.9999995
1,1,0.99999976
1,1,0.99999976
1,1,0.9999994
1,1,0.99999976
1,1,0.99999964
0,1,0.99999917
1,1,0.99999976
1,1,0.99999857
1,1,0.99999976
1,1,0.99999785
1,1,0.99999976
1,1,0.99999976
1,1,0.99999976
1,1,0.99999964
1,1,0.9999943
1,1,0.9999932
1,1,0.99999976
1,1,0.99999964
1,1,0.9999989
1,0,0.0042257505
1,1,0.99999976
1,1,0.9999994
1,1,0.99999976
1,1,0.99999845
1,1,0.99999976
1,1,0.99999964
1,1,0.99999964
1,1,0.99999964
0,0,4.654297e-05
0,1,0.99870074
1,1,0.99999964
1,1,0.999998
1,1,0.9999988
1,1,0.99991405
1,1,0.9999833
0,1,0.9990608
1,1,0.99999964
0,0,0.00022149517
1,1,0.99999976
1,1,0.9999994
1,1,0.99999905
0,0,4.810039e-06
0,0,4.6300643e-06
1,1,0.9999988
0,0,2.9622572e-06
1,1,0.9999995
1,1,0.99999964
1,1,0.99999964
0,0,5.5854402e-06
1,1,0.99999976
1,1,0.99999964
1,1,0.99999964
1,1,0.99999964
1,1,0.99999976
1,1,0.99999976
1,1,0.9999932
1,1,0.99999964
1,1,0.99999976
1,1,0.9999995
1,1,0.99999976
1,1,0.999998
1,1,0.99999964
1,1,0.999941
1,1,0.99999976
0,1,0.99963677
1,1,0.99999964
1,1,0.99999964
1,1,0.9999856
1,1,0.99999976
1,1,0.99999964
1,1,0.99705815
1,1,0.99999964
1,1,0.99999976
1,1,0.99999976
1,1,0.99999964
1,1,0.99999976
1,1,0.99999964
1,1,0.99999976
1,1,0.9999995
0,1,0.9999995
1,1,0.99999976
1,1,0.99999976
1,1,0.99999976
1,1,0.99999976
1,1,0.99999976
1,1,0.99999976
1,1,0.99999857
1,1,0.99999976
0,0,0.06181761
1,1,0.99999976
1,1,0.9999969
1,1,0.99999404
1,0,0.0007654323
1,1,0.99999976
1,1,0.99999976
1,1,0.9999995
0,1,0.9999496
1,1,0.9999995
1,1,0.99999976
0,0,1.880626e-05
0,1,0.9999776
1,1,0.99999976
0,0,2.8604638e-05
1,1,0.99999976
1,1,0.99999976
1,1,0.9999994
1,1,0.9999994
1,1,0.99999976
1,1,0.9999995
1,1,0.99999964
1,1,0.9999995
1,1,0.99999976
1,1,0.99999976
1,1,0.9999988
1,1,0.99999976
1,1,0.99999976
1,1,0.99999976
1,1,0.99999976
1,1,0.9999994
1,1,0.99999964
0,0,8.7089575e-06
0,1,0.9999931
1,1,0.99999976
1,1,0.99999976
0,0,0.00023952786
1,1,0.99999976
0,0,0.00601561
1,1,0.99999976
1,1,0.99999964
1,1,0.99999964
1,1,0.99999976
1,1,0.99999976
1,1,0.9999995
1,1,0.9999981
1,1,0.99999976
1,1,0.9999995
1,1,0.99999976
1,1,0.99999976
1,1,0.99999976
1,1,0.9999995
1,1,0.99999964
0,0,7.02832e-06
1,1,0.99999976
0,1,0.99999833
1,1,0.9999957
0,0,4.869319e-06
0,0,2.4790163e-06
0,1,0.99943453
1,1,0.99999976
1,1,0.99999905
1,1,0.99999976
1,1,0.9999995
0,0,4.8163554e-05
1,1,0.99999976
1,1,0.9999995
1,1,0.99999785
1,1,0.99999964
1,1,0.99999976
0,0,0.00015731862
1,1,0.99999976
1,1,0.99999976
1,1,0.99999976
1,1,0.99999976
1,1,0.99999964
1,1,0.99999976
1,1,0.9999862
0,1,0.9999993
0,1,0.9986971
1,1,0.99999976
0,1,0.99999714
1,1,0.9999964
1,1,0.99985087
1,1,0.99999857
1,1,0.9999994
1,1,0.9999994
1,1,0.99999964
1,1,0.99999976
1,1,0.99999976
1,1,0.99999976
1,1,0.99999964
0,0,1.3823523e-05
1,1,0.99999976
1,1,0.99999976
1,1,0.99999857
1,1,0.99999976
1,1,0.99999714
1,1,0.9999993
1,1,0.99999976
1,1,0.9999975
1,1,0.99999976
1,1,0.9999995
1,1,0.9999994
0,1,0.9999994
1,1,0.99999964
0,1,0.9999925
1,0,0.00014066913
1,1,0.99999845
1,1,0.99999964
1,1,0.99999964
1,1,0.99999964
1,1,0.99999976
1,1,0.99999976
1,1,0.9999697
1,1,0.99999976
0,0,6.9200374e-05
0,1,0.99997866
1,1,0.99999976
0,0,1.0664781e-05
1,1,0.9999994
1,1,0.99999976
1,1,0.99999976
1,1,0.99999976
1,1,0.99999976
1,1,0.99999976
0,1,0.9999988
1,1,0.99999976
1,1,0.99999976
1,1,0.9999889
1,1,0.99999666
0,0,0.009531871
1,1,0.99999976
1,1,0.99999344
1,1,0.99999976
0,1,0.99995387
1,1,0.9999589
1,1,0.99999976
1,1,0.99999964
1,1,0.9983734
1,1,0.99999976
1,1,0.99999917
1,1,0.99999964
0,0,0.0010726582
1,1,0.99999976
0,0,4.4946114e-06
1,1,0.99999976
1,1,0.99999976
1,1,0.99999976
1,1,0.9999987
1,1,0.99999976
1,1,0.99999976
1,1,0.99999976
1,1,0.99999964
1,1,0.9999995
1,1,0.9999981
1,1,0.9999995
0,0,4.9262003e-06
1,1,0.99999964
0,0,3.3871394e-05
1,1,0.99999964
0,1,0.9999975
1,1,0.9999814
1,1,0.9999956
1,1,0.99999285
1,1,0.99999976
1,1,0.99999726
1,1,0.99999964
1,1,0.99999976
1,1,0.99999976
1,1,0.99999964
1,1,0.9999995
1,1,0.9976913
1,1,0.99999976
1,1,0.99999976
1,1,0.9999894
0,1,0.9999962
1,1,0.9999989
1,1,0.99999976
1,1,0.99999976
0,0,0.13311438
1,1,0.99841166
1,1,0.99999976
1,1,0.99999976
0,1,0.90158653
1,0,8.177221e-05
1,1,0.9999994
0,1,0.9999291
1,1,0.99999976
1,1,0.9999968
1,1,0.99999416
0,0,1.1840452e-05
1,1,0.99992394
0,1,0.99999917
1,1,0.99999905
1,1,0.9999989
1,1,0.99999976
1,1,0.9999995
1,1,0.9999995
1,1,0.99999964
1,1,0.99999976
1,1,0.99999976
1,1,0.99999976
0,0,4.16705e-06
1,1,0.99999976
1,1,0.99999964
1,1,0.9999994
1,1,0.9999995
1,1,0.99999964
1,1,0.99999976
1,1,0.99999976
1,1,0.9999993
1,1,0.99999976
1,1,0.99999976
1,1,0.99999964
1,1,0.99999976
1,1,0.99999976
0,1,0.9999975
0,0,4.7193535e-06
1,1,0.99999976
1,1,0.99999964
1,1,0.99996614
1,1,0.99999964
1,1,0.99999976
1,1,0.99999976
1,1,0.99999917
1,1,0.99999166
1,1,0.99999964
1,1,0.99999976
1,1,0.99999964
0,1,0.9999933
1,1,0.9999994
1,1,0.99999976
1,1,0.99999976
1,1,0.99999905
1,1,0.99999976
1,1,0.99999964
1,1,0.99999976
1,1,0.99999976
1,1,0.99999976
1,1,0.99999964
1,1,0.99999976
0,1,0.8070154
1,1,0.99999976
1,1,0.9998863
1,1,0.99999976
1,1,0.9999995
1,1,0.99999917
1,1,0.99999976
1,1,0.9999989
0,0,1.635668e-05
1,1,0.99999976
1,1,0.9999993
1,1,0.99999356
1,1,0.9999994
1,1,0.99999964
1,1,0.99999976
1,1,0.99998915
1,1,0.99999976
1,1,0.9985808
1,1,0.99999976
0,0,4.98553e-05
1,1,0.99999976
1,1,0.9999958
1,1,0.99999964
1,1,0.9999994
1,1,0.99999964
1,1,0.99999964
1,1,0.99999976
1,1,0.9999994
1,1,0.99999976
1,1,0.99999976
0,1,0.7248522
0,0,1.0202617e-05
0,1,0.99985325
1,1,0.99999976
1,1,0.99999976
1,1,0.99999976
1,1,0.9999995
1,1,0.99999964
1,1,0.99999964
1,1,0.99999976
1,1,0.99999976
0,1,0.9999883
1,1,0.9999995
1,1,0.99999976
1,1,0.99999976
1,1,0.9996487
1,1,0.99999976
0,0,2.7899083e-05
1,1,0.99999976
0,1,0.9988047
1,1,0.99999976
1,1,0.99999976
1,1,0.99999964
1,1,0.99999964
1,1,0.99999976
1,1,0.99999976
1,1,0.99999976
1,1,0.99999976
1,1,0.99999976
0,0,6.298469e-05
1,1,0.99999774
1,1,0.99999964
1,0,0.00010194811
1,1,0.99999917
1,1,0.99999976
1,1,0.99999976
1,1,0.99999976
1,1,0.99999976
1,1,0.99999976
1,1,0.99999976
1,1,0.99999976
1,1,0.9999969
1,1,0.99999857
1,1,0.9999975
1,1,0.99999976
0,0,0.018232422
1,1,0.99999964
1,1,0.99999976
1,1,0.9999993
1,1,0.9996124
1,1,0.9999982
1,1,0.9951102
1,1,0.99999964
0,1,0.99997485
1,0,3.6463858e-05
1,1,0.99999976
1,1,0.99999976
0,0,0.0018889984
0,0,0.00013191953
1,1,0.99999976
1,1,0.99999976
1,1,0.99999976
1,1,0.99999976
1,1,0.99999976
1,1,0.99999964
1,1,0.99999976
1,1,0.99999976
1,1,0.99999976
0,0,8.8542634e-05
1,1,0.99999976
1,1,0.99999964
1,1,0.99999964
1,1,0.99999976
1,1,0.99999964
1,1,0.99999475
1,1,0.99999976
1,1,0.99999976
1,1,0.99999964
1,1,0.99999976
1,1,0.99999976
1,1,0.99999785
1,1,0.99999976
1,1,0.99999976
1,1,0.99999976
1,1,0.99999964
1,1,0.99999976
1,1,0.9999993
1,1,0.99999976
0,1,0.9999951
1,1,0.99999964
1,1,0.9999995
1,1,0.99999976
1,1,0.9999976
1,1,0.99999964
1,1,0.99999964
0,0,0.0001569466
1,1,0.99999714
1,1,0.99999976
1,1,0.99999964
1,1,0.99999976
1,1,0.99999964
1,1,0.99999964
0,0,9.481068e-06
1,1,0.999997
0,0,0.00010894884
1,1,0.99999976
1,1,0.99999976
1,1,0.99999976
0,0,6.5729773e-06
1,1,0.9999995
1,1,0.99999964
1,1,0.99999964
1,1,0.99999845
1,1,0.99999964
1,1,0.99999976
1,1,0.99999964
1,1,0.99999964
1,1,0.99999976
1,1,0.9999995
1,1,0.99999976
1,1,0.99999976
1,1,0.9999958
1,1,0.99999976
1,1,0.99999976
1,1,0.9999777
1,1,0.99999976
1,1,0.9999995
1,1,0.99999976
1,1,0.99999976
1,1,0.99999976
1,1,0.99999964
1,1,0.99999964
1,1,0.99999976
1,1,0.99999976
1,1,0.99999976
1,1,0.99969745
1,1,0.99999976
0,1,0.9982534
1,1,0.99999976
1,1,0.99999845
1,1,0.99999976
1,1,0.99999964
1,1,0.99999714
0,1,0.9952662
1,1,0.99999976
1,1,0.99999976
1,1,0.9999939
1,1,0.9953452
1,0,3.8044338e-06
0,0,0.019415291
1,1,0.99999976
1,1,0.99999964
1,1,0.99999976
1,1,0.9999907
1,0,1.1935068e-05
0,0,6.5517415e-05
1,1,0.99999976
1,1,0.99999344
1,1,0.9999989
1,1,0.99999976
1,1,0.99999976
1,1,0.99999964
1,1,0.9999951
1,1,0.99999964
1,1,0.9999975
1,1,0.9999995
1,1,0.9999993
1,1,0.9999989
1,1,0.99999976
1,1,0.99999976
1,1,0.99999976
1,1,0.99999976
1,1,0.99999976
1,1,0.9999995
1,1,0.99999976
1,1,0.9999963
1,1,0.99999976
1,1,0.99999976
1,1,0.99999976
1,1,0.99999976
1,1,0.99999976
1,1,0.99999964
1,1,0.99999976
1,1,0.99999917
1,1,0.9999964
1,1,0.99999976
1,1,0.99999976
1,1,0.99999964
1,1,0.99999976
1,1,0.99999106
1,1,0.99999845
1,1,0.99999976
1,1,0.9999987
1,1,0.9999871
1,1,0.99999976
1,1,0.99999976
1,1,0.99999976
1,1,0.999997
1,1,0.99999166
1,1,0.99999976
1,1,0.99999976
1,1,0.99999976
0,0,3.1434786e-06
1,1,0.99999964
1,1,0.9999963
1,1,0.99999976
1,1,0.99999964
0,0,6.144694e-05
1,1,0.99999976
1,1,0.9999993
1,1,0.99999976
1,1,0.99998295
1,1,0.99999976
1,1,0.99999976
1,1,0.99999976
0,0,3.5080113e-05
1,1,0.99999976
0,1,0.9999809
1,1,0.99999976
1,1,0.99999976
1,1,0.99999976
1,1,0.9999995
1,1,0.99999976
1,1,0.99999964
1,1,0.99999976
1,1,0.99999964
1,1,0.99999976
1,1,0.99999917
1,1,0.99253744
1,1,0.99999976
1,1,0.99999976
1,1,0.99999976
1,1,0.99999976
1,1,0.99999416
1,1,0.99999976
0,0,4.6922833e-06
1,1,0.9999943
1,1,0.99999976
1,1,0.9999995
1,1,0.99999964
0,1,0.99993515
1,1,0.99999964
1,1,0.99999976
1,1,0.99999976
1,1,0.99999976
1,1,0.99999976
1,1,0.99999964
0,0,2.4358802e-05
1,1,0.99999714
1,1,0.99999964
1,1,0.99999976
1,1,0.99999976
1,0,3.8943626e-06
1,1,0.99999976
1,1,0.99999857
1,1,0.99999976
1,1,0.99999964
1,1,0.99999976
0,1,0.99999607
1,1,0.99999964
1,1,0.99999964
1,1,0.99999976
1,1,0.99999964
0,1,0.99970645
1,1,0.99999976
1,1,0.99999976
1,1,0.99999976
1,1,0.99999976
1,1,0.99999964
1,1,0.99999964
0,0,2.0315314e-05
1,1,0.99999976
1,1,0.99999976
1,1,0.99999976
1,1,0.9999975
1,1,0.99999964
1,1,0.9999982
1,0,0.00027859295
1,1,0.99999964
1,1,0.99999976
1,1,0.99999976
1,1,0.9999976
0,0,0.41022828
1,1,0.9999995
1,1,0.99999774
0,0,0.0013952692
1,1,0.9999995
0,0,5.365195e-05
0,1,0.9999969
0,0,7.2090784e-06
1,1,0.99999833
0,0,5.4002303e-06
1,1,0.99999976
1,1,0.99999976
1,1,0.99999976
1,1,0.99999976
1,1,0.99999976
1,1,0.9999994
1,1,0.99999976
1,1,0.99999976
1,1,0.99999976
1,1,0.99999976
0,0,0.0014903984
1,1,0.999997
1,1,0.99999964
1,1,0.99999976
1,1,0.99999976
1,1,0.99999976
1,1,0.99999976
0,0,4.8086863e-06
1,1,0.99999976
1,1,0.99999976
1,1,0.99999976
0,0,3.6469557e-06
1,1,0.9999815
0,1,0.96384054
1,1,0.99999726
1,1,0.9999994
1,1,0.99999976
1,1,0.99999976
1,1,0.99999976
1,1,0.99999976
1,1,0.99999976
1,1,0.99999964
1,1,0.99999976
1,1,0.99999976
1,1,0.99999964
1,1,0.99999976
1,1,0.99999976
1,1,0.99999976
0,1,0.9999881
0,0,5.038781e-06
1,1,0.9999994
1,1,0.99999976
1,1,0.99999976
1,1,0.99999964
1,1,0.99999976
0,0,7.065362e-05
1,1,0.99999976
0,1,0.99806505
1,1,0.99999964
1,0,0.00046646243
0,1,0.9999945
0,0,9.190579e-06
1,1,0.99999976
0,1,0.9999964
1,1,0.99999964
1,1,0.99999964
1,1,0.9999976
1,1,0.99999976
1,1,0.99999964
0,0,0.00215275
1,1,0.9999995
1,1,0.9999995
1,1,0.99999976
0,0,1.4532706e-05
1,1,0.99999976
1,1,0.99999976
1,1,0.9998222
1,1,0.99999774
1,1,0.99999976
0,1,0.994636
0,1,0.9999982
0,1,0.9999908
1,1,0.99999785
1,1,0.9999995
0,1,0.99998975
1,1,0.99999976
1,1,0.99999976
1,1,0.99999976
1,1,0.9994338
1,1,0.99999964
1,1,0.99999964
1,1,0.99999976
1,1,0.99999976
1,1,0.99999964
0,1,0.9999287
1,1,0.99999976
1,1,0.9999994
1,1,0.99999976
1,1,0.9999995
1,1,0.99999976
1,1,0.99999976
1,1,0.99999976
1,1,0.99999607
0,1,0.9999975
1,1,0.99999976
1,1,0.99999976
1,1,0.99999976
1,1,0.99999964
1,1,0.99999976
1,1,0.99999976
1,1,0.99999976
1,1,0.9998611
1,1,0.9999993
1,1,0.99999905
1,1,0.99999976
1,1,0.99999964
0,0,2.3271683e-05
1,1,0.99999964
0,1,0.9999994
1,1,0.99999714
1,1,0.99999964
1,1,0.99999976
1,1,0.99999964
1,1,0.9999951
1,1,0.99999976
1,1,0.99999976
1,1,0.99999976
1,1,0.99999976
0,0,1.43203415e-05
1,1,0.9999963
1,1,0.99999976
1,1,0.99999964
1,1,0.99999976
1,1,0.9999995
1,1,0.99999976
1,1,0.99999976
1,1,0.99999976
0,0,1.5131383e-05
1,1,0.99999964
0,0,0.25724322
1,1,0.99999976
1,1,0.99999964
1,0,1.7663837e-05
1,1,0.99999976
1,1,0.99992406
1,1,0.99999976
1,1,0.99999964
0,0,0.0015942651
1,1,0.99999607
1,1,0.99999976
1,1,0.99999976
1,1,0.99999976
1,1,0.99999964
0,0,1.4719487e-05
0,1,0.9981883
1,1,0.9999976
1,1,0.99999964
1,1,0.99999964
1,1,0.99998915
1,1,0.9999994
1,1,0.99999976
1,0,0.00015513893
1,1,0.99999976
0,1,0.9988405
1,1,0.99999976
1,1,0.99999976
1,1,0.99999976
1,1,0.99999976
1,1,0.99999964
1,1,0.99999976
1,1,0.99999976
0,0,4.9591763e-06
1,1,0.99996376
1,1,0.99999976
1,1,0.9999995
1,1,0.99999976
1,1,0.99999964
1,1,0.99999964
1,1,0.99999976
1,1,0.99999964
1,1,0.99999964
1,1,0.9999994
0,0,1.7582326e-05
1,1,0.99999976
1,1,0.9999995
0,0,2.7993747e-05
0,0,0.0041202633
0,1,0.633979
1,1,0.99999976
1,1,0.99999976
1,1,0.9999988
1,0,6.531206e-05
1,1,0.99999964
1,1,0.9999993
1,1,0.99999976
0,1,0.9999901
1,1,0.99999964
1,1,0.99999976
1,0,0.002010835
0,1,0.9999894
1,1,0.99999964
1,1,0.9999962
1,1,0.99999976
1,1,0.9999987
1,1,0.999964
1,1,0.99999976
1,1,0.9999982
1,1,0.99999976
1,1,0.9999962
1,1,0.99999976
1,1,0.9999031
1,1,0.9999974
1,1,0.9999975
0,1,0.99934286
0,0,9.0021995e-06
0,1,0.9999987
1,1,0.9999975
1,1,0.99999976
1,1,0.9999968
1,1,0.99999976
1,1,0.99999976
1,1,0.9999964
1,0,0.36696234
1,1,0.99999976
1,1,0.9999995
1,1,0.99999976
1,1,0.99999976
1,1,0.99999976
1,1,0.99999976
1,1,0.99999976
1,1,0.9998896
1,1,0.99999964
1,1,0.99999976
0,0,6.0105915e-05
1,1,0.99999976
1,1,0.99999976
1,1,0.99999976
1,1,0.99999976
1,1,0.99999976
1,1,0.99999964
1,1,0.99999964
1,1,0.99999976
1,1,0.99999976
1,1,0.99999964
1,0,0.37713817
0,0,1.6209968e-05
1,1,0.99999964
1,1,0.99999976
1,1,0.99999964
1,1,0.99999976
1,1,0.99999964
1,1,0.9999603
1,1,0.99999774
1,1,0.9999994
1,1,0.99999976
1,1,0.99999964
1,1,0.99999976
1,1,0.99999976
1,1,0.99999976
1,1,0.99999976
1,1,0.99999976
1,1,0.9999993
1,1,0.99999964
0,0,6.1072774e-06
1,1,0.99999976
1,1,0.99999976
0,1,0.99888724
1,1,0.99999976
1,1,0.99999964
1,1,0.99999964
1,1,0.99999976
0,0,6.0751186e-06
1,1,0.9999993
1,1,0.99907047
1,1,0.99999845
1,1,0.99999976
1,1,0.99999976
1,1,0.9999963
1,1,0.99999976
1,1,0.99999976
1,1,0.99999976
0,0,2.99914e-05
1,1,0.99999976
0,0,1.3704952e-05
1,1,0.99999714
1,1,0.99999964
1,1,0.99999976
1,1,0.99999976
1,1,0.99999964
1,1,0.9999989
0,0,8.527767e-06
1,1,0.99999976
1,1,0.99999964
1,1,0.99999976
1,1,0.99999976
1,1,0.9995146
1,1,0.999998
1,1,0.99999976
0,0,1.0032812e-05
0,0,0.029224137
1,1,0.9999995
1,1,0.99999964
1,0,2.2765125e-05
0,1,0.9993358
1,1,0.99999976
1,1,0.99999976
1,1,0.99999976
1,1,0.99999964
1,1,0.99999976
1,1,0.99999976
1,1,0.99999976
1,1,0.99999976
1,1,0.99999964
0,1,0.62660104
1,1,0.9999987
0,1,0.9999932
1,1,0.99999976
1,1,0.99999976
1,1,0.99999976
1,1,0.99999964
1,1,0.99999976
1,1,0.99999976
1,0,0.00016930916
1,1,0.99999976
1,1,0.99999976
1,1,0.99999976
1,1,0.99999964
1,1,0.99999976
1,1,0.99999976
1,1,0.99999976
1,1,0.99999964
0,0,5.2765886e-06
1,1,0.99999964
1,1,0.998587
1,1,0.99999976
0,1,0.9999919
0,0,4.236814e-06
1,1,0.99999976
0,1,0.77577996
0,1,0.99997425
1,1,0.99999976
1,1,0.99999976
1,1,0.99999976
1,1,0.99999976
0,0,2.2394417e-05
1,1,0.99999726
1,1,0.9999938
1,1,0.99999774
0,1,0.99998486
1,1,0.99999905
1,1,0.9996253
1,1,0.99999976
1,1,0.99999976
1,1,0.9999994
1,0,0.0009729851
1,1,0.9999993
0,1,0.9976814
1,1,0.99999976
1,1,0.99999976
1,1,0.99999964
1,1,0.99999976
0,1,0.99900645
1,1,0.9999993
1,1,0.99999976
0,0,2.5496489e-05
1,1,0.99999976
1,1,0.99999976
0,0,0.0028772547
1,1,0.99999964
1,1,0.9999995
1,1,0.9999614
1,1,0.99999964
0,0,6.0860093e-05
1,1,0.9999987
1,1,0.99999976
1,1,0.99999976
1,1,0.9999994
1,1,0.9999995
1,0,5.984226e-05
1,1,0.99999344
1,1,0.99999976
1,1,0.99999976
0,0,5.8873375e-06
1,1,0.99999976
0,0,8.57824e-06
1,1,0.9999995
1,1,0.99999976
1,1,0.9998472
1,1,0.99999857
1,1,0.99999964
1,1,0.9999914
1,1,0.99999976
0,0,4.302045e-06
1,1,0.99999976
1,1,0.99999976
1,1,0.99999964
1,1,0.99999976
1,1,0.99999976
0,0,7.2555235e-06
1,1,0.99999976
1,1,0.9999995
1,1,0.99999774
0,0,7.208309e-06
1,1,0.9999995
1,1,0.9999993
1,1,0.99999976
1,1,0.99999976
1,1,0.99999976
1,1,0.99999976
1,1,0.9999976
1,1,0.99999964
1,1,0.9999765
0,1,0.99999046
1,1,0.99999976
1,1,0.99999976
1,1,0.99999976
0,0,2.2538008e-05
1,1,0.99999964
1,1,0.99999976
1,1,0.9999976
0,1,0.50908256
1,0,0.00013361199
1,1,0.99999976
1,1,0.99999976
1,1,0.99999976
1,1,0.99999964
1,1,0.9999995
1,1,0.9999807
1,1,0.99999964
1,1,0.99999976
1,1,0.99999845
0,0,1.2045436e-05
1,1,0.99999976
1,1,0.99999976
1,0,5.7133137e-05
1,1,0.9999993
0,1,0.9999976
0,1,0.99998605
1,1,0.99999976
1,1,0.99999964
1,1,0.99999976
1,1,0.99999976
1,1,0.99999976
1,1,0.9999994
1,0,4.7617123e-05
1,1,0.99999976
1,1,0.9999995
1,1,0.99999666
1,1,0.99999976
1,1,0.99999964
1,1,0.99999976
1,1,0.9999958
0,1,0.9991905
1,1,0.99999976
1,1,0.9999995
1,1,0.99999964
1,1,0.9999968
1,1,0.99999774
1,1,0.99999976
1,1,0.99999976
1,1,0.99999976
1,1,0.99999976
1,1,0.99999976
0,0,5.6384674e-06
1,1,0.99999976
1,1,0.99999976
1,1,0.9999943
1,1,0.99999976
1,1,0.99999976
1,1,0.99999917
1,1,0.99999976
1,1,0.99999976
1,1,0.99999976
1,1,0.99999964
1,1,0.99999976
1,1,0.99999976
1,1,0.99999964
1,1,0.9999995
1,1,0.99999976
1,1,0.9999994
1,1,0.9999907
1,1,0.99972075
1,1,0.99999976
1,1,0.9999995
0,1,0.9999809
0,0,5.9850818e-06
1,1,0.9999987
1,1,0.9999995
1,1,0.99999917
1,1,0.99999976
1,1,0.99999976
0,0,1.0899959e-05
1,1,0.9999988
0,0,0.0024982935
1,1,0.99999976
0,1,0.99999917
0,1,0.99999607
1,1,0.99999976
1,1,0.99999964
1,1,0.99999833
1,1,0.9999995
1,1,0.99999964
1,1,0.99999976
1,1,0.99999976
0,0,1.6708624e-05
0,0,3.104529e-05
1,1,0.99999976
1,1,0.99999976
1,1,0.99999976
1,1,0.99999976
1,1,0.99999976
1,1,0.99999976
0,0,3.9888557e-05
1,1,0.99998486
0,1,0.99993396
0,1,0.7643129
0,0,0.042741314
1,1,0.99999976
1,1,0.99999976
1,1,0.9999995
1,1,0.9999962
1,1,0.99999976
1,1,0.9999994
1,1,0.99999905
1,1,0.99999976
1,1,0.99999976
0,1,0.99999297
1,1,0.99999976
1,1,0.99999976
1,1,0.9999987
1,1,0.9999995
1,1,0.99999964
1,1,0.9999995
1,1,0.9999987
1,1,0.9999974
1,1,0.9999795
1,1,0.99999976
1,1,0.99999976
1,1,0.99999964
1,1,0.9999994
0,1,0.9521178
1,1,0.99999976
1,1,0.99999976
0,0,5.574345e-06
1,1,0.99999976
1,1,0.9999995
1,0,8.027896e-06
1,1,0.9987185
1,1,0.99999976
0,0,0.01057922
1,1,0.99999976
1,1,0.99999905
1,1,0.99999976
1,1,0.9999535
1,1,0.99999976
1,1,0.99999976
1,1,0.99999976
1,1,0.9999995
0,1,0.99377185
1,1,0.99999964
1,1,0.99999976
1,1,0.99999976
0,0,4.341285e-06
1,1,0.99999845
1,1,0.9999969
1,1,0.99999976
1,1,0.99999964
1,1,0.99999976
1,1,0.9999993
1,1,0.99999976
0,1,0.99924964
1,1,0.9998547
1,0,9.176495e-05
1,1,0.99999976
1,1,0.99999964
1,1,0.99999976
1,1,0.99999964
0,0,9.323959e-05
1,1,0.99999976
1,1,0.99999833
1,1,0.99999976
0,0,5.541934e-05
1,1,0.99999976
1,1,0.99999976
1,1,0.99999976
1,1,0.99999976
1,1,0.99999976
0,0,9.717061e-05
1,1,0.99999976
1,1,0.99999976
1,1,0.99999976
1,1,0.99999976
1,1,0.99999976
1,1,0.99999976
0,0,6.1924584e-06
1,1,0.99999976
0,1,0.9998337
1,1,0.99999976
1,1,0.99999976
1,1,0.99999976
1,1,0.99999976
1,1,0.99999976
1,1,0.99999976
1,1,0.99999976
1,1,0.99999976
1,1,0.99999976
1,1,0.9999993
0,0,8.6281085e-05
1,1,0.9999995
1,1,0.99999976
1,1,0.9999994
1,1,0.99999976
1,1,0.99999964
1,1,0.99999976
1,1,0.99999976
1,1,0.9999995
0,0,2.909154e-06
1,1,0.9999995
0,0,0.0007605913
1,1,0.99999976
1,1,0.99999964
1,1,0.99999964
1,1,0.99999964
1,1,0.99999964
1,1,0.99999964
1,0,0.0014915727
1,1,0.99999666
1,1,0.9999994
1,1,0.99999976
1,1,0.9999981
1,1,0.99999976
1,1,0.99999976
1,1,0.99999976
1,1,0.99999964
0,0,4.522995e-06
1,1,0.99999976
1,1,0.9999989
1,1,0.99999976
1,1,0.9943937
0,0,0.054160953
1,1,0.99999976
1,1,0.99999976
1,1,0.99999976
0,0,5.939896e-05
1,1,0.99999976
1,1,0.99999964
1,1,0.99999976
1,1,0.99999976
1,1,0.99999976
1,1,0.57669646
1,1,0.99999976
1,1,0.99999964
1,1,0.9999993
1,1,0.99999976
1,1,0.99999976
1,1,0.99999964
1,1,0.99976045
1,1,0.9999995
1,1,0.99999976
1,1,0.99999976
1,1,0.99999976
1,1,0.99999964
1,1,0.99999976
1,1,0.99999976
1,1,0.99999976
1,1,0.99999964
0,0,2.8018342e-06
0,1,0.9999846
1,1,0.99999964
0,1,0.9999982
1,1,0.99999976
1,1,0.99999976
1,1,0.99999964
1,1,0.99999976
1,1,0.99999964
1,1,0.99999964
1,1,0.99999976
1,1,0.99999976
1,1,0.99999976
1,1,0.9999995
1,1,0.99999726
1,1,0.99999976
0,0,2.6341258e-05
